customer_id,total_orders,total_revenue,avg_order_value,total_items,avg_discount,unique_categories,last_order_date,first_order_date,recency_days,customer_age_days,order_frequency,segment,region,acquisition_channel,age,gender,segment_enc,region_enc,acquisition_channel_enc,gender_enc,churned,churn_probability,churn_risk
CUST00001,3,28978.370000000003,5795.674000000001,20,0.04,3,2024-12-20,2024-10-12,11,80,1.125,B2C,East,Paid Search,65,Male,1,1,4,1,0,0.03,Low Risk
CUST00002,6,36001.299999999996,2400.0866666666666,49,0.07666666666666667,5,2024-12-25,2024-11-18,6,43,4.186046511627907,B2C,North,Organic Search,19,Male,1,2,3,1,0,0.0,
CUST00003,2,5258.46,1314.615,8,0.025,3,2024-03-26,2023-02-24,280,676,0.08875739644970414,B2C,Central,Paid Search,63,Other,1,0,4,2,1,0.95,High Risk
CUST00004,5,40697.96,3391.4966666666664,40,0.0375,4,2024-10-07,2024-06-20,85,194,0.7731958762886598,B2C,West,Affiliate,18,Male,1,4,0,1,0,0.0,
CUST00005,3,12014.68,2002.4466666666667,14,0.06666666666666667,4,2024-11-30,2024-05-25,31,220,0.4090909090909091,B2C,South,Affiliate,39,Male,1,3,0,1,0,0.0,
CUST00006,3,17987.96,2569.7085714285713,20,0.08571428571428573,5,2023-06-24,2022-10-09,556,814,0.11056511056511056,B2B,East,Direct,34,Male,0,1,1,1,1,1.0,High Risk
CUST00007,7,56143.159999999996,3508.9474999999998,46,0.1125,4,2024-12-04,2024-01-09,27,357,0.5882352941176471,B2C,West,Social Media,58,Other,1,4,6,2,0,0.0,
CUST00008,5,49717.75,4519.795454545455,37,0.03181818181818182,5,2024-10-28,2023-10-06,64,452,0.33185840707964603,B2C,North,Paid Search,36,Male,1,2,4,1,0,0.01,Low Risk
CUST00009,4,33475.270000000004,3043.206363636364,28,0.02727272727272728,5,2023-12-11,2023-01-14,386,717,0.1673640167364017,B2C,West,Referral,41,Male,1,4,5,1,1,0.99,High Risk
CUST00010,6,40749.86,2910.7042857142856,38,0.021428571428571432,5,2024-10-30,2024-01-14,62,352,0.5113636363636364,B2B,East,Referral,59,Male,0,1,5,1,0,0.01,Low Risk
CUST00011,5,35669.03,2743.7715384615385,39,0.026923076923076925,4,2024-11-27,2024-08-22,34,131,1.1450381679389314,B2B,Central,Paid Search,47,Female,0,0,4,0,0,0.0,
CUST00012,5,52016.78,3467.7853333333333,53,0.030000000000000002,5,2024-10-03,2023-03-14,89,658,0.22796352583586627,B2C,South,Affiliate,21,Male,1,3,0,1,0,0.05,Low Risk
CUST00013,8,28244.99,2172.6915384615386,37,0.04615384615384616,5,2024-07-05,2022-06-22,179,923,0.2600216684723727,B2C,West,Paid Search,54,Other,1,4,4,2,0,0.03,Low Risk
CUST00014,4,26440.170000000002,2937.796666666667,26,0.0,5,2024-04-04,2023-05-23,271,588,0.2040816326530612,B2B,West,Referral,47,Male,0,4,5,1,1,0.92,High Risk
CUST00015,5,34741.37,3474.137,37,0.1,5,2023-12-25,2023-02-24,372,676,0.22189349112426035,B2C,Central,Referral,55,Female,1,0,5,0,1,0.98,High Risk
CUST00016,4,13965.01,1995.0014285714285,17,0.13571428571428573,3,2024-12-15,2024-08-30,16,123,0.9756097560975611,Enterprise,South,Paid Search,50,Female,2,3,4,0,0,0.0,
CUST00017,5,33955.21,3772.801111111111,28,0.011111111111111112,5,2024-06-12,2022-05-25,202,951,0.15772870662460567,B2C,North,Paid Search,61,Female,1,2,4,0,1,0.99,High Risk
CUST00018,5,30883.06,2807.550909090909,23,0.05909090909090909,5,2024-11-29,2024-09-25,32,97,1.5463917525773196,B2C,West,Email,51,Female,1,4,2,0,0,0.0,
CUST00019,2,17176.75,3435.35,16,0.05,3,2024-09-05,2024-05-25,117,220,0.27272727272727276,B2C,North,Direct,35,Other,1,2,1,2,0,0.01,Low Risk
CUST00020,4,26532.34,2412.030909090909,28,0.018181818181818184,5,2024-09-12,2023-09-07,110,481,0.24948024948024947,B2C,West,Organic Search,64,Other,1,4,3,2,0,0.06,Low Risk
CUST00021,7,31344.91,2612.0758333333333,41,0.05416666666666667,5,2024-11-29,2023-03-26,32,646,0.32507739938080493,Enterprise,Central,Affiliate,58,Female,2,0,0,0,0,0.01,Low Risk
CUST00022,6,29625.22,2116.087142857143,39,0.05357142857142857,4,2024-12-13,2024-09-27,18,95,1.8947368421052633,B2C,South,Affiliate,28,Other,1,3,0,2,0,0.0,
CUST00023,6,55768.64,3717.9093333333335,53,0.03666666666666667,4,2024-12-11,2024-07-05,20,179,1.005586592178771,B2C,Central,Organic Search,25,Female,1,0,3,0,0,0.0,
CUST00024,10,103892.23999999999,3463.0746666666664,96,0.03333333333333333,5,2024-10-04,2023-04-29,88,612,0.4901960784313726,B2B,South,Organic Search,23,Other,0,3,3,2,0,0.03,Low Risk
CUST00025,5,36292.49,3024.3741666666665,34,0.025000000000000005,5,2024-11-19,2024-03-27,42,279,0.5376344086021505,B2B,Central,Paid Search,60,Female,0,0,4,0,0,0.0,
CUST00026,5,33655.96,2243.730666666667,44,0.12666666666666668,5,2024-11-10,2024-06-13,51,201,0.7462686567164178,B2B,Central,Email,31,Other,0,0,2,2,0,0.0,
CUST00027,7,54104.24,2847.5915789473684,48,0.028947368421052635,5,2024-10-31,2023-01-28,61,703,0.29871977240398295,Enterprise,West,Referral,41,Female,2,4,5,0,0,0.01,Low Risk
CUST00028,10,60682.63,2758.3013636363635,70,0.03636363636363637,5,2024-12-05,2024-04-10,26,265,1.1320754716981132,B2C,South,Social Media,19,Other,1,3,6,2,0,0.01,Low Risk
CUST00029,3,15394.52,1924.315,20,0.05,4,2024-07-03,2024-05-22,181,223,0.40358744394618834,B2C,South,Referral,58,Male,1,3,5,1,1,0.48,Medium Risk
CUST00030,3,24197.620000000003,6049.405000000001,16,0.025,3,2024-11-11,2023-07-31,50,519,0.17341040462427745,B2C,East,Paid Search,35,Other,1,1,4,2,0,0.01,Low Risk
CUST00031,5,29334.54,2666.776363636364,34,0.07727272727272727,4,2024-12-23,2024-02-08,8,327,0.4587155963302752,B2B,South,Direct,54,Female,0,3,1,0,0,0.0,
CUST00032,7,45155.22,3010.348,58,0.06666666666666667,5,2024-11-07,2023-06-28,54,552,0.3804347826086957,B2C,West,Organic Search,60,Female,1,4,3,0,0,0.0,
CUST00033,5,39566.84,2327.461176470588,52,0.03529411764705883,5,2024-12-06,2023-08-01,25,518,0.2895752895752896,B2B,West,Organic Search,61,Other,0,4,3,2,0,0.03,Low Risk
CUST00034,4,18695.44,2670.7771428571427,19,0.0642857142857143,3,2024-11-20,2024-10-14,41,78,1.5384615384615383,B2B,West,Affiliate,24,Male,0,4,0,1,0,0.0,
CUST00035,5,16084.04,1462.1854545454546,22,0.02727272727272728,5,2024-11-22,2022-10-31,39,792,0.1893939393939394,B2C,West,Paid Search,35,Female,1,4,4,0,0,0.01,Low Risk
CUST00036,3,14469.59,1607.7322222222222,21,0.06666666666666668,4,2024-06-27,2024-03-31,187,275,0.32727272727272727,B2B,West,Affiliate,53,Male,0,4,0,1,1,0.89,High Risk
CUST00037,1,6032.469999999999,3016.2349999999997,7,0.2,2,2024-08-16,2024-08-16,137,137,0.21897810218978103,Enterprise,North,Affiliate,33,Male,2,2,0,1,0,0.01,Low Risk
CUST00038,3,24552.949999999997,2046.0791666666664,30,0.16666666666666666,4,2024-08-30,2023-10-21,123,437,0.20594965675057209,B2B,South,Organic Search,28,Female,0,3,3,0,0,0.04,Low Risk
CUST00039,4,28737.58,4789.596666666667,18,0.041666666666666664,3,2024-07-01,2022-02-22,183,1043,0.11505273250239693,B2C,West,Referral,64,Other,1,4,5,2,1,0.92,High Risk
CUST00040,12,69902.87,3679.0984210526312,60,0.0368421052631579,5,2024-12-26,2024-10-26,5,66,5.454545454545454,B2C,South,Paid Search,21,Other,1,3,4,2,0,0.0,
CUST00041,5,14676.74,1630.7488888888888,17,0.03888888888888889,4,2024-10-08,2024-05-10,84,235,0.6382978723404256,B2C,North,Email,50,Other,1,2,2,2,0,0.0,
CUST00042,1,9048.66,3016.22,8,0.05000000000000001,3,2023-10-31,2023-10-31,427,427,0.07025761124121781,B2B,North,Organic Search,56,Male,0,2,3,1,1,0.97,High Risk
CUST00043,3,26772.47,2974.718888888889,26,0.1,4,2024-12-25,2024-11-14,6,47,1.9148936170212767,B2C,West,Direct,33,Other,1,4,1,2,0,0.0,
CUST00044,3,10801.939999999999,1800.323333333333,14,0.09999999999999999,4,2024-09-22,2024-07-13,100,171,0.5263157894736842,B2C,North,Direct,54,Other,1,2,1,2,0,0.0,
CUST00045,7,56161.16,2955.8505263157895,57,0.03157894736842106,5,2024-12-24,2023-05-24,7,587,0.3577512776831346,B2C,South,Social Media,33,Female,1,3,6,0,0,0.0,
CUST00046,1,3534.4700000000003,1178.1566666666668,5,0.0,2,2024-10-07,2024-10-07,85,85,0.3529411764705882,B2C,West,Affiliate,22,Male,1,4,0,1,0,0.0,
CUST00047,3,15067.2,3013.44,15,0.1,2,2024-11-17,2024-03-03,44,303,0.297029702970297,B2C,North,Paid Search,50,Female,1,2,4,0,0,0.02,Low Risk
CUST00048,5,28094.55,2809.455,30,0.08499999999999999,5,2024-01-10,2023-01-24,356,707,0.21216407355021216,B2B,North,Social Media,36,Male,0,2,6,1,1,0.99,High Risk
CUST00049,7,46042.54,2708.384705882353,50,0.05588235294117647,5,2024-10-16,2024-01-03,76,363,0.578512396694215,B2C,East,Affiliate,59,Other,1,1,0,2,0,0.0,
CUST00050,5,34793.84,3865.982222222222,34,0.03888888888888889,5,2024-11-20,2022-04-01,41,1005,0.14925373134328357,Enterprise,East,Organic Search,26,Female,2,1,3,0,0,0.03,Low Risk
CUST00051,6,20636.68,2063.668,32,0.075,4,2024-12-25,2023-06-10,6,570,0.3157894736842105,B2C,Central,Social Media,56,Male,1,0,6,1,0,0.0,
CUST00052,5,29846.08,2713.28,33,0.02727272727272727,5,2024-10-17,2023-11-01,75,426,0.35211267605633806,B2C,Central,Affiliate,21,Male,1,0,0,1,0,0.01,Low Risk
CUST00053,4,29717.44,3714.68,30,0.075,5,2024-12-23,2024-10-09,8,83,1.4457831325301205,B2C,North,Affiliate,26,Other,1,2,0,2,0,0.0,
CUST00054,5,37730.58,3773.058,33,0.06999999999999999,4,2024-06-13,2023-03-14,201,658,0.22796352583586627,B2B,Central,Direct,18,Male,0,0,1,1,1,0.88,High Risk
CUST00056,6,36193.88,2784.144615384615,44,0.0923076923076923,5,2024-09-16,2022-12-11,106,751,0.23968042609853527,B2C,North,Affiliate,20,Female,1,2,0,0,0,0.0,
CUST00057,3,9000.470000000001,1800.0940000000003,18,0.030000000000000006,4,2024-09-02,2023-02-08,120,692,0.13005780346820808,B2C,North,Direct,44,Other,1,2,1,2,0,0.07,Low Risk
CUST00058,1,13975.54,3493.885,14,0.2,3,2024-12-17,2024-12-17,14,14,1.0,Enterprise,South,Affiliate,29,Female,2,3,0,0,0,0.0,
CUST00059,6,28668.66,2866.866,33,0.05500000000000001,5,2023-12-17,2022-02-14,380,1051,0.1712654614652712,B2B,West,Affiliate,65,Male,0,4,0,1,1,0.97,High Risk
CUST00060,7,54407.9,3627.1933333333336,46,0.07,5,2024-10-08,2023-02-27,84,673,0.31203566121842496,B2B,West,Affiliate,48,Male,0,4,0,1,0,0.0,
CUST00061,6,21736.079999999998,1976.0072727272725,30,0.03181818181818182,5,2023-11-26,2022-11-12,401,780,0.23076923076923078,B2C,East,Affiliate,32,Male,1,1,0,1,1,0.97,High Risk
CUST00062,4,38773.08,5539.011428571429,27,0.03571428571428571,5,2024-07-19,2022-12-23,165,739,0.16238159675236807,B2C,West,Affiliate,22,Female,1,4,0,0,0,0.02,Low Risk
CUST00063,6,28711.95,1914.13,41,0.07,5,2024-10-25,2023-08-20,67,499,0.36072144288577157,B2C,West,Affiliate,52,Female,1,4,0,0,0,0.01,Low Risk
CUST00064,5,53727.78,3581.852,47,0.0,5,2024-08-25,2022-05-01,128,975,0.15384615384615385,B2C,South,Social Media,20,Male,1,3,6,1,0,0.04,Low Risk
CUST00065,5,20871.29,2319.032222222222,21,0.011111111111111112,4,2024-10-28,2024-09-09,64,113,1.3274336283185841,B2C,East,Direct,25,Female,1,1,1,0,0,0.02,Low Risk
CUST00066,4,11111.6,2777.9,11,0.05,3,2024-12-06,2024-07-23,25,161,0.7453416149068324,B2B,North,Organic Search,51,Other,0,2,3,2,0,0.0,
CUST00067,8,42332.200000000004,2645.7625000000003,40,0.09062500000000001,5,2024-12-29,2024-11-08,2,53,4.528301886792453,B2C,West,Referral,39,Other,1,4,5,2,0,0.0,
CUST00068,3,19643.78,2806.2542857142857,23,0.07857142857142858,4,2024-12-03,2023-07-05,28,545,0.16513761467889906,B2C,East,Referral,44,Female,1,1,5,0,0,0.0,
CUST00069,6,60143.5,3758.96875,51,0.05625,4,2024-08-16,2023-10-05,137,453,0.3973509933774835,B2C,Central,Email,60,Female,1,0,2,0,0,0.0,
CUST00070,4,29897.52,2989.752,29,0.06999999999999999,4,2024-12-09,2024-11-22,22,39,3.0769230769230766,B2C,Central,Email,53,Male,1,0,2,1,0,0.0,
CUST00071,4,12179.9,1739.9857142857143,15,0.03571428571428571,3,2024-12-21,2023-04-27,10,614,0.19543973941368079,B2B,West,Direct,59,Female,0,4,1,0,0,0.03,Low Risk
CUST00072,4,19329.01,2761.2871428571425,16,0.14285714285714285,4,2024-12-04,2024-01-22,27,344,0.3488372093023256,B2C,South,Affiliate,65,Male,1,3,0,1,0,0.0,
CUST00073,5,22342.079999999998,2792.7599999999998,24,0.08124999999999999,3,2024-12-25,2024-11-02,6,59,2.5423728813559325,B2C,Central,Direct,39,Male,1,0,1,1,0,0.0,
CUST00074,7,41046.26,3731.478181818182,29,0.06818181818181818,5,2024-12-29,2023-03-11,2,661,0.3177004538577912,B2B,South,Paid Search,19,Male,0,3,4,1,0,0.02,Low Risk
CUST00075,2,12436.529999999999,3109.1324999999997,11,0.15000000000000002,3,2024-02-04,2023-03-25,331,647,0.09273570324574962,B2C,North,Referral,54,Male,1,2,5,1,1,0.93,High Risk
CUST00076,6,41408.61,2300.4783333333335,55,0.10833333333333334,5,2024-12-13,2023-11-01,18,426,0.4225352112676057,B2C,South,Referral,18,Male,1,3,5,1,0,0.0,
CUST00077,4,14319.71,2863.942,13,0.12,4,2024-11-13,2024-01-18,48,348,0.3448275862068966,B2C,Central,Direct,33,Male,1,0,1,1,0,0.02,Low Risk
CUST00078,6,41232.18,2061.609,53,0.04,5,2024-10-25,2024-01-06,67,360,0.5,Enterprise,Central,Direct,38,Female,2,0,1,0,0,0.01,Low Risk
CUST00079,4,13563.380000000001,1695.4225000000001,22,0.025,5,2024-11-13,2024-08-09,48,144,0.8333333333333334,B2B,West,Direct,46,Male,0,4,1,1,0,0.0,
CUST00080,5,44353.33,3411.7946153846156,44,0.03461538461538462,4,2024-08-21,2024-02-15,132,320,0.46875,B2B,South,Social Media,51,Female,0,3,6,0,0,0.01,Low Risk
CUST00081,7,51085.32,3192.8325,40,0.040625,5,2024-12-20,2024-09-06,11,116,1.8103448275862069,B2C,West,Social Media,33,Female,1,4,6,0,0,0.0,
CUST00082,8,31026.39,1825.0817647058823,42,0.03529411764705882,5,2024-12-25,2023-08-16,6,503,0.4771371769383698,B2C,North,Paid Search,42,Other,1,2,4,2,0,0.0,
CUST00083,5,41438.2,5179.775,24,0.037500000000000006,5,2024-04-25,2022-11-27,250,765,0.19607843137254902,B2C,North,Social Media,52,Female,1,2,6,0,1,0.95,High Risk
CUST00084,5,28546.51,2595.1372727272724,31,0.004545454545454546,5,2024-07-08,2023-10-09,176,449,0.33407572383073497,B2C,West,Affiliate,55,Other,1,4,0,2,0,0.04,Low Risk
CUST00085,4,31592.41,4513.201428571429,25,0.07857142857142858,4,2024-01-24,2022-08-13,342,871,0.1377726750861079,B2C,West,Social Media,37,Female,1,4,6,0,1,0.94,High Risk
CUST00086,6,44626.26,2625.0741176470588,49,0.058823529411764705,5,2024-11-27,2023-11-17,34,410,0.43902439024390244,B2B,Central,Email,32,Female,0,0,2,0,0,0.01,Low Risk
CUST00087,7,28678.48,2607.1345454545453,29,0.02727272727272728,4,2024-10-07,2024-02-08,85,327,0.6422018348623852,B2C,West,Referral,43,Other,1,4,5,2,0,0.0,
CUST00088,5,23182.88,2318.288,31,0.065,5,2024-05-09,2023-05-20,236,591,0.25380710659898476,Enterprise,South,Direct,19,Female,2,3,1,0,1,0.97,High Risk
CUST00089,4,22963.17,2087.560909090909,32,0.06818181818181818,5,2024-10-29,2024-08-17,63,136,0.8823529411764706,B2C,North,Paid Search,47,Male,1,2,4,1,0,0.0,
CUST00090,2,11592.37,2318.474,18,0.06000000000000001,3,2023-12-01,2022-11-26,396,766,0.07832898172323759,B2C,East,Social Media,39,Female,1,1,6,0,1,1.0,High Risk
CUST00091,5,44923.37,2807.710625,38,0.05,5,2024-09-25,2023-06-15,97,565,0.26548672566371684,B2B,East,Email,19,Other,0,1,2,2,0,0.02,Low Risk
CUST00092,5,45617.28,3801.44,43,0.041666666666666664,5,2024-10-11,2024-04-27,81,248,0.6048387096774193,B2C,South,Affiliate,59,Male,1,3,0,1,0,0.0,
CUST00093,6,28793.170000000002,2056.655,41,0.042857142857142864,5,2024-08-15,2022-07-31,138,884,0.20361990950226244,B2C,North,Paid Search,26,Female,1,2,4,0,0,0.02,Low Risk
CUST00094,5,36487.24,3040.603333333333,29,0.09999999999999999,4,2024-12-22,2024-11-10,9,51,2.9411764705882355,B2C,South,Social Media,41,Male,1,3,6,1,0,0.0,
CUST00095,6,20010.33,2858.6185714285716,24,0.0642857142857143,5,2024-12-25,2024-09-22,6,100,1.7999999999999998,Enterprise,South,Organic Search,55,Male,2,3,3,1,0,0.0,
CUST00096,6,11095.97,1386.99625,25,0.043750000000000004,3,2024-12-11,2023-05-03,20,608,0.2960526315789474,Enterprise,West,Paid Search,22,Other,2,4,4,2,0,0.01,Low Risk
CUST00097,7,63032.08,3707.769411764706,58,0.03823529411764706,5,2024-12-17,2024-09-06,14,116,1.8103448275862069,B2B,East,Direct,25,Other,0,1,1,2,0,0.0,
CUST00098,4,36237.34,5176.762857142857,26,0.08571428571428572,4,2024-11-22,2023-02-26,39,674,0.17804154302670624,B2C,West,Organic Search,50,Other,1,4,3,2,0,0.05,Low Risk
CUST00099,7,67164.16,3534.9557894736845,60,0.02631578947368421,5,2024-11-07,2023-09-18,54,470,0.4468085106382979,B2C,West,Social Media,58,Female,1,4,6,0,0,0.0,
CUST00100,1,3266.82,3266.82,3,0.15,1,2024-07-07,2024-07-07,177,177,0.1694915254237288,Enterprise,Central,Social Media,57,Other,2,0,6,2,0,0.12,Low Risk
CUST00101,6,39394.630000000005,3939.4630000000006,37,0.08499999999999999,4,2024-10-10,2024-02-04,82,331,0.5438066465256798,B2C,Central,Affiliate,33,Male,1,0,0,1,0,0.0,
CUST00102,10,57720.83,2748.6109523809523,66,0.07380952380952381,5,2024-12-10,2023-04-06,21,635,0.47244094488188976,B2B,South,Direct,57,Other,0,3,1,2,0,0.0,
CUST00103,5,34089.53,3099.0481818181815,33,0.05454545454545454,4,2024-11-08,2023-12-15,53,382,0.39267015706806285,B2B,West,Paid Search,49,Male,0,4,4,1,0,0.0,
CUST00104,3,17143.69,2142.96125,24,0.075,5,2024-09-10,2023-10-29,112,429,0.2097902097902098,B2C,East,Direct,62,Female,1,1,1,0,0,0.0,
CUST00105,10,57126.31,2483.7526086956523,64,0.05434782608695652,5,2024-11-29,2024-05-14,32,231,1.2987012987012987,B2C,South,Referral,44,Female,1,3,5,0,0,0.0,
CUST00106,2,12865.380000000001,3216.3450000000003,15,0.05,3,2024-11-17,2024-07-20,44,164,0.36585365853658536,B2C,West,Email,46,Male,1,4,2,1,0,0.0,
CUST00107,3,7041.01,1408.202,11,0.06000000000000001,4,2024-06-13,2022-06-04,201,941,0.09564293304994687,B2C,West,Social Media,60,Other,1,4,6,2,1,0.99,High Risk
CUST00108,1,7449.0199999999995,3724.5099999999998,5,0.05,1,2024-06-28,2024-06-28,186,186,0.16129032258064516,B2C,Central,Referral,53,Female,1,0,5,0,1,0.85,High Risk
CUST00109,6,23873.48,2387.348,30,0.05500000000000001,4,2024-05-11,2023-12-21,234,376,0.4787234042553192,B2C,East,Paid Search,25,Other,1,1,4,2,1,0.82,High Risk
CUST00110,7,38412.44,2400.7775,58,0.10625,5,2023-11-09,2022-11-07,418,785,0.267515923566879,Enterprise,Central,Referral,29,Male,2,0,5,1,1,0.95,High Risk
CUST00111,1,9277.1,3092.366666666667,10,0.0,3,2024-08-12,2024-08-12,141,141,0.2127659574468085,B2B,East,Affiliate,51,Other,0,1,0,2,0,0.01,Low Risk
CUST00112,5,19099.53,2387.44125,20,0.018750000000000003,3,2024-12-14,2023-04-05,17,636,0.2358490566037736,B2C,East,Paid Search,37,Male,1,1,4,1,0,0.03,Low Risk
CUST00113,10,67960.47,3398.0235000000002,70,0.05500000000000001,5,2024-12-21,2024-04-20,10,255,1.1764705882352942,Enterprise,North,Direct,36,Other,2,2,1,2,0,0.0,
CUST00114,6,33130.88,2760.9066666666663,37,0.08750000000000001,5,2024-12-24,2023-09-04,7,484,0.37190082644628103,B2B,North,Direct,36,Female,0,2,1,0,0,0.01,Low Risk
CUST00115,5,46927.22,3128.4813333333336,51,0.07,5,2024-10-20,2024-03-19,72,287,0.5226480836236934,Enterprise,South,Social Media,48,Male,2,3,6,1,0,0.0,
CUST00116,3,24625.21,4104.201666666667,21,0.03333333333333333,4,2024-12-20,2023-04-16,11,625,0.14400000000000002,B2C,North,Referral,21,Male,1,2,5,1,0,0.01,Low Risk
CUST00117,2,19385.11,3877.022,19,0.06000000000000001,4,2024-11-25,2024-01-14,36,352,0.17045454545454547,B2C,East,Paid Search,25,Other,1,1,4,2,0,0.0,
CUST00118,4,18917.54,3152.9233333333336,22,0.09166666666666667,3,2024-12-28,2023-10-29,3,429,0.2797202797202797,B2C,Central,Direct,42,Female,1,0,1,0,0,0.0,
CUST00119,7,34711.55,2041.8558823529413,63,0.049999999999999996,5,2024-09-19,2024-05-06,103,239,0.8786610878661087,B2C,West,Direct,21,Other,1,4,1,2,0,0.0,
CUST00120,3,13478.52,3369.63,13,0.0,2,2024-07-22,2024-01-30,162,336,0.26785714285714285,B2C,South,Organic Search,28,Male,1,3,3,1,0,0.02,Low Risk
CUST00121,4,20808.16,3468.0266666666666,19,0.06666666666666667,3,2024-02-24,2023-02-01,311,699,0.17167381974248927,B2C,South,Email,62,Other,1,3,2,2,1,0.99,High Risk
CUST00122,6,37280.86,2485.3906666666667,44,0.08666666666666667,4,2024-11-20,2024-06-01,41,213,0.8450704225352114,B2C,South,Social Media,62,Female,1,3,6,0,0,0.0,
CUST00123,2,3186.48,1593.24,4,0.025,2,2024-11-14,2023-05-26,47,585,0.10256410256410256,B2B,East,Referral,55,Other,0,1,5,2,0,0.06,Low Risk
CUST00124,7,33671.21,2405.0864285714283,31,0.03928571428571429,5,2024-01-27,2022-11-15,339,777,0.2702702702702703,B2C,Central,Paid Search,35,Male,1,0,4,1,1,0.97,High Risk
CUST00125,4,15724.07,2246.2957142857144,15,0.05714285714285715,3,2023-12-01,2022-08-03,396,881,0.1362088535754824,B2C,East,Affiliate,54,Female,1,1,0,0,1,0.96,High Risk
CUST00126,3,5418.639999999999,1354.6599999999999,10,0.025,2,2024-07-31,2023-11-20,153,407,0.22113022113022113,B2C,East,Social Media,50,Other,1,1,6,2,0,0.1,Low Risk
CUST00127,3,15633.89,2605.648333333333,19,0.06666666666666667,4,2024-08-18,2024-03-02,135,304,0.2960526315789474,B2C,Central,Email,65,Female,1,0,2,0,0,0.01,Low Risk
CUST00128,2,19862.27,2837.467142857143,21,0.07142857142857142,5,2024-11-06,2024-11-04,55,57,1.0526315789473684,B2C,North,Referral,54,Other,1,2,5,2,0,0.0,
CUST00129,1,3450.24,3450.24,3,0.1,1,2024-02-24,2024-02-24,311,311,0.09646302250803858,B2C,Central,Affiliate,29,Female,1,0,0,0,1,0.97,High Risk
CUST00130,6,55510.93,3700.728666666667,49,0.08,4,2024-12-10,2024-05-30,21,215,0.8372093023255813,B2C,East,Direct,45,Other,1,1,1,2,0,0.0,
CUST00131,2,3935.85,1311.95,7,0.09999999999999999,3,2024-04-30,2024-02-08,245,327,0.18348623853211007,B2C,East,Social Media,60,Male,1,1,6,1,1,0.97,High Risk
CUST00132,8,53494.14,2228.9225,73,0.025000000000000005,5,2024-12-22,2022-11-06,9,786,0.3053435114503817,B2C,West,Email,53,Male,1,4,2,1,0,0.0,
CUST00133,4,11917.13,1986.1883333333333,15,0.024999999999999998,3,2024-12-23,2024-01-24,8,342,0.3508771929824561,B2C,East,Affiliate,43,Other,1,1,0,2,0,0.02,Low Risk
CUST00134,4,10556.550000000001,1508.0785714285716,11,0.07142857142857142,3,2024-02-11,2023-01-27,324,704,0.17045454545454547,B2C,West,Paid Search,51,Female,1,4,4,0,1,0.93,High Risk
CUST00135,2,14519.810000000001,2903.9620000000004,16,0.06000000000000001,4,2024-10-28,2024-10-19,64,73,0.8219178082191781,B2B,West,Paid Search,35,Other,0,4,4,2,0,0.0,
CUST00136,6,58114.85,4842.904166666666,38,0.029166666666666664,5,2024-05-31,2022-10-08,214,815,0.22085889570552147,B2B,West,Email,25,Male,0,4,2,1,1,0.94,High Risk
CUST00137,3,23303.12,2912.89,28,0.025,4,2024-09-30,2024-09-15,92,107,0.8411214953271028,B2C,South,Organic Search,53,Female,1,3,3,0,0,0.01,Low Risk
CUST00138,3,10779.810000000001,2694.9525000000003,13,0.037500000000000006,3,2024-09-12,2022-08-19,110,865,0.10404624277456648,Enterprise,West,Referral,27,Female,2,4,5,0,0,0.02,Low Risk
CUST00139,9,45991.99,2705.411176470588,47,0.058823529411764705,4,2024-08-22,2023-04-29,131,612,0.44117647058823534,B2B,West,Email,33,Female,0,4,2,0,0,0.02,Low Risk
CUST00140,6,45535.0,3252.5,38,0.05357142857142857,5,2024-12-29,2024-06-27,2,187,0.9625668449197861,Enterprise,South,Direct,65,Male,2,3,1,1,0,0.0,
CUST00141,5,35110.39,3191.8536363636363,40,0.08636363636363636,4,2024-08-07,2022-08-02,146,882,0.17006802721088435,Enterprise,East,Direct,35,Male,2,1,1,1,0,0.01,Low Risk
CUST00142,6,35310.64,3210.0581818181818,43,0.05909090909090909,5,2024-09-15,2023-04-29,107,612,0.29411764705882354,B2C,Central,Referral,49,Male,1,0,5,1,0,0.0,
CUST00143,2,972.0,486.0,10,0.05,2,2024-11-28,2024-07-25,33,159,0.37735849056603776,B2C,East,Affiliate,52,Female,1,1,0,0,0,0.03,Low Risk
CUST00144,3,20173.8,4034.7599999999998,16,0.01,4,2024-12-01,2024-02-02,30,333,0.2702702702702703,Enterprise,South,Paid Search,54,Female,2,3,4,0,0,0.03,Low Risk
CUST00145,5,22225.4,2778.175,26,0.043750000000000004,5,2024-09-30,2023-10-01,92,457,0.3282275711159738,B2C,North,Email,63,Female,1,2,2,0,0,0.01,Low Risk
CUST00146,5,27166.75,3395.84375,25,0.1125,4,2024-12-15,2024-04-01,16,274,0.5474452554744526,Enterprise,West,Paid Search,50,Other,2,4,4,2,0,0.0,
CUST00147,8,44051.22,3388.555384615385,47,0.038461538461538464,5,2024-12-15,2023-09-15,16,473,0.507399577167019,B2C,West,Email,18,Other,1,4,2,2,0,0.0,
CUST00148,7,44208.07,3400.6207692307694,40,0.03076923076923077,5,2024-10-23,2023-04-08,69,633,0.33175355450236965,B2C,North,Social Media,39,Other,1,2,6,2,0,0.0,
CUST00149,7,44469.979999999996,3420.767692307692,37,0.09615384615384616,5,2024-11-22,2023-09-16,39,472,0.44491525423728817,B2B,East,Affiliate,52,Female,0,1,0,0,0,0.01,Low Risk
CUST00150,7,53903.12,4146.393846153846,41,0.026923076923076925,5,2024-10-08,2023-05-15,84,596,0.3523489932885906,B2C,Central,Organic Search,33,Other,1,0,3,2,0,0.02,Low Risk
CUST00151,7,24362.56,2030.2133333333334,38,0.08750000000000001,5,2024-12-30,2024-11-30,1,31,6.774193548387096,B2B,South,Email,24,Other,0,3,2,2,0,0.0,
CUST00152,2,4543.9,1514.6333333333332,11,0.09999999999999999,2,2024-03-02,2023-09-29,304,459,0.13071895424836602,Enterprise,East,Organic Search,38,Male,2,1,3,1,1,0.97,High Risk
CUST00153,6,36766.0,3342.3636363636365,34,0.045454545454545456,4,2024-12-14,2023-05-10,17,601,0.29950083194675536,B2C,West,Direct,44,Other,1,4,1,2,0,0.0,
CUST00154,2,11493.44,1915.5733333333335,17,0.06666666666666667,4,2024-12-29,2024-11-28,2,33,1.8181818181818181,B2C,South,Direct,42,Other,1,3,1,2,0,0.0,
CUST00155,7,38388.1,2742.0071428571428,44,0.03214285714285715,5,2024-12-29,2024-12-06,2,25,7.0,B2C,Central,Email,58,Female,1,0,2,0,0,0.0,
CUST00156,3,13505.380000000001,3376.3450000000003,11,0.0,4,2024-12-26,2024-02-21,5,314,0.28662420382165604,Enterprise,West,Referral,52,Male,2,4,5,1,0,0.01,Low Risk
CUST00157,3,7448.9,1489.78,13,0.05,4,2023-01-12,2022-07-16,719,899,0.10011123470522804,B2C,Central,Email,62,Female,1,0,2,0,1,1.0,High Risk
CUST00158,3,12913.27,2152.2116666666666,20,0.05833333333333334,3,2024-11-25,2024-06-26,36,188,0.4787234042553192,Enterprise,South,Affiliate,48,Male,2,3,0,1,0,0.0,
CUST00159,3,19228.98,4807.245,15,0.0125,3,2024-10-11,2023-03-03,81,669,0.13452914798206278,B2C,East,Referral,36,Male,1,1,5,1,0,0.03,Low Risk
CUST00160,3,23253.25,2325.325,28,0.030000000000000006,4,2024-11-19,2024-10-22,42,70,1.2857142857142856,B2C,North,Referral,65,Male,1,2,5,1,0,0.01,Low Risk
CUST00161,2,9728.369999999999,3242.7899999999995,9,0.0,3,2024-11-25,2024-08-08,36,145,0.4137931034482759,B2B,East,Paid Search,56,Female,0,1,4,0,0,0.0,
CUST00162,4,13041.51,1630.18875,22,0.075,3,2024-08-11,2023-04-03,142,638,0.18808777429467086,B2C,Central,Affiliate,64,Other,1,0,0,2,0,0.02,Low Risk
CUST00163,5,50889.68,3392.6453333333334,52,0.0,5,2024-12-29,2024-12-14,2,17,5.0,Enterprise,North,Referral,20,Female,2,2,5,0,0,0.0,
CUST00164,7,46375.39,2727.9641176470586,51,0.08235294117647059,5,2024-07-28,2023-12-04,156,393,0.5343511450381679,B2B,East,Organic Search,36,Female,0,1,3,0,0,0.01,Low Risk
CUST00165,5,23648.440000000002,2364.844,23,0.030000000000000006,3,2024-11-23,2024-02-20,38,315,0.47619047619047616,B2B,South,Social Media,51,Other,0,3,6,2,0,0.0,
CUST00166,8,52665.96,2925.8866666666668,55,0.0638888888888889,5,2024-11-17,2023-03-20,44,652,0.36809815950920244,Enterprise,East,Email,36,Other,2,1,2,2,0,0.0,
CUST00167,3,20057.74,4011.5480000000002,16,0.04,3,2024-08-11,2023-11-02,142,425,0.21176470588235294,Enterprise,West,Paid Search,32,Other,2,4,4,2,0,0.01,Low Risk
CUST00168,6,43047.33,3074.809285714286,47,0.07857142857142858,5,2024-12-25,2024-11-20,6,41,4.390243902439025,B2C,East,Email,18,Female,1,1,2,0,0,0.0,
CUST00169,8,43590.59,4359.058999999999,37,0.05,4,2024-12-13,2024-05-08,18,237,1.0126582278481011,B2C,East,Referral,34,Other,1,1,5,2,0,0.0,
CUST00170,4,15769.56,3153.912,13,0.0,2,2024-11-30,2024-01-04,31,362,0.3314917127071823,B2C,North,Email,19,Other,1,2,2,2,0,0.02,Low Risk
CUST00171,9,54303.54,2858.081052631579,53,0.028947368421052635,5,2024-12-11,2024-06-11,20,203,1.3300492610837438,B2C,South,Referral,47,Other,1,3,5,2,0,0.0,
CUST00172,4,17561.7,2508.8142857142857,18,0.049999999999999996,4,2024-07-10,2023-11-23,174,404,0.297029702970297,B2C,North,Organic Search,37,Female,1,2,3,0,0,0.01,Low Risk
CUST00173,6,43884.67,2309.7194736842102,59,0.06052631578947369,5,2024-04-27,2022-10-28,248,795,0.22641509433962265,B2C,Central,Email,41,Other,1,0,2,2,1,0.86,High Risk
CUST00174,3,12125.34,3031.335,17,0.0125,3,2024-12-27,2024-06-19,4,195,0.46153846153846156,B2B,South,Referral,24,Female,0,3,5,0,0,0.0,
CUST00175,3,19565.71,2173.967777777778,31,0.05,5,2024-12-28,2024-10-21,3,71,1.267605633802817,B2C,North,Paid Search,46,Female,1,2,4,0,0,0.0,
CUST00176,5,36200.11,2784.623846153846,43,0.03461538461538462,5,2024-09-20,2023-06-01,102,579,0.25906735751295334,Enterprise,North,Social Media,52,Other,2,2,6,2,0,0.02,Low Risk
CUST00177,5,31077.92,3453.102222222222,25,0.027777777777777776,3,2024-10-01,2023-11-21,91,406,0.3694581280788177,B2C,East,Organic Search,47,Male,1,1,3,1,0,0.02,Low Risk
CUST00178,3,52214.92,3729.637142857143,44,0.06785714285714285,5,2024-12-22,2024-11-08,9,53,1.6981132075471699,B2C,North,Social Media,33,Male,1,2,6,1,0,0.01,Low Risk
CUST00179,7,52434.65,2759.7184210526316,63,0.06578947368421052,5,2024-12-03,2024-06-11,28,203,1.0344827586206897,B2C,Central,Paid Search,32,Female,1,0,4,0,0,0.0,
CUST00180,4,22311.440000000002,3187.3485714285716,17,0.05,3,2024-12-05,2022-11-24,26,768,0.15625,B2C,North,Paid Search,26,Other,1,2,4,2,0,0.01,Low Risk
CUST00181,8,36015.5,2770.423076923077,37,0.07692307692307693,4,2024-08-05,2023-04-20,148,621,0.3864734299516908,B2C,North,Organic Search,26,Male,1,2,3,1,0,0.03,Low Risk
CUST00182,8,40424.39,3109.5684615384616,44,0.05384615384615384,5,2024-08-11,2023-08-21,142,498,0.48192771084337344,B2C,Central,Paid Search,34,Male,1,0,4,1,0,0.0,
CUST00183,9,86844.49,3618.5204166666667,73,0.0625,5,2024-11-23,2022-07-22,38,893,0.3023516237402016,B2C,Central,Organic Search,48,Female,1,0,3,0,0,0.02,Low Risk
CUST00184,4,17901.11,3580.222,13,0.06000000000000001,4,2024-12-05,2023-08-29,26,490,0.2448979591836735,B2C,North,Paid Search,57,Male,1,2,4,1,0,0.02,Low Risk
CUST00185,7,51253.35,3416.89,49,0.020000000000000004,5,2024-12-28,2024-11-04,3,57,3.68421052631579,B2C,West,Organic Search,21,Female,1,4,3,0,0,0.01,Low Risk
CUST00186,3,18581.010000000002,3716.202,16,0.06000000000000001,3,2024-05-06,2024-01-12,239,354,0.2542372881355932,B2B,West,Email,22,Male,0,4,2,1,1,0.94,High Risk
CUST00187,5,13823.41,2303.9016666666666,18,0.05833333333333334,4,2024-08-04,2023-07-25,149,525,0.2857142857142857,B2C,North,Direct,58,Other,1,2,1,2,0,0.03,Low Risk
CUST00188,2,13584.18,2716.8360000000002,12,0.07,3,2024-10-26,2024-06-16,66,198,0.30303030303030304,Enterprise,West,Direct,36,Female,2,4,1,0,0,0.03,Low Risk
CUST00189,2,10008.01,5004.005,9,0.05,2,2024-12-25,2024-12-17,6,14,2.0,B2B,North,Organic Search,59,Other,0,2,3,2,0,0.0,
CUST00190,7,35526.57,2368.438,43,0.023333333333333334,4,2024-12-14,2024-08-01,17,152,1.381578947368421,B2C,West,Paid Search,44,Female,1,4,4,0,0,0.0,
CUST00191,7,52848.78,2402.2172727272728,62,0.07272727272727274,4,2024-10-26,2024-01-31,66,335,0.6268656716417911,B2C,North,Social Media,60,Female,1,2,6,0,0,0.0,
CUST00192,5,29718.83,2971.8830000000003,27,0.095,5,2024-11-15,2023-09-15,46,473,0.3171247357293869,B2C,North,Organic Search,23,Female,1,2,3,0,0,0.0,
CUST00193,2,16869.030000000002,4217.257500000001,13,0.1,2,2024-05-03,2022-09-21,242,832,0.07211538461538461,B2C,South,Direct,53,Other,1,3,1,2,1,0.99,High Risk
CUST00194,1,3435.9,3435.9,5,0.05,1,2024-11-30,2024-11-30,31,31,0.9677419354838709,B2C,West,Referral,45,Other,1,4,5,2,0,0.0,
CUST00195,7,30939.43,1933.714375,43,0.08125,4,2024-12-25,2022-05-05,6,971,0.21627188465499483,B2C,East,Direct,50,Male,1,1,1,1,0,0.01,Low Risk
CUST00196,3,6066.820000000001,2022.2733333333335,7,0.016666666666666666,3,2024-06-28,2022-09-02,186,851,0.10575793184488837,B2B,South,Social Media,53,Female,0,3,6,0,1,0.98,High Risk
CUST00197,6,10822.18,1082.218,22,0.06,4,2024-09-13,2022-06-30,109,915,0.19672131147540983,B2C,Central,Email,53,Other,1,0,2,2,0,0.01,Low Risk
CUST00198,5,45344.27,3238.8764285714283,46,0.042857142857142864,5,2024-12-28,2024-09-17,3,105,1.4285714285714286,B2C,North,Referral,62,Female,1,2,5,0,0,0.0,
CUST00199,3,16466.99,2744.4983333333334,19,0.10833333333333332,4,2024-03-17,2022-08-12,289,872,0.10321100917431193,Enterprise,East,Social Media,18,Male,2,1,6,1,1,0.93,High Risk
CUST00200,4,30242.82,3360.3133333333335,30,0.044444444444444446,5,2024-07-01,2023-01-10,183,721,0.16643550624133147,B2C,North,Referral,19,Male,1,2,5,1,1,0.95,High Risk
CUST00201,4,18372.99,3062.1650000000004,15,0.03333333333333333,5,2024-12-23,2024-05-18,8,227,0.5286343612334802,B2C,West,Paid Search,41,Female,1,4,4,0,0,0.0,
CUST00202,3,28805.3,4115.042857142857,27,0.15,4,2024-11-20,2023-07-22,41,528,0.17045454545454544,B2C,Central,Organic Search,27,Male,1,0,3,1,0,0.0,
CUST00203,3,17466.15,3493.2300000000005,14,0.09,4,2024-12-05,2024-10-18,26,74,1.2162162162162162,B2C,East,Email,49,Other,1,1,2,2,0,0.0,
CUST00204,3,21876.68,3125.2400000000002,17,0.1285714285714286,4,2024-12-24,2024-03-05,7,301,0.29900332225913623,B2B,South,Organic Search,40,Female,0,3,3,0,0,0.0,
CUST00205,4,20579.94,2572.4925,24,0.1,4,2024-11-09,2023-01-18,52,713,0.16830294530154277,B2C,West,Social Media,20,Male,1,4,6,1,0,0.01,Low Risk
CUST00206,5,29000.82,4833.47,25,0.06666666666666667,4,2024-09-06,2023-09-22,116,466,0.3218884120171674,B2C,North,Paid Search,26,Female,1,2,4,0,0,0.09,Low Risk
CUST00207,5,29368.39,2259.106923076923,34,0.06153846153846154,5,2024-03-17,2023-05-28,289,583,0.25728987993138935,B2C,North,Email,29,Male,1,2,2,1,1,0.9,High Risk
CUST00208,3,27640.510000000002,3948.644285714286,26,0.0071428571428571435,5,2024-04-02,2023-08-23,273,496,0.18145161290322578,B2C,Central,Referral,40,Male,1,0,5,1,1,0.96,High Risk
CUST00209,1,2534.42,1267.21,4,0.1,2,2023-12-16,2023-12-16,381,381,0.07874015748031496,B2C,West,Organic Search,38,Other,1,4,3,2,1,1.0,High Risk
CUST00210,4,20340.94,2905.848571428571,22,0.028571428571428574,3,2024-12-19,2023-11-20,12,407,0.29484029484029484,B2C,West,Email,19,Female,1,4,2,0,0,0.0,
CUST00211,10,62016.08,3100.804,70,0.09,5,2024-08-26,2022-11-14,127,778,0.3856041131105398,B2B,West,Social Media,23,Female,0,4,6,0,0,0.0,
CUST00212,8,39109.97,2607.3313333333335,51,0.020000000000000004,5,2024-10-28,2022-06-22,64,923,0.2600216684723727,B2C,Central,Organic Search,43,Female,1,0,3,0,0,0.0,
CUST00213,9,37902.77,2229.5747058823526,50,0.07647058823529412,5,2024-11-08,2023-08-30,53,489,0.5521472392638036,B2C,South,Referral,25,Other,1,3,5,2,0,0.0,
CUST00214,8,21256.39,2125.639,28,0.05500000000000001,4,2024-12-23,2024-03-04,8,302,0.794701986754967,B2B,East,Affiliate,59,Male,0,1,0,1,0,0.0,
CUST00215,8,42319.09,3847.1899999999996,37,0.05,5,2024-09-27,2023-07-08,95,542,0.44280442804428044,B2C,East,Direct,27,Other,1,1,1,2,0,0.01,Low Risk
CUST00216,3,13474.55,1497.1722222222222,19,0.07777777777777778,3,2024-02-12,2022-11-16,323,776,0.11597938144329897,B2B,West,Affiliate,55,Female,0,4,0,0,1,0.97,High Risk
CUST00217,5,43264.51,3328.039230769231,42,0.09615384615384616,5,2024-12-15,2024-11-27,16,34,4.411764705882353,B2C,Central,Referral,38,Male,1,0,5,1,0,0.0,
CUST00218,1,4391.65,4391.65,5,0.05,1,2024-03-08,2024-03-08,298,298,0.10067114093959731,B2C,West,Affiliate,35,Other,1,4,0,2,1,0.99,High Risk
CUST00219,4,22123.38,2212.338,26,0.1,5,2023-12-13,2022-04-03,384,1003,0.11964107676969093,B2C,North,Email,20,Male,1,2,2,1,1,0.99,High Risk
CUST00220,5,22073.52,2006.6836363636364,25,0.16363636363636364,4,2024-10-14,2024-03-07,78,299,0.5016722408026756,B2C,North,Affiliate,23,Other,1,2,0,2,0,0.01,Low Risk
CUST00221,4,18400.45,2628.6357142857146,23,0.049999999999999996,5,2024-10-23,2024-07-16,69,168,0.7142857142857143,B2C,West,Affiliate,65,Male,1,4,0,1,0,0.0,
CUST00222,4,20902.08,2090.208,31,0.135,4,2024-09-22,2023-12-21,100,376,0.3191489361702128,B2C,South,Email,50,Male,1,3,2,1,0,0.0,
CUST00223,12,44634.369999999995,2125.44619047619,57,0.09047619047619047,5,2024-10-30,2023-01-12,62,719,0.5006954102920723,Enterprise,East,Organic Search,50,Other,2,1,3,2,0,0.01,Low Risk
CUST00224,9,57184.47,2859.2235,66,0.065,5,2024-10-13,2022-10-20,79,803,0.33623910336239105,Enterprise,West,Direct,51,Other,2,4,1,2,0,0.0,
CUST00225,5,13802.68,1380.268,31,0.045,5,2024-08-12,2022-12-07,141,755,0.1986754966887417,B2C,East,Affiliate,39,Other,1,1,0,2,0,0.02,Low Risk
CUST00226,5,29354.47,2935.447,28,0.11499999999999999,5,2024-12-12,2024-09-10,19,112,1.3392857142857142,B2C,North,Direct,61,Female,1,2,1,0,0,0.0,
CUST00227,3,12533.050000000001,3133.2625000000003,11,0.0625,3,2024-02-20,2023-07-13,315,537,0.1675977653631285,B2C,South,Direct,60,Male,1,3,1,1,1,0.99,High Risk
CUST00228,7,42128.17,3240.6284615384616,39,0.05384615384615385,5,2024-11-07,2023-07-24,54,526,0.3992395437262357,B2C,South,Organic Search,37,Other,1,3,3,2,0,0.0,
CUST00229,5,10218.42,1459.7742857142857,21,0.049999999999999996,3,2024-12-12,2023-09-17,19,471,0.3184713375796179,B2C,South,Affiliate,65,Other,1,3,0,2,0,0.0,
CUST00230,5,27097.06,3010.7844444444445,24,0.01666666666666667,4,2024-11-07,2024-04-09,54,266,0.5639097744360902,B2C,Central,Social Media,37,Male,1,0,6,1,0,0.01,Low Risk
CUST00231,5,46073.9,2710.229411764706,46,0.07058823529411765,5,2024-11-28,2024-01-08,33,358,0.41899441340782123,B2C,South,Paid Search,27,Male,1,3,4,1,0,0.0,
CUST00232,2,14385.73,2877.1459999999997,17,0.11000000000000001,2,2024-12-16,2024-05-09,15,236,0.2542372881355932,B2B,Central,Affiliate,65,Other,0,0,0,2,0,0.02,Low Risk
CUST00233,5,28990.559999999998,2635.5054545454545,31,0.05909090909090909,5,2023-11-13,2022-03-22,414,1015,0.14778325123152708,B2C,Central,Email,27,Male,1,0,2,1,1,0.98,High Risk
CUST00234,8,35064.0,2697.230769230769,37,0.06153846153846154,5,2024-12-17,2023-03-11,14,661,0.3630862329803328,B2B,South,Organic Search,44,Female,0,3,3,0,0,0.01,Low Risk
CUST00235,6,36030.01,2573.572142857143,32,0.07142857142857142,5,2024-12-28,2024-11-16,3,45,4.0,B2C,West,Affiliate,65,Female,1,4,0,0,0,0.0,
CUST00236,4,11156.13,2231.2259999999997,17,0.08,4,2024-08-17,2023-03-24,136,648,0.18518518518518517,Enterprise,East,Affiliate,48,Male,2,1,0,1,0,0.01,Low Risk
CUST00237,6,34533.35,2466.667857142857,41,0.060714285714285714,5,2024-11-26,2023-11-05,35,422,0.4265402843601896,B2C,West,Social Media,42,Other,1,4,6,2,0,0.02,Low Risk
CUST00238,9,75050.16,3263.050434782609,77,0.05434782608695652,5,2024-12-17,2024-05-21,14,224,1.2053571428571428,B2B,South,Paid Search,34,Male,0,3,4,1,0,0.0,
CUST00239,6,31094.59,2826.780909090909,31,0.09545454545454546,5,2024-12-06,2024-11-13,25,48,3.75,Enterprise,Central,Referral,51,Male,2,0,5,1,0,0.0,
CUST00240,5,45693.649999999994,3807.8041666666663,35,0.020833333333333332,5,2024-12-25,2023-06-05,6,575,0.2608695652173913,B2C,East,Direct,27,Female,1,1,1,0,0,0.02,Low Risk
CUST00241,10,50766.2,2538.31,58,0.0125,5,2024-11-30,2022-06-29,31,916,0.32751091703056767,B2B,West,Organic Search,44,Male,0,4,3,1,0,0.0,
CUST00242,4,30353.5,5058.916666666667,20,0.03333333333333333,4,2024-06-19,2023-09-24,195,464,0.25862068965517243,B2C,South,Organic Search,41,Male,1,3,3,1,1,0.95,High Risk
CUST00243,5,27925.239999999998,3490.6549999999997,29,0.08750000000000001,3,2024-09-05,2022-04-28,117,978,0.15337423312883436,B2B,East,Paid Search,20,Female,0,1,4,0,0,0.03,Low Risk
CUST00244,3,29285.94,2662.3581818181815,34,0.07727272727272727,4,2024-12-13,2024-08-26,18,127,0.7086614173228346,B2C,West,Organic Search,23,Male,1,4,3,1,0,0.0,
CUST00245,8,52494.87,2624.7435,62,0.0475,5,2024-06-21,2023-02-20,193,680,0.3529411764705882,Enterprise,Central,Direct,51,Female,2,0,1,0,1,0.93,High Risk
CUST00246,4,10072.64,2014.5279999999998,17,0.05,4,2024-11-10,2022-12-26,51,736,0.16304347826086957,B2C,South,Organic Search,33,Female,1,3,3,0,0,0.03,Low Risk
CUST00247,4,52418.200000000004,5241.820000000001,41,0.11500000000000002,4,2024-12-21,2024-10-29,10,63,1.9047619047619047,B2C,West,Affiliate,49,Other,1,4,0,2,0,0.02,Low Risk
CUST00248,8,30953.15,2381.0115384615387,34,0.01153846153846154,5,2024-12-16,2024-05-31,15,214,1.1214953271028036,B2C,Central,Paid Search,36,Female,1,0,4,0,0,0.0,
CUST00249,5,36634.74,3330.4309090909087,41,0.05909090909090909,5,2024-06-22,2022-04-19,192,987,0.1519756838905775,B2C,South,Paid Search,60,Other,1,3,4,2,1,0.97,High Risk
CUST00250,4,22609.41,1884.1175,28,0.12083333333333333,5,2024-10-23,2022-08-11,69,873,0.1374570446735395,Enterprise,North,Direct,50,Other,2,2,1,2,0,0.02,Low Risk
CUST00251,5,56004.26,3733.6173333333336,52,0.07666666666666666,4,2024-12-13,2024-05-17,18,228,0.6578947368421053,B2C,West,Email,41,Female,1,4,2,0,0,0.0,
CUST00252,4,15264.140000000001,2180.591428571429,15,0.02142857142857143,4,2023-12-22,2022-09-30,375,823,0.14580801944106925,B2C,East,Referral,58,Male,1,1,5,1,1,0.98,High Risk
CUST00253,4,15364.35,3841.0875,11,0.0625,3,2024-12-25,2024-08-13,6,140,0.8571428571428571,B2C,South,Direct,39,Other,1,3,1,2,0,0.0,
CUST00254,3,16610.75,3322.15,16,0.030000000000000006,3,2024-12-09,2022-11-08,22,784,0.11479591836734694,B2C,West,Affiliate,26,Male,1,4,0,1,0,0.09,Low Risk
CUST00255,5,52283.36,3267.71,50,0.034375,4,2024-12-03,2024-03-29,28,277,0.5415162454873647,B2C,South,Paid Search,20,Female,1,3,4,0,0,0.01,Low Risk
CUST00256,2,8337.51,2779.17,10,0.0,2,2024-04-23,2023-08-02,252,517,0.11605415860735009,B2C,Central,Organic Search,59,Male,1,0,3,1,1,0.98,High Risk
CUST00257,12,52093.04,2170.5433333333335,72,0.06874999999999999,5,2024-12-25,2023-03-27,6,645,0.5581395348837209,B2C,East,Affiliate,41,Female,1,1,0,0,0,0.0,
CUST00258,3,17721.84,2531.691428571429,18,0.07142857142857142,5,2024-05-12,2023-09-25,233,463,0.19438444924406048,B2C,West,Paid Search,49,Other,1,4,4,2,1,0.97,High Risk
CUST00259,9,59336.39,3490.375882352941,59,0.03235294117647059,5,2024-12-30,2024-04-10,1,265,1.0188679245283019,B2B,East,Referral,45,Male,0,1,5,1,0,0.0,
CUST00260,6,53125.04,4086.5415384615385,48,0.03461538461538462,5,2024-10-15,2024-01-12,77,354,0.5084745762711864,B2C,Central,Organic Search,23,Female,1,0,3,0,0,0.0,
CUST00261,2,10965.4,5482.7,7,0.0,1,2024-12-26,2024-12-15,5,16,2.0,B2C,West,Email,28,Other,1,4,2,2,0,0.0,
CUST00262,7,51887.2,2882.6222222222223,54,0.03888888888888889,5,2024-12-06,2024-01-19,25,347,0.6051873198847262,B2B,North,Social Media,57,Female,0,2,6,0,0,0.0,
CUST00263,2,15506.45,3101.29,18,0.08,3,2024-12-07,2024-03-06,24,300,0.2,B2C,North,Email,41,Other,1,2,2,2,0,0.02,Low Risk
CUST00264,5,52082.04,3720.1457142857143,50,0.06428571428571428,5,2024-12-29,2024-12-04,2,27,5.0,B2B,South,Referral,46,Male,0,3,5,1,0,0.0,
CUST00265,4,15319.76,1392.7054545454546,24,0.02727272727272728,4,2024-11-20,2024-02-16,41,319,0.3761755485893417,B2C,East,Direct,20,Other,1,1,1,2,0,0.02,Low Risk
CUST00266,4,43216.42,3086.887142857143,40,0.017857142857142856,4,2024-08-21,2022-10-26,132,797,0.15056461731493098,B2C,East,Affiliate,22,Other,1,1,0,2,0,0.02,Low Risk
CUST00267,3,13288.92,2657.784,19,0.06,4,2024-10-17,2022-09-30,75,823,0.10935601458080195,B2C,West,Social Media,33,Male,1,4,6,1,0,0.01,Low Risk
CUST00268,7,44149.09,2759.318125,51,0.043750000000000004,5,2024-09-17,2023-04-22,105,619,0.33925686591276255,B2C,West,Direct,25,Female,1,4,1,0,0,0.0,
CUST00269,5,22715.3,3245.042857142857,19,0.03571428571428571,4,2024-07-27,2023-03-13,157,659,0.22761760242792112,Enterprise,South,Social Media,62,Female,2,3,6,0,0,0.02,Low Risk
CUST00270,3,8342.32,1668.464,12,0.04,4,2024-06-06,2022-11-26,208,766,0.11749347258485639,B2C,North,Referral,46,Male,1,2,5,1,1,0.98,High Risk
CUST00271,3,22532.75,2816.59375,31,0.0,5,2024-12-06,2024-12-04,25,27,3.0,B2B,East,Direct,52,Female,0,1,1,0,0,0.0,
CUST00272,4,7662.700000000001,1277.1166666666668,15,0.05000000000000001,4,2024-08-28,2023-04-23,125,618,0.1941747572815534,B2B,South,Direct,32,Male,0,3,1,1,0,0.04,Low Risk
CUST00273,5,18136.02,2267.0025,15,0.024999999999999998,5,2024-08-27,2023-02-02,126,698,0.21489971346704873,B2B,South,Organic Search,41,Other,0,3,3,2,0,0.01,Low Risk
CUST00274,5,17417.35,2488.192857142857,26,0.05714285714285715,5,2024-12-12,2024-06-10,19,204,0.7352941176470589,B2C,Central,Organic Search,22,Female,1,0,3,0,0,0.0,
CUST00275,4,23690.690000000002,2961.3362500000003,25,0.0625,4,2024-12-13,2023-10-24,18,434,0.2764976958525346,B2C,Central,Email,54,Male,1,0,2,1,0,0.01,Low Risk
CUST00276,5,23865.04,1988.7533333333333,28,0.08750000000000001,5,2023-12-08,2022-07-19,389,896,0.16741071428571427,B2C,West,Direct,40,Male,1,4,1,1,1,1.0,High Risk
CUST00277,3,29402.9,2940.29,26,0.06,5,2024-06-29,2024-05-12,185,233,0.38626609442060084,B2B,South,Paid Search,45,Other,0,3,4,2,1,0.87,High Risk
CUST00278,7,32123.94,2471.0723076923077,34,0.06923076923076923,4,2024-11-30,2022-05-08,31,968,0.21694214876033058,B2C,Central,Paid Search,28,Female,1,0,4,0,0,0.0,
CUST00279,2,34870.68,3487.068,26,0.05,4,2024-10-29,2023-06-01,63,579,0.10362694300518134,B2B,East,Social Media,30,Other,0,1,6,2,0,0.02,Low Risk
CUST00280,2,15248.48,3049.696,16,0.0,3,2024-10-06,2024-08-04,86,149,0.40268456375838924,B2C,East,Organic Search,50,Other,1,1,3,2,0,0.0,
CUST00281,7,20125.83,1677.1525000000001,30,0.025000000000000005,5,2024-07-16,2022-12-09,168,753,0.2788844621513944,B2C,South,Direct,64,Other,1,3,1,2,0,0.0,
CUST00282,8,23854.69,2168.6081818181815,27,0.06818181818181818,4,2024-09-05,2023-08-09,117,510,0.47058823529411764,B2B,North,Organic Search,23,Male,0,2,3,1,0,0.01,Low Risk
CUST00283,3,11954.710000000001,2390.942,15,0.08,4,2024-11-23,2024-09-29,38,93,0.9677419354838709,B2C,East,Affiliate,54,Female,1,1,0,0,0,0.0,
CUST00284,8,80385.54,3215.4215999999997,79,0.064,5,2024-12-21,2024-08-25,10,128,1.875,B2B,West,Direct,36,Other,0,4,1,2,0,0.0,
CUST00285,6,18139.52,2267.44,24,0.043750000000000004,4,2024-11-18,2023-06-16,43,564,0.3191489361702127,B2C,West,Organic Search,62,Male,1,4,3,1,0,0.0,
CUST00286,5,19506.86,2167.428888888889,30,0.1,5,2024-08-23,2022-11-14,130,778,0.1928020565552699,B2C,West,Social Media,56,Male,1,4,6,1,0,0.08,Low Risk
CUST00287,6,33210.2,3019.109090909091,36,0.031818181818181815,4,2024-09-21,2023-10-27,101,431,0.4176334106728538,Enterprise,East,Paid Search,41,Other,2,1,4,2,0,0.01,Low Risk
CUST00288,10,44088.07,2004.0031818181817,62,0.06363636363636364,5,2024-12-29,2024-06-30,2,184,1.6304347826086956,B2C,South,Social Media,46,Male,1,3,6,1,0,0.01,Low Risk
CUST00289,4,17041.09,2130.13625,19,0.05,5,2024-03-30,2022-09-28,276,825,0.14545454545454545,Enterprise,East,Affiliate,57,Female,2,1,0,0,1,0.96,High Risk
CUST00290,8,71209.75,3560.4875,69,0.0475,5,2024-08-20,2023-01-24,133,707,0.33946251768033947,Enterprise,East,Referral,38,Male,2,1,5,1,0,0.02,Low Risk
CUST00291,7,59871.22,3521.8364705882354,53,0.047058823529411764,5,2024-12-29,2023-03-10,2,662,0.31722054380664655,B2C,West,Social Media,49,Male,1,4,6,1,0,0.0,
CUST00292,4,18672.56,3112.0933333333337,17,0.024999999999999998,4,2024-08-29,2022-06-15,124,930,0.12903225806451613,Enterprise,West,Paid Search,55,Female,2,4,4,0,0,0.01,Low Risk
CUST00293,7,47242.11,2778.9476470588233,45,0.08529411764705884,4,2024-12-27,2023-07-12,4,538,0.3903345724907063,B2C,West,Affiliate,59,Other,1,4,0,2,0,0.0,
CUST00294,7,71428.83,3246.765,67,0.022727272727272728,5,2024-12-05,2024-06-02,26,212,0.9905660377358491,B2B,North,Email,26,Female,0,2,2,0,0,0.0,
CUST00295,3,17216.51,1912.9455555555553,25,0.08888888888888889,5,2024-07-20,2024-05-21,164,224,0.4017857142857143,B2C,East,Organic Search,54,Other,1,1,3,2,0,0.0,
CUST00296,5,46821.18,3344.37,45,0.04642857142857143,5,2024-08-24,2023-07-06,129,544,0.2757352941176471,B2C,East,Direct,46,Other,1,1,1,2,0,0.01,Low Risk
CUST00297,4,32692.35,2514.7961538461536,42,0.02692307692307692,5,2024-05-09,2023-04-15,236,626,0.19169329073482427,B2C,Central,Organic Search,43,Female,1,0,3,0,1,0.99,High Risk
CUST00298,4,17090.329999999998,1898.9255555555553,26,0.13333333333333333,4,2024-10-18,2023-07-02,74,548,0.21897810218978103,B2C,South,Direct,43,Other,1,3,1,2,0,0.02,Low Risk
CUST00299,4,27462.27,3432.78375,31,0.043750000000000004,5,2024-03-17,2022-04-20,289,986,0.12170385395537525,B2B,South,Affiliate,48,Other,0,3,0,2,1,0.96,High Risk
CUST00300,6,48844.51,3052.781875,42,0.059375000000000004,4,2024-09-07,2024-01-05,115,361,0.4986149584487535,B2C,Central,Direct,38,Male,1,0,1,1,0,0.0,
CUST00301,3,20363.05,2909.0071428571428,28,0.02142857142857143,4,2024-08-28,2023-10-01,125,457,0.19693654266958427,B2C,Central,Affiliate,50,Other,1,0,0,2,0,0.02,Low Risk
CUST00302,4,19069.65,1906.9650000000001,30,0.075,5,2024-11-07,2024-04-15,54,260,0.46153846153846156,B2C,East,Organic Search,41,Female,1,1,3,0,0,0.0,
CUST00303,3,23373.67,2597.0744444444445,26,0.06666666666666668,5,2024-12-30,2024-11-21,1,40,2.25,B2C,Central,Referral,62,Other,1,0,5,2,0,0.0,
CUST00304,3,27430.32,3918.617142857143,22,0.0,4,2024-02-06,2022-07-28,329,887,0.10146561443066517,Enterprise,East,Affiliate,55,Other,2,1,0,2,1,0.96,High Risk
CUST00305,3,20591.989999999998,2573.9987499999997,20,0.043750000000000004,3,2023-09-23,2023-03-18,465,654,0.13761467889908258,B2C,Central,Direct,58,Other,1,0,1,2,1,0.94,High Risk
CUST00306,8,46132.14,2196.7685714285712,61,0.08333333333333333,5,2024-12-10,2024-08-27,21,126,1.9047619047619047,B2B,South,Paid Search,20,Other,0,3,4,2,0,0.0,
CUST00307,5,27673.43,2767.343,29,0.075,4,2023-09-13,2022-09-24,475,829,0.18094089264173704,B2C,West,Paid Search,44,Other,1,4,4,2,1,1.0,High Risk
CUST00308,2,18860.05,3772.0099999999998,19,0.06000000000000001,4,2024-10-02,2024-08-05,90,148,0.4054054054054054,Enterprise,Central,Affiliate,65,Other,2,0,0,2,0,0.0,
CUST00309,3,6727.71,1345.542,9,0.01,3,2024-04-29,2023-05-19,246,592,0.15202702702702703,B2C,Central,Social Media,60,Female,1,0,6,0,1,0.95,High Risk
CUST00310,5,26106.41,2008.1853846153847,38,0.08461538461538462,5,2024-12-26,2024-06-12,5,202,0.7425742574257426,B2C,South,Direct,39,Other,1,3,1,2,0,0.0,
CUST00311,7,43745.1,2573.241176470588,50,0.0,5,2024-10-30,2023-07-13,62,537,0.3910614525139665,B2C,Central,Paid Search,35,Other,1,0,4,2,0,0.0,
CUST00312,3,17580.649999999998,2511.5214285714283,19,0.042857142857142864,4,2024-08-31,2023-05-24,122,587,0.15332197614991483,B2B,East,Referral,63,Female,0,1,5,0,0,0.01,Low Risk
CUST00313,4,11811.94,1476.4925,18,0.06875,4,2024-11-08,2023-11-06,53,421,0.2850356294536817,Enterprise,Central,Affiliate,64,Female,2,0,0,0,0,0.0,
CUST00314,4,23097.84,4619.568,20,0.030000000000000006,3,2024-06-03,2023-09-04,211,484,0.24793388429752067,B2C,Central,Email,40,Male,1,0,2,1,1,0.98,High Risk
CUST00315,9,44772.63,2798.289375,48,0.08125,5,2024-10-25,2023-04-28,67,613,0.44045676998368677,B2C,North,Email,59,Female,1,2,2,0,0,0.01,Low Risk
CUST00316,9,43886.96,2742.935,42,0.065625,4,2024-11-25,2024-03-26,36,280,0.9642857142857142,B2C,Central,Direct,62,Female,1,0,1,0,0,0.0,
CUST00317,8,21463.45,1951.2227272727273,30,0.045454545454545456,4,2024-09-20,2022-08-27,102,857,0.28004667444574094,B2C,Central,Organic Search,60,Other,1,0,3,2,0,0.03,Low Risk
CUST00318,6,58988.99,3277.166111111111,54,0.052777777777777785,5,2024-08-07,2023-05-04,146,607,0.29654036243822074,B2C,North,Social Media,63,Female,1,2,6,0,0,0.04,Low Risk
CUST00319,2,20602.82,6867.606666666667,11,0.0,2,2023-10-28,2022-06-10,430,935,0.0641711229946524,Enterprise,North,Paid Search,44,Other,2,2,4,2,1,0.98,High Risk
CUST00320,5,44856.75,3450.519230769231,42,0.026923076923076925,5,2024-12-11,2024-03-24,20,282,0.5319148936170213,B2C,East,Referral,21,Male,1,1,5,1,0,0.0,
CUST00321,4,31008.559999999998,3445.3955555555553,26,0.05555555555555555,4,2024-11-27,2024-10-18,34,74,1.6216216216216215,B2B,Central,Affiliate,20,Male,0,0,0,1,0,0.0,
CUST00322,5,27998.87,2153.7592307692307,35,0.06538461538461539,5,2024-12-10,2023-10-13,21,445,0.33707865168539325,Enterprise,North,Email,49,Male,2,2,2,1,0,0.0,
CUST00323,4,33048.91,3304.8910000000005,37,0.035,4,2024-08-05,2023-11-24,148,403,0.2977667493796526,B2C,North,Direct,24,Female,1,2,1,0,0,0.0,
CUST00324,7,33608.340000000004,2585.256923076923,32,0.08461538461538462,4,2024-11-02,2023-06-04,59,576,0.36458333333333337,B2C,Central,Paid Search,50,Female,1,0,4,0,0,0.0,
CUST00325,4,36914.09,4101.565555555555,32,0.08888888888888889,4,2024-08-27,2023-11-26,126,401,0.29925187032418954,B2C,East,Email,59,Female,1,1,2,0,0,0.0,
CUST00326,1,403.03,403.03,1,0.2,1,2023-08-11,2023-08-11,508,508,0.05905511811023622,B2C,East,Affiliate,30,Male,1,1,0,1,1,0.99,High Risk
CUST00327,3,29617.18,4231.0257142857145,24,0.1,3,2024-11-15,2024-09-28,46,94,0.9574468085106383,B2C,West,Organic Search,43,Other,1,4,3,2,0,0.0,
CUST00328,8,85119.98,4053.332380952381,72,0.0642857142857143,5,2024-03-19,2022-12-04,287,758,0.316622691292876,B2C,West,Paid Search,18,Female,1,4,4,0,1,0.94,High Risk
CUST00329,6,59480.22,3498.8364705882354,59,0.049999999999999996,5,2024-10-18,2023-11-28,74,399,0.45112781954887216,Enterprise,East,Social Media,55,Other,2,1,6,2,0,0.0,
CUST00330,7,57450.56,3023.713684210526,63,0.09999999999999999,5,2024-12-05,2024-06-27,26,187,1.1229946524064172,B2C,East,Organic Search,60,Male,1,1,3,1,0,0.01,Low Risk
CUST00331,4,22765.73,2529.5255555555555,23,0.07222222222222223,5,2024-09-03,2024-05-08,119,237,0.5063291139240506,B2C,West,Referral,37,Other,1,4,5,2,0,0.0,
CUST00332,3,9863.83,1972.766,16,0.08,4,2022-11-13,2022-10-21,779,802,0.11221945137157106,B2C,East,Paid Search,26,Female,1,1,4,0,1,0.99,High Risk
CUST00333,6,26095.28,2899.4755555555553,27,0.011111111111111112,4,2024-11-24,2023-07-29,37,521,0.345489443378119,B2C,East,Direct,48,Other,1,1,1,2,0,0.01,Low Risk
CUST00335,2,9522.51,3174.17,12,0.06666666666666667,3,2024-07-08,2024-05-25,176,220,0.27272727272727276,Enterprise,North,Organic Search,21,Other,2,2,3,2,0,0.04,Low Risk
CUST00336,4,23042.89,3291.8414285714284,21,0.14285714285714285,4,2024-12-27,2024-03-30,4,276,0.4347826086956522,B2C,Central,Social Media,51,Female,1,0,6,0,0,0.0,
CUST00337,4,22773.1,2070.281818181818,29,0.02727272727272728,5,2024-08-08,2022-09-26,145,827,0.14510278113663846,B2C,Central,Direct,46,Male,1,0,1,1,0,0.01,Low Risk
CUST00338,3,19137.3,3189.5499999999997,16,0.025000000000000005,3,2024-12-06,2024-02-27,25,308,0.2922077922077922,B2C,West,Organic Search,53,Female,1,4,3,0,0,0.01,Low Risk
CUST00339,5,40038.36,4003.8360000000002,36,0.1,5,2024-12-12,2024-11-13,19,48,3.125,B2C,North,Affiliate,18,Other,1,2,0,2,0,0.01,Low Risk
CUST00340,8,45617.74,3509.056923076923,44,0.03076923076923077,5,2024-10-27,2022-12-13,65,749,0.3204272363150868,B2C,North,Referral,22,Other,1,2,5,2,0,0.0,
CUST00341,7,56616.33,2830.8165,59,0.034999999999999996,5,2024-07-21,2022-05-04,163,972,0.2160493827160494,B2C,West,Email,29,Male,1,4,2,1,0,0.0,
CUST00342,3,13223.53,2203.9216666666666,19,0.049999999999999996,4,2024-12-04,2024-09-29,27,93,0.9677419354838709,Enterprise,East,Email,46,Female,2,1,2,0,0,0.0,
CUST00343,2,7198.13,1799.5325,12,0.07500000000000001,3,2024-07-13,2024-01-05,171,361,0.16620498614958448,B2C,South,Social Media,25,Male,1,3,6,1,0,0.05,Low Risk
CUST00344,6,13567.32,1507.48,26,0.08333333333333333,5,2024-10-02,2024-06-02,90,212,0.8490566037735849,B2B,South,Paid Search,18,Male,0,3,4,1,0,0.0,
CUST00345,1,7036.58,3518.29,4,0.0,2,2023-11-18,2023-11-18,409,409,0.07334963325183375,B2C,West,Affiliate,32,Male,1,4,0,1,1,1.0,High Risk
CUST00346,3,12408.92,2481.784,14,0.06999999999999999,3,2024-06-02,2024-03-23,212,283,0.31802120141342755,B2C,East,Referral,25,Male,1,1,5,1,1,0.95,High Risk
CUST00347,2,3636.37,1212.1233333333332,6,0.0,2,2024-12-11,2024-11-15,20,46,1.3043478260869565,B2C,North,Organic Search,24,Other,1,2,3,2,0,0.0,
CUST00348,4,40744.52,3134.1938461538457,39,0.06153846153846154,5,2024-12-29,2022-06-28,2,917,0.13086150490730644,B2C,North,Organic Search,43,Female,1,2,3,0,0,0.08,Low Risk
CUST00349,5,29062.74,3229.1933333333336,25,0.022222222222222223,4,2024-12-10,2023-04-09,21,632,0.23734177215189875,B2C,North,Social Media,32,Other,1,2,6,2,0,0.0,
CUST00350,3,23287.21,3881.2016666666664,19,0.03333333333333333,4,2024-11-20,2024-07-06,41,178,0.5056179775280899,B2B,Central,Affiliate,38,Male,0,0,0,1,0,0.0,
CUST00351,3,11606.56,2901.64,12,0.07500000000000001,2,2024-05-02,2023-07-31,243,519,0.17341040462427745,B2C,Central,Social Media,35,Male,1,0,6,1,1,0.97,High Risk
CUST00352,6,30337.21,3792.15125,28,0.024999999999999998,4,2024-12-11,2024-06-21,20,193,0.9326424870466321,B2C,West,Organic Search,40,Other,1,4,3,2,0,0.0,
CUST00353,1,8194.439999999999,2731.4799999999996,9,0.15,3,2024-12-04,2024-12-04,27,27,1.0,B2C,East,Email,27,Female,1,1,2,0,0,0.0,
CUST00354,3,15162.64,3032.528,15,0.04,3,2024-09-29,2024-05-07,93,238,0.37815126050420167,B2C,West,Paid Search,37,Other,1,4,4,2,0,0.01,Low Risk
CUST00355,7,23045.04,1920.42,28,0.0625,5,2024-04-20,2022-09-29,255,824,0.25485436893203883,B2C,North,Email,53,Other,1,2,2,2,1,0.97,High Risk
CUST00356,5,32382.95,2698.579166666667,42,0.020833333333333332,5,2024-11-26,2023-05-06,35,605,0.24793388429752064,B2C,East,Referral,23,Female,1,1,5,0,0,0.02,Low Risk
CUST00357,7,53923.42,3171.965882352941,51,0.061764705882352944,5,2024-12-24,2023-08-24,7,495,0.42424242424242425,B2C,South,Email,61,Other,1,3,2,2,0,0.0,
CUST00358,9,41812.51,1991.0719047619048,56,0.11190476190476191,5,2024-12-25,2024-08-21,6,132,2.0454545454545454,B2B,South,Direct,64,Other,0,3,1,2,0,0.02,Low Risk
CUST00359,7,41313.05,2430.179411764706,47,0.0411764705882353,5,2024-12-10,2024-05-27,21,218,0.963302752293578,B2B,South,Social Media,37,Male,0,3,6,1,0,0.0,
CUST00360,7,52850.53,3523.3686666666667,43,0.02666666666666667,5,2024-09-07,2023-11-16,115,411,0.5109489051094891,B2B,North,Affiliate,48,Male,0,2,0,1,0,0.0,
CUST00361,11,63395.29,2756.316956521739,70,0.07173913043478261,5,2024-12-29,2024-07-28,2,156,2.1153846153846154,Enterprise,West,Direct,38,Female,2,4,1,0,0,0.0,
CUST00362,2,21159.82,2351.091111111111,27,0.08333333333333333,4,2024-06-28,2024-05-29,186,216,0.2777777777777778,B2C,East,Social Media,50,Female,1,1,6,0,1,0.79,High Risk
CUST00363,4,7823.58,1955.895,10,0.1125,3,2024-07-01,2024-02-14,183,321,0.3738317757009346,Enterprise,East,Social Media,38,Female,2,1,6,0,1,0.87,High Risk
CUST00364,6,41796.03,2458.59,39,0.03235294117647059,5,2024-07-16,2022-08-07,168,877,0.20524515393386544,B2C,South,Direct,55,Other,1,3,1,2,0,0.02,Low Risk
CUST00365,7,32978.1,2998.009090909091,42,0.09090909090909091,5,2024-08-06,2023-10-23,147,435,0.4827586206896552,B2C,South,Email,54,Male,1,3,2,1,0,0.0,
CUST00366,5,25114.9,2092.9083333333333,35,0.07083333333333333,5,2024-09-12,2024-03-14,110,292,0.5136986301369864,B2B,East,Email,64,Other,0,1,2,2,0,0.01,Low Risk
CUST00367,7,44242.5,2949.5,55,0.043333333333333335,5,2024-12-22,2024-03-25,9,281,0.7473309608540925,B2C,East,Referral,52,Female,1,1,5,0,0,0.0,
CUST00368,4,13172.46,2195.41,12,0.049999999999999996,5,2024-05-06,2023-08-21,239,498,0.24096385542168672,B2C,North,Affiliate,22,Other,1,2,0,2,1,0.9,High Risk
CUST00369,5,31939.75,2456.903846153846,38,0.08461538461538462,5,2023-11-12,2022-11-13,415,779,0.19255455712451863,B2C,West,Referral,32,Male,1,4,5,1,1,0.96,High Risk
CUST00370,10,46321.4,2573.411111111111,51,0.03888888888888889,5,2024-10-13,2022-10-10,79,813,0.36900369003690037,B2C,Central,Organic Search,57,Other,1,0,3,2,0,0.01,Low Risk
CUST00371,6,42273.25,3251.7884615384614,46,0.02307692307692308,4,2024-12-24,2024-11-06,7,55,3.272727272727273,B2C,West,Organic Search,18,Other,1,4,3,2,0,0.0,
CUST00372,3,9767.76,1953.5520000000001,10,0.01,4,2024-07-29,2024-05-20,155,225,0.4,B2C,North,Social Media,52,Female,1,2,6,0,0,0.01,Low Risk
CUST00373,3,6110.02,1222.0040000000001,11,0.13,3,2023-11-26,2022-04-02,401,1004,0.0896414342629482,B2C,South,Organic Search,51,Male,1,3,3,1,1,0.99,High Risk
CUST00374,7,27699.36,2769.936,33,0.02,4,2024-11-12,2023-03-09,49,663,0.3167420814479638,B2C,Central,Social Media,35,Female,1,0,6,0,0,0.0,
CUST00375,9,55021.61,2500.9822727272726,62,0.052272727272727276,5,2024-12-17,2022-09-16,14,837,0.3225806451612903,B2C,West,Referral,32,Female,1,4,5,0,0,0.0,
CUST00376,9,40660.08,2140.004210526316,51,0.06315789473684211,5,2024-12-29,2024-12-05,2,26,9.0,B2C,North,Email,42,Other,1,2,2,2,0,0.0,
CUST00377,5,10768.16,1196.4622222222222,18,0.061111111111111116,3,2024-12-16,2024-01-22,15,344,0.436046511627907,B2C,South,Affiliate,45,Other,1,3,0,2,0,0.01,Low Risk
CUST00378,3,27024.21,3860.6014285714286,21,0.028571428571428574,4,2024-05-02,2023-08-31,243,488,0.18442622950819673,Enterprise,Central,Paid Search,31,Other,2,0,4,2,1,0.97,High Risk
CUST00379,7,30385.79,2337.368461538462,40,0.05384615384615385,5,2024-12-15,2024-07-25,16,159,1.3207547169811322,Enterprise,North,Referral,35,Other,2,2,5,2,0,0.0,
CUST00380,10,62880.89,2858.222272727273,67,0.1272727272727273,5,2024-11-21,2024-06-22,40,192,1.5625,Enterprise,South,Social Media,19,Male,2,3,6,1,0,0.01,Low Risk
CUST00381,6,22624.57,2828.07125,25,0.0125,5,2024-12-27,2024-10-25,4,67,2.6865671641791042,B2C,North,Direct,33,Other,1,2,1,2,0,0.0,
CUST00382,4,15070.72,2511.7866666666664,15,0.025000000000000005,4,2024-05-04,2023-11-06,241,421,0.2850356294536817,B2C,East,Referral,26,Other,1,1,5,2,1,0.95,High Risk
CUST00383,3,10450.39,2612.5975,13,0.0625,3,2024-08-03,2022-07-04,150,911,0.09879253567508232,B2C,North,Paid Search,22,Female,1,2,4,0,0,0.05,Low Risk
CUST00384,8,36043.82,2402.921333333333,40,0.10333333333333333,5,2024-12-26,2024-08-19,5,134,1.791044776119403,B2C,Central,Affiliate,38,Male,1,0,0,1,0,0.0,
CUST00385,4,25189.14,3148.6425,25,0.037500000000000006,4,2024-12-22,2024-09-27,9,95,1.2631578947368423,B2C,West,Direct,42,Female,1,4,1,0,0,0.0,
CUST00386,5,32401.23,3600.1366666666668,32,0.011111111111111112,3,2024-07-05,2022-12-13,179,749,0.20026702269692925,B2C,West,Direct,36,Male,1,4,1,1,0,0.02,Low Risk
CUST00387,8,37929.92,3160.8266666666664,39,0.024999999999999998,5,2024-09-11,2023-04-14,111,627,0.3827751196172249,B2C,South,Affiliate,58,Male,1,3,0,1,0,0.02,Low Risk
CUST00388,6,36200.52,3620.0519999999997,27,0.045,4,2024-11-30,2023-09-21,31,467,0.3854389721627409,B2C,North,Social Media,46,Female,1,2,6,0,0,0.0,
CUST00389,8,51721.520000000004,3232.5950000000003,54,0.078125,5,2024-06-25,2023-06-04,189,576,0.4166666666666667,B2C,North,Email,53,Other,1,2,2,2,1,0.88,High Risk
CUST00390,4,10497.85,1749.6416666666667,17,0.06666666666666667,3,2024-12-26,2024-04-26,5,249,0.48192771084337344,B2C,North,Direct,23,Other,1,2,1,2,0,0.0,
CUST00391,4,13488.019999999999,1686.0024999999998,11,0.05625,4,2024-11-23,2024-08-12,38,141,0.851063829787234,B2C,West,Email,42,Male,1,4,2,1,0,0.0,
CUST00392,4,21030.3,2103.0299999999997,28,0.01,4,2024-10-02,2024-06-15,90,199,0.6030150753768844,B2C,Central,Referral,42,Male,1,0,5,1,0,0.0,
CUST00393,7,47617.45,3662.880769230769,40,0.08846153846153845,4,2024-12-13,2022-10-08,18,815,0.25766871165644173,B2C,East,Organic Search,28,Female,1,1,3,0,0,0.0,
CUST00394,5,41887.46,4654.162222222222,31,0.03888888888888889,4,2024-10-21,2023-05-02,71,609,0.24630541871921183,B2B,West,Social Media,34,Male,0,4,6,1,0,0.06,Low Risk
CUST00395,6,35769.42,2751.493846153846,35,0.03461538461538462,4,2024-11-05,2024-09-08,56,114,1.5789473684210527,B2C,Central,Organic Search,26,Female,1,0,3,0,0,0.0,
CUST00396,4,23522.96,2940.37,25,0.0375,4,2023-11-01,2023-06-17,426,563,0.21314387211367675,B2C,Central,Affiliate,39,Female,1,0,0,0,1,0.98,High Risk
CUST00397,8,23003.63,1916.9691666666668,34,0.06666666666666667,5,2024-11-20,2023-06-22,41,558,0.4301075268817204,B2C,South,Direct,62,Male,1,3,1,1,0,0.0,
CUST00398,10,54439.37,2268.3070833333336,75,0.07916666666666668,5,2024-12-28,2024-02-04,3,331,0.9063444108761329,Enterprise,West,Social Media,65,Other,2,4,6,2,0,0.0,
CUST00399,6,24498.89,2449.889,31,0.05500000000000001,4,2024-11-21,2024-09-28,40,94,1.9148936170212767,B2C,South,Social Media,43,Female,1,3,6,0,0,0.0,
CUST00400,6,36204.01,4022.667777777778,32,0.03888888888888889,5,2024-06-03,2022-07-11,211,904,0.19911504424778761,B2C,South,Direct,29,Other,1,3,1,2,1,0.97,High Risk
CUST00401,8,36509.05,2607.789285714286,34,0.075,4,2024-12-26,2024-05-04,5,241,0.995850622406639,B2C,South,Social Media,62,Male,1,3,6,1,0,0.0,
CUST00402,4,7345.62,1836.405,14,0.0875,3,2024-11-06,2023-11-26,55,401,0.29925187032418954,B2C,South,Paid Search,34,Other,1,3,4,2,0,0.02,Low Risk
CUST00403,4,34219.94,2851.661666666667,35,0.07083333333333333,5,2024-08-20,2022-09-22,133,831,0.1444043321299639,B2C,West,Direct,48,Other,1,4,1,2,0,0.0,
CUST00404,9,56863.44,2992.8126315789473,64,0.09473684210526316,5,2024-11-24,2023-09-17,37,471,0.5732484076433121,B2C,West,Affiliate,41,Other,1,4,0,2,0,0.0,
CUST00405,4,27034.19,2457.6536363636365,27,0.09545454545454546,4,2024-09-06,2024-06-04,116,210,0.5714285714285714,B2B,North,Referral,60,Female,0,2,5,0,0,0.0,
CUST00406,4,23825.59,2165.962727272727,32,0.07272727272727274,5,2024-11-25,2023-03-14,36,658,0.182370820668693,B2C,North,Referral,61,Other,1,2,5,2,0,0.0,
CUST00407,8,42680.04,3048.574285714286,45,0.05714285714285715,5,2024-10-22,2023-09-22,70,466,0.5150214592274678,B2C,West,Organic Search,34,Male,1,4,3,1,0,0.0,
CUST00408,5,44787.79,2799.236875,42,0.037500000000000006,5,2024-12-19,2024-03-20,12,286,0.5244755244755245,B2C,Central,Direct,32,Female,1,0,1,0,0,0.0,
CUST00409,4,27601.64,3943.0914285714284,24,0.0071428571428571435,5,2024-12-29,2024-03-21,2,285,0.42105263157894735,B2C,Central,Paid Search,40,Male,1,0,4,1,0,0.0,
CUST00410,6,31451.21,2859.200909090909,31,0.11818181818181818,4,2024-08-27,2024-02-12,126,323,0.5572755417956656,Enterprise,West,Organic Search,25,Other,2,4,3,2,0,0.0,
CUST00411,2,21367.71,3561.285,18,0.0,4,2024-09-13,2023-12-25,109,372,0.16129032258064516,B2C,East,Paid Search,51,Female,1,1,4,0,0,0.01,Low Risk
CUST00412,5,16050.449999999999,2292.9214285714284,25,0.014285714285714287,3,2024-06-24,2023-09-11,190,477,0.31446540880503143,B2B,West,Email,38,Male,0,4,2,1,1,0.92,High Risk
CUST00413,5,31636.24,2636.3533333333335,42,0.06666666666666667,5,2024-12-26,2023-06-19,5,561,0.26737967914438504,B2B,North,Referral,24,Other,0,2,5,2,0,0.01,Low Risk
CUST00414,6,33873.5,2605.653846153846,40,0.05384615384615384,5,2024-08-14,2023-02-19,139,681,0.2643171806167401,B2C,Central,Paid Search,39,Other,1,0,4,2,0,0.02,Low Risk
CUST00415,8,46413.8,2730.223529411765,42,0.09411764705882353,5,2024-06-27,2023-11-09,187,418,0.5741626794258373,B2C,West,Paid Search,58,Other,1,4,4,2,1,0.94,High Risk
CUST00416,5,23588.58,2948.5725,24,0.0375,5,2024-12-24,2024-06-05,7,209,0.7177033492822966,B2B,Central,Email,55,Female,0,0,2,0,0,0.0,
CUST00417,3,27932.350000000002,3491.5437500000003,26,0.037500000000000006,5,2024-11-23,2023-11-15,38,412,0.2184466019417476,B2C,South,Referral,22,Other,1,3,5,2,0,0.01,Low Risk
CUST00418,5,15449.960000000001,1931.2450000000001,27,0.10625,4,2024-08-15,2022-10-15,138,808,0.18564356435643564,B2C,South,Paid Search,47,Male,1,3,4,1,0,0.03,Low Risk
CUST00419,10,76155.51,2538.517,83,0.075,5,2024-11-05,2023-03-19,56,653,0.45941807044410415,Enterprise,Central,Social Media,56,Female,2,0,6,0,0,0.0,
CUST00420,9,80905.85,2889.494642857143,84,0.0625,5,2024-12-24,2024-09-01,7,121,2.231404958677686,B2C,North,Affiliate,47,Other,1,2,0,2,0,0.0,
CUST00421,8,44331.9,2955.46,39,0.08333333333333333,5,2024-10-10,2022-10-12,82,811,0.29593094944512943,B2C,Central,Referral,26,Female,1,0,5,0,0,0.0,
CUST00422,5,34056.53,3405.653,29,0.05500000000000001,5,2024-12-08,2022-07-18,23,897,0.16722408026755853,B2C,North,Referral,27,Other,1,2,5,2,0,0.01,Low Risk
CUST00423,8,45327.59,2832.974375,39,0.037500000000000006,5,2024-11-20,2023-08-28,41,491,0.48879837067209775,B2C,South,Email,29,Female,1,3,2,0,0,0.0,
CUST00424,7,32381.879999999997,2698.49,43,0.05833333333333334,5,2024-12-26,2024-09-23,5,99,2.121212121212121,B2C,Central,Social Media,26,Male,1,0,6,1,0,0.0,
CUST00425,7,44379.2,3169.942857142857,48,0.08928571428571429,5,2024-08-15,2023-07-03,138,547,0.3839122486288848,B2C,Central,Social Media,18,Female,1,0,6,0,0,0.01,Low Risk
CUST00426,7,68714.58,4042.034117647059,58,0.03823529411764706,5,2024-05-27,2023-01-31,218,700,0.3,B2C,Central,Email,44,Other,1,0,2,2,1,0.9,High Risk
CUST00427,4,28582.36,2598.3963636363637,30,0.05454545454545456,5,2024-12-20,2024-09-15,11,107,1.1214953271028036,B2C,West,Direct,19,Male,1,4,1,1,0,0.0,
CUST00428,3,18238.57,3647.714,20,0.02,3,2024-04-02,2023-11-02,273,425,0.21176470588235294,B2C,South,Paid Search,47,Other,1,3,4,2,1,0.95,High Risk
CUST00429,6,16622.57,1846.9522222222222,21,0.03888888888888889,5,2024-10-30,2024-02-21,62,314,0.5732484076433121,B2C,North,Social Media,52,Female,1,2,6,0,0,0.01,Low Risk
CUST00430,1,5707.8,5707.8,3,0.0,1,2024-08-28,2024-08-28,125,125,0.24,B2C,West,Email,24,Other,1,4,2,2,0,0.01,Low Risk
CUST00431,7,40439.5,2378.794117647059,52,0.06470588235294118,5,2024-12-30,2024-10-22,1,70,3.0,B2B,East,Organic Search,46,Female,0,1,3,0,0,0.0,
CUST00432,3,18898.94,2099.882222222222,27,0.0,5,2024-09-20,2024-03-30,102,276,0.32608695652173914,B2B,West,Organic Search,33,Male,0,4,3,1,0,0.0,
CUST00433,8,56982.73,3351.9252941176474,58,0.023529411764705882,5,2024-11-26,2024-07-12,35,172,1.3953488372093024,B2C,Central,Paid Search,57,Male,1,0,4,1,0,0.0,
CUST00434,7,48356.79,3454.0564285714286,47,0.03571428571428571,5,2024-07-31,2023-03-06,153,666,0.3153153153153153,B2C,North,Direct,35,Other,1,2,1,2,0,0.0,
CUST00435,3,3732.75,933.1875,9,0.07500000000000001,3,2024-09-30,2024-08-01,92,152,0.5921052631578948,B2C,East,Social Media,50,Other,1,1,6,2,0,0.0,
CUST00436,8,45816.05,2863.503125,49,0.046875,5,2024-06-12,2022-09-23,202,830,0.2891566265060241,Enterprise,North,Affiliate,59,Male,2,2,0,1,1,0.96,High Risk
CUST00437,4,30972.95,3097.295,31,0.035,3,2024-12-30,2022-11-24,1,768,0.15625,B2B,East,Affiliate,61,Female,0,1,0,0,0,0.02,Low Risk
CUST00438,5,33255.8,3695.0888888888894,30,0.022222222222222223,4,2024-12-02,2024-03-02,29,304,0.493421052631579,B2C,East,Email,46,Male,1,1,2,1,0,0.01,Low Risk
CUST00439,3,12573.16,2514.632,17,0.06,3,2024-12-03,2024-09-14,28,108,0.8333333333333333,B2C,West,Social Media,62,Female,1,4,6,0,0,0.0,
CUST00440,8,47450.97,2372.5485,59,0.095,5,2024-12-22,2024-01-03,9,363,0.6611570247933884,B2C,Central,Affiliate,64,Male,1,0,0,1,0,0.0,
CUST00441,5,13203.11,1467.0122222222224,24,0.03888888888888889,5,2024-09-20,2023-12-22,102,375,0.4,B2B,North,Email,31,Female,0,2,2,0,0,0.0,
CUST00442,4,9309.97,1329.9957142857143,16,0.09999999999999999,3,2024-09-16,2023-01-04,106,727,0.16506189821182943,B2B,East,Social Media,53,Other,0,1,6,2,0,0.02,Low Risk
CUST00443,4,29607.64,3700.955,22,0.0125,3,2024-07-24,2022-11-22,160,770,0.15584415584415584,B2B,East,Affiliate,21,Male,0,1,0,1,0,0.02,Low Risk
CUST00444,4,15363.91,2560.6516666666666,22,0.03333333333333333,4,2024-10-20,2023-09-19,72,469,0.255863539445629,B2C,North,Affiliate,28,Female,1,2,0,0,0,0.0,
CUST00445,5,19932.809999999998,2214.756666666666,24,0.06666666666666667,4,2024-10-12,2024-01-16,80,350,0.4285714285714286,Enterprise,South,Paid Search,59,Female,2,3,4,0,0,0.0,
CUST00446,6,33528.53,3352.853,31,0.030000000000000006,4,2024-09-02,2022-09-20,120,833,0.21608643457382953,B2C,North,Social Media,23,Female,1,2,6,0,0,0.0,
CUST00447,7,48527.82,2554.0957894736844,63,0.01842105263157895,5,2024-12-17,2024-11-10,14,51,4.11764705882353,B2C,North,Social Media,64,Other,1,2,6,2,0,0.01,Low Risk
CUST00448,6,30799.8,2369.2153846153847,38,0.03076923076923077,5,2024-12-04,2023-03-30,27,642,0.28037383177570097,B2C,North,Email,22,Male,1,2,2,1,0,0.0,
CUST00449,4,31581.940000000002,3509.1044444444447,31,0.022222222222222223,4,2024-12-11,2024-07-15,20,169,0.7100591715976331,B2C,West,Referral,39,Male,1,4,5,1,0,0.0,
CUST00450,5,16978.64,2425.52,22,0.03571428571428571,5,2024-12-12,2023-11-05,19,422,0.35545023696682465,B2C,West,Email,23,Other,1,4,2,2,0,0.0,
CUST00451,4,36336.02,3303.274545454545,38,0.07272727272727274,5,2024-07-20,2022-08-22,164,862,0.13921113689095127,B2B,East,Paid Search,42,Male,0,1,4,1,0,0.01,Low Risk
CUST00452,6,32909.79,2991.799090909091,28,0.03636363636363637,5,2024-12-30,2024-10-16,1,76,2.368421052631579,B2C,North,Organic Search,57,Other,1,2,3,2,0,0.0,
CUST00453,4,22920.53,1910.0441666666666,30,0.041666666666666664,4,2024-08-21,2023-04-25,132,616,0.1948051948051948,B2C,South,Paid Search,44,Other,1,3,4,2,0,0.03,Low Risk
CUST00454,6,18106.24,1646.0218181818184,32,0.10454545454545455,4,2024-12-17,2024-01-08,14,358,0.5027932960893855,B2B,North,Paid Search,25,Other,0,2,4,2,0,0.0,
CUST00455,5,39320.71,3276.7258333333334,38,0.05416666666666667,4,2024-12-14,2023-09-04,17,484,0.30991735537190085,B2B,East,Paid Search,35,Other,0,1,4,2,0,0.0,
CUST00456,4,22079.93,3154.2757142857145,23,0.042857142857142864,4,2024-07-25,2022-06-20,159,925,0.12972972972972974,B2C,Central,Direct,36,Other,1,0,1,2,0,0.03,Low Risk
CUST00457,3,13475.51,1684.43875,15,0.037500000000000006,5,2024-02-18,2022-02-21,317,1044,0.08620689655172414,B2C,South,Direct,30,Other,1,3,1,2,1,0.98,High Risk
CUST00458,11,39288.13,2806.2949999999996,44,0.08214285714285714,5,2024-11-08,2023-09-01,53,487,0.677618069815195,B2C,South,Organic Search,33,Female,1,3,3,0,0,0.0,
CUST00459,8,45724.78,2689.6929411764704,49,0.06470588235294118,5,2024-12-23,2024-10-09,8,83,2.891566265060241,B2B,Central,Organic Search,41,Female,0,0,3,0,0,0.0,
CUST00460,8,36357.15,2596.9392857142857,44,0.03928571428571429,5,2024-10-25,2022-07-25,67,890,0.2696629213483146,B2C,West,Referral,29,Female,1,4,5,0,0,0.0,
CUST00461,3,16260.41,3252.082,12,0.01,3,2024-07-23,2023-05-23,161,588,0.1530612244897959,B2C,North,Paid Search,20,Male,1,2,4,1,0,0.01,Low Risk
CUST00462,6,40801.03,2550.064375,49,0.103125,5,2024-06-12,2024-01-28,202,338,0.5325443786982248,B2B,Central,Email,62,Female,0,0,2,0,1,0.89,High Risk
CUST00463,5,30433.29,2766.6627272727274,30,0.06363636363636363,4,2024-12-25,2022-05-11,6,965,0.15544041450777205,B2C,Central,Social Media,23,Female,1,0,6,0,0,0.01,Low Risk
CUST00464,4,19549.08,3258.1800000000003,18,0.05833333333333333,4,2024-10-09,2022-07-26,83,889,0.13498312710911137,B2C,South,Email,55,Other,1,3,2,2,0,0.03,Low Risk
CUST00465,3,18298.329999999998,3659.6659999999997,18,0.04,3,2024-11-20,2024-10-22,41,70,1.2857142857142856,B2C,East,Referral,33,Male,1,1,5,1,0,0.0,
CUST00466,4,24611.850000000002,3515.9785714285717,23,0.03571428571428571,3,2024-07-14,2023-10-08,170,450,0.26666666666666666,B2C,North,Direct,21,Female,1,2,1,0,0,0.01,Low Risk
CUST00467,4,33315.87,3028.7154545454546,35,0.06818181818181818,5,2024-12-08,2024-11-23,23,38,3.1578947368421053,B2C,North,Paid Search,62,Male,1,2,4,1,0,0.0,
CUST00468,5,26436.39,2643.639,30,0.025,5,2023-12-29,2022-10-15,368,808,0.18564356435643564,B2C,Central,Affiliate,64,Female,1,0,0,0,1,0.96,High Risk
CUST00469,3,24505.4,3063.175,28,0.1,5,2024-10-12,2022-09-18,80,835,0.10778443113772455,B2B,East,Organic Search,19,Female,0,1,3,0,0,0.05,Low Risk
CUST00470,5,30133.18,3013.318,31,0.075,5,2024-10-30,2023-11-17,62,410,0.36585365853658536,B2C,North,Direct,58,Male,1,2,1,1,0,0.0,
CUST00471,6,41624.83,2774.9886666666666,40,0.10666666666666666,5,2024-11-16,2024-02-13,45,322,0.5590062111801243,B2C,East,Affiliate,54,Male,1,1,0,1,0,0.01,Low Risk
CUST00472,4,32176.95,4022.11875,22,0.05,5,2024-09-19,2024-01-14,103,352,0.34090909090909094,B2B,North,Referral,64,Male,0,2,5,1,0,0.02,Low Risk
CUST00473,5,11405.92,1629.4171428571428,17,0.09285714285714286,4,2024-07-12,2023-03-03,172,669,0.22421524663677128,B2C,North,Affiliate,18,Male,1,2,0,1,0,0.02,Low Risk
CUST00474,2,33665.56,4208.195,23,0.025,4,2024-12-10,2023-04-05,21,636,0.09433962264150944,Enterprise,West,Paid Search,20,Other,2,4,4,2,0,0.01,Low Risk
CUST00475,4,26355.42,2928.3799999999997,28,0.03888888888888889,5,2024-12-05,2024-11-13,26,48,2.5,B2C,East,Referral,38,Female,1,1,5,0,0,0.0,
CUST00476,6,37289.19,3107.4325000000003,35,0.04583333333333334,5,2024-10-08,2023-05-18,84,593,0.30354131534569984,B2C,North,Organic Search,29,Male,1,2,3,1,0,0.0,
CUST00477,7,63169.87,2871.3577272727275,58,0.04090909090909091,5,2024-11-30,2024-03-12,31,294,0.7142857142857142,B2B,North,Affiliate,36,Female,0,2,0,0,0,0.0,
CUST00478,5,36093.01,2578.072142857143,39,0.042857142857142864,5,2024-10-21,2023-06-09,71,571,0.2626970227670753,B2C,West,Paid Search,36,Other,1,4,4,2,0,0.01,Low Risk
CUST00479,4,7914.69,1582.9379999999999,10,0.06999999999999999,4,2024-02-19,2023-10-14,316,444,0.27027027027027023,B2C,South,Direct,49,Male,1,3,1,1,1,0.98,High Risk
CUST00480,4,19437.14,2776.7342857142858,16,0.05,4,2024-11-23,2024-06-23,38,191,0.6282722513089005,B2C,South,Email,19,Male,1,3,2,1,0,0.0,
CUST00481,6,24669.33,2466.933,32,0.015000000000000003,4,2024-12-25,2024-05-15,6,230,0.7826086956521738,B2C,East,Referral,42,Other,1,1,5,2,0,0.0,
CUST00482,3,11312.83,1885.4716666666666,13,0.13333333333333333,4,2024-11-30,2023-10-03,31,455,0.19780219780219782,Enterprise,Central,Email,49,Male,2,0,2,1,0,0.02,Low Risk
CUST00483,4,22993.44,3284.7771428571427,21,0.02142857142857143,3,2024-10-19,2023-05-17,73,594,0.20202020202020202,B2C,North,Paid Search,51,Female,1,2,4,0,0,0.02,Low Risk
CUST00484,5,31530.34,2866.3945454545456,32,0.09090909090909091,5,2024-12-26,2024-04-19,5,256,0.5859375,B2C,Central,Paid Search,58,Female,1,0,4,0,0,0.0,
CUST00486,3,21773.63,2419.2922222222223,23,0.011111111111111112,3,2024-06-04,2023-02-11,210,689,0.13062409288824384,B2B,West,Referral,38,Female,0,4,5,0,1,0.96,High Risk
CUST00487,3,25048.36,5009.6720000000005,15,0.030000000000000006,3,2024-11-05,2024-04-22,56,253,0.3557312252964427,Enterprise,North,Paid Search,55,Male,2,2,4,1,0,0.03,Low Risk
CUST00488,6,40038.16,2502.385,49,0.053125000000000006,4,2024-04-25,2022-09-08,250,845,0.21301775147928992,B2C,West,Email,25,Other,1,4,2,2,1,0.89,High Risk
CUST00489,4,20241.239999999998,2024.1239999999998,26,0.05500000000000001,4,2024-12-24,2023-12-24,7,373,0.32171581769436997,B2C,West,Social Media,25,Male,1,4,6,1,0,0.0,
CUST00490,6,29125.05,2240.3884615384613,42,0.057692307692307696,5,2024-12-04,2022-12-07,27,755,0.23841059602649006,B2C,Central,Affiliate,38,Male,1,0,0,1,0,0.01,Low Risk
CUST00491,6,67217.5,2800.7291666666665,68,0.020833333333333332,5,2024-11-29,2022-08-17,32,867,0.20761245674740486,B2C,East,Organic Search,61,Female,1,1,3,0,0,0.0,
CUST00492,5,36506.89,4056.321111111111,32,0.03333333333333334,4,2024-10-08,2023-06-19,84,561,0.26737967914438504,Enterprise,North,Affiliate,46,Other,2,2,0,2,0,0.0,
CUST00493,5,22015.93,2201.593,28,0.05,4,2024-12-22,2024-05-10,9,235,0.6382978723404256,B2C,West,Affiliate,26,Male,1,4,0,1,0,0.0,
CUST00494,6,35227.1,2935.5916666666667,36,0.025000000000000005,5,2024-10-25,2023-06-28,67,552,0.32608695652173914,B2C,South,Email,41,Other,1,3,2,2,0,0.02,Low Risk
CUST00495,2,3145.25,1048.4166666666667,4,0.18333333333333335,2,2024-12-18,2024-12-05,13,26,2.0,B2C,Central,Affiliate,22,Male,1,0,0,1,0,0.01,Low Risk
CUST00496,2,13797.35,2759.4700000000003,17,0.0,4,2024-10-17,2024-04-25,75,250,0.24,B2C,South,Affiliate,39,Male,1,3,0,1,0,0.02,Low Risk
CUST00497,6,30395.37,2171.0978571428573,39,0.06785714285714285,4,2024-11-03,2022-05-27,58,949,0.18967334035827188,Enterprise,South,Email,64,Female,2,3,2,0,0,0.02,Low Risk
CUST00498,1,12082.38,3020.595,13,0.0,4,2024-08-22,2024-08-22,131,131,0.22900763358778628,B2C,West,Paid Search,29,Female,1,4,4,0,0,0.02,Low Risk
CUST00499,3,35041.78,3185.6163636363635,34,0.05909090909090909,4,2024-09-22,2023-12-19,100,378,0.2380952380952381,B2C,North,Direct,33,Other,1,2,1,2,0,0.03,Low Risk
CUST00500,6,30862.280000000002,3086.228,27,0.065,5,2024-11-18,2023-05-16,43,595,0.3025210084033614,B2C,Central,Organic Search,35,Female,1,0,3,0,0,0.01,Low Risk
CUST00501,8,59042.229999999996,3690.1393749999997,50,0.040625,5,2024-07-04,2022-08-10,180,874,0.2745995423340961,B2C,Central,Affiliate,52,Male,1,0,0,1,0,0.04,Low Risk
CUST00502,5,18485.82,1848.5819999999999,22,0.085,5,2024-12-20,2023-10-08,11,450,0.3333333333333333,B2C,West,Email,40,Other,1,4,2,2,0,0.0,
CUST00503,6,34098.24,3788.693333333333,26,0.08333333333333333,5,2024-10-29,2024-04-01,63,274,0.6569343065693432,B2C,East,Social Media,56,Male,1,1,6,1,0,0.0,
CUST00504,2,2034.8400000000001,508.71000000000004,10,0.07500000000000001,3,2022-07-01,2022-06-23,914,922,0.0650759219088937,B2B,North,Email,51,Female,0,2,2,0,1,0.89,High Risk
CUST00505,3,16524.47,2360.6385714285716,23,0.14285714285714285,4,2024-11-04,2024-09-29,57,93,0.9677419354838709,B2C,North,Paid Search,35,Other,1,2,4,2,0,0.0,
CUST00506,6,47301.48,3378.6771428571433,46,0.03571428571428571,5,2024-10-22,2022-06-17,70,928,0.1939655172413793,B2B,Central,Affiliate,42,Female,0,0,0,0,0,0.02,Low Risk
CUST00507,2,2324.36,774.7866666666667,5,0.09999999999999999,3,2024-12-11,2023-02-07,20,693,0.08658008658008658,B2C,Central,Referral,62,Female,1,0,5,0,0,0.09,Low Risk
CUST00508,5,14276.859999999999,1784.6074999999998,22,0.08125,4,2024-11-29,2024-08-09,32,144,1.0416666666666667,B2C,Central,Direct,30,Female,1,0,1,0,0,0.0,
CUST00509,3,30451.83,3383.536666666667,27,0.13333333333333333,5,2024-08-29,2024-06-27,124,187,0.48128342245989303,B2C,West,Organic Search,32,Other,1,4,3,2,0,0.0,
CUST00510,1,5963.7,5963.7,5,0.0,1,2023-04-15,2023-04-15,626,626,0.04792332268370607,B2C,West,Direct,30,Male,1,4,1,1,1,0.99,High Risk
CUST00511,10,59343.590000000004,2967.1795,62,0.07250000000000001,5,2024-12-30,2023-07-14,1,536,0.5597014925373134,B2C,East,Paid Search,55,Other,1,1,4,2,0,0.0,
CUST00512,8,60018.91,4001.260666666667,49,0.06333333333333334,5,2024-12-20,2022-11-04,11,788,0.30456852791878175,B2B,Central,Organic Search,41,Other,0,0,3,2,0,0.02,Low Risk
CUST00513,2,7500.84,3750.42,8,0.05,2,2024-12-21,2024-11-27,10,34,1.7647058823529411,B2C,North,Social Media,26,Male,1,2,6,1,0,0.0,
CUST00514,3,19097.8,2728.2571428571428,18,0.021428571428571432,4,2024-11-12,2024-01-11,49,355,0.2535211267605634,B2C,East,Direct,62,Other,1,1,1,2,0,0.01,Low Risk
CUST00515,9,70275.51,3194.3413636363634,70,0.08181818181818182,5,2024-12-17,2023-12-26,14,371,0.7277628032345013,B2C,South,Referral,62,Female,1,3,5,0,0,0.0,
CUST00516,5,22496.34,2499.5933333333332,23,0.011111111111111112,5,2024-12-19,2022-11-18,12,774,0.19379844961240308,B2C,Central,Affiliate,54,Male,1,0,0,1,0,0.01,Low Risk
CUST00517,6,36948.37,2842.182307692308,44,0.06923076923076923,5,2024-12-18,2023-03-01,13,671,0.26825633383010433,B2C,Central,Direct,24,Female,1,0,1,0,0,0.01,Low Risk
CUST00518,2,13240.15,2648.0299999999997,11,0.16,3,2023-01-18,2022-12-25,713,737,0.0814111261872456,B2C,South,Social Media,28,Other,1,3,6,2,1,0.96,High Risk
CUST00520,4,29353.39,3261.487777777778,27,0.07777777777777778,4,2024-03-04,2022-12-12,302,750,0.16,B2B,North,Organic Search,42,Female,0,2,3,0,1,1.0,High Risk
CUST00521,5,29868.13,3733.51625,32,0.0,4,2024-06-26,2023-10-27,188,431,0.3480278422273782,B2B,West,Social Media,52,Female,0,4,6,0,1,0.91,High Risk
CUST00522,6,40466.95,2529.184375,52,0.05,5,2024-08-13,2022-07-14,140,901,0.19977802441731407,B2C,Central,Referral,32,Male,1,0,5,1,0,0.0,
CUST00523,3,17601.489999999998,2933.5816666666665,16,0.11666666666666668,4,2024-07-28,2024-05-19,156,226,0.39823008849557523,B2C,East,Social Media,24,Male,1,1,6,1,0,0.01,Low Risk
CUST00524,8,37810.78,2520.7186666666666,50,0.11333333333333333,5,2024-09-11,2023-08-21,111,498,0.48192771084337344,B2B,South,Direct,23,Female,0,3,1,0,0,0.0,
CUST00525,2,7210.5,1201.75,14,0.08333333333333333,3,2024-11-30,2024-09-11,31,111,0.5405405405405405,B2C,North,Referral,28,Other,1,2,5,2,0,0.01,Low Risk
CUST00526,1,10393.94,5196.97,5,0.0,1,2023-11-08,2023-11-08,419,419,0.07159904534606205,B2C,North,Paid Search,44,Other,1,2,4,2,1,0.99,High Risk
CUST00527,7,25982.94,1855.9242857142856,30,0.03571428571428571,5,2024-12-02,2024-05-22,29,223,0.9417040358744394,B2C,East,Social Media,33,Male,1,1,6,1,0,0.0,
CUST00528,5,47755.92,3183.728,46,0.05333333333333334,5,2024-02-06,2022-05-02,329,974,0.15400410677618068,B2B,Central,Paid Search,21,Female,0,0,4,0,1,0.94,High Risk
CUST00529,2,12853.55,2570.71,13,0.11000000000000001,3,2024-07-16,2022-07-26,168,889,0.06749156355455568,B2B,East,Referral,56,Female,0,1,5,0,0,0.1,Low Risk
CUST00530,7,24365.38,1874.26,38,0.08076923076923077,5,2024-05-05,2022-12-11,240,751,0.2796271637816245,B2C,South,Social Media,23,Female,1,3,6,0,1,0.95,High Risk
CUST00531,5,44724.46,3727.0383333333334,33,0.016666666666666666,5,2024-01-05,2022-09-01,361,852,0.17605633802816903,B2C,West,Referral,34,Male,1,4,5,1,1,0.99,High Risk
CUST00532,5,36074.81,3607.4809999999998,31,0.035,4,2024-12-17,2024-10-09,14,83,1.8072289156626506,B2C,South,Email,41,Male,1,3,2,1,0,0.01,Low Risk
CUST00533,7,30481.07,2540.0891666666666,31,0.06666666666666667,5,2024-10-31,2024-03-06,61,300,0.7,B2C,West,Paid Search,35,Other,1,4,4,2,0,0.0,
CUST00534,2,14640.17,7320.085,8,0.05,2,2024-12-28,2024-06-03,3,211,0.2843601895734597,B2C,North,Affiliate,52,Female,1,2,0,0,0,0.01,Low Risk
CUST00535,5,21431.65,2678.95625,23,0.05,4,2024-12-06,2024-09-19,25,103,1.4563106796116505,B2B,North,Affiliate,51,Female,0,2,0,0,0,0.0,
CUST00536,11,73896.06,2463.2019999999998,88,0.060000000000000005,5,2024-11-28,2024-06-22,33,192,1.71875,B2B,Central,Email,37,Male,0,0,2,1,0,0.0,
CUST00537,9,27392.399999999998,1956.6,48,0.09999999999999999,5,2024-12-24,2023-10-24,7,434,0.6221198156682027,B2C,Central,Direct,54,Other,1,0,1,2,0,0.0,
CUST00538,3,16946.96,2118.37,18,0.043750000000000004,5,2024-11-03,2024-09-18,58,104,0.8653846153846153,B2C,West,Paid Search,31,Male,1,4,4,1,0,0.0,
CUST00539,5,16070.09,2295.727142857143,20,0.07857142857142858,5,2024-12-04,2024-02-08,27,327,0.4587155963302752,Enterprise,North,Email,30,Other,2,2,2,2,0,0.0,
CUST00540,5,25405.690000000002,3175.7112500000003,27,0.037500000000000006,4,2024-10-31,2022-10-10,61,813,0.18450184501845018,B2C,East,Referral,22,Male,1,1,5,1,0,0.0,
CUST00541,3,15684.34,2240.62,15,0.05714285714285715,5,2024-12-24,2023-11-12,7,415,0.21686746987951808,B2C,Central,Social Media,51,Female,1,0,6,0,0,0.01,Low Risk
CUST00542,7,45193.9,2658.464705882353,50,0.10882352941176471,5,2024-12-09,2022-03-23,22,1014,0.20710059171597636,B2C,Central,Email,25,Female,1,0,2,0,0,0.01,Low Risk
CUST00543,4,22419.36,3736.56,19,0.049999999999999996,3,2024-11-05,2023-02-20,56,680,0.1764705882352941,B2C,Central,Organic Search,24,Other,1,0,3,2,0,0.02,Low Risk
CUST00544,10,34849.07,2178.066875,52,0.06875,5,2024-08-16,2022-07-14,137,901,0.3329633740288568,B2B,Central,Email,34,Female,0,0,2,0,0,0.02,Low Risk
CUST00545,6,47006.909999999996,3615.9161538461535,41,0.019230769230769232,5,2024-12-11,2024-10-20,20,72,2.5,B2C,Central,Paid Search,35,Female,1,0,4,0,0,0.0,
CUST00546,3,37848.07,3784.807,29,0.035,4,2024-12-10,2022-08-26,21,858,0.1048951048951049,B2C,West,Social Media,62,Male,1,4,6,1,0,0.03,Low Risk
CUST00547,5,15606.57,1300.5475,29,0.1125,4,2023-10-10,2022-03-26,448,1011,0.14836795252225518,B2B,East,Organic Search,39,Female,0,1,3,0,1,0.97,High Risk
CUST00548,3,32120.42,3568.9355555555553,27,0.0,4,2024-06-26,2023-11-23,188,404,0.22277227722772278,Enterprise,North,Paid Search,26,Female,2,2,4,0,1,0.93,High Risk
CUST00549,7,31294.08,2407.236923076923,40,0.015384615384615385,5,2024-11-05,2023-12-30,56,367,0.5722070844686649,B2B,East,Direct,59,Male,0,1,1,1,0,0.01,Low Risk
CUST00550,5,50048.74,4170.7283333333335,38,0.02916666666666667,5,2024-08-03,2022-11-26,150,766,0.19582245430809397,B2B,West,Affiliate,51,Female,0,4,0,0,0,0.0,
CUST00551,4,13944.029999999999,2324.0049999999997,19,0.041666666666666664,4,2023-08-22,2022-08-03,497,881,0.1362088535754824,B2C,North,Direct,43,Male,1,2,1,1,1,1.0,High Risk
CUST00552,1,4983.0,2491.5,8,0.0,2,2024-09-21,2024-09-21,101,101,0.297029702970297,B2C,North,Affiliate,30,Male,1,2,0,1,0,0.0,
CUST00553,4,17384.43,1931.6033333333335,24,0.05,5,2024-11-14,2024-01-09,47,357,0.3361344537815126,Enterprise,North,Referral,30,Female,2,2,5,0,0,0.01,Low Risk
CUST00554,1,640.2,640.2,2,0.1,1,2024-01-28,2024-01-28,338,338,0.08875739644970414,B2C,Central,Organic Search,61,Male,1,0,3,1,1,0.99,High Risk
CUST00555,7,49577.92,3098.62,49,0.078125,5,2024-11-10,2023-01-12,51,719,0.29207232267037553,B2C,Central,Affiliate,48,Other,1,0,0,2,0,0.0,
CUST00556,6,19952.920000000002,1995.2920000000001,24,0.04,4,2024-11-15,2024-06-16,46,198,0.9090909090909092,B2B,South,Social Media,65,Other,0,3,6,2,0,0.0,
CUST00557,2,6072.54,3036.27,8,0.05,2,2024-12-26,2024-02-19,5,316,0.189873417721519,B2C,West,Affiliate,54,Male,1,4,0,1,0,0.01,Low Risk
CUST00558,10,66894.94,3040.679090909091,70,0.13636363636363635,5,2024-09-04,2022-12-12,118,750,0.4,B2C,South,Email,50,Male,1,3,2,1,0,0.05,Low Risk
CUST00559,3,38904.28,3890.428,33,0.030000000000000006,4,2024-12-26,2024-11-30,5,31,2.9032258064516125,B2C,South,Direct,18,Male,1,3,1,1,0,0.0,
CUST00560,4,17948.0,1994.2222222222222,26,0.08888888888888889,4,2024-10-12,2023-05-30,80,581,0.20654044750430292,B2C,East,Email,40,Female,1,1,2,0,0,0.0,
CUST00561,6,54486.24,2594.582857142857,55,0.028571428571428574,5,2024-12-12,2023-06-02,19,578,0.31141868512110726,B2C,East,Affiliate,57,Female,1,1,0,0,0,0.0,
CUST00562,4,17292.9,2470.414285714286,22,0.08571428571428572,4,2024-10-15,2024-06-27,77,187,0.6417112299465241,Enterprise,Central,Affiliate,41,Other,2,0,0,2,0,0.0,
CUST00563,7,34740.020000000004,2672.309230769231,41,0.04615384615384615,5,2024-12-26,2024-10-07,5,85,2.4705882352941173,B2C,East,Organic Search,48,Male,1,1,3,1,0,0.0,
CUST00564,4,5314.4,1062.8799999999999,14,0.01,3,2024-10-14,2023-07-20,78,530,0.22641509433962262,B2C,East,Referral,59,Female,1,1,5,0,0,0.02,Low Risk
CUST00565,6,37438.590000000004,2879.891538461539,35,0.07692307692307693,4,2024-06-23,2023-04-15,191,626,0.28753993610223644,B2B,South,Affiliate,56,Female,0,3,0,0,1,0.92,High Risk
CUST00566,5,22137.36,2767.17,19,0.05,5,2024-12-20,2024-10-23,11,69,2.173913043478261,B2C,North,Social Media,34,Female,1,2,6,0,0,0.0,
CUST00567,2,9554.5,1592.4166666666667,19,0.025000000000000005,4,2024-12-08,2024-02-10,23,325,0.1846153846153846,B2B,Central,Direct,30,Female,0,0,1,0,0,0.02,Low Risk
CUST00568,4,19312.08,2758.8685714285716,20,0.07857142857142858,5,2024-12-08,2023-09-02,23,486,0.2469135802469136,Enterprise,West,Referral,40,Other,2,4,5,2,0,0.0,
CUST00569,6,44825.25,2801.578125,54,0.08125,5,2024-02-26,2023-04-15,309,626,0.28753993610223644,B2C,Central,Organic Search,48,Male,1,0,3,1,1,0.98,High Risk
CUST00570,7,68473.67,2977.1160869565215,69,0.04130434782608696,5,2024-04-29,2023-03-07,246,665,0.3157894736842105,Enterprise,South,Social Media,59,Male,2,3,6,1,1,0.96,High Risk
CUST00571,1,7345.68,7345.68,3,0.0,1,2022-12-29,2022-12-29,733,733,0.04092769440654843,B2C,East,Social Media,41,Female,1,1,6,0,1,1.0,High Risk
CUST00572,3,32811.15,2734.2625000000003,25,0.03333333333333333,5,2024-09-11,2024-08-12,111,141,0.6382978723404255,B2C,North,Affiliate,58,Other,1,2,0,2,0,0.0,
CUST00573,6,42111.950000000004,2807.4633333333336,44,0.05,5,2024-12-11,2024-07-10,20,174,1.0344827586206897,B2B,West,Direct,25,Other,0,4,1,2,0,0.0,
CUST00574,4,28224.239999999998,2822.424,30,0.02,5,2024-10-02,2023-10-17,90,441,0.272108843537415,B2C,West,Affiliate,27,Male,1,4,0,1,0,0.0,
CUST00575,3,25134.65,3141.83125,28,0.0,4,2024-12-24,2023-09-06,7,482,0.18672199170124482,B2B,Central,Email,27,Female,0,0,2,0,0,0.0,
CUST00576,6,15030.89,1503.089,26,0.04,4,2024-10-25,2023-03-01,67,671,0.26825633383010433,B2C,West,Paid Search,38,Other,1,4,4,2,0,0.0,
CUST00577,7,52500.77,2625.0384999999997,66,0.0625,5,2024-11-09,2022-06-15,52,930,0.22580645161290322,B2C,East,Affiliate,28,Other,1,1,0,2,0,0.0,
CUST00578,5,24157.4,2415.7400000000002,25,0.01,4,2024-01-17,2022-12-08,349,754,0.1989389920424403,B2C,South,Referral,45,Female,1,3,5,0,1,1.0,High Risk
CUST00579,7,35393.87,2528.1335714285715,53,0.06785714285714287,5,2024-11-13,2023-11-25,48,402,0.5223880597014925,B2C,North,Paid Search,64,Female,1,2,4,0,0,0.0,
CUST00580,5,26183.57,2618.357,33,0.02,3,2024-01-16,2022-09-10,350,843,0.1779359430604982,B2C,Central,Referral,18,Other,1,0,5,2,1,1.0,High Risk
CUST00581,7,35998.08,3599.808,30,0.065,4,2024-11-22,2023-03-18,39,654,0.3211009174311926,B2C,East,Email,50,Other,1,1,2,2,0,0.0,
CUST00582,5,38483.2,3206.933333333333,45,0.09166666666666667,5,2024-10-01,2023-08-05,91,514,0.2918287937743191,B2C,North,Social Media,47,Other,1,2,6,2,0,0.03,Low Risk
CUST00583,6,29743.34,2974.334,33,0.06000000000000001,5,2024-09-24,2024-05-11,98,234,0.7692307692307693,B2C,East,Referral,26,Female,1,1,5,0,0,0.0,
CUST00584,5,18144.96,1814.4959999999999,29,0.03,4,2024-08-27,2024-02-03,126,332,0.45180722891566266,Enterprise,South,Affiliate,43,Male,2,3,0,1,0,0.0,
CUST00585,4,10905.68,1557.9542857142858,15,0.028571428571428574,4,2024-05-16,2023-11-15,229,412,0.29126213592233013,B2B,South,Direct,50,Male,0,3,1,1,1,0.96,High Risk
CUST00586,6,18537.37,1685.2154545454543,27,0.06363636363636363,4,2024-11-26,2022-12-22,35,740,0.24324324324324323,B2B,West,Social Media,52,Other,0,4,6,2,0,0.04,Low Risk
CUST00587,6,36642.39,4071.3766666666666,29,0.06666666666666667,3,2024-12-30,2022-03-20,1,1017,0.17699115044247787,B2C,North,Organic Search,21,Other,1,2,3,2,0,0.01,Low Risk
CUST00588,5,26012.36,3251.545,22,0.0875,5,2024-04-28,2022-10-02,247,821,0.18270401948842874,B2C,West,Social Media,48,Other,1,4,6,2,1,0.99,High Risk
CUST00589,3,19149.64,2735.662857142857,20,0.05,4,2024-10-10,2023-10-13,82,445,0.20224719101123595,B2C,East,Organic Search,60,Other,1,1,3,2,0,0.01,Low Risk
CUST00590,4,27071.16,2707.116,26,0.025,5,2024-06-21,2023-07-12,193,538,0.22304832713754646,B2C,South,Organic Search,50,Other,1,3,3,2,1,0.99,High Risk
CUST00591,6,17539.82,1461.6516666666666,38,0.09999999999999999,5,2024-12-09,2024-08-21,22,132,1.3636363636363635,B2B,North,Email,30,Other,0,2,2,2,0,0.01,Low Risk
CUST00592,6,55665.37,3479.085625,55,0.05625,4,2024-04-29,2022-11-16,246,776,0.23195876288659795,Enterprise,Central,Social Media,63,Female,2,0,6,0,1,0.97,High Risk
CUST00593,3,39379.03,5625.575714285714,23,0.014285714285714287,4,2023-10-29,2023-04-18,429,623,0.14446227929373998,B2C,Central,Paid Search,62,Female,1,0,4,0,1,0.99,High Risk
CUST00594,4,16301.869999999999,2037.7337499999999,19,0.07500000000000001,3,2024-11-09,2023-08-02,52,517,0.23210831721470018,B2C,North,Organic Search,54,Other,1,2,3,2,0,0.01,Low Risk
CUST00595,2,4594.01,2297.005,7,0.1,2,2024-12-21,2024-11-13,10,48,1.25,B2C,Central,Referral,24,Female,1,0,5,0,0,0.01,Low Risk
CUST00596,2,6890.36,3445.18,5,0.0,2,2024-11-20,2024-10-25,41,67,0.8955223880597015,B2C,East,Organic Search,24,Male,1,1,3,1,0,0.0,
CUST00597,6,34289.0,2637.6153846153848,42,0.015384615384615385,5,2024-12-15,2022-06-15,16,930,0.1935483870967742,B2B,East,Social Media,45,Other,0,1,6,2,0,0.01,Low Risk
CUST00598,9,52203.16,2900.1755555555555,52,0.058333333333333334,4,2024-11-14,2022-07-03,47,912,0.2960526315789474,B2B,North,Referral,59,Male,0,2,5,1,0,0.03,Low Risk
CUST00599,6,17430.8,1936.7555555555555,29,0.07777777777777778,5,2024-09-14,2023-07-19,108,531,0.33898305084745767,B2C,Central,Referral,23,Female,1,0,5,0,0,0.0,
CUST00600,2,16679.71,2779.9516666666664,20,0.10833333333333334,3,2023-11-06,2023-08-31,421,488,0.12295081967213116,B2C,West,Email,35,Female,1,4,2,0,1,1.0,High Risk
CUST00601,4,9542.25,1590.375,15,0.06666666666666667,4,2024-12-18,2024-08-06,13,147,0.8163265306122448,B2C,South,Referral,64,Male,1,3,5,1,0,0.0,
CUST00602,4,26561.7,3320.2125,23,0.05,5,2024-11-14,2023-02-08,47,692,0.17341040462427745,B2C,Central,Direct,61,Female,1,0,1,0,0,0.02,Low Risk
CUST00603,8,53614.94,2437.0427272727275,62,0.04318181818181818,5,2024-09-04,2022-10-12,118,811,0.29593094944512943,B2C,East,Affiliate,61,Other,1,1,0,2,0,0.02,Low Risk
CUST00604,3,20520.25,2052.025,29,0.015000000000000003,5,2024-12-29,2023-08-08,2,511,0.1761252446183953,B2B,North,Email,20,Male,0,2,2,1,0,0.01,Low Risk
CUST00605,3,12754.54,1822.077142857143,21,0.09285714285714286,4,2024-04-19,2023-10-28,256,430,0.20930232558139533,B2B,North,Referral,51,Other,0,2,5,2,1,0.98,High Risk
CUST00606,8,49335.07,2740.8372222222224,50,0.05,5,2024-12-29,2024-07-30,2,154,1.5584415584415583,Enterprise,South,Referral,39,Other,2,3,5,2,0,0.0,
CUST00607,2,20201.61,4040.322,15,0.05,3,2024-10-28,2024-04-06,64,269,0.22304832713754646,B2C,North,Referral,33,Female,1,2,5,0,0,0.02,Low Risk
CUST00608,11,65004.35,2708.514583333333,69,0.060416666666666674,5,2024-12-01,2023-08-24,30,495,0.6666666666666666,B2B,South,Direct,57,Male,0,3,1,1,0,0.01,Low Risk
CUST00609,5,51334.51,3019.6770588235295,43,0.0823529411764706,4,2024-10-10,2022-12-25,82,737,0.20352781546811397,B2B,Central,Affiliate,49,Male,0,0,0,1,0,0.02,Low Risk
CUST00610,5,24245.39,2693.932222222222,23,0.07777777777777778,4,2024-12-23,2022-05-31,8,945,0.15873015873015872,B2C,East,Social Media,21,Other,1,1,6,2,0,0.01,Low Risk
CUST00611,6,32699.02,2724.9183333333335,41,0.06666666666666667,5,2024-04-13,2022-12-15,262,747,0.24096385542168677,B2B,West,Organic Search,47,Female,0,4,3,0,1,0.96,High Risk
CUST00612,3,9817.599999999999,3272.533333333333,10,0.03333333333333333,3,2024-12-26,2024-07-13,5,171,0.5263157894736842,B2C,West,Organic Search,49,Other,1,4,3,2,0,0.0,
CUST00613,3,14985.86,2997.172,18,0.01,3,2024-12-14,2024-11-25,17,36,2.5,B2C,West,Direct,53,Male,1,4,1,1,0,0.0,
CUST00614,4,12040.17,2006.695,18,0.041666666666666664,4,2024-12-21,2023-10-01,10,457,0.262582056892779,B2C,Central,Direct,53,Male,1,0,1,1,0,0.01,Low Risk
CUST00615,6,50910.43,3636.4592857142857,50,0.09285714285714286,4,2024-12-30,2024-10-18,1,74,2.4324324324324325,B2C,East,Organic Search,32,Female,1,1,3,0,0,0.0,
CUST00616,3,15429.130000000001,2204.1614285714286,15,0.07142857142857142,5,2024-11-08,2024-05-17,53,228,0.39473684210526316,B2C,Central,Referral,41,Other,1,0,5,2,0,0.0,
CUST00617,4,24359.43,2435.943,29,0.06,5,2024-12-05,2023-12-27,26,370,0.3243243243243243,B2C,South,Social Media,58,Female,1,3,6,0,0,0.0,
CUST00618,8,41740.17,2981.440714285714,41,0.04642857142857143,5,2024-12-27,2024-05-01,4,244,0.9836065573770493,B2C,North,Paid Search,49,Male,1,2,4,1,0,0.0,
CUST00619,3,35120.55,3512.0550000000003,31,0.065,5,2024-11-22,2024-05-19,39,226,0.39823008849557523,B2C,Central,Organic Search,43,Male,1,0,3,1,0,0.01,Low Risk
CUST00620,3,19520.5,2168.9444444444443,23,0.044444444444444446,4,2024-10-25,2024-02-04,67,331,0.2719033232628399,B2C,East,Email,20,Other,1,1,2,2,0,0.0,
CUST00621,2,9364.44,3121.48,9,0.10000000000000002,3,2024-11-22,2024-11-21,39,40,1.5,B2C,West,Direct,50,Male,1,4,1,1,0,0.0,
CUST00622,7,23479.62,2134.510909090909,31,0.05454545454545454,5,2024-10-21,2024-06-23,71,191,1.099476439790576,B2C,North,Email,55,Female,1,2,2,0,0,0.0,
CUST00623,2,7237.320000000001,1809.3300000000002,11,0.1375,3,2024-06-05,2024-05-01,209,244,0.24590163934426232,B2C,Central,Affiliate,26,Male,1,0,0,1,1,0.79,High Risk
CUST00624,1,1716.48,1716.48,3,0.0,1,2024-10-16,2024-10-16,76,76,0.39473684210526316,B2B,Central,Direct,42,Female,0,0,1,0,0,0.0,
CUST00625,1,8060.04,2015.01,12,0.05,3,2024-12-26,2024-12-26,5,5,1.0,B2C,East,Social Media,36,Female,1,1,6,0,0,0.0,
CUST00626,3,16143.44,3228.688,18,0.02,4,2024-03-18,2023-01-10,288,721,0.1248266296809986,B2B,Central,Referral,50,Female,0,0,5,0,1,0.98,High Risk
CUST00627,9,36408.53,2800.6561538461538,39,0.057692307692307696,5,2024-12-13,2024-05-18,18,227,1.1894273127753305,B2C,Central,Paid Search,31,Other,1,0,4,2,0,0.0,
CUST00628,4,29593.9,2959.3900000000003,31,0.06000000000000001,4,2024-09-03,2023-04-30,119,611,0.19639934533551553,Enterprise,South,Referral,29,Other,2,3,5,2,0,0.02,Low Risk
CUST00629,5,27053.0,2705.3,28,0.025,5,2024-12-02,2024-07-26,29,158,0.949367088607595,B2B,North,Direct,48,Other,0,2,1,2,0,0.0,
CUST00630,9,56362.18,3131.2322222222224,53,0.07777777777777778,5,2024-12-29,2024-06-06,2,208,1.2980769230769231,B2C,Central,Affiliate,45,Male,1,0,0,1,0,0.0,
CUST00631,4,17994.77,3598.954,12,0.02,3,2024-10-24,2024-07-04,68,180,0.6666666666666666,B2C,West,Referral,21,Male,1,4,5,1,0,0.01,Low Risk
CUST00632,4,15870.65,3174.13,11,0.05,4,2024-07-06,2023-09-09,178,479,0.25052192066805845,B2C,East,Paid Search,21,Other,1,1,4,2,0,0.03,Low Risk
CUST00633,3,5587.049999999999,1396.7624999999998,10,0.0625,2,2024-07-18,2023-08-28,166,491,0.18329938900203666,B2C,North,Email,24,Other,1,2,2,2,0,0.07,Low Risk
CUST00634,10,94754.83,3509.4381481481482,91,0.06111111111111111,5,2024-12-17,2024-11-19,14,42,7.142857142857143,B2B,South,Direct,42,Male,0,3,1,1,0,0.01,Low Risk
CUST00635,6,27584.4,3064.9333333333334,25,0.07222222222222223,5,2024-11-28,2024-04-08,33,267,0.6741573033707865,Enterprise,North,Email,44,Other,2,2,2,2,0,0.0,
CUST00636,4,26006.97,2600.697,33,0.01,5,2024-10-17,2023-10-01,75,457,0.262582056892779,B2B,North,Paid Search,57,Female,0,2,4,0,0,0.04,Low Risk
CUST00637,1,917.59,917.59,1,0.05,1,2024-11-04,2024-11-04,57,57,0.5263157894736842,B2C,Central,Direct,30,Other,1,0,1,2,0,0.01,Low Risk
CUST00638,5,26249.35,3281.16875,27,0.1,4,2024-06-22,2023-06-06,192,574,0.2613240418118467,Enterprise,South,Organic Search,29,Male,2,3,3,1,1,0.95,High Risk
CUST00639,1,2035.5600000000002,1017.7800000000001,6,0.15,2,2024-09-29,2024-09-29,93,93,0.3225806451612903,B2C,North,Direct,34,Male,1,2,1,1,0,0.0,
CUST00640,5,32431.690000000002,2948.335454545455,30,0.05454545454545454,4,2024-12-21,2023-01-11,10,720,0.20833333333333334,B2C,North,Referral,27,Male,1,2,5,1,0,0.01,Low Risk
CUST00641,4,11520.93,1440.11625,17,0.08125,4,2024-06-24,2023-01-06,190,725,0.16551724137931034,B2C,Central,Referral,57,Other,1,0,5,2,1,0.94,High Risk
CUST00642,6,41483.03,2963.0735714285715,40,0.05357142857142857,5,2024-11-24,2023-05-17,37,594,0.30303030303030304,B2C,Central,Affiliate,63,Female,1,0,0,0,0,0.03,Low Risk
CUST00643,7,31047.59,2388.2761538461536,40,0.02307692307692308,5,2024-12-07,2024-06-12,24,202,1.0396039603960396,B2C,Central,Direct,28,Female,1,0,1,0,0,0.0,
CUST00644,7,23461.12,1675.7942857142857,39,0.05357142857142857,5,2024-12-20,2024-05-22,11,223,0.9417040358744394,B2C,North,Paid Search,60,Female,1,2,4,0,0,0.0,
CUST00645,5,21643.05,3091.8642857142854,19,0.07857142857142858,4,2024-10-05,2023-10-10,87,448,0.33482142857142855,Enterprise,South,Direct,51,Female,2,3,1,0,0,0.0,
CUST00646,3,22309.63,3718.271666666667,20,0.06666666666666667,3,2024-12-09,2024-06-17,22,197,0.4568527918781726,B2C,North,Email,33,Other,1,2,2,2,0,0.0,
CUST00647,2,12141.400000000001,4047.1333333333337,10,0.03333333333333333,2,2024-12-05,2024-10-28,26,64,0.9375,Enterprise,South,Referral,38,Female,2,3,5,0,0,0.01,Low Risk
CUST00648,8,43588.45,2075.640476190476,52,0.030952380952380953,5,2024-06-04,2022-08-22,210,862,0.27842227378190254,B2B,Central,Organic Search,51,Female,0,0,3,0,1,0.93,High Risk
CUST00649,3,10743.01,2685.7525,14,0.1,2,2024-12-30,2024-06-27,1,187,0.48128342245989303,B2C,West,Social Media,59,Male,1,4,6,1,0,0.0,
CUST00650,8,42040.56,3002.8971428571426,35,0.021428571428571432,5,2024-12-08,2023-08-09,23,510,0.47058823529411764,B2C,North,Affiliate,52,Other,1,2,0,2,0,0.0,
CUST00651,3,30802.79,3850.34875,24,0.05,5,2023-04-18,2022-04-09,623,997,0.09027081243731193,B2C,South,Affiliate,31,Other,1,3,0,2,1,1.0,High Risk
CUST00652,6,27043.739999999998,2080.287692307692,29,0.05384615384615385,5,2024-08-09,2024-03-12,144,294,0.6122448979591836,B2C,South,Referral,65,Female,1,3,5,0,0,0.0,
CUST00653,7,35870.27,2562.1621428571425,42,0.05,5,2024-12-27,2024-10-01,4,91,2.307692307692308,B2C,South,Referral,39,Male,1,3,5,1,0,0.0,
CUST00654,7,59433.26,3962.2173333333335,46,0.02666666666666667,5,2024-03-21,2022-05-24,285,952,0.22058823529411764,B2B,South,Direct,22,Other,0,3,1,2,1,0.99,High Risk
CUST00655,2,7377.22,3688.61,6,0.07500000000000001,1,2024-04-11,2023-05-09,264,602,0.09966777408637874,B2C,West,Referral,43,Female,1,4,5,0,1,0.97,High Risk
CUST00656,4,18148.879999999997,3024.813333333333,20,0.016666666666666666,3,2024-06-01,2024-01-28,213,338,0.35502958579881655,B2C,North,Referral,64,Other,1,2,5,2,1,0.92,High Risk
CUST00657,1,3438.0699999999997,1719.0349999999999,6,0.05,2,2023-11-24,2023-11-24,403,403,0.07444168734491315,B2B,North,Organic Search,40,Other,0,2,3,2,1,1.0,High Risk
CUST00658,4,9422.36,1884.4720000000002,13,0.030000000000000006,4,2024-05-15,2023-04-06,230,635,0.1889763779527559,B2C,Central,Affiliate,46,Female,1,0,0,0,1,0.89,High Risk
CUST00659,1,2549.42,1274.71,6,0.1,2,2024-03-19,2024-03-19,287,287,0.10452961672473868,B2C,West,Paid Search,26,Other,1,4,4,2,1,1.0,High Risk
CUST00660,4,20316.34,2902.3342857142857,21,0.0642857142857143,4,2024-12-27,2023-12-27,4,370,0.3243243243243243,Enterprise,East,Paid Search,37,Other,2,1,4,2,0,0.02,Low Risk
CUST00661,6,50801.93,2988.3488235294117,41,0.017647058823529415,5,2024-12-14,2024-10-09,17,83,2.1686746987951806,B2B,Central,Paid Search,25,Male,0,0,4,1,0,0.0,
CUST00662,6,35952.78,2765.5984615384614,32,0.06153846153846154,5,2024-12-20,2022-02-03,11,1062,0.16949152542372883,B2C,West,Organic Search,37,Male,1,4,3,1,0,0.0,
CUST00663,6,40675.82,3128.909230769231,39,0.03461538461538462,5,2024-09-18,2023-09-09,104,479,0.3757828810020877,B2C,Central,Paid Search,32,Other,1,0,4,2,0,0.0,
CUST00664,4,17828.45,1980.9388888888889,27,0.044444444444444446,3,2024-11-18,2023-06-28,43,552,0.2173913043478261,B2C,South,Direct,21,Other,1,3,1,2,0,0.02,Low Risk
CUST00665,2,12160.59,2432.118,14,0.15,3,2024-10-20,2024-01-21,72,345,0.17391304347826086,B2C,North,Organic Search,34,Male,1,2,3,1,0,0.0,
CUST00666,7,43485.59,2288.7152631578947,59,0.039473684210526314,5,2024-08-21,2022-12-22,132,740,0.28378378378378377,Enterprise,West,Social Media,26,Other,2,4,6,2,0,0.01,Low Risk
CUST00667,6,34841.92,3484.192,29,0.015000000000000003,4,2024-12-06,2024-10-15,25,77,2.3376623376623376,B2C,East,Paid Search,38,Female,1,1,4,0,0,0.0,
CUST00668,6,21424.23,2678.02875,26,0.043750000000000004,4,2024-12-21,2024-02-09,10,326,0.5521472392638036,B2C,East,Paid Search,54,Other,1,1,4,2,0,0.0,
CUST00669,5,10683.16,1335.395,23,0.08125,4,2024-11-10,2023-10-02,51,456,0.32894736842105265,B2C,West,Social Media,33,Male,1,4,6,1,0,0.0,
CUST00670,7,67990.24,3237.6304761904767,63,0.08333333333333333,5,2024-12-08,2024-09-28,23,94,2.2340425531914896,B2C,East,Referral,39,Female,1,1,5,0,0,0.0,
CUST00671,3,4846.66,1615.5533333333333,11,0.049999999999999996,3,2024-08-26,2024-06-11,127,203,0.4433497536945813,B2C,East,Organic Search,29,Other,1,1,3,2,0,0.0,
CUST00672,2,14580.17,2916.034,14,0.0,3,2024-12-20,2024-12-01,11,30,2.0,B2B,South,Paid Search,34,Other,0,3,4,2,0,0.0,
CUST00673,4,16363.310000000001,2727.2183333333337,18,0.06666666666666667,3,2024-12-29,2024-09-06,2,116,1.0344827586206897,B2B,North,Referral,19,Other,0,2,5,2,0,0.0,
CUST00674,5,29582.48,2689.316363636364,27,0.05909090909090909,5,2024-11-23,2024-07-02,38,182,0.8241758241758242,Enterprise,South,Direct,34,Other,2,3,1,2,0,0.0,
CUST00675,4,14937.470000000001,2133.924285714286,14,0.042857142857142864,2,2024-09-10,2024-05-13,112,232,0.5172413793103449,B2C,East,Affiliate,55,Other,1,1,0,2,0,0.0,
CUST00676,4,30540.59,2776.4172727272726,26,0.05454545454545456,3,2024-07-09,2023-08-10,175,509,0.23575638506876231,B2C,Central,Email,41,Other,1,0,2,2,0,0.06,Low Risk
CUST00677,1,724.77,724.77,1,0.05,1,2023-11-23,2023-11-23,404,404,0.07425742574257425,B2C,Central,Affiliate,50,Male,1,0,0,1,1,0.99,High Risk
CUST00678,3,11606.57,2321.314,18,0.02,3,2024-12-06,2024-08-10,25,143,0.6293706293706294,Enterprise,Central,Referral,27,Other,2,0,5,2,0,0.0,
CUST00679,5,64400.42,3389.495789473684,64,0.07105263157894737,5,2024-10-31,2024-02-25,61,310,0.48387096774193544,B2B,South,Paid Search,22,Female,0,3,4,0,0,0.0,
CUST00680,4,31193.64,2228.117142857143,43,0.07142857142857142,5,2024-06-18,2023-09-11,196,477,0.25157232704402516,B2C,South,Affiliate,41,Female,1,3,0,0,1,0.94,High Risk
CUST00681,8,45971.99,2704.234705882353,46,0.05588235294117647,5,2024-12-25,2024-02-04,6,331,0.7250755287009063,B2C,North,Referral,38,Male,1,2,5,1,0,0.0,
CUST00682,2,8704.630000000001,2901.5433333333335,11,0.03333333333333333,2,2024-11-08,2024-05-22,53,223,0.26905829596412556,B2C,East,Direct,29,Female,1,1,1,0,0,0.01,Low Risk
CUST00683,3,27066.04,3383.255,23,0.07500000000000001,4,2024-12-10,2024-11-24,21,37,2.4324324324324325,B2C,Central,Affiliate,22,Other,1,0,0,2,0,0.0,
CUST00684,3,21820.79,3117.2557142857145,22,0.042857142857142864,4,2024-09-27,2023-04-27,95,614,0.1465798045602606,B2C,Central,Affiliate,40,Female,1,0,0,0,0,0.03,Low Risk
CUST00685,6,64242.3,4015.14375,58,0.05625,5,2024-11-20,2024-01-19,41,347,0.5187319884726225,B2C,North,Paid Search,46,Male,1,2,4,1,0,0.0,
CUST00686,7,35340.92,2718.5323076923078,41,0.10384615384615385,5,2024-06-30,2023-03-07,184,665,0.3157894736842105,B2C,East,Paid Search,28,Female,1,1,4,0,1,0.87,High Risk
CUST00687,3,7032.5199999999995,2344.173333333333,7,0.08333333333333333,3,2024-12-16,2024-11-15,15,46,1.9565217391304346,B2C,South,Social Media,64,Male,1,3,6,1,0,0.0,
CUST00688,10,42636.6,2508.035294117647,48,0.041176470588235294,5,2024-12-09,2024-03-15,22,291,1.0309278350515465,B2C,West,Paid Search,59,Female,1,4,4,0,0,0.0,
CUST00689,9,45220.06,2380.003157894737,52,0.06052631578947369,5,2024-11-28,2022-02-19,33,1046,0.25812619502868067,B2C,South,Paid Search,26,Other,1,3,4,2,0,0.03,Low Risk
CUST00690,10,54300.8,2468.218181818182,55,0.04772727272727273,5,2024-12-25,2024-04-02,6,273,1.098901098901099,B2C,South,Social Media,29,Other,1,3,6,2,0,0.0,
CUST00691,3,17448.79,2181.09875,18,0.05,4,2024-12-03,2023-11-06,28,421,0.21377672209026127,B2B,North,Referral,60,Female,0,2,5,0,0,0.0,
CUST00692,5,26140.69,2614.069,34,0.04,5,2024-12-06,2023-04-25,25,616,0.24350649350649348,Enterprise,Central,Affiliate,48,Male,2,0,0,1,0,0.01,Low Risk
CUST00693,5,41804.69,2986.049285714286,45,0.11071428571428572,4,2024-03-02,2023-06-20,304,560,0.26785714285714285,B2C,Central,Direct,29,Other,1,0,1,2,1,1.0,High Risk
CUST00694,3,6211.74,2070.58,6,0.09999999999999999,2,2024-12-27,2024-10-29,4,63,1.4285714285714286,B2B,South,Social Media,47,Other,0,3,6,2,0,0.0,
CUST00695,4,23850.72,3407.2457142857143,28,0.07857142857142858,5,2024-08-29,2024-07-06,124,178,0.6741573033707865,B2C,West,Organic Search,19,Male,1,4,3,1,0,0.0,
CUST00696,7,46899.66,2344.983,61,0.045,5,2024-12-18,2024-03-27,13,279,0.7526881720430108,B2B,West,Direct,24,Male,0,4,1,1,0,0.0,
CUST00697,5,32228.8,2685.733333333333,45,0.09583333333333334,4,2024-09-11,2024-06-15,111,199,0.7537688442211055,B2C,Central,Affiliate,52,Other,1,0,0,2,0,0.0,
CUST00698,7,61108.0,3216.2105263157896,66,0.07105263157894737,4,2024-08-28,2022-11-12,125,780,0.2692307692307692,Enterprise,South,Direct,18,Other,2,3,1,2,0,0.01,Low Risk
CUST00699,2,27013.39,4502.231666666667,24,0.05833333333333334,4,2024-12-26,2024-11-30,5,31,1.9354838709677418,B2C,West,Organic Search,62,Other,1,4,3,2,0,0.0,
CUST00700,1,3738.6000000000004,1869.3000000000002,5,0.0,2,2024-09-18,2024-09-18,104,104,0.28846153846153844,B2C,West,Affiliate,65,Other,1,4,0,2,0,0.0,
CUST00701,1,11199.0,5599.5,8,0.1,2,2024-10-31,2024-10-31,61,61,0.49180327868852464,B2C,South,Affiliate,32,Male,1,3,0,1,0,0.0,
CUST00702,5,46932.07,4693.207,34,0.065,5,2024-11-08,2023-10-12,53,446,0.3363228699551569,B2C,West,Organic Search,63,Other,1,4,3,2,0,0.09,Low Risk
CUST00703,5,37104.12,2854.163076923077,42,0.1,5,2024-04-23,2022-09-30,252,823,0.18226002430133656,B2C,North,Email,59,Male,1,2,2,1,1,0.98,High Risk
CUST00704,5,29122.300000000003,2647.4818181818187,34,0.03636363636363637,4,2024-12-14,2023-06-19,17,561,0.26737967914438504,B2C,North,Referral,55,Female,1,2,5,0,0,0.0,
CUST00705,4,28058.489999999998,2805.8489999999997,33,0.065,4,2024-04-10,2023-10-24,265,434,0.2764976958525346,B2C,West,Direct,35,Other,1,4,1,2,1,0.96,High Risk
CUST00706,3,23017.73,3288.247142857143,21,0.03571428571428571,3,2024-11-01,2024-05-27,60,218,0.41284403669724773,B2C,West,Direct,48,Male,1,4,1,1,0,0.0,
CUST00707,10,43916.34,2195.817,53,0.035,4,2024-12-25,2023-08-18,6,501,0.5988023952095809,B2C,West,Social Media,54,Female,1,4,6,0,0,0.0,
CUST00708,4,18004.59,1800.459,27,0.07,4,2024-05-29,2023-10-08,216,450,0.26666666666666666,B2B,North,Email,62,Male,0,2,2,1,1,0.94,High Risk
CUST00709,4,10003.869999999999,1667.3116666666665,15,0.06666666666666667,3,2024-10-01,2023-05-04,91,607,0.19769357495881382,B2B,West,Affiliate,53,Other,0,4,0,2,0,0.02,Low Risk
CUST00710,3,21577.84,2157.784,16,0.07,4,2024-12-17,2024-12-07,14,24,3.0,B2C,South,Referral,18,Male,1,3,5,1,0,0.0,
CUST00711,2,13046.28,2174.38,13,0.0,4,2023-11-16,2022-11-21,411,771,0.07782101167315175,B2C,West,Social Media,32,Female,1,4,6,0,1,0.99,High Risk
CUST00712,6,36507.79,2433.8526666666667,46,0.029999999999999995,5,2024-08-05,2022-08-15,148,869,0.20713463751438435,Enterprise,West,Email,57,Other,2,4,2,2,0,0.03,Low Risk
CUST00713,7,54940.38,3052.2433333333333,53,0.10833333333333334,5,2024-11-13,2024-04-06,48,269,0.7806691449814126,Enterprise,North,Affiliate,29,Other,2,2,0,2,0,0.01,Low Risk
CUST00714,4,31948.829999999998,3194.883,29,0.025,5,2024-12-16,2024-05-09,15,236,0.5084745762711864,B2B,South,Affiliate,51,Female,0,3,0,0,0,0.0,
CUST00715,5,26613.13,2661.313,28,0.035,4,2024-04-29,2022-11-21,246,771,0.19455252918287938,B2C,Central,Paid Search,57,Male,1,0,4,1,1,1.0,High Risk
CUST00716,3,20641.58,3440.263333333334,22,0.06666666666666667,4,2024-12-12,2024-11-29,19,32,2.8125,B2C,South,Paid Search,23,Female,1,3,4,0,0,0.0,
CUST00717,6,17230.16,1723.016,26,0.075,4,2024-10-23,2024-02-11,69,324,0.5555555555555555,B2C,West,Direct,18,Other,1,4,1,2,0,0.0,
CUST00718,5,14379.09,2054.155714285714,26,0.042857142857142864,4,2024-11-14,2022-07-02,47,913,0.16429353778751368,B2C,Central,Affiliate,53,Other,1,0,0,2,0,0.01,Low Risk
CUST00719,7,35863.31,4482.91375,33,0.018750000000000003,4,2024-12-13,2023-09-07,18,481,0.43659043659043656,B2C,South,Paid Search,47,Female,1,3,4,0,0,0.02,Low Risk
CUST00720,3,12043.720000000001,1505.4650000000001,19,0.07500000000000001,5,2024-09-20,2024-07-13,102,171,0.5263157894736842,B2C,South,Organic Search,53,Male,1,3,3,1,0,0.0,
CUST00721,5,31269.59,2842.69,31,0.08181818181818182,5,2024-12-27,2024-08-01,4,152,0.986842105263158,B2B,North,Social Media,52,Other,0,2,6,2,0,0.0,
CUST00722,2,12774.960000000001,3193.7400000000002,14,0.1375,3,2024-10-09,2023-12-13,83,384,0.15625,B2C,West,Affiliate,33,Female,1,4,0,0,0,0.1,Low Risk
CUST00723,3,45187.14,4107.921818181818,41,0.009090909090909092,4,2024-10-08,2024-05-14,84,231,0.38961038961038963,B2B,Central,Email,25,Female,0,0,2,0,0,0.0,
CUST00724,3,27268.260000000002,3895.4657142857145,26,0.042857142857142864,4,2024-12-30,2024-07-21,1,163,0.5521472392638036,B2B,South,Email,40,Other,0,3,2,2,0,0.0,
CUST00725,6,42989.38,2686.83625,52,0.08750000000000001,5,2024-12-03,2024-05-01,28,244,0.7377049180327869,B2C,South,Email,61,Other,1,3,2,2,0,0.0,
CUST00726,9,42045.69,2473.275882352941,50,0.04411764705882353,5,2024-12-05,2023-08-03,26,516,0.5232558139534884,B2C,South,Social Media,31,Other,1,3,6,2,0,0.01,Low Risk
CUST00727,3,21117.3,2346.366666666667,27,0.03888888888888889,4,2024-12-07,2023-04-28,24,613,0.1468189233278956,B2B,West,Paid Search,65,Male,0,4,4,1,0,0.02,Low Risk
CUST00728,1,6951.75,3475.875,6,0.0,2,2024-05-18,2024-05-18,227,227,0.13215859030837004,B2B,South,Affiliate,57,Female,0,3,0,0,1,0.92,High Risk
CUST00730,3,9218.36,2304.59,12,0.07500000000000001,2,2024-11-27,2024-08-12,34,141,0.6382978723404255,B2B,North,Social Media,57,Female,0,2,6,0,0,0.0,
CUST00731,8,52912.34,2645.6169999999997,59,0.052500000000000005,5,2024-09-07,2024-03-16,115,290,0.8275862068965518,B2C,East,Affiliate,50,Female,1,1,0,0,0,0.0,
CUST00732,6,29611.42,2277.8015384615383,44,0.06923076923076923,5,2024-12-30,2023-09-20,1,468,0.38461538461538464,B2C,South,Affiliate,45,Female,1,3,0,0,0,0.0,
CUST00733,2,15373.25,3843.3125,15,0.0,2,2024-08-30,2024-06-08,123,206,0.29126213592233013,B2C,East,Referral,29,Female,1,1,5,0,0,0.01,Low Risk
CUST00734,4,24465.12,3495.0171428571425,19,0.028571428571428574,3,2024-05-01,2022-08-12,244,872,0.13761467889908258,B2C,West,Organic Search,18,Other,1,4,3,2,1,1.0,High Risk
CUST00735,3,18841.489999999998,4710.3724999999995,18,0.025,4,2024-08-17,2023-04-04,136,637,0.14128728414442698,B2C,North,Direct,34,Male,1,2,1,1,0,0.01,Low Risk
CUST00736,3,14431.32,2405.22,20,0.075,5,2024-10-09,2024-05-13,83,232,0.3879310344827586,B2C,East,Direct,39,Female,1,1,1,0,0,0.0,
CUST00737,2,2140.0,1070.0,5,0.07500000000000001,2,2024-11-27,2024-07-19,34,165,0.36363636363636365,B2C,South,Affiliate,41,Female,1,3,0,0,0,0.0,
CUST00738,11,59910.12,2496.255,69,0.04583333333333334,5,2024-12-30,2023-11-16,1,411,0.8029197080291971,B2C,South,Direct,61,Male,1,3,1,1,0,0.0,
CUST00739,5,20209.649999999998,2020.9649999999997,26,0.01,5,2024-12-30,2022-08-12,1,872,0.1720183486238532,B2C,South,Affiliate,42,Male,1,3,0,1,0,0.02,Low Risk
CUST00740,7,50096.07,3339.738,49,0.05666666666666667,5,2024-08-04,2023-03-04,149,668,0.31437125748503,B2B,West,Paid Search,44,Female,0,4,4,0,0,0.01,Low Risk
CUST00741,5,37422.32,2878.64,45,0.026923076923076925,5,2024-05-11,2022-08-16,234,868,0.1728110599078341,B2B,Central,Affiliate,49,Female,0,0,0,0,1,0.93,High Risk
CUST00742,8,33880.89,2420.0635714285713,38,0.08214285714285716,5,2024-08-14,2023-04-16,139,625,0.384,B2C,North,Referral,28,Male,1,2,5,1,0,0.01,Low Risk
CUST00743,5,46093.1,3841.0916666666667,42,0.09583333333333334,4,2024-12-30,2023-01-18,1,713,0.2103786816269285,B2B,West,Organic Search,46,Other,0,4,3,2,0,0.02,Low Risk
CUST00744,3,45489.5,3499.1923076923076,40,0.0,5,2024-10-15,2023-08-30,77,489,0.18404907975460122,B2C,East,Affiliate,34,Female,1,1,0,0,0,0.04,Low Risk
CUST00745,3,21638.87,3606.478333333333,22,0.03333333333333333,4,2023-02-06,2022-09-22,694,831,0.10830324909747292,B2B,East,Direct,30,Other,0,1,1,2,1,0.96,High Risk
CUST00746,8,30998.82,1823.46,49,0.0411764705882353,5,2024-12-26,2024-07-12,5,172,1.3953488372093024,Enterprise,South,Social Media,40,Female,2,3,6,0,0,0.0,
CUST00747,3,24860.71,3551.5299999999997,22,0.05714285714285715,5,2024-12-10,2024-12-04,21,27,3.0,B2B,West,Email,57,Female,0,4,2,0,0,0.01,Low Risk
CUST00748,4,25335.35,3166.91875,25,0.1,5,2024-12-17,2024-04-05,14,270,0.4444444444444444,B2C,South,Social Media,44,Other,1,3,6,2,0,0.0,
CUST00749,5,36391.21,3308.291818181818,35,0.05454545454545456,5,2024-11-20,2024-08-29,41,124,1.2096774193548385,B2C,North,Social Media,32,Female,1,2,6,0,0,0.0,
CUST00750,4,21894.12,3649.02,17,0.06666666666666667,2,2024-07-22,2023-06-27,162,553,0.21699819168173598,B2C,East,Email,35,Female,1,1,2,0,0,0.04,Low Risk
CUST00751,2,5535.75,1845.25,7,0.0,3,2024-03-03,2023-08-18,303,501,0.11976047904191617,Enterprise,Central,Email,28,Male,2,0,2,1,1,0.92,High Risk
CUST00752,6,21019.8,1616.9076923076923,29,0.08846153846153845,5,2023-11-09,2022-03-14,418,1023,0.1759530791788856,Enterprise,East,Referral,65,Male,2,1,5,1,1,0.93,High Risk
CUST00753,2,16665.25,3333.05,15,0.1,4,2024-01-14,2023-09-29,352,459,0.13071895424836602,B2C,North,Email,53,Male,1,2,2,1,1,0.96,High Risk
CUST00754,13,116070.36,3316.296,121,0.017142857142857144,5,2024-10-07,2022-03-14,85,1023,0.3812316715542522,B2B,Central,Organic Search,24,Female,0,0,3,0,0,0.03,Low Risk
CUST00755,4,18757.43,1875.743,24,0.07999999999999999,5,2024-12-15,2024-09-19,16,103,1.1650485436893205,B2C,West,Paid Search,65,Female,1,4,4,0,0,0.0,
CUST00756,2,10381.41,5190.705,9,0.175,2,2024-11-05,2023-12-30,56,367,0.16348773841961853,B2C,South,Paid Search,19,Male,1,3,4,1,0,0.01,Low Risk
CUST00757,4,32742.239999999998,2976.5672727272727,40,0.018181818181818184,5,2024-12-27,2024-11-02,4,59,2.0338983050847457,B2C,West,Affiliate,52,Female,1,4,0,0,0,0.0,
CUST00758,5,56881.020000000004,5171.001818181819,39,0.08181818181818182,4,2024-12-05,2024-06-10,26,204,0.7352941176470589,B2C,Central,Direct,47,Other,1,0,1,2,0,0.01,Low Risk
CUST00759,4,16588.83,2369.8328571428574,19,0.0642857142857143,4,2024-11-23,2024-09-15,38,107,1.1214953271028036,B2C,West,Referral,52,Female,1,4,5,0,0,0.0,
CUST00760,3,13062.85,2612.57,12,0.08,3,2024-06-07,2023-07-07,207,543,0.16574585635359115,B2B,South,Email,37,Female,0,3,2,0,1,0.99,High Risk
CUST00761,4,15858.47,2643.0783333333334,20,0.06666666666666667,4,2024-11-04,2024-01-06,57,360,0.3333333333333333,B2C,East,Direct,26,Female,1,1,1,0,0,0.01,Low Risk
CUST00762,4,22133.29,2459.2544444444447,23,0.05555555555555555,5,2024-11-24,2023-06-05,37,575,0.20869565217391303,B2C,North,Email,48,Female,1,2,2,0,0,0.03,Low Risk
CUST00763,1,2061.6,2061.6,5,0.0,1,2023-11-19,2023-11-19,408,408,0.07352941176470588,B2C,East,Affiliate,18,Other,1,1,0,2,1,0.96,High Risk
CUST00764,8,41165.08,2166.583157894737,49,0.042105263157894736,5,2024-12-02,2023-08-10,29,509,0.47151277013752463,B2C,Central,Paid Search,28,Other,1,0,4,2,0,0.01,Low Risk
CUST00765,7,27523.01,2752.301,27,0.06999999999999999,5,2024-12-03,2024-10-10,28,82,2.5609756097560976,B2C,South,Email,58,Male,1,3,2,1,0,0.0,
CUST00766,7,39582.0,2638.8,41,0.02,4,2024-12-15,2024-03-20,16,286,0.7342657342657343,B2C,East,Referral,52,Female,1,1,5,0,0,0.0,
CUST00767,7,26702.69,2054.053076923077,31,0.019230769230769232,5,2024-11-17,2024-02-28,44,307,0.6840390879478828,B2C,South,Organic Search,58,Female,1,3,3,0,0,0.0,
CUST00768,4,45268.54,3233.467142857143,47,0.07142857142857142,5,2024-12-21,2024-11-15,10,46,2.608695652173913,B2C,Central,Social Media,19,Male,1,0,6,1,0,0.0,
CUST00769,4,26673.379999999997,3810.4828571428566,24,0.07142857142857142,3,2024-06-15,2022-03-21,199,1016,0.11811023622047244,Enterprise,South,Social Media,35,Male,2,3,6,1,1,0.94,High Risk
CUST00770,5,33490.7,3721.1888888888884,28,0.08888888888888889,4,2024-10-05,2024-01-08,87,358,0.41899441340782123,B2C,South,Organic Search,49,Male,1,3,3,1,0,0.01,Low Risk
CUST00771,7,32850.38,2526.9523076923074,33,0.08076923076923077,5,2024-12-19,2023-06-20,12,560,0.375,Enterprise,West,Email,62,Male,2,4,2,1,0,0.02,Low Risk
CUST00772,5,30647.83,3064.7830000000004,28,0.045,5,2024-10-07,2024-02-16,85,319,0.4702194357366771,B2C,North,Email,22,Other,1,2,2,2,0,0.0,
CUST00773,4,27298.57,3899.7957142857144,23,0.09285714285714286,4,2024-11-12,2024-03-06,49,300,0.4,B2B,East,Affiliate,18,Male,0,1,0,1,0,0.01,Low Risk
CUST00774,3,4467.34,1116.835,8,0.07500000000000001,3,2024-02-17,2023-06-26,318,554,0.1624548736462094,B2B,South,Organic Search,30,Female,0,3,3,0,1,0.92,High Risk
CUST00775,3,10083.38,2520.845,15,0.0625,4,2024-12-17,2022-11-15,14,777,0.11583011583011583,B2C,West,Social Media,38,Male,1,4,6,1,0,0.01,Low Risk
CUST00776,10,51770.57,2876.1427777777776,57,0.06944444444444445,4,2024-12-12,2024-09-10,19,112,2.6785714285714284,B2C,Central,Social Media,48,Other,1,0,6,2,0,0.0,
CUST00777,5,31142.84,2595.2366666666667,35,0.016666666666666666,4,2024-06-04,2023-11-01,210,426,0.35211267605633806,B2B,North,Paid Search,25,Male,0,2,4,1,1,0.91,High Risk
CUST00778,6,33010.71,2750.8925,37,0.06666666666666667,5,2024-11-07,2024-10-14,54,78,2.3076923076923075,B2C,North,Social Media,55,Male,1,2,6,1,0,0.0,
CUST00779,6,26831.2,2235.9333333333334,31,0.04583333333333334,5,2024-09-07,2023-09-18,115,470,0.3829787234042553,Enterprise,North,Direct,62,Female,2,2,1,0,0,0.0,
CUST00780,13,77428.83,2867.7344444444443,78,0.06851851851851852,5,2024-12-30,2024-08-03,1,150,2.6,B2C,North,Email,23,Other,1,2,2,2,0,0.0,
CUST00781,4,5028.0599999999995,1005.6119999999999,14,0.08,4,2024-12-30,2024-09-20,1,102,1.1764705882352942,B2C,North,Paid Search,62,Other,1,2,4,2,0,0.0,
CUST00782,5,33955.72,2611.9784615384615,30,0.04615384615384616,4,2024-12-01,2022-08-26,30,858,0.17482517482517482,B2C,South,Direct,59,Female,1,3,1,0,0,0.03,Low Risk
CUST00783,3,17629.67,2518.5242857142853,22,0.021428571428571432,4,2024-05-26,2024-02-16,219,319,0.2821316614420063,B2C,North,Social Media,64,Male,1,2,6,1,1,0.93,High Risk
CUST00784,2,15308.150000000001,2551.3583333333336,20,0.125,4,2024-05-08,2023-03-20,237,652,0.09202453987730061,B2B,West,Direct,36,Other,0,4,1,2,1,0.97,High Risk
CUST00785,9,53501.42,3821.5299999999997,41,0.03214285714285715,4,2024-12-27,2024-03-26,4,280,0.9642857142857142,B2C,South,Social Media,64,Female,1,3,6,0,0,0.01,Low Risk
CUST00786,3,31431.819999999996,3928.9774999999995,26,0.018750000000000003,4,2024-11-01,2023-04-24,60,617,0.14586709886547813,B2C,Central,Direct,27,Female,1,0,1,0,0,0.01,Low Risk
CUST00787,7,31173.55,2597.795833333333,44,0.06666666666666667,4,2024-09-24,2023-09-08,98,480,0.4375,B2C,Central,Organic Search,58,Other,1,0,3,2,0,0.0,
CUST00788,6,30802.199999999997,2800.2,34,0.06818181818181818,3,2024-09-22,2023-09-13,100,475,0.37894736842105264,B2C,North,Social Media,57,Male,1,2,6,1,0,0.0,
CUST00789,6,37618.56,3761.8559999999998,29,0.05,5,2024-12-03,2023-07-08,28,542,0.33210332103321033,B2B,Central,Paid Search,51,Other,0,0,4,2,0,0.0,
CUST00790,4,15528.130000000001,2218.304285714286,15,0.05,4,2024-12-23,2024-02-22,8,313,0.38338658146964855,B2C,South,Social Media,44,Other,1,3,6,2,0,0.0,
CUST00791,2,10208.62,3402.8733333333334,7,0.03333333333333333,2,2024-04-10,2023-11-04,265,423,0.14184397163120568,B2C,Central,Organic Search,26,Male,1,0,3,1,1,0.96,High Risk
CUST00792,3,14320.19,2386.6983333333333,21,0.06666666666666667,5,2024-11-30,2022-04-01,31,1005,0.08955223880597014,B2C,West,Organic Search,54,Other,1,4,3,2,0,0.06,Low Risk
CUST00793,3,21013.21,3001.887142857143,22,0.0071428571428571435,3,2024-10-18,2023-12-08,74,389,0.23136246786632392,B2C,Central,Direct,34,Male,1,0,1,1,0,0.03,Low Risk
CUST00794,4,20477.239999999998,2047.7239999999997,25,0.04,5,2024-09-30,2023-07-31,92,519,0.23121387283236994,B2C,North,Paid Search,59,Female,1,2,4,0,0,0.05,Low Risk
CUST00795,7,38293.25,3191.1041666666665,42,0.09583333333333333,4,2024-12-17,2022-08-22,14,862,0.24361948955916474,B2C,East,Email,41,Other,1,1,2,2,0,0.0,
CUST00796,5,26832.09,2236.0075,36,0.029166666666666664,5,2023-11-18,2022-05-26,409,950,0.15789473684210525,B2C,East,Referral,22,Female,1,1,5,0,1,0.99,High Risk
CUST00797,2,13569.66,2713.932,14,0.0,4,2024-08-08,2023-10-18,145,440,0.13636363636363638,B2C,North,Paid Search,52,Female,1,2,4,0,0,0.05,Low Risk
CUST00798,5,23600.36,2950.045,24,0.10625,4,2024-10-14,2023-04-17,78,624,0.24038461538461536,B2C,South,Paid Search,53,Other,1,3,4,2,0,0.01,Low Risk
CUST00799,5,27113.95,2259.4958333333334,38,0.1416666666666667,5,2024-12-29,2024-05-26,2,219,0.684931506849315,B2C,Central,Email,62,Other,1,0,2,2,0,0.0,
CUST00800,5,13516.789999999999,1930.9699999999998,18,0.014285714285714287,5,2024-11-06,2023-12-27,55,370,0.4054054054054054,B2B,South,Direct,43,Other,0,3,1,2,0,0.01,Low Risk
CUST00801,3,16342.98,5447.66,10,0.03333333333333333,2,2024-08-13,2023-12-30,140,367,0.2452316076294278,Enterprise,Central,Email,40,Female,2,0,2,0,0,0.09,Low Risk
CUST00802,4,26536.620000000003,2412.42,36,0.08181818181818182,4,2024-12-09,2024-05-28,22,217,0.5529953917050692,B2B,West,Email,64,Female,0,4,2,0,0,0.01,Low Risk
CUST00803,8,37036.8,1949.3052631578948,49,0.01842105263157895,5,2024-12-16,2024-08-09,15,144,1.6666666666666667,B2C,Central,Affiliate,53,Other,1,0,0,2,0,0.0,
CUST00804,3,6402.37,2134.1233333333334,9,0.03333333333333333,2,2024-12-09,2023-10-05,22,453,0.19867549668874174,Enterprise,West,Organic Search,64,Male,2,4,3,1,0,0.08,Low Risk
CUST00805,6,25099.72,1930.7476923076924,30,0.06538461538461539,5,2024-12-25,2023-08-23,6,496,0.36290322580645157,B2C,Central,Social Media,18,Female,1,0,6,0,0,0.01,Low Risk
CUST00806,3,16793.86,2399.1228571428574,13,0.09999999999999999,3,2024-10-02,2024-06-24,90,190,0.4736842105263158,B2B,North,Referral,35,Other,0,2,5,2,0,0.0,
CUST00807,2,4360.219999999999,1453.4066666666665,7,0.08333333333333333,2,2024-09-03,2024-06-03,119,211,0.2843601895734597,B2C,Central,Organic Search,47,Female,1,0,3,0,0,0.04,Low Risk
CUST00808,8,72067.45999999999,3002.810833333333,81,0.07708333333333334,5,2024-08-03,2022-10-07,150,816,0.29411764705882354,B2B,East,Paid Search,32,Female,0,1,4,0,0,0.05,Low Risk
CUST00809,4,16568.54,4142.135,11,0.075,3,2024-06-24,2023-04-15,190,626,0.19169329073482427,B2C,West,Paid Search,64,Male,1,4,4,1,1,0.92,High Risk
CUST00810,5,39482.53,3589.320909090909,36,0.045454545454545456,5,2024-12-08,2023-11-17,23,410,0.36585365853658536,B2C,South,Referral,62,Other,1,3,5,2,0,0.02,Low Risk
CUST00811,6,34481.01,2155.063125,43,0.134375,5,2024-04-16,2022-09-11,259,842,0.21377672209026127,B2B,North,Direct,42,Male,0,2,1,1,1,0.94,High Risk
CUST00812,4,22493.74,2811.7175,20,0.0125,4,2024-12-16,2022-04-04,15,1002,0.11976047904191617,B2B,East,Email,44,Male,0,1,2,1,0,0.04,Low Risk
CUST00813,4,34018.01,3092.546363636364,28,0.018181818181818184,5,2024-08-13,2023-05-10,140,601,0.19966722129783693,B2C,North,Referral,42,Male,1,2,5,1,0,0.05,Low Risk
CUST00814,4,27025.83,3002.8700000000003,28,0.12222222222222223,5,2024-04-11,2023-04-20,264,621,0.1932367149758454,B2C,East,Paid Search,38,Other,1,1,4,2,1,0.99,High Risk
CUST00815,6,53417.05,3142.179411764706,63,0.026470588235294117,5,2024-12-16,2023-07-06,15,544,0.33088235294117646,Enterprise,West,Affiliate,56,Other,2,4,0,2,0,0.01,Low Risk
CUST00816,5,23078.43,2564.27,31,0.061111111111111116,4,2024-11-28,2024-03-23,33,283,0.5300353356890459,B2C,West,Email,27,Male,1,4,2,1,0,0.0,
CUST00817,2,10512.11,2628.0275,11,0.025,3,2024-10-30,2023-08-25,62,494,0.12145748987854252,B2B,Central,Direct,43,Female,0,0,1,0,0,0.03,Low Risk
CUST00818,1,14257.83,4752.61,9,0.0,2,2024-09-11,2024-09-11,111,111,0.27027027027027023,B2B,West,Paid Search,26,Female,0,4,4,0,0,0.0,
CUST00819,8,31208.54,2600.7116666666666,29,0.05416666666666667,5,2024-10-19,2024-06-01,73,213,1.1267605633802817,B2C,West,Paid Search,53,Other,1,4,4,2,0,0.0,
CUST00820,3,7822.53,1564.5059999999999,16,0.01,4,2024-10-13,2024-04-20,79,255,0.35294117647058826,B2C,North,Email,38,Other,1,2,2,2,0,0.01,Low Risk
CUST00821,5,47811.24,2988.2025,49,0.06875,5,2024-12-21,2024-07-02,10,182,0.8241758241758242,B2C,West,Social Media,30,Female,1,4,6,0,0,0.0,
CUST00822,5,45415.71,3784.6425,43,0.0625,5,2024-11-13,2023-08-10,48,509,0.29469548133595286,B2C,East,Social Media,57,Female,1,1,6,0,0,0.01,Low Risk
CUST00823,6,58260.2,3641.2625,58,0.05625,5,2024-12-23,2024-10-13,8,79,2.278481012658228,Enterprise,North,Paid Search,30,Other,2,2,4,2,0,0.0,
CUST00824,5,26402.6,2640.2599999999998,33,0.16,4,2024-11-09,2023-12-08,52,389,0.3856041131105398,B2B,North,Paid Search,57,Male,0,2,4,1,0,0.01,Low Risk
CUST00825,6,15929.539999999999,2275.6485714285714,19,0.07857142857142858,5,2024-08-14,2023-10-10,139,448,0.4017857142857143,B2C,North,Email,19,Female,1,2,2,0,0,0.01,Low Risk
CUST00826,6,25201.24,2800.137777777778,27,0.05555555555555555,5,2024-12-26,2024-04-25,5,250,0.72,B2C,South,Direct,34,Other,1,3,1,2,0,0.0,
CUST00827,3,12495.009999999998,2499.0019999999995,14,0.05,3,2024-09-19,2024-05-01,103,244,0.36885245901639346,B2C,North,Referral,51,Male,1,2,5,1,0,0.01,Low Risk
CUST00828,3,10661.04,2132.208,12,0.0,3,2024-11-15,2023-02-06,46,694,0.12968299711815562,B2C,East,Referral,57,Female,1,1,5,0,0,0.05,Low Risk
CUST00829,4,14526.57,2075.2242857142855,17,0.08571428571428573,4,2024-10-18,2022-05-25,74,951,0.12618296529968454,B2C,North,Social Media,60,Other,1,2,6,2,0,0.02,Low Risk
CUST00830,9,38150.22,2384.38875,49,0.04375,5,2024-11-22,2023-08-16,39,503,0.5367793240556661,B2C,North,Referral,42,Male,1,2,5,1,0,0.0,
CUST00831,4,19772.59,2824.655714285714,21,0.028571428571428574,4,2024-11-24,2023-12-12,37,385,0.3116883116883117,B2C,East,Direct,52,Male,1,1,1,1,0,0.0,
CUST00832,9,54743.35,3421.459375,46,0.028125,4,2024-12-28,2022-12-12,3,750,0.36,B2C,West,Referral,19,Male,1,4,5,1,0,0.02,Low Risk
CUST00833,4,22919.36,1763.0276923076924,36,0.06923076923076922,4,2024-12-15,2023-02-23,16,677,0.17725258493353027,B2C,East,Email,65,Male,1,1,2,1,0,0.03,Low Risk
CUST00834,8,41972.24,1998.6780952380952,64,0.05952380952380952,4,2024-09-26,2022-05-23,96,953,0.2518363064008395,B2C,East,Paid Search,50,Female,1,1,4,0,0,0.01,Low Risk
CUST00835,5,31727.96,3172.796,33,0.06000000000000001,3,2024-03-27,2022-04-14,279,992,0.15120967741935482,B2B,West,Affiliate,19,Other,0,4,0,2,1,0.96,High Risk
CUST00836,6,25202.97,2800.33,22,0.09444444444444444,4,2024-11-17,2023-03-16,44,656,0.27439024390243905,B2B,East,Referral,26,Male,0,1,5,1,0,0.01,Low Risk
CUST00837,5,18776.28,2086.253333333333,23,0.07777777777777778,5,2024-09-12,2023-09-04,110,484,0.30991735537190085,B2C,South,Direct,27,Female,1,3,1,0,0,0.0,
CUST00838,3,15025.59,2146.5128571428572,17,0.0071428571428571435,5,2024-06-29,2023-07-10,185,540,0.16666666666666666,B2C,East,Paid Search,31,Other,1,1,4,2,1,0.96,High Risk
CUST00839,8,57911.38,4136.527142857142,44,0.05714285714285715,5,2024-12-21,2022-08-07,10,877,0.27366020524515394,B2B,South,Social Media,62,Other,0,3,6,2,0,0.02,Low Risk
CUST00840,6,18548.81,1854.881,24,0.095,4,2024-10-17,2024-04-01,75,274,0.6569343065693432,Enterprise,West,Affiliate,27,Other,2,4,0,2,0,0.0,
CUST00841,2,9254.48,3084.8266666666664,9,0.08333333333333333,3,2024-08-11,2024-07-04,142,180,0.3333333333333333,B2C,East,Direct,64,Male,1,1,1,1,0,0.0,
CUST00842,2,2144.3,1072.15,10,0.1,2,2024-12-18,2023-06-07,13,573,0.10471204188481674,B2B,North,Email,44,Female,0,2,2,0,0,0.09,Low Risk
CUST00843,4,17413.84,2487.691428571429,17,0.04285714285714286,4,2024-09-25,2023-12-25,97,372,0.3225806451612903,B2B,South,Organic Search,26,Male,0,3,3,1,0,0.0,
CUST00844,3,10423.35,3474.4500000000003,9,0.03333333333333333,2,2024-12-03,2023-03-26,28,646,0.1393188854489164,B2C,Central,Direct,57,Male,1,0,1,1,0,0.05,Low Risk
CUST00845,3,13398.87,2233.145,16,0.016666666666666666,4,2024-12-13,2024-07-31,18,153,0.5882352941176471,B2C,North,Referral,48,Male,1,2,5,1,0,0.0,
CUST00846,4,38129.25,3177.4375,40,0.06666666666666667,5,2024-12-22,2024-03-16,9,290,0.4137931034482759,B2B,West,Social Media,29,Female,0,4,6,0,0,0.0,
CUST00847,7,38356.22,2739.73,42,0.028571428571428574,4,2024-08-13,2024-02-20,140,315,0.6666666666666666,B2C,South,Organic Search,44,Male,1,3,3,1,0,0.0,
CUST00848,5,40439.96,2128.418947368421,58,0.07368421052631578,5,2024-02-02,2023-05-06,333,605,0.24793388429752064,B2B,South,Organic Search,29,Female,0,3,3,0,1,0.89,High Risk
CUST00849,3,11819.83,1688.547142857143,20,0.10714285714285714,4,2024-11-28,2024-11-15,33,46,1.9565217391304346,B2B,West,Email,43,Male,0,4,2,1,0,0.0,
CUST00850,3,6883.42,1720.855,8,0.0875,3,2024-12-15,2024-09-08,16,114,0.7894736842105263,B2C,East,Referral,54,Other,1,1,5,2,0,0.0,
CUST00851,3,12003.67,2400.734,12,0.02,3,2024-12-29,2024-07-26,2,158,0.569620253164557,B2C,Central,Email,20,Male,1,0,2,1,0,0.0,
CUST00852,4,13832.23,2305.3716666666664,13,0.041666666666666664,3,2024-12-30,2024-06-23,1,191,0.6282722513089005,B2C,North,Direct,58,Male,1,2,1,1,0,0.0,
CUST00853,5,15189.34,1687.7044444444446,24,0.1,4,2024-07-31,2023-02-27,153,673,0.22288261515601782,B2B,West,Affiliate,36,Female,0,4,0,0,0,0.03,Low Risk
CUST00854,5,29431.8,2675.6181818181817,28,0.1,3,2024-09-16,2023-02-01,106,699,0.2145922746781116,Enterprise,Central,Referral,51,Male,2,0,5,1,0,0.04,Low Risk
CUST00855,4,14371.66,2053.094285714286,19,0.07142857142857142,3,2024-11-06,2024-08-13,55,140,0.8571428571428571,B2B,North,Organic Search,29,Other,0,2,3,2,0,0.0,
CUST00856,12,48852.9,2873.7000000000003,57,0.07941176470588236,5,2024-12-06,2024-04-29,25,246,1.4634146341463417,B2C,West,Organic Search,29,Female,1,4,3,0,0,0.0,
CUST00857,5,26909.03,2446.2754545454545,35,0.05,5,2024-12-18,2024-07-12,13,172,0.872093023255814,B2C,West,Social Media,62,Other,1,4,6,2,0,0.0,
CUST00858,8,37867.74,2524.516,45,0.06666666666666667,4,2024-08-21,2022-09-21,132,832,0.28846153846153844,B2C,North,Email,58,Female,1,2,2,0,0,0.01,Low Risk
CUST00859,2,17029.920000000002,5676.64,13,0.03333333333333333,2,2024-09-03,2023-11-10,119,417,0.14388489208633093,B2C,Central,Paid Search,42,Other,1,0,4,2,0,0.02,Low Risk
CUST00860,3,10619.779999999999,2123.9559999999997,10,0.04,4,2024-07-16,2023-08-20,168,499,0.18036072144288579,B2C,East,Referral,27,Male,1,1,5,1,0,0.03,Low Risk
CUST00861,3,10524.22,2104.844,17,0.01,4,2024-02-25,2022-10-21,310,802,0.11221945137157106,B2C,West,Referral,46,Female,1,4,5,0,1,0.96,High Risk
CUST00862,7,46010.22,3286.444285714286,49,0.014285714285714287,5,2024-12-30,2024-09-14,1,108,1.9444444444444444,Enterprise,South,Organic Search,57,Female,2,3,3,0,0,0.0,
CUST00863,2,17242.77,2873.795,21,0.10000000000000002,4,2024-10-31,2023-03-19,61,653,0.09188361408882083,B2C,West,Organic Search,56,Female,1,4,3,0,0,0.03,Low Risk
CUST00864,4,15018.78,1877.3475,19,0.1375,5,2024-06-01,2023-02-27,213,673,0.17830609212481427,B2C,West,Email,23,Other,1,4,2,2,1,0.89,High Risk
CUST00865,7,53981.159999999996,3175.362352941176,53,0.017647058823529415,5,2024-11-21,2024-08-13,40,140,1.5,B2C,Central,Referral,53,Male,1,0,5,1,0,0.0,
CUST00866,5,17739.3,1773.9299999999998,26,0.045,5,2024-11-13,2022-11-07,48,785,0.19108280254777069,B2C,North,Organic Search,27,Male,1,2,3,1,0,0.01,Low Risk
CUST00868,8,76571.95,2640.412068965517,73,0.06724137931034482,5,2024-12-26,2023-10-10,5,448,0.5357142857142857,B2C,East,Referral,62,Other,1,1,5,2,0,0.01,Low Risk
CUST00869,3,22003.510000000002,2200.351,19,0.030000000000000006,5,2024-08-05,2024-06-16,148,198,0.4545454545454546,Enterprise,South,Referral,55,Female,2,3,5,0,0,0.0,
CUST00870,7,41655.1,2777.0066666666667,44,0.04666666666666667,5,2024-12-04,2022-02-25,27,1040,0.20192307692307693,B2C,East,Email,22,Female,1,1,2,0,0,0.01,Low Risk
CUST00871,6,44033.13,3387.163846153846,33,0.03076923076923077,5,2024-12-10,2024-05-13,21,232,0.7758620689655172,B2C,West,Referral,35,Female,1,4,5,0,0,0.0,
CUST00872,4,16648.65,1849.8500000000001,21,0.061111111111111116,5,2024-12-15,2024-05-08,16,237,0.5063291139240506,B2C,South,Direct,21,Male,1,3,1,1,0,0.0,
CUST00873,6,33887.340000000004,4235.9175000000005,31,0.05,3,2024-12-14,2024-06-23,17,191,0.9424083769633509,B2C,North,Referral,56,Other,1,2,5,2,0,0.0,
CUST00874,4,30157.25,3015.725,34,0.07,5,2024-08-18,2023-04-20,135,621,0.1932367149758454,B2C,East,Direct,57,Female,1,1,1,0,0,0.03,Low Risk
CUST00875,3,28261.14,4710.19,21,0.19166666666666668,4,2023-06-10,2022-11-17,570,775,0.11612903225806452,B2C,West,Referral,49,Female,1,4,5,0,1,0.98,High Risk
CUST00876,3,31292.1,3476.8999999999996,30,0.011111111111111112,4,2024-04-04,2024-01-12,271,354,0.2542372881355932,B2B,South,Paid Search,18,Male,0,3,4,1,1,0.98,High Risk
CUST00877,7,33387.66,2384.8328571428574,46,0.04285714285714286,5,2024-03-09,2022-05-04,297,972,0.2160493827160494,B2B,South,Email,44,Male,0,3,2,1,1,0.98,High Risk
CUST00878,6,38803.64,2984.8953846153845,37,0.057692307692307696,5,2024-07-06,2023-07-08,178,542,0.33210332103321033,B2C,South,Paid Search,62,Female,1,3,4,0,0,0.0,
CUST00879,2,10089.1,5044.55,7,0.025,2,2024-05-20,2023-08-15,225,504,0.11904761904761904,B2C,East,Direct,38,Male,1,1,1,1,1,0.96,High Risk
CUST00880,6,16548.08,2068.51,21,0.06875,4,2024-12-01,2022-10-23,30,800,0.22499999999999998,B2C,East,Direct,57,Male,1,1,1,1,0,0.01,Low Risk
CUST00881,5,48589.43,4858.943,32,0.085,4,2024-05-11,2022-11-21,234,771,0.19455252918287938,Enterprise,East,Email,48,Male,2,1,2,1,1,0.96,High Risk
CUST00882,6,35197.61,2707.5084615384617,32,0.03461538461538462,4,2024-12-12,2024-10-06,19,86,2.0930232558139537,B2C,South,Affiliate,52,Female,1,3,0,0,0,0.0,
CUST00883,6,21310.7,1775.8916666666667,42,0.10833333333333334,4,2024-12-08,2024-01-16,23,350,0.5142857142857143,B2B,North,Social Media,54,Other,0,2,6,2,0,0.0,
CUST00884,3,18213.28,2601.8971428571426,19,0.07142857142857142,3,2024-12-21,2024-11-29,10,32,2.8125,B2C,Central,Direct,61,Female,1,0,1,0,0,0.0,
CUST00885,2,2045.25,1022.625,3,0.05,2,2024-08-03,2023-08-21,150,498,0.12048192771084336,B2B,East,Social Media,42,Other,0,1,6,2,0,0.16,Low Risk
CUST00886,7,51003.75,3000.220588235294,52,0.05,5,2024-09-29,2024-04-14,93,261,0.8045977011494253,B2C,Central,Paid Search,56,Male,1,0,4,1,0,0.0,
CUST00887,6,36483.72,2280.2325,42,0.053125,5,2024-08-03,2023-09-21,150,467,0.3854389721627409,B2C,North,Organic Search,49,Male,1,2,3,1,0,0.0,
CUST00888,7,53475.34,4113.487692307692,45,0.05384615384615385,4,2024-09-02,2023-09-05,120,483,0.43478260869565216,B2C,South,Paid Search,25,Female,1,3,4,0,0,0.0,
CUST00889,4,23782.16,4756.432,13,0.01,4,2024-08-24,2022-03-12,129,1025,0.11707317073170732,B2C,North,Organic Search,48,Other,1,2,3,2,0,0.03,Low Risk
CUST00890,5,26578.67,3796.952857142857,22,0.05714285714285715,4,2024-03-20,2023-05-01,286,610,0.24590163934426232,B2B,West,Direct,37,Female,0,4,1,0,1,0.96,High Risk
CUST00891,8,33478.33,1969.3135294117649,46,0.09999999999999999,5,2024-12-26,2023-01-12,5,719,0.3337969401947149,B2C,Central,Paid Search,31,Other,1,0,4,2,0,0.01,Low Risk
CUST00892,7,54337.68,3396.105,46,0.05625,5,2024-09-09,2022-03-23,113,1014,0.20710059171597636,B2C,Central,Social Media,20,Other,1,0,6,2,0,0.02,Low Risk
CUST00893,5,35256.13,3205.102727272727,32,0.05909090909090909,4,2024-12-21,2024-09-12,10,110,1.3636363636363638,B2C,East,Organic Search,24,Other,1,1,3,2,0,0.01,Low Risk
CUST00894,3,10696.8,1782.8,13,0.10833333333333334,4,2024-12-28,2024-12-18,3,13,3.0,B2C,North,Social Media,58,Male,1,2,6,1,0,0.0,
CUST00895,4,43950.01,3662.5008333333335,37,0.08333333333333333,4,2024-05-11,2023-07-22,234,528,0.22727272727272727,B2C,East,Social Media,46,Other,1,1,6,2,1,0.97,High Risk
CUST00896,1,6086.43,3043.215,8,0.1,2,2024-01-06,2024-01-06,360,360,0.08333333333333333,B2C,South,Organic Search,57,Other,1,3,3,2,1,1.0,High Risk
CUST00897,7,40097.34,3645.212727272727,37,0.045454545454545456,3,2024-12-06,2024-03-19,25,287,0.7317073170731707,B2C,Central,Social Media,35,Male,1,0,6,1,0,0.0,
CUST00898,12,83624.17,3344.9668,76,0.062,5,2024-11-14,2023-05-19,47,592,0.6081081081081081,B2C,South,Direct,39,Other,1,3,1,2,0,0.01,Low Risk
CUST00899,4,36195.88,4021.764444444444,31,0.03333333333333334,5,2024-12-09,2024-01-24,22,342,0.3508771929824561,B2C,North,Referral,21,Male,1,2,5,1,0,0.01,Low Risk
CUST00900,3,23869.489999999998,3409.9271428571424,24,0.021428571428571432,5,2024-05-05,2023-11-08,240,419,0.21479713603818615,B2C,West,Referral,56,Other,1,4,5,2,1,0.98,High Risk
CUST00901,3,15370.609999999999,2561.768333333333,18,0.016666666666666666,5,2024-12-12,2024-10-19,19,73,1.2328767123287672,B2C,Central,Social Media,30,Other,1,0,6,2,0,0.0,
CUST00902,3,12587.39,2517.478,15,0.01,4,2024-12-21,2024-12-07,10,24,3.0,Enterprise,North,Affiliate,47,Other,2,2,0,2,0,0.0,
CUST00903,10,59286.8,2117.3857142857146,69,0.08392857142857144,5,2024-08-18,2022-07-31,135,884,0.3393665158371041,B2C,North,Referral,59,Other,1,2,5,2,0,0.02,Low Risk
CUST00904,4,14923.3,2131.9,25,0.014285714285714287,4,2024-10-09,2024-02-19,83,316,0.379746835443038,B2C,South,Direct,34,Female,1,3,1,0,0,0.0,
CUST00905,6,50421.46,3151.34125,47,0.05625,5,2024-11-27,2023-09-09,34,479,0.3757828810020877,B2C,East,Organic Search,22,Female,1,1,3,0,0,0.0,
CUST00906,7,30913.82,2576.1516666666666,34,0.1125,4,2024-10-20,2022-06-29,72,916,0.22925764192139736,B2B,West,Social Media,40,Other,0,4,6,2,0,0.02,Low Risk
CUST00907,5,35651.31,2742.4084615384613,35,0.06923076923076923,5,2024-12-30,2024-06-21,1,193,0.7772020725388601,B2C,North,Referral,24,Female,1,2,5,0,0,0.0,
CUST00908,6,24078.77,2188.979090909091,39,0.04090909090909091,5,2024-08-18,2024-05-18,135,227,0.7929515418502203,B2C,East,Email,55,Female,1,1,2,0,0,0.0,
CUST00909,4,23906.850000000002,2656.316666666667,26,0.061111111111111116,4,2024-11-22,2023-04-28,39,613,0.19575856443719414,B2C,Central,Email,42,Male,1,0,2,1,0,0.0,
CUST00910,5,29642.239999999998,3705.2799999999997,32,0.0125,5,2024-08-02,2023-06-25,151,555,0.2702702702702703,B2B,West,Email,54,Female,0,4,2,0,0,0.02,Low Risk
CUST00911,1,9854.48,9854.48,4,0.0,1,2024-11-21,2024-11-21,40,40,0.75,B2C,South,Organic Search,65,Other,1,3,3,2,0,0.0,
CUST00912,6,25930.57,2160.880833333333,43,0.05416666666666667,4,2024-12-06,2024-10-20,25,72,2.5,B2C,North,Email,38,Other,1,2,2,2,0,0.0,
CUST00913,2,30055.33,6011.066000000001,19,0.0,4,2023-02-21,2022-12-18,679,744,0.08064516129032258,B2C,South,Email,22,Other,1,3,2,2,1,0.99,High Risk
CUST00914,4,25041.64,3577.3771428571426,24,0.07142857142857142,3,2024-04-15,2022-07-10,260,905,0.13259668508287292,B2C,West,Referral,60,Male,1,4,5,1,1,0.95,High Risk
CUST00915,11,37487.85,1703.9931818181817,65,0.05454545454545454,5,2024-11-12,2022-06-03,49,942,0.35031847133757965,Enterprise,Central,Referral,18,Male,2,0,5,1,0,0.02,Low Risk
CUST00916,5,17212.71,2151.58875,20,0.025,4,2024-12-29,2024-11-17,2,44,3.409090909090909,B2C,Central,Direct,54,Female,1,0,1,0,0,0.0,
CUST00917,2,11623.22,2324.644,14,0.030000000000000006,3,2024-07-08,2023-07-13,176,537,0.111731843575419,B2C,East,Referral,37,Female,1,1,5,0,0,0.05,Low Risk
CUST00918,5,15322.18,1915.2725,22,0.08125,5,2024-10-05,2024-01-06,87,360,0.4166666666666667,B2C,North,Direct,43,Male,1,2,1,1,0,0.0,
CUST00919,7,35547.35,2962.2791666666667,41,0.09999999999999999,4,2024-12-27,2023-09-21,4,467,0.44967880085653106,Enterprise,Central,Organic Search,63,Other,2,0,3,2,0,0.0,
CUST00920,5,35293.1,3208.4636363636364,33,0.07727272727272727,4,2024-09-26,2023-08-12,96,507,0.2958579881656805,B2C,North,Referral,55,Female,1,2,5,0,0,0.0,
CUST00921,3,7906.969999999999,1976.7424999999998,10,0.0875,4,2024-12-04,2024-09-12,27,110,0.8181818181818182,B2C,West,Direct,31,Other,1,4,1,2,0,0.0,
CUST00922,9,82251.23,3290.0492,85,0.066,5,2024-10-30,2023-03-17,62,655,0.4122137404580153,B2C,South,Affiliate,41,Female,1,3,0,0,0,0.01,Low Risk
CUST00923,1,9200.85,4600.425,8,0.0,2,2024-07-02,2024-07-02,182,182,0.16483516483516483,B2C,South,Referral,19,Male,1,3,5,1,1,0.83,High Risk
CUST00924,7,64216.89,3210.8445,62,0.065,5,2024-12-28,2024-02-27,3,308,0.6818181818181818,B2C,South,Referral,44,Female,1,3,5,0,0,0.0,
CUST00925,4,20774.350000000002,1888.5772727272729,35,0.06818181818181818,5,2024-12-23,2024-08-21,8,132,0.9090909090909091,B2C,Central,Direct,45,Other,1,0,1,2,0,0.0,
CUST00926,6,39052.56,3550.232727272727,37,0.06363636363636363,3,2024-12-29,2024-01-05,2,361,0.4986149584487535,B2C,South,Direct,18,Other,1,3,1,2,0,0.01,Low Risk
CUST00927,4,26380.23,2638.023,34,0.07999999999999999,4,2024-10-02,2024-02-20,90,315,0.38095238095238093,B2C,Central,Direct,54,Female,1,0,1,0,0,0.0,
CUST00928,7,50184.3,3584.592857142857,44,0.03571428571428571,5,2024-04-30,2022-05-27,245,949,0.22128556375131717,B2B,West,Organic Search,55,Female,0,4,3,0,1,0.96,High Risk
CUST00929,5,40589.95,3122.303846153846,40,0.057692307692307696,5,2024-12-24,2023-02-25,7,675,0.2222222222222222,B2C,East,Organic Search,51,Other,1,1,3,2,0,0.05,Low Risk
CUST00930,6,34168.21,2628.3238461538463,35,0.05384615384615385,5,2024-10-06,2022-11-01,86,791,0.22756005056890014,B2C,North,Direct,55,Female,1,2,1,0,0,0.01,Low Risk
CUST00931,5,16917.21,1879.6899999999998,21,0.022222222222222223,4,2024-12-14,2024-09-12,17,110,1.3636363636363638,B2B,Central,Email,47,Other,0,0,2,2,0,0.0,
CUST00932,4,36948.659999999996,2842.204615384615,35,0.0,4,2024-11-04,2024-03-04,57,302,0.3973509933774835,B2C,West,Affiliate,36,Female,1,4,0,0,0,0.0,
CUST00933,4,33540.96,2795.08,35,0.10416666666666667,5,2024-07-17,2022-12-28,167,734,0.16348773841961853,B2B,East,Direct,34,Male,0,1,1,1,0,0.03,Low Risk
CUST00934,3,33393.48,3035.7709090909093,26,0.018181818181818184,5,2024-11-29,2024-09-26,32,96,0.9375,B2C,South,Referral,36,Other,1,3,5,2,0,0.0,
CUST00935,6,26205.59,3275.69875,19,0.0625,4,2024-12-15,2024-09-11,16,111,1.6216216216216215,B2C,West,Direct,22,Female,1,4,1,0,0,0.0,
CUST00936,3,16690.96,2384.422857142857,17,0.0,3,2024-08-01,2023-03-19,152,653,0.13782542113323124,B2C,East,Social Media,18,Other,1,1,6,2,0,0.04,Low Risk
CUST00937,6,49925.63,3328.375333333333,54,0.04000000000000001,5,2024-06-01,2022-07-26,213,889,0.20247469066366705,B2B,Central,Referral,46,Female,0,0,5,0,1,0.97,High Risk
CUST00938,10,68590.4,2982.1913043478257,69,0.030434782608695653,5,2024-04-14,2022-12-08,261,754,0.3978779840848806,B2C,West,Direct,20,Female,1,4,1,0,1,0.98,High Risk
CUST00939,6,39133.63,3261.1358333333333,34,0.03333333333333333,5,2024-10-04,2022-05-13,88,963,0.18691588785046728,B2B,South,Affiliate,44,Female,0,3,0,0,0,0.0,
CUST00940,5,28124.41,3515.55125,26,0.075,4,2024-09-27,2023-05-02,95,609,0.24630541871921183,B2C,South,Referral,40,Male,1,3,5,1,0,0.01,Low Risk
CUST00941,9,44500.11,2342.111052631579,60,0.039473684210526314,5,2024-12-25,2024-09-24,6,98,2.7551020408163267,B2C,North,Email,48,Female,1,2,2,0,0,0.0,
CUST00942,7,32808.29,2982.5718181818183,33,0.07272727272727274,4,2024-12-28,2024-05-11,3,234,0.8974358974358975,B2C,South,Referral,42,Female,1,3,5,0,0,0.0,
CUST00943,3,24509.34,2450.934,28,0.04,4,2024-10-12,2024-01-05,80,361,0.24930747922437674,B2C,West,Affiliate,46,Female,1,4,0,0,0,0.01,Low Risk
CUST00944,4,17154.73,2859.1216666666664,11,0.06666666666666667,4,2024-12-28,2024-12-12,3,19,4.0,B2C,North,Direct,58,Female,1,2,1,0,0,0.0,
CUST00945,10,58619.909999999996,2791.4242857142854,65,0.06190476190476191,5,2024-11-11,2024-01-02,50,364,0.8241758241758242,B2C,East,Affiliate,24,Female,1,1,0,0,0,0.0,
CUST00946,3,24419.63,2441.963,34,0.030000000000000006,5,2024-12-27,2024-12-13,4,18,3.0,B2B,West,Referral,33,Other,0,4,5,2,0,0.0,
CUST00947,3,16061.900000000001,5353.966666666667,14,0.15,3,2024-12-20,2024-11-16,11,45,2.0,B2C,Central,Referral,29,Female,1,0,5,0,0,0.0,
CUST00948,8,55967.14,3497.94625,38,0.084375,5,2024-12-16,2024-05-30,15,215,1.1162790697674418,B2C,North,Organic Search,51,Male,1,2,3,1,0,0.0,
CUST00949,6,28577.34,2857.734,34,0.07,5,2024-12-28,2024-12-03,3,28,6.0,B2B,South,Social Media,30,Male,0,3,6,1,0,0.0,
CUST00950,5,13293.619999999999,1329.3619999999999,25,0.06999999999999999,5,2023-06-30,2022-06-01,550,944,0.15889830508474578,Enterprise,North,Referral,31,Other,2,2,5,2,1,0.95,High Risk
CUST00951,5,41478.46,2962.747142857143,31,0.03928571428571429,5,2024-12-03,2024-09-23,28,99,1.5151515151515151,B2B,North,Paid Search,42,Other,0,2,4,2,0,0.0,
CUST00952,4,22659.09,2517.6766666666667,33,0.061111111111111116,5,2024-12-30,2024-10-16,1,76,1.5789473684210527,B2C,North,Social Media,36,Female,1,2,6,0,0,0.0,
CUST00953,5,35427.49,2952.290833333333,38,0.08333333333333333,5,2024-12-28,2024-11-05,3,56,2.6785714285714284,Enterprise,West,Social Media,45,Other,2,4,6,2,0,0.0,
CUST00954,2,11926.92,2981.73,11,0.0,2,2024-11-25,2024-11-09,36,52,1.1538461538461537,B2C,East,Organic Search,35,Male,1,1,3,1,0,0.0,
CUST00955,2,8216.63,2738.8766666666666,11,0.03333333333333333,2,2024-09-21,2024-01-31,101,335,0.17910447761194032,B2C,North,Affiliate,34,Male,1,2,0,1,0,0.01,Low Risk
CUST00956,2,10092.39,2523.0975,15,0.1125,3,2024-09-10,2024-02-03,112,332,0.18072289156626506,B2C,South,Paid Search,59,Female,1,3,4,0,0,0.06,Low Risk
CUST00957,5,22596.9,2824.6125,23,0.05625,5,2023-12-21,2022-12-30,376,732,0.20491803278688525,B2C,West,Referral,24,Female,1,4,5,0,1,1.0,High Risk
CUST00958,9,67029.5,3046.7954545454545,73,0.029545454545454545,5,2024-10-16,2023-02-27,76,673,0.4011887072808321,B2C,North,Referral,34,Female,1,2,5,0,0,0.03,Low Risk
CUST00959,7,44892.23,2494.012777777778,57,0.03333333333333333,5,2024-12-17,2022-01-31,14,1065,0.19718309859154928,B2C,South,Organic Search,20,Other,1,3,3,2,0,0.0,
CUST00960,5,50840.5,3631.464285714286,50,0.042857142857142864,4,2024-11-15,2023-09-23,46,465,0.3225806451612903,Enterprise,East,Direct,18,Other,2,1,1,2,0,0.01,Low Risk
CUST00961,5,41177.64,2941.2599999999998,41,0.05357142857142857,5,2024-10-19,2024-04-16,73,259,0.5791505791505792,B2B,West,Affiliate,22,Other,0,4,0,2,0,0.0,
CUST00962,6,42782.46,3565.205,42,0.075,5,2024-08-01,2023-01-12,152,719,0.25034770514603616,B2C,West,Direct,40,Female,1,4,1,0,0,0.0,
CUST00963,5,20676.48,2584.56,22,0.037500000000000006,3,2024-12-30,2024-11-28,1,33,4.545454545454545,B2C,North,Referral,23,Female,1,2,5,0,0,0.0,
CUST00964,1,1822.5,1822.5,1,0.0,1,2024-08-01,2024-08-01,152,152,0.19736842105263158,B2B,North,Affiliate,36,Other,0,2,0,2,0,0.05,Low Risk
CUST00965,5,24051.85,2186.531818181818,28,0.04090909090909091,4,2023-07-14,2022-12-21,536,741,0.20242914979757085,Enterprise,North,Referral,30,Female,2,2,5,0,1,0.98,High Risk
CUST00966,10,67796.38,3568.2305263157896,62,0.02368421052631579,5,2024-10-27,2023-09-28,65,460,0.6521739130434783,B2C,East,Referral,46,Other,1,1,5,2,0,0.0,
CUST00967,3,18349.53,2621.3614285714284,19,0.042857142857142864,4,2023-06-30,2022-11-22,550,770,0.11688311688311688,B2C,South,Direct,33,Female,1,3,1,0,1,0.95,High Risk
CUST00968,5,45041.71,3002.7806666666665,48,0.05333333333333334,5,2024-09-16,2023-10-04,106,454,0.3303964757709251,B2C,East,Affiliate,46,Male,1,1,0,1,0,0.0,
CUST00969,3,39475.1,4934.3875,30,0.0,4,2024-06-08,2024-01-03,206,363,0.24793388429752067,B2B,East,Organic Search,43,Male,0,1,3,1,1,0.91,High Risk
CUST00970,5,23640.54,2364.054,24,0.11499999999999999,4,2024-12-14,2023-03-31,17,641,0.23400936037441497,Enterprise,West,Affiliate,52,Male,2,4,0,1,0,0.04,Low Risk
CUST00971,8,40752.92,2144.8905263157894,59,0.04736842105263158,5,2024-12-17,2024-07-11,14,173,1.3872832369942196,B2B,North,Email,59,Male,0,2,2,1,0,0.01,Low Risk
CUST00972,3,47931.130000000005,4357.375454545455,35,0.018181818181818184,4,2024-07-16,2024-05-03,168,242,0.37190082644628103,B2C,North,Referral,26,Male,1,2,5,1,0,0.03,Low Risk
CUST00973,5,19128.62,1594.0516666666665,37,0.0625,4,2024-05-21,2023-05-17,224,594,0.25252525252525254,B2B,East,Organic Search,47,Other,0,1,3,2,1,0.99,High Risk
CUST00974,3,11514.58,2302.916,12,0.01,4,2023-02-03,2022-10-20,697,803,0.11207970112079702,B2B,North,Organic Search,25,Female,0,2,3,0,1,0.99,High Risk
CUST00975,10,63403.53,3019.215714285714,64,0.0380952380952381,5,2024-11-05,2024-07-30,56,154,1.9480519480519478,B2C,South,Paid Search,45,Female,1,3,4,0,0,0.0,
CUST00976,7,34715.96,2670.4584615384615,45,0.04615384615384615,5,2024-12-23,2024-11-21,8,40,5.25,Enterprise,North,Direct,52,Male,2,2,1,1,0,0.0,
CUST00977,11,56035.04,2668.3352380952383,59,0.0761904761904762,4,2024-11-04,2023-06-22,57,558,0.5913978494623655,B2C,North,Social Media,22,Male,1,2,6,1,0,0.0,
CUST00978,5,17398.27,1739.827,22,0.06999999999999999,5,2024-11-17,2023-10-09,44,449,0.33407572383073497,B2C,South,Direct,28,Female,1,3,1,0,0,0.0,
CUST00979,8,56717.32,2835.866,48,0.0675,5,2024-05-27,2023-02-09,218,691,0.3473227206946454,B2C,North,Affiliate,58,Other,1,2,0,2,1,0.93,High Risk
CUST00980,7,44896.99,2640.9994117647057,48,0.06470588235294118,4,2024-12-18,2023-09-25,13,463,0.4535637149028078,B2B,North,Organic Search,18,Male,0,2,3,1,0,0.0,
CUST00981,9,76944.1,3077.764,70,0.046,5,2024-09-05,2023-03-31,117,641,0.42121684867394693,B2B,Central,Email,62,Female,0,0,2,0,0,0.02,Low Risk
CUST00982,6,30339.039999999997,2528.253333333333,31,0.07083333333333335,5,2024-10-02,2022-09-11,90,842,0.21377672209026127,B2C,East,Email,33,Male,1,1,2,1,0,0.0,
CUST00983,9,14456.74,1445.674,25,0.065,5,2024-12-01,2024-08-06,30,147,1.8367346938775508,B2C,Central,Email,57,Male,1,0,2,1,0,0.0,
CUST00984,6,37072.92,2471.528,41,0.05666666666666667,5,2024-12-20,2024-09-09,11,113,1.592920353982301,B2C,East,Direct,33,Male,1,1,1,1,0,0.0,
CUST00985,4,30496.87,3049.687,35,0.030000000000000006,3,2024-12-27,2023-09-03,4,485,0.24742268041237112,B2C,Central,Affiliate,52,Other,1,0,0,2,0,0.05,Low Risk
CUST00986,5,20789.64,2598.705,20,0.0625,3,2024-10-06,2023-06-05,86,575,0.2608695652173913,B2C,East,Organic Search,27,Other,1,1,3,2,0,0.0,
CUST00987,6,56178.89,4681.574166666666,44,0.0375,5,2024-11-21,2024-04-03,40,272,0.6617647058823529,B2C,South,Organic Search,21,Other,1,3,3,2,0,0.01,Low Risk
CUST00988,3,20128.87,2236.541111111111,23,0.05555555555555555,5,2024-05-21,2023-09-24,224,464,0.1939655172413793,B2C,West,Direct,47,Male,1,4,1,1,1,0.98,High Risk
CUST00989,6,38964.270000000004,2783.162142857143,44,0.03214285714285715,5,2024-11-03,2022-09-09,58,844,0.2132701421800948,B2C,Central,Affiliate,19,Female,1,0,0,0,0,0.05,Low Risk
CUST00990,6,42677.83,2667.364375,46,0.021875000000000002,5,2024-12-05,2024-03-26,26,280,0.6428571428571428,B2B,South,Direct,55,Female,0,3,1,0,0,0.0,
CUST00991,7,33172.88,1951.345882352941,47,0.03823529411764706,5,2024-09-26,2024-01-23,96,343,0.6122448979591837,B2B,South,Social Media,32,Male,0,3,6,1,0,0.0,
CUST00992,3,11934.99,2983.7475,11,0.1125,4,2024-12-22,2024-01-25,9,341,0.26392961876832843,B2C,South,Paid Search,22,Female,1,3,4,0,0,0.05,Low Risk
CUST00993,9,30654.309999999998,2043.6206666666665,39,0.05,5,2024-12-01,2024-07-23,30,161,1.6770186335403727,B2C,West,Direct,47,Male,1,4,1,1,0,0.0,
CUST00994,7,43048.29,3074.877857142857,40,0.075,5,2024-12-15,2024-01-11,16,355,0.5915492957746479,B2B,West,Referral,40,Female,0,4,5,0,0,0.0,
CUST00995,6,51731.22,3233.20125,54,0.028125,5,2024-12-03,2022-11-21,28,771,0.23346303501945526,B2C,North,Organic Search,35,Male,1,2,3,1,0,0.03,Low Risk
CUST00996,4,18727.0,1560.5833333333333,26,0.03333333333333333,5,2024-10-28,2023-01-27,64,704,0.17045454545454547,B2C,West,Affiliate,39,Male,1,4,0,1,0,0.0,
CUST00997,1,15877.69,3969.4225,12,0.0,2,2024-06-17,2024-06-17,197,197,0.15228426395939088,Enterprise,Central,Direct,53,Male,2,0,1,1,1,0.92,High Risk
CUST00998,2,10167.68,1694.6133333333335,13,0.03333333333333333,4,2023-12-17,2023-12-09,380,388,0.15463917525773196,B2B,West,Paid Search,55,Female,0,4,4,0,1,0.93,High Risk
CUST00999,4,30271.27,3027.127,25,0.025,5,2024-12-22,2024-01-11,9,355,0.3380281690140845,B2B,West,Paid Search,33,Female,0,4,4,0,0,0.0,
CUST01000,5,40155.37,3346.2808333333337,38,0.041666666666666664,5,2024-12-11,2024-06-07,20,207,0.7246376811594203,Enterprise,Central,Direct,18,Female,2,0,1,0,0,0.0,
CUST01001,4,12661.24,2110.2066666666665,19,0.075,4,2024-12-27,2022-12-14,4,748,0.16042780748663102,B2C,Central,Direct,43,Female,1,0,1,0,0,0.01,Low Risk
CUST01002,7,36326.6,1911.9263157894736,49,0.1131578947368421,5,2024-12-25,2023-01-16,6,715,0.2937062937062937,B2C,South,Affiliate,18,Other,1,3,0,2,0,0.02,Low Risk
CUST01003,4,26288.56,3286.07,25,0.05,3,2024-07-21,2024-02-06,163,329,0.364741641337386,B2C,East,Referral,23,Male,1,1,5,1,0,0.0,
CUST01004,2,11357.21,1892.868333333333,14,0.03333333333333333,4,2024-11-03,2024-07-09,58,175,0.34285714285714286,B2B,South,Affiliate,54,Other,0,3,0,2,0,0.02,Low Risk
CUST01005,8,48333.63,2416.6814999999997,57,0.07250000000000001,5,2024-10-31,2024-07-19,61,165,1.4545454545454546,B2B,West,Affiliate,63,Female,0,4,0,0,0,0.01,Low Risk
CUST01006,6,22086.69,1698.9761538461537,28,0.05,5,2024-08-22,2022-11-03,131,789,0.22813688212927757,B2B,West,Organic Search,58,Male,0,4,3,1,0,0.0,
CUST01007,4,47979.18,4797.918,32,0.045,5,2024-12-25,2024-03-04,6,302,0.3973509933774835,B2C,Central,Email,35,Other,1,0,2,2,0,0.05,Low Risk
CUST01008,3,31502.61,3500.29,27,0.011111111111111112,3,2024-12-01,2024-09-23,30,99,0.9090909090909092,B2B,South,Organic Search,57,Female,0,3,3,0,0,0.01,Low Risk
CUST01009,5,31840.47,2653.3725,34,0.08333333333333333,5,2024-05-18,2022-09-18,227,835,0.17964071856287425,B2C,North,Social Media,47,Other,1,2,6,2,1,0.98,High Risk
CUST01010,6,38502.45,3850.245,31,0.065,5,2024-10-04,2022-08-19,88,865,0.20809248554913296,B2C,South,Referral,22,Other,1,3,5,2,0,0.01,Low Risk
CUST01011,4,30658.829999999998,2554.9024999999997,31,0.06666666666666667,5,2024-12-23,2023-06-03,8,577,0.20797227036395147,B2C,South,Referral,48,Other,1,3,5,2,0,0.02,Low Risk
CUST01012,6,30725.98,3072.598,30,0.025,4,2024-10-30,2024-07-03,62,181,0.994475138121547,B2C,South,Social Media,50,Other,1,3,6,2,0,0.0,
CUST01013,4,18606.26,2067.362222222222,25,0.061111111111111116,4,2024-11-15,2024-02-27,46,308,0.3896103896103896,B2C,North,Email,49,Other,1,2,2,2,0,0.0,
CUST01014,6,34978.4,2914.866666666667,35,0.10833333333333334,4,2024-11-23,2024-05-16,38,229,0.7860262008733624,B2B,West,Referral,52,Female,0,4,5,0,0,0.0,
CUST01015,5,12875.98,1839.4257142857143,24,0.03571428571428571,4,2024-11-02,2024-01-01,59,365,0.4109589041095891,B2C,North,Email,23,Male,1,2,2,1,0,0.01,Low Risk
CUST01016,3,22461.35,2495.7055555555553,18,0.05,5,2024-07-08,2024-05-05,176,240,0.375,Enterprise,East,Organic Search,24,Male,2,1,3,1,0,0.0,
CUST01017,3,16928.06,2116.0075,21,0.07500000000000001,4,2024-09-07,2023-05-23,115,588,0.1530612244897959,B2C,West,Paid Search,51,Other,1,4,4,2,0,0.0,
CUST01018,4,18682.350000000002,1868.2350000000001,19,0.06,5,2024-03-17,2022-06-13,289,932,0.12875536480686695,Enterprise,Central,Email,40,Female,2,0,2,0,1,0.94,High Risk
CUST01019,4,16808.66,2801.443333333333,28,0.041666666666666664,4,2024-04-30,2024-01-19,245,347,0.345821325648415,B2C,East,Organic Search,32,Other,1,1,3,2,1,0.86,High Risk
CUST01020,5,10226.78,2045.3560000000002,15,0.05,4,2024-12-22,2024-10-04,9,88,1.7045454545454546,B2C,Central,Referral,38,Female,1,0,5,0,0,0.0,
CUST01021,6,35343.92,2945.3266666666664,40,0.02916666666666667,5,2024-10-26,2024-08-14,66,139,1.2949640287769784,B2C,Central,Social Media,54,Male,1,0,6,1,0,0.0,
CUST01022,6,31583.11,2871.1918181818182,35,0.06363636363636364,4,2024-12-15,2023-11-14,16,413,0.4358353510895884,B2C,South,Social Media,21,Male,1,3,6,1,0,0.0,
CUST01023,3,22918.8,3274.1142857142854,22,0.0,4,2024-12-05,2023-08-29,26,490,0.1836734693877551,B2C,South,Paid Search,63,Other,1,3,4,2,0,0.02,Low Risk
CUST01024,4,11917.62,1324.18,14,0.03333333333333334,4,2024-07-20,2023-11-05,164,422,0.2843601895734597,B2C,South,Organic Search,20,Female,1,3,3,0,0,0.01,Low Risk
CUST01025,5,17402.52,2175.315,27,0.0625,5,2024-12-19,2024-07-08,12,176,0.8522727272727273,B2C,East,Paid Search,53,Other,1,1,4,2,0,0.0,
CUST01026,4,9546.31,1363.7585714285713,16,0.06428571428571428,3,2024-12-04,2023-03-13,27,659,0.1820940819423369,B2C,East,Email,52,Male,1,1,2,1,0,0.02,Low Risk
CUST01027,4,33265.85,3696.2055555555553,30,0.10555555555555557,4,2024-11-21,2024-05-09,40,236,0.5084745762711864,B2C,North,Email,27,Female,1,2,2,0,0,0.0,
CUST01028,3,6629.36,1657.34,13,0.1,2,2024-10-07,2023-10-24,85,434,0.2073732718894009,Enterprise,Central,Social Media,59,Other,2,0,6,2,0,0.03,Low Risk
CUST01029,8,46631.54,2914.47125,50,0.078125,5,2024-12-17,2023-04-25,14,616,0.3896103896103896,B2C,Central,Affiliate,54,Other,1,0,0,2,0,0.0,
CUST01030,6,30097.83,3009.7830000000004,34,0.04,4,2024-12-27,2023-11-24,4,403,0.4466501240694789,Enterprise,West,Paid Search,61,Other,2,4,4,2,0,0.0,
CUST01031,4,16024.81,2670.8016666666667,14,0.041666666666666664,3,2024-12-17,2022-08-26,14,858,0.13986013986013984,B2C,West,Paid Search,46,Female,1,4,4,0,0,0.05,Low Risk
CUST01032,8,59161.94,2817.2352380952384,64,0.03571428571428571,5,2024-09-05,2023-03-08,117,664,0.3614457831325301,B2C,Central,Direct,51,Male,1,0,1,1,0,0.01,Low Risk
CUST01033,5,28041.579999999998,2002.9699999999998,46,0.07142857142857142,5,2024-07-04,2023-12-03,180,394,0.3807106598984772,B2C,North,Email,61,Other,1,2,2,2,0,0.01,Low Risk
CUST01034,6,24617.13,2461.713,26,0.06999999999999999,5,2024-02-08,2022-07-05,327,910,0.19780219780219782,B2C,South,Direct,56,Other,1,3,1,2,1,0.98,High Risk
CUST01035,3,26872.39,3838.912857142857,24,0.0071428571428571435,4,2024-10-23,2023-01-08,69,723,0.12448132780082986,B2C,West,Affiliate,45,Female,1,4,0,0,0,0.04,Low Risk
CUST01036,5,32165.760000000002,4020.7200000000003,24,0.05,4,2024-09-15,2023-11-22,107,405,0.37037037037037035,B2C,East,Social Media,46,Other,1,1,6,2,0,0.02,Low Risk
CUST01037,9,34813.01,2320.8673333333336,41,0.08,5,2024-08-12,2022-06-05,141,940,0.2872340425531915,B2B,West,Social Media,28,Other,0,4,6,2,0,0.0,
CUST01038,4,50371.13,2963.0076470588233,52,0.029411764705882353,5,2024-12-02,2024-04-28,29,247,0.4858299595141701,B2B,South,Direct,23,Male,0,3,1,1,0,0.01,Low Risk
CUST01039,7,36969.28,3080.773333333333,37,0.08333333333333333,4,2024-12-17,2023-01-05,14,726,0.2892561983471075,Enterprise,Central,Organic Search,55,Female,2,0,3,0,0,0.01,Low Risk
CUST01040,3,6156.44,1539.11,11,0.1125,3,2024-09-16,2023-07-17,106,533,0.16885553470919326,B2C,East,Direct,47,Other,1,1,1,2,0,0.06,Low Risk
CUST01041,9,62383.229999999996,3283.3278947368417,59,0.04736842105263158,5,2024-12-18,2024-08-13,13,140,1.9285714285714284,B2C,South,Email,36,Other,1,3,2,2,0,0.0,
CUST01042,5,11160.93,930.0775,27,0.03333333333333333,5,2024-09-14,2024-04-10,108,265,0.5660377358490566,B2C,Central,Direct,65,Female,1,0,1,0,0,0.0,
CUST01043,5,21638.27,2163.827,42,0.05,5,2024-12-05,2023-02-08,26,692,0.21676300578034682,B2C,South,Referral,58,Female,1,3,5,0,0,0.02,Low Risk
CUST01044,6,35628.71,2226.794375,47,0.10312500000000001,5,2024-07-15,2022-07-26,169,889,0.20247469066366705,B2C,West,Referral,59,Male,1,4,5,1,0,0.02,Low Risk
CUST01045,6,25423.4,2311.218181818182,29,0.08181818181818182,5,2024-11-22,2022-02-21,39,1044,0.1724137931034483,Enterprise,West,Organic Search,56,Other,2,4,3,2,0,0.02,Low Risk
CUST01046,5,35921.85,4490.23125,24,0.03125,4,2024-07-19,2023-07-21,165,529,0.2835538752362949,B2C,Central,Social Media,58,Other,1,0,6,2,0,0.0,
CUST01047,4,41328.17,3444.0141666666664,38,0.020833333333333332,5,2024-09-30,2024-03-03,92,303,0.39603960396039606,B2C,East,Direct,19,Female,1,1,1,0,0,0.0,
CUST01048,2,22343.2,3723.866666666667,17,0.0,3,2024-07-02,2023-08-29,182,490,0.12244897959183675,B2C,South,Referral,26,Female,1,3,5,0,1,0.76,High Risk
CUST01049,4,30710.12,3071.0119999999997,29,0.07,4,2024-07-10,2022-12-10,174,752,0.1595744680851064,B2C,East,Social Media,21,Female,1,1,6,0,0,0.02,Low Risk
CUST01050,5,26282.97,2628.297,35,0.025,5,2024-11-21,2023-07-11,40,539,0.2782931354359926,B2C,Central,Referral,29,Male,1,0,5,1,0,0.0,
CUST01051,5,27922.43,2792.243,25,0.09,5,2024-11-15,2024-10-09,46,83,1.8072289156626506,B2C,Central,Social Media,61,Female,1,0,6,0,0,0.0,
CUST01052,4,8256.17,1179.452857142857,20,0.09999999999999999,5,2024-11-18,2023-04-12,43,629,0.1907790143084261,B2C,North,Social Media,27,Male,1,2,6,1,0,0.03,Low Risk
CUST01053,7,35430.46,2362.0306666666665,45,0.07,5,2024-08-12,2022-09-10,141,843,0.24911032028469748,B2B,East,Email,39,Male,0,1,2,1,0,0.02,Low Risk
CUST01054,6,29829.15,2711.740909090909,32,0.05,4,2024-12-04,2022-07-21,27,894,0.20134228187919462,B2C,Central,Paid Search,53,Other,1,0,4,2,0,0.0,
CUST01055,6,31063.56,3106.356,32,0.08499999999999999,4,2024-10-18,2024-03-29,74,277,0.6498194945848376,B2B,Central,Affiliate,25,Female,0,0,0,0,0,0.0,
CUST01056,6,34434.15,3130.377272727273,33,0.05909090909090909,5,2024-08-28,2024-01-22,125,344,0.5232558139534884,B2B,North,Organic Search,48,Female,0,2,3,0,0,0.0,
CUST01057,7,37573.39,2683.8135714285713,43,0.060714285714285714,4,2024-11-22,2023-05-02,39,609,0.3448275862068965,B2B,South,Direct,51,Female,0,3,1,0,0,0.02,Low Risk
CUST01058,3,18205.11,2275.63875,16,0.03125,4,2024-01-04,2023-07-26,362,524,0.1717557251908397,B2B,North,Organic Search,32,Male,0,2,3,1,1,0.96,High Risk
CUST01059,4,18460.78,3076.7966666666666,18,0.041666666666666664,4,2024-09-22,2023-08-08,100,511,0.23483365949119372,B2C,East,Paid Search,23,Female,1,1,4,0,0,0.02,Low Risk
CUST01060,6,26034.3,2366.754545454545,38,0.08636363636363636,4,2024-02-26,2022-09-15,309,838,0.21479713603818615,B2B,West,Organic Search,30,Male,0,4,3,1,1,1.0,High Risk
CUST01061,9,63743.26,2897.4209090909094,68,0.08636363636363636,5,2024-09-10,2022-03-02,112,1035,0.2608695652173913,B2C,Central,Organic Search,34,Male,1,0,3,1,0,0.0,
CUST01062,4,32192.7,4598.957142857143,23,0.03571428571428571,4,2024-11-18,2022-09-04,43,849,0.1413427561837456,B2B,North,Direct,31,Other,0,2,1,2,0,0.0,
CUST01063,5,24622.29,2735.81,26,0.027777777777777776,3,2024-03-26,2023-03-20,280,652,0.2300613496932515,B2C,North,Affiliate,65,Female,1,2,0,0,1,0.95,High Risk
CUST01064,3,5100.72,1020.144,18,0.11000000000000001,2,2024-12-26,2024-07-01,5,183,0.49180327868852464,B2B,South,Affiliate,64,Other,0,3,0,2,0,0.01,Low Risk
CUST01065,2,7009.63,1752.4075,9,0.025,3,2023-09-25,2023-02-11,463,689,0.08708272859216257,B2C,North,Direct,18,Other,1,2,1,2,1,0.95,High Risk
CUST01066,6,15576.74,1730.7488888888888,19,0.03333333333333334,4,2024-11-02,2023-05-27,59,584,0.3082191780821918,B2C,East,Affiliate,52,Male,1,1,0,1,0,0.0,
CUST01067,8,49445.67,2354.555714285714,55,0.05714285714285715,5,2024-10-22,2022-08-25,70,859,0.27939464493597205,B2B,Central,Email,41,Other,0,0,2,2,0,0.0,
CUST01068,5,43107.01,3315.923846153846,37,0.04615384615384616,5,2024-12-23,2024-07-29,8,155,0.9677419354838709,B2C,North,Social Media,42,Female,1,2,6,0,0,0.0,
CUST01069,2,6826.599999999999,2275.5333333333333,13,0.03333333333333333,3,2024-01-01,2023-10-01,365,457,0.1312910284463895,B2C,West,Social Media,25,Female,1,4,6,0,1,0.98,High Risk
CUST01070,3,6990.22,1747.555,6,0.037500000000000006,3,2023-08-06,2022-10-24,513,799,0.11264080100125157,B2B,West,Referral,36,Other,0,4,5,2,1,0.98,High Risk
CUST01071,7,38285.52,2126.9733333333334,39,0.07777777777777778,5,2024-05-25,2022-03-10,220,1027,0.2044790652385589,B2C,West,Social Media,47,Other,1,4,6,2,1,0.99,High Risk
CUST01072,8,46710.840000000004,3593.141538461539,42,0.05384615384615385,5,2024-11-25,2023-09-04,36,484,0.49586776859504134,B2C,South,Social Media,45,Male,1,3,6,1,0,0.01,Low Risk
CUST01073,4,37375.759999999995,3114.646666666666,43,0.15833333333333335,5,2024-06-13,2022-07-06,201,909,0.132013201320132,B2C,East,Referral,49,Other,1,1,5,2,1,0.99,High Risk
CUST01074,1,189.36,189.36,3,0.0,1,2023-09-06,2023-09-06,482,482,0.06224066390041494,B2C,Central,Organic Search,25,Male,1,0,3,1,1,0.99,High Risk
CUST01075,6,17458.85,1745.8849999999998,25,0.075,5,2024-11-20,2023-11-02,41,425,0.4235294117647059,B2B,North,Paid Search,22,Female,0,2,4,0,0,0.02,Low Risk
CUST01076,3,5679.110000000001,1135.8220000000001,11,0.12,4,2024-06-28,2023-02-20,186,680,0.1323529411764706,B2B,Central,Email,25,Male,0,0,2,1,1,0.99,High Risk
CUST01077,4,28197.289999999997,2349.7741666666666,33,0.008333333333333333,4,2024-11-10,2024-07-15,51,169,0.7100591715976331,B2B,East,Affiliate,55,Other,0,1,0,2,0,0.0,
CUST01078,6,29040.230000000003,2640.0209090909093,33,0.05454545454545456,5,2024-11-14,2023-08-18,47,501,0.3592814371257485,B2C,East,Direct,43,Female,1,1,1,0,0,0.01,Low Risk
CUST01079,5,21166.43,2116.643,30,0.02,5,2024-09-21,2024-03-24,101,282,0.5319148936170213,B2C,West,Social Media,49,Female,1,4,6,0,0,0.0,
CUST01080,3,15110.96,3777.74,12,0.025,3,2024-08-23,2024-01-07,130,359,0.25069637883008355,B2C,North,Organic Search,22,Female,1,2,3,0,0,0.02,Low Risk
CUST01081,5,36885.770000000004,4610.7212500000005,33,0.08125,3,2024-12-25,2024-11-26,6,35,4.285714285714286,B2C,West,Social Media,27,Female,1,4,6,0,0,0.01,Low Risk
CUST01082,3,15339.65,3834.9125,14,0.05,4,2024-11-04,2024-10-08,57,84,1.0714285714285714,B2C,North,Direct,49,Female,1,2,1,0,0,0.0,
CUST01083,5,28831.12,2883.112,25,0.02,4,2024-11-09,2023-04-01,52,640,0.234375,B2C,West,Direct,39,Other,1,4,1,2,0,0.0,
CUST01084,7,24681.43,2056.7858333333334,38,0.05416666666666666,5,2024-12-30,2024-06-16,1,198,1.0606060606060606,B2B,West,Organic Search,42,Female,0,4,3,0,0,0.0,
CUST01085,3,13914.4,1987.7714285714285,30,0.08571428571428573,5,2024-06-05,2023-09-19,209,469,0.19189765458422176,B2C,West,Organic Search,29,Other,1,4,3,2,1,0.98,High Risk
CUST01086,9,46389.4,2319.4700000000003,55,0.04,5,2024-12-22,2024-10-27,9,65,4.153846153846154,B2C,South,Paid Search,37,Other,1,3,4,2,0,0.0,
CUST01087,9,67764.12,3764.673333333333,62,0.0638888888888889,5,2024-11-20,2023-09-08,41,480,0.5625,B2C,Central,Referral,53,Other,1,0,5,2,0,0.0,
CUST01088,7,38685.94,2275.643529411765,38,0.011764705882352941,5,2024-11-22,2024-05-28,39,217,0.967741935483871,B2C,West,Paid Search,50,Male,1,4,4,1,0,0.0,
CUST01089,3,15730.99,2247.2842857142855,19,0.0,5,2024-11-08,2023-09-22,53,466,0.19313304721030042,Enterprise,Central,Direct,61,Female,2,0,1,0,0,0.04,Low Risk
CUST01090,6,22267.550000000003,1712.8884615384618,34,0.05,5,2024-11-26,2023-03-31,35,641,0.28081123244929795,B2C,North,Paid Search,41,Female,1,2,4,0,0,0.01,Low Risk
CUST01091,6,16560.95,1505.540909090909,25,0.05909090909090909,5,2024-12-10,2024-07-21,21,163,1.1042944785276072,B2C,West,Social Media,40,Female,1,4,6,0,0,0.01,Low Risk
CUST01092,7,46107.56,3842.2966666666666,39,0.0625,5,2024-12-02,2023-09-22,29,466,0.45064377682403434,B2C,South,Social Media,55,Male,1,3,6,1,0,0.0,
CUST01093,5,33663.3,3740.366666666667,26,0.027777777777777776,3,2024-10-24,2022-08-14,68,870,0.1724137931034483,B2C,North,Organic Search,52,Female,1,2,3,0,0,0.07,Low Risk
CUST01094,2,8112.64,1622.528,16,0.08,4,2023-09-30,2022-06-13,458,932,0.06437768240343347,B2C,Central,Email,35,Male,1,0,2,1,1,1.0,High Risk
CUST01095,4,36741.31,3340.1190909090906,35,0.004545454545454546,5,2024-11-11,2024-01-11,50,355,0.3380281690140845,B2C,East,Email,38,Other,1,1,2,2,0,0.0,
CUST01096,1,14469.18,4823.06,12,0.0,3,2024-07-05,2024-07-05,179,179,0.16759776536312848,B2C,North,Paid Search,39,Female,1,2,4,0,0,0.05,Low Risk
CUST01097,7,37362.33,3736.233,33,0.02,5,2024-11-02,2024-03-23,59,283,0.7420494699646643,B2C,South,Social Media,45,Male,1,3,6,1,0,0.01,Low Risk
CUST01098,3,24747.42,3535.345714285714,22,0.08571428571428573,4,2024-11-30,2024-04-14,31,261,0.3448275862068966,B2C,Central,Social Media,21,Female,1,0,6,0,0,0.0,
CUST01099,8,67066.56,3725.92,61,0.06666666666666668,5,2024-10-27,2024-06-13,65,201,1.1940298507462686,B2B,Central,Organic Search,63,Other,0,0,3,2,0,0.0,
CUST01100,4,28258.7,2354.891666666667,34,0.09166666666666667,4,2024-10-06,2022-11-28,86,764,0.15706806282722513,B2C,East,Affiliate,51,Female,1,1,0,0,0,0.02,Low Risk
CUST01101,10,37621.840000000004,2351.3650000000002,41,0.065625,5,2024-07-17,2023-10-29,167,429,0.6993006993006993,B2C,North,Social Media,50,Female,1,2,6,0,0,0.01,Low Risk
CUST01102,3,6526.91,1087.8183333333334,9,0.10833333333333334,5,2024-09-03,2024-03-10,119,296,0.30405405405405406,B2C,East,Email,34,Other,1,1,2,2,0,0.0,
CUST01103,3,16231.39,1803.4877777777776,24,0.05,3,2024-12-10,2024-05-20,21,225,0.4,B2B,South,Referral,63,Other,0,3,5,2,0,0.0,
CUST01104,3,9911.66,3303.8866666666668,9,0.03333333333333333,3,2024-06-01,2023-12-24,213,373,0.24128686327077747,B2C,South,Affiliate,65,Female,1,3,0,0,1,0.86,High Risk
CUST01105,4,11593.85,1656.2642857142857,18,0.04285714285714286,3,2024-12-08,2023-11-09,23,418,0.28708133971291866,B2B,Central,Email,54,Other,0,0,2,2,0,0.02,Low Risk
CUST01106,3,25684.65,5136.93,18,0.1,4,2024-12-15,2024-09-18,16,104,0.8653846153846153,B2C,South,Paid Search,33,Male,1,3,4,1,0,0.02,Low Risk
CUST01107,2,16118.18,5372.7266666666665,11,0.16666666666666666,2,2024-12-24,2024-12-09,7,22,2.0,B2C,West,Affiliate,22,Other,1,4,0,2,0,0.0,
CUST01108,10,57093.630000000005,3568.3518750000003,55,0.0375,5,2024-05-29,2022-11-23,216,769,0.3901170351105332,B2B,East,Referral,28,Female,0,1,5,0,1,0.95,High Risk
CUST01109,6,44583.22,3429.4784615384615,45,0.04615384615384615,5,2024-12-21,2024-08-19,10,134,1.3432835820895521,B2C,South,Paid Search,19,Male,1,3,4,1,0,0.0,
CUST01110,4,10731.56,2146.312,15,0.04,3,2024-06-08,2023-07-20,206,530,0.22641509433962262,Enterprise,Central,Email,59,Male,2,0,2,1,1,0.89,High Risk
CUST01111,5,20778.48,2968.3542857142857,20,0.028571428571428574,3,2024-10-07,2022-12-14,85,748,0.20053475935828877,B2C,South,Affiliate,35,Other,1,3,0,2,0,0.0,
CUST01112,6,31600.79,3950.09875,25,0.05,4,2024-11-10,2024-05-17,51,228,0.7894736842105263,B2B,West,Organic Search,23,Female,0,4,3,0,0,0.0,
CUST01113,2,21149.190000000002,3021.3128571428574,17,0.10714285714285714,3,2024-09-29,2024-09-05,93,117,0.5128205128205129,B2B,West,Referral,60,Male,0,4,5,1,0,0.01,Low Risk
CUST01114,8,62255.32,2964.539047619048,64,0.06666666666666668,5,2024-11-24,2023-12-03,37,394,0.6091370558375635,B2C,South,Referral,50,Male,1,3,5,1,0,0.0,
CUST01115,7,38359.380000000005,3487.216363636364,39,0.07272727272727272,5,2024-12-29,2024-04-13,2,262,0.801526717557252,B2C,Central,Organic Search,33,Other,1,0,3,2,0,0.0,
CUST01116,4,23677.78,2367.778,29,0.04,4,2024-02-07,2022-11-14,328,778,0.15424164524421594,B2B,East,Referral,42,Other,0,1,5,2,1,1.0,High Risk
CUST01117,5,37808.62,2908.355384615385,35,0.04615384615384616,5,2024-10-09,2023-03-03,83,669,0.22421524663677128,B2C,South,Paid Search,31,Female,1,3,4,0,0,0.03,Low Risk
CUST01118,7,38112.51,2382.031875,41,0.08125,5,2024-10-14,2024-01-17,78,349,0.6017191977077364,B2C,Central,Direct,41,Other,1,0,1,2,0,0.0,
CUST01119,6,14810.26,1481.026,30,0.035,4,2024-08-25,2023-04-16,128,625,0.28800000000000003,B2C,West,Paid Search,35,Male,1,4,4,1,0,0.0,
CUST01120,8,73778.03,3688.9015,66,0.05,5,2024-04-09,2023-07-29,266,521,0.4606525911708253,B2C,East,Direct,20,Other,1,1,1,2,1,0.91,High Risk
CUST01121,3,25204.09,5040.818,16,0.09,3,2024-12-27,2024-11-22,4,39,2.3076923076923075,B2C,South,Email,37,Other,1,3,2,2,0,0.0,
CUST01122,4,28094.0,3511.75,30,0.10625,4,2024-07-29,2023-10-20,155,438,0.273972602739726,B2B,Central,Affiliate,46,Female,0,0,0,0,0,0.01,Low Risk
CUST01123,5,32272.62,2689.3849999999998,31,0.07916666666666668,4,2024-06-04,2022-03-17,210,1020,0.14705882352941177,B2C,East,Affiliate,33,Female,1,1,0,0,1,0.97,High Risk
CUST01124,4,11445.14,1907.5233333333333,15,0.008333333333333333,3,2024-04-10,2023-01-24,265,707,0.16973125884016974,B2C,West,Affiliate,59,Female,1,4,0,0,1,0.98,High Risk
CUST01125,5,20844.38,2316.0422222222223,32,0.027777777777777776,5,2024-02-12,2022-06-05,323,940,0.1595744680851064,B2C,West,Email,39,Other,1,4,2,2,1,0.98,High Risk
CUST01126,6,34376.08,2455.434285714286,40,0.10357142857142856,5,2024-12-17,2023-11-29,14,398,0.4522613065326633,B2C,South,Direct,22,Female,1,3,1,0,0,0.0,
CUST01127,4,10970.84,1828.4733333333334,9,0.075,4,2024-04-02,2024-02-13,273,322,0.3726708074534162,B2C,East,Organic Search,21,Other,1,1,3,2,1,0.97,High Risk
CUST01128,4,26436.370000000003,4406.061666666667,15,0.0,4,2024-12-20,2024-10-13,11,79,1.518987341772152,B2C,South,Paid Search,58,Female,1,3,4,0,0,0.0,
CUST01129,6,40883.66,2920.261428571429,45,0.08214285714285716,5,2024-12-04,2023-08-12,27,507,0.3550295857988166,B2C,North,Direct,63,Other,1,2,1,2,0,0.01,Low Risk
CUST01130,2,7949.48,2649.8266666666664,9,0.13333333333333333,2,2023-12-17,2023-09-10,380,478,0.12552301255230125,B2B,West,Social Media,46,Female,0,4,6,0,1,0.95,High Risk
CUST01131,5,21407.84,1946.1672727272728,26,0.03181818181818182,5,2024-11-09,2023-05-16,52,595,0.25210084033613445,B2B,Central,Affiliate,36,Male,0,0,0,1,0,0.0,
CUST01132,8,54791.83,3043.9905555555556,59,0.0861111111111111,5,2024-07-15,2022-08-19,169,865,0.27745664739884396,B2C,South,Email,54,Male,1,3,2,1,0,0.01,Low Risk
CUST01133,3,10610.27,2652.5675,11,0.0125,3,2024-06-09,2022-07-15,205,900,0.1,B2C,Central,Organic Search,47,Male,1,0,3,1,1,0.96,High Risk
CUST01134,4,29578.93,4225.561428571428,27,0.014285714285714287,4,2024-06-21,2024-01-22,193,344,0.3488372093023256,B2C,North,Email,56,Female,1,2,2,0,1,0.79,High Risk
CUST01135,7,38535.08,2569.0053333333335,36,0.09000000000000001,5,2024-06-21,2023-09-18,193,470,0.4468085106382979,Enterprise,South,Organic Search,18,Other,2,3,3,2,1,0.92,High Risk
CUST01136,5,44814.74,4481.474,33,0.025,5,2024-12-11,2024-03-31,20,275,0.5454545454545455,B2C,West,Referral,31,Male,1,4,5,1,0,0.0,
CUST01137,6,31506.15,2250.4392857142857,34,0.014285714285714287,5,2024-12-06,2023-05-05,25,606,0.297029702970297,B2C,West,Affiliate,31,Other,1,4,0,2,0,0.02,Low Risk
CUST01138,6,34017.13,3092.4663636363634,29,0.08181818181818182,4,2024-02-07,2023-01-16,328,715,0.2517482517482518,B2C,South,Email,27,Male,1,3,2,1,1,0.95,High Risk
CUST01139,5,26364.75,3295.59375,24,0.06875,3,2024-10-28,2023-08-02,64,517,0.2901353965183752,B2C,Central,Paid Search,41,Other,1,0,4,2,0,0.02,Low Risk
CUST01140,1,1319.44,1319.44,4,0.2,1,2024-12-04,2024-12-04,27,27,1.0,B2C,North,Paid Search,38,Other,1,2,4,2,0,0.0,
CUST01141,5,26287.28,2628.728,34,0.035,4,2024-07-22,2023-09-21,162,467,0.32119914346895073,B2B,West,Referral,56,Female,0,4,5,0,0,0.04,Low Risk
CUST01142,4,28383.739999999998,3153.748888888889,32,0.044444444444444446,4,2024-02-08,2022-05-19,327,957,0.12539184952978058,B2C,North,Paid Search,48,Female,1,2,4,0,1,0.93,High Risk
CUST01143,6,62380.1,3465.561111111111,50,0.03333333333333334,4,2024-11-20,2024-08-03,41,150,1.2,B2C,North,Direct,57,Female,1,2,1,0,0,0.0,
CUST01144,4,33693.38,3743.7088888888884,31,0.011111111111111112,4,2024-07-30,2023-10-09,154,449,0.26726057906458794,Enterprise,South,Direct,20,Other,2,3,1,2,0,0.01,Low Risk
CUST01145,7,52636.92,2924.273333333333,50,0.06388888888888888,5,2024-03-06,2023-02-08,300,692,0.30346820809248554,B2C,Central,Social Media,47,Male,1,0,6,1,1,0.98,High Risk
CUST01146,5,49543.99,3538.8564285714283,39,0.04642857142857143,5,2024-11-11,2023-03-01,50,671,0.22354694485842028,B2C,West,Organic Search,38,Male,1,4,3,1,0,0.01,Low Risk
CUST01147,7,51419.65,3024.685294117647,48,0.017647058823529415,5,2024-08-26,2022-07-30,127,885,0.23728813559322035,Enterprise,East,Social Media,34,Other,2,1,6,2,0,0.0,
CUST01148,8,71768.54000000001,3262.206363636364,67,0.03409090909090909,5,2024-12-17,2023-05-18,14,593,0.40472175379426645,B2B,West,Social Media,65,Female,0,4,6,0,0,0.01,Low Risk
CUST01149,7,39579.47,2638.6313333333333,47,0.05333333333333334,4,2024-08-01,2023-01-23,152,708,0.2966101694915254,B2C,North,Organic Search,32,Male,1,2,3,1,0,0.0,
CUST01150,3,20541.8,5135.45,14,0.07500000000000001,3,2022-07-03,2022-02-26,912,1039,0.08662175168431184,B2B,South,Email,25,Female,0,3,2,0,1,0.92,High Risk
CUST01151,6,29088.649999999998,2237.588461538461,33,0.011538461538461537,5,2024-10-12,2023-03-09,80,663,0.27149321266968324,B2C,Central,Email,25,Other,1,0,2,2,0,0.0,
CUST01152,2,16103.29,3220.6580000000004,16,0.05,3,2024-03-18,2024-02-17,288,318,0.18867924528301888,B2C,North,Social Media,29,Male,1,2,6,1,1,0.98,High Risk
CUST01153,8,67918.14,3574.638947368421,55,0.044736842105263165,5,2024-12-06,2024-03-04,25,302,0.794701986754967,B2B,Central,Direct,31,Other,0,0,1,2,0,0.0,
CUST01154,3,13784.01,2756.802,19,0.02,4,2024-03-21,2023-08-03,285,516,0.1744186046511628,B2C,South,Organic Search,33,Female,1,3,3,0,1,0.96,High Risk
CUST01155,7,52669.13,2772.0594736842104,47,0.04473684210526316,5,2024-12-27,2024-11-18,4,43,4.883720930232558,B2C,North,Referral,25,Female,1,2,5,0,0,0.0,
CUST01156,2,7094.16,1773.54,13,0.025,2,2024-11-21,2023-08-20,40,499,0.12024048096192386,B2C,East,Organic Search,47,Other,1,1,3,2,0,0.03,Low Risk
CUST01157,5,44652.369999999995,4465.236999999999,42,0.085,5,2024-12-16,2024-10-28,15,64,2.34375,B2C,East,Organic Search,39,Male,1,1,3,1,0,0.0,
CUST01158,6,47738.94,3672.226153846154,46,0.038461538461538464,4,2024-12-25,2024-10-31,6,61,2.9508196721311477,Enterprise,East,Referral,54,Male,2,1,5,1,0,0.0,
CUST01159,7,49506.99,3094.186875,44,0.0625,5,2024-12-28,2023-01-17,3,714,0.29411764705882354,B2C,East,Organic Search,65,Male,1,1,3,1,0,0.03,Low Risk
CUST01160,4,21663.62,2707.9525,28,0.0625,3,2024-10-22,2024-06-23,70,191,0.6282722513089005,B2C,North,Paid Search,33,Female,1,2,4,0,0,0.0,
CUST01161,2,11794.14,2358.828,15,0.08,5,2024-08-09,2024-02-19,144,316,0.189873417721519,B2C,South,Email,36,Other,1,3,2,2,0,0.07,Low Risk
CUST01162,4,34420.42,3442.042,30,0.07,5,2024-12-29,2024-10-15,2,77,1.5584415584415583,B2C,East,Email,65,Female,1,1,2,0,0,0.0,
CUST01163,8,41385.85,2434.461764705882,49,0.06764705882352941,4,2024-12-30,2024-12-04,1,27,8.0,B2C,East,Affiliate,41,Other,1,1,0,2,0,0.0,
CUST01164,1,4240.78,1413.5933333333332,11,0.05000000000000001,3,2024-08-29,2024-08-29,124,124,0.24193548387096772,B2C,West,Direct,56,Female,1,4,1,0,0,0.02,Low Risk
CUST01165,6,15086.730000000001,1508.6730000000002,22,0.05,5,2024-10-24,2022-08-25,68,859,0.20954598370197905,B2C,East,Email,58,Female,1,1,2,0,0,0.01,Low Risk
CUST01166,6,38152.08,3468.370909090909,29,0.10909090909090911,5,2024-06-20,2023-04-23,194,618,0.2912621359223301,Enterprise,East,Referral,32,Other,2,1,5,2,1,0.93,High Risk
CUST01167,6,47724.81,2982.800625,50,0.037500000000000006,4,2023-08-01,2022-09-29,518,824,0.2184466019417476,B2C,Central,Direct,23,Female,1,0,1,0,1,0.98,High Risk
CUST01168,6,19740.22,2193.3577777777778,20,0.08888888888888889,5,2024-12-13,2024-02-05,18,330,0.5454545454545454,B2C,West,Paid Search,61,Female,1,4,4,0,0,0.0,
CUST01169,6,48044.76,3002.7975,59,0.021875000000000002,4,2024-07-29,2023-03-09,155,663,0.27149321266968324,B2C,East,Direct,22,Male,1,1,1,1,0,0.0,
CUST01170,6,47468.72,3164.5813333333335,44,0.01,5,2024-12-17,2024-04-30,14,245,0.7346938775510204,B2C,West,Email,60,Other,1,4,2,2,0,0.0,
CUST01171,6,47028.81,3359.200714285714,50,0.05714285714285715,5,2024-10-29,2024-06-19,63,195,0.9230769230769231,B2C,East,Organic Search,50,Male,1,1,3,1,0,0.0,
CUST01172,11,93531.61,3340.414642857143,92,0.09107142857142857,5,2024-07-03,2022-08-15,181,869,0.379746835443038,B2B,South,Affiliate,43,Male,0,3,0,1,1,0.81,High Risk
CUST01173,8,44365.38,2609.7282352941174,49,0.08823529411764706,5,2024-11-24,2022-07-02,37,913,0.2628696604600219,B2C,East,Email,60,Female,1,1,2,0,0,0.03,Low Risk
CUST01174,5,28875.670000000002,3208.407777777778,30,0.044444444444444446,4,2024-12-12,2024-10-06,19,86,1.744186046511628,Enterprise,East,Affiliate,29,Male,2,1,0,1,0,0.0,
CUST01175,8,55792.58,3099.587777777778,54,0.061111111111111116,5,2024-12-10,2023-01-29,21,702,0.3418803418803419,B2B,East,Organic Search,45,Other,0,1,3,2,0,0.01,Low Risk
CUST01176,8,49826.020000000004,4152.168333333334,44,0.075,3,2024-12-14,2022-04-16,17,990,0.24242424242424243,B2C,North,Referral,48,Female,1,2,5,0,0,0.02,Low Risk
CUST01177,3,12185.6,1740.8,12,0.03571428571428571,4,2024-12-24,2024-05-06,7,239,0.37656903765690375,B2C,West,Affiliate,57,Female,1,4,0,0,0,0.0,
CUST01178,2,3310.75,1655.375,3,0.0,2,2024-12-07,2024-11-16,24,45,1.3333333333333333,B2C,East,Paid Search,18,Male,1,1,4,1,0,0.0,
CUST01179,6,43673.19,3359.476153846154,42,0.04615384615384616,5,2024-08-12,2023-12-06,141,391,0.46035805626598464,B2B,South,Paid Search,48,Other,0,3,4,2,0,0.0,
CUST01180,5,66850.55,3932.3852941176474,61,0.09411764705882353,5,2024-11-08,2022-09-28,53,825,0.18181818181818182,B2B,West,Affiliate,52,Male,0,4,0,1,0,0.02,Low Risk
CUST01181,3,8516.57,1419.4283333333333,20,0.10833333333333334,3,2024-04-04,2023-05-28,271,583,0.15437392795883362,B2C,South,Organic Search,25,Male,1,3,3,1,1,0.99,High Risk
CUST01182,4,43858.15,4385.8150000000005,34,0.045,4,2024-07-25,2023-08-21,159,498,0.24096385542168672,B2C,West,Affiliate,46,Other,1,4,0,2,0,0.03,Low Risk
CUST01183,8,67321.35,2927.0152173913048,67,0.030434782608695653,5,2024-11-11,2023-01-15,50,716,0.33519553072625696,B2B,Central,Email,21,Female,0,0,2,0,0,0.01,Low Risk
CUST01184,6,25572.44,2324.7672727272725,29,0.06818181818181818,5,2024-10-07,2022-06-24,85,921,0.19543973941368079,B2B,West,Referral,55,Other,0,4,5,2,0,0.0,
CUST01185,5,24200.44,2420.044,29,0.035,5,2024-12-26,2024-06-17,5,197,0.7614213197969544,B2C,West,Direct,55,Other,1,4,1,2,0,0.01,Low Risk
CUST01186,6,40909.34,3146.8723076923075,48,0.019230769230769232,5,2024-11-29,2024-08-12,32,141,1.276595744680851,B2B,South,Direct,19,Female,0,3,1,0,0,0.0,
CUST01187,8,53844.8,2991.3777777777777,55,0.07500000000000001,5,2024-12-26,2024-06-22,5,192,1.25,B2C,North,Referral,44,Female,1,2,5,0,0,0.0,
CUST01188,3,23023.73,2558.192222222222,33,0.08888888888888889,4,2024-02-17,2022-08-24,318,860,0.10465116279069767,B2C,East,Email,19,Male,1,1,2,1,1,1.0,High Risk
CUST01189,4,24552.95,2455.295,23,0.08,5,2024-07-09,2023-05-23,175,588,0.2040816326530612,B2C,West,Paid Search,50,Male,1,4,4,1,0,0.07,Low Risk
CUST01190,5,46168.26,5129.806666666667,34,0.044444444444444446,5,2024-11-28,2024-08-11,33,142,1.056338028169014,B2B,Central,Referral,60,Female,0,0,5,0,0,0.04,Low Risk
CUST01191,2,3818.21,1272.7366666666667,7,0.08333333333333333,2,2023-10-11,2023-01-21,447,710,0.08450704225352113,Enterprise,West,Affiliate,61,Other,2,4,0,2,1,1.0,High Risk
CUST01192,8,40398.77,2524.923125,43,0.05,5,2024-12-23,2023-10-18,8,440,0.5454545454545455,B2C,South,Social Media,62,Other,1,3,6,2,0,0.0,
CUST01193,5,16210.74,1801.1933333333334,18,0.07777777777777778,5,2023-12-17,2022-06-05,380,940,0.1595744680851064,B2C,South,Paid Search,56,Female,1,3,4,0,1,0.92,High Risk
CUST01194,7,47192.05,2621.7805555555556,52,0.1,5,2024-12-02,2022-07-03,29,912,0.23026315789473686,B2C,West,Paid Search,53,Male,1,4,4,1,0,0.04,Low Risk
CUST01195,5,35042.479999999996,2336.165333333333,43,0.07333333333333333,5,2024-09-23,2022-06-21,99,924,0.16233766233766234,B2C,East,Paid Search,50,Male,1,1,4,1,0,0.05,Low Risk
CUST01196,4,39789.57,3617.2336363636364,36,0.06363636363636364,5,2024-07-30,2022-12-05,154,757,0.15852047556142668,B2C,North,Organic Search,53,Male,1,2,3,1,0,0.03,Low Risk
CUST01197,6,18525.91,1852.591,27,0.06000000000000001,4,2024-12-07,2024-04-03,24,272,0.6617647058823529,B2B,East,Affiliate,53,Female,0,1,0,0,0,0.0,
CUST01198,4,23927.2,3987.866666666667,20,0.06666666666666667,4,2024-04-25,2023-11-17,250,410,0.29268292682926833,B2C,Central,Referral,21,Female,1,0,5,0,1,0.96,High Risk
CUST01199,9,59716.03,3142.948947368421,58,0.0736842105263158,5,2024-12-30,2024-02-28,1,307,0.8794788273615636,B2B,North,Direct,24,Other,0,2,1,2,0,0.0,
CUST01200,6,25656.64,2565.6639999999998,31,0.05,4,2024-06-15,2022-08-05,199,879,0.20477815699658702,B2C,South,Affiliate,31,Female,1,3,0,0,1,0.98,High Risk
CUST01201,5,24834.350000000002,2759.3722222222223,25,0.11666666666666667,3,2024-09-13,2023-02-13,109,687,0.2183406113537118,B2B,West,Email,64,Male,0,4,2,1,0,0.07,Low Risk
CUST01202,3,11458.32,2291.6639999999998,10,0.09,3,2024-12-17,2022-12-11,14,751,0.11984021304926763,B2B,East,Organic Search,30,Female,0,1,3,0,0,0.1,Low Risk
CUST01203,5,57617.4,5761.74,36,0.05,5,2024-12-24,2023-11-11,7,416,0.3605769230769231,B2B,South,Email,39,Female,0,3,2,0,0,0.05,Low Risk
CUST01204,3,8340.58,2085.145,12,0.0625,3,2024-10-26,2024-06-09,66,205,0.43902439024390244,B2C,East,Affiliate,44,Female,1,1,0,0,0,0.0,
CUST01205,5,25881.379999999997,2156.7816666666663,38,0.125,5,2024-12-26,2024-10-30,5,62,2.419354838709677,B2B,South,Direct,44,Male,0,3,1,1,0,0.0,
CUST01206,8,35154.29,2511.0207142857143,37,0.05,5,2024-08-26,2022-08-29,127,855,0.2807017543859649,Enterprise,West,Email,51,Other,2,4,2,2,0,0.01,Low Risk
CUST01207,6,18503.96,1850.396,32,0.035,5,2024-11-09,2023-08-22,52,497,0.36217303822937624,B2B,South,Referral,51,Male,0,3,5,1,0,0.0,
CUST01208,5,15941.67,1992.70875,21,0.125,3,2024-07-05,2023-05-28,179,583,0.25728987993138935,Enterprise,West,Paid Search,45,Male,2,4,4,1,0,0.05,Low Risk
CUST01209,6,34918.72,2909.8933333333334,35,0.06666666666666667,4,2024-12-24,2023-10-12,7,446,0.40358744394618834,Enterprise,South,Organic Search,58,Other,2,3,3,2,0,0.0,
CUST01210,3,11292.8,1882.1333333333332,14,0.08333333333333333,4,2024-11-25,2024-10-24,36,68,1.3235294117647058,B2C,East,Referral,62,Other,1,1,5,2,0,0.01,Low Risk
CUST01211,6,27939.48,2793.948,30,0.045,4,2024-12-08,2023-05-01,23,610,0.29508196721311475,B2C,East,Social Media,51,Other,1,1,6,2,0,0.0,
CUST01212,3,13323.400000000001,1665.4250000000002,18,0.06875,5,2024-03-18,2022-12-16,288,746,0.12064343163538874,B2C,West,Direct,57,Other,1,4,1,2,1,0.93,High Risk
CUST01213,6,51369.29,3951.483846153846,41,0.04615384615384616,5,2024-12-15,2024-10-15,16,77,2.3376623376623376,B2B,West,Social Media,23,Male,0,4,6,1,0,0.0,
CUST01214,3,19033.41,4758.3525,14,0.0125,3,2024-08-03,2024-05-17,150,228,0.39473684210526316,B2C,South,Direct,36,Male,1,3,1,1,0,0.0,
CUST01215,3,27860.04,3482.505,24,0.05625,5,2024-10-03,2022-05-31,89,945,0.09523809523809523,B2C,East,Affiliate,58,Male,1,1,0,1,0,0.1,Low Risk
CUST01216,5,60283.81,5023.650833333333,42,0.025000000000000005,5,2024-09-27,2022-02-06,95,1059,0.141643059490085,B2C,Central,Affiliate,37,Other,1,0,0,2,0,0.06,Low Risk
CUST01217,8,36990.49,2642.177857142857,35,0.05714285714285715,5,2024-11-26,2024-01-28,35,338,0.7100591715976331,B2B,North,Social Media,58,Other,0,2,6,2,0,0.0,
CUST01218,6,33708.33,2106.770625,41,0.0625,5,2024-09-23,2023-11-05,99,422,0.4265402843601896,B2C,North,Direct,65,Male,1,2,1,1,0,0.0,
CUST01219,1,8490.04,4245.02,8,0.05,2,2024-02-13,2024-02-13,322,322,0.09316770186335405,B2C,Central,Referral,60,Other,1,0,5,2,1,1.0,High Risk
CUST01220,4,16889.77,1688.977,21,0.085,4,2024-12-08,2024-08-03,23,150,0.8,B2C,East,Affiliate,63,Other,1,1,0,2,0,0.0,
CUST01221,5,19006.54,2375.8175,23,0.043750000000000004,5,2024-12-29,2024-11-29,2,32,4.6875,B2B,Central,Organic Search,38,Other,0,0,3,2,0,0.0,
CUST01222,4,40781.87,3137.066923076923,45,0.06153846153846154,5,2024-12-30,2024-06-26,1,188,0.6382978723404256,B2C,West,Referral,45,Female,1,4,5,0,0,0.0,
CUST01223,5,16499.25,1499.9318181818182,23,0.07272727272727274,5,2024-10-23,2022-05-25,69,951,0.15772870662460567,B2B,West,Email,31,Female,0,4,2,0,0,0.03,Low Risk
CUST01224,5,11678.98,1459.8725,19,0.08125,2,2024-08-26,2022-09-15,127,838,0.17899761336515513,B2C,West,Direct,43,Female,1,4,1,0,0,0.02,Low Risk
CUST01225,2,3288.88,1644.44,6,0.05,2,2024-10-15,2024-06-29,77,185,0.3243243243243243,B2C,West,Email,64,Female,1,4,2,0,0,0.01,Low Risk
CUST01226,3,17345.75,2477.964285714286,26,0.15,4,2024-12-29,2022-09-28,2,825,0.10909090909090909,B2C,South,Email,26,Other,1,3,2,2,0,0.01,Low Risk
CUST01227,8,71556.03,2981.50125,83,0.07916666666666666,5,2024-12-10,2024-04-16,21,259,0.9266409266409267,B2C,North,Email,48,Male,1,2,2,1,0,0.0,
CUST01228,4,14612.289999999999,2087.47,20,0.09285714285714286,3,2024-10-09,2023-08-17,83,502,0.2390438247011952,B2C,North,Email,25,Male,1,2,2,1,0,0.0,
CUST01229,4,35440.68,3221.88,30,0.05909090909090909,4,2024-09-09,2023-08-30,113,489,0.24539877300613497,B2C,North,Organic Search,41,Female,1,2,3,0,0,0.03,Low Risk
CUST01230,3,23438.74,3348.3914285714286,15,0.02142857142857143,4,2024-09-28,2023-10-27,94,431,0.2088167053364269,B2C,West,Paid Search,27,Other,1,4,4,2,0,0.0,
CUST01231,10,55157.54,3064.307777777778,52,0.03888888888888889,5,2024-10-26,2023-11-20,66,407,0.7371007371007371,B2C,East,Affiliate,65,Female,1,1,0,0,0,0.0,
CUST01232,2,14134.58,4711.526666666667,12,0.0,2,2022-07-10,2022-04-16,905,990,0.06060606060606061,B2C,East,Organic Search,44,Female,1,1,3,0,1,1.0,High Risk
CUST01233,5,29749.51,2974.951,29,0.025,3,2024-12-22,2024-06-13,9,201,0.7462686567164178,Enterprise,West,Affiliate,42,Female,2,4,0,0,0,0.0,
CUST01234,7,43029.68,3309.9753846153844,40,0.0038461538461538464,4,2024-11-30,2024-08-11,31,142,1.4788732394366197,B2C,Central,Affiliate,46,Other,1,0,0,2,0,0.0,
CUST01235,4,13173.52,2195.5866666666666,16,0.025000000000000005,4,2024-10-12,2024-03-31,80,275,0.4363636363636364,B2B,North,Referral,57,Female,0,2,5,0,0,0.0,
CUST01236,3,8753.119999999999,1750.6239999999998,16,0.01,3,2024-12-09,2023-10-27,22,431,0.2088167053364269,B2C,East,Referral,46,Other,1,1,5,2,0,0.05,Low Risk
CUST01237,6,29918.08,1994.5386666666668,43,0.10333333333333333,5,2024-08-05,2023-06-24,148,556,0.3237410071942446,B2B,South,Direct,58,Other,0,3,1,2,0,0.0,
CUST01238,2,3988.45,1329.4833333333333,8,0.15,2,2024-02-08,2023-09-14,327,474,0.12658227848101264,B2C,Central,Direct,52,Other,1,0,1,2,1,0.98,High Risk
CUST01239,10,38516.28,1925.8139999999999,54,0.0475,5,2024-12-23,2022-03-25,8,1012,0.2964426877470356,B2B,South,Direct,19,Male,0,3,1,1,0,0.0,
CUST01240,6,29383.11,3264.79,29,0.08888888888888889,4,2024-12-05,2024-10-25,26,67,2.6865671641791042,Enterprise,South,Social Media,31,Male,2,3,6,1,0,0.0,
CUST01241,4,19745.47,2468.18375,26,0.05,5,2024-12-20,2024-10-11,11,81,1.4814814814814814,B2C,Central,Email,55,Male,1,0,2,1,0,0.0,
CUST01242,4,16174.0,2695.6666666666665,14,0.10833333333333334,4,2024-11-28,2024-07-13,33,171,0.7017543859649122,B2C,East,Email,19,Other,1,1,2,2,0,0.0,
CUST01243,5,42979.94,3069.9957142857143,44,0.07142857142857142,5,2024-06-29,2023-08-08,185,511,0.29354207436399216,B2C,North,Organic Search,52,Male,1,2,3,1,1,0.98,High Risk
CUST01244,9,60672.9,3033.645,61,0.05500000000000001,5,2024-10-24,2023-06-02,68,578,0.4671280276816609,B2B,East,Paid Search,37,Female,0,1,4,0,0,0.0,
CUST01245,2,8326.64,2775.5466666666666,9,0.03333333333333333,3,2024-12-13,2024-12-04,18,27,2.0,Enterprise,Central,Paid Search,19,Other,2,0,4,2,0,0.0,
CUST01246,6,44474.29,2964.9526666666666,49,0.09000000000000001,5,2024-11-26,2022-04-21,35,985,0.18274111675126903,B2C,North,Email,38,Female,1,2,2,0,0,0.03,Low Risk
CUST01247,5,31701.4,2438.5692307692307,40,0.03076923076923077,4,2024-12-25,2023-09-12,6,476,0.31512605042016806,B2C,North,Affiliate,56,Other,1,2,0,2,0,0.0,
CUST01248,5,26884.579999999998,2987.1755555555555,36,0.08888888888888889,5,2023-09-24,2023-01-22,464,709,0.21156558533145275,B2C,Central,Organic Search,35,Male,1,0,3,1,1,1.0,High Risk
CUST01249,4,22671.7,2519.077777777778,30,0.011111111111111112,5,2024-10-19,2023-10-30,73,428,0.2803738317757009,B2C,West,Organic Search,44,Other,1,4,3,2,0,0.01,Low Risk
CUST01250,8,55699.21,2931.5373684210526,51,0.05526315789473685,5,2024-07-06,2023-04-23,178,618,0.3883495145631068,B2C,East,Direct,61,Male,1,1,1,1,0,0.04,Low Risk
CUST01251,8,44472.22,2340.6431578947368,52,0.06315789473684212,5,2024-09-06,2023-01-29,116,702,0.3418803418803419,B2C,South,Email,46,Male,1,3,2,1,0,0.0,
CUST01252,1,1033.36,1033.36,1,0.0,1,2024-09-20,2024-09-20,102,102,0.29411764705882354,B2C,South,Paid Search,33,Other,1,3,4,2,0,0.02,Low Risk
CUST01253,2,17719.690000000002,4429.922500000001,16,0.0,3,2024-11-05,2024-02-18,56,317,0.18927444794952683,B2C,West,Affiliate,47,Other,1,4,0,2,0,0.05,Low Risk
CUST01254,1,11482.59,2870.6475,14,0.05,3,2024-02-20,2024-02-20,315,315,0.09523809523809523,B2C,North,Email,35,Other,1,2,2,2,1,0.95,High Risk
CUST01255,5,22268.190000000002,2474.243333333334,24,0.061111111111111116,5,2024-12-01,2023-02-09,30,691,0.2170767004341534,B2B,East,Paid Search,55,Other,0,1,4,2,0,0.0,
CUST01256,5,57533.58,3595.84875,53,0.084375,5,2024-10-02,2023-03-25,90,647,0.23183925811437403,B2C,Central,Social Media,23,Female,1,0,6,0,0,0.03,Low Risk
CUST01257,8,66773.01,2782.20875,62,0.03958333333333334,5,2024-07-11,2022-07-19,173,896,0.26785714285714285,Enterprise,Central,Email,31,Other,2,0,2,2,0,0.01,Low Risk
CUST01258,6,34941.57,2329.438,42,0.02666666666666667,4,2024-12-07,2024-04-29,24,246,0.7317073170731708,B2C,East,Affiliate,63,Female,1,1,0,0,0,0.0,
CUST01259,2,1423.0700000000002,474.35666666666674,9,0.06666666666666667,2,2023-12-25,2023-04-10,372,631,0.09508716323296354,B2C,East,Direct,39,Male,1,1,1,1,1,0.96,High Risk
CUST01260,6,46377.53,3091.8353333333334,47,0.04000000000000001,5,2024-06-12,2022-08-27,202,857,0.21003500583430573,B2C,Central,Organic Search,61,Male,1,0,3,1,1,0.98,High Risk
CUST01261,8,52976.46,2303.324347826087,69,0.06304347826086956,5,2024-12-10,2023-10-21,21,437,0.5491990846681922,B2C,West,Affiliate,59,Other,1,4,0,2,0,0.01,Low Risk
CUST01262,8,47063.96,2614.6644444444446,54,0.03888888888888889,5,2024-12-06,2023-01-23,25,708,0.3389830508474576,B2C,West,Social Media,42,Other,1,4,6,2,0,0.0,
CUST01263,7,46633.76,2914.61,46,0.090625,5,2024-12-19,2023-10-06,12,452,0.4646017699115044,B2C,North,Social Media,30,Female,1,2,6,0,0,0.01,Low Risk
CUST01264,4,50539.46,4211.621666666667,36,0.0375,5,2024-04-05,2022-09-09,270,844,0.14218009478672985,B2C,East,Referral,40,Male,1,1,5,1,1,0.97,High Risk
CUST01265,5,14312.73,1789.09125,20,0.0625,4,2024-10-06,2022-08-18,86,866,0.17321016166281755,B2B,East,Paid Search,32,Female,0,1,4,0,0,0.0,
CUST01266,7,47957.1,2997.31875,38,0.043750000000000004,5,2024-10-23,2023-11-04,69,423,0.49645390070921985,Enterprise,West,Referral,56,Male,2,4,5,1,0,0.01,Low Risk
CUST01267,2,11045.21,2209.042,12,0.08,2,2024-06-08,2022-09-16,206,837,0.07168458781362008,B2B,North,Direct,50,Female,0,2,1,0,1,0.99,High Risk
CUST01268,10,66303.24,3315.1620000000003,67,0.03,5,2024-05-29,2022-12-18,216,744,0.4032258064516129,B2C,Central,Direct,54,Male,1,0,1,1,1,0.94,High Risk
CUST01269,6,27202.14,2472.9218181818183,34,0.08636363636363636,4,2024-11-02,2022-08-30,59,854,0.2107728337236534,B2C,North,Direct,32,Other,1,2,1,2,0,0.0,
CUST01270,11,66530.51,3326.5254999999997,64,0.085,5,2024-11-29,2023-05-15,32,596,0.5536912751677853,B2C,Central,Referral,53,Female,1,0,5,0,0,0.0,
CUST01271,5,37724.770000000004,2694.6264285714287,44,0.09285714285714286,5,2024-04-30,2023-05-01,245,610,0.24590163934426232,B2C,East,Email,35,Male,1,1,2,1,1,0.99,High Risk
CUST01272,8,51826.69,3701.906428571429,54,0.03928571428571429,5,2024-12-28,2024-11-22,3,39,6.153846153846153,B2C,West,Affiliate,20,Other,1,4,0,2,0,0.0,
CUST01273,2,24022.73,4804.546,18,0.08,3,2024-05-12,2024-03-22,233,284,0.2112676056338028,B2C,West,Social Media,18,Female,1,4,6,0,1,0.93,High Risk
CUST01274,7,48511.4,2553.2315789473687,54,0.06578947368421052,5,2024-11-06,2022-11-13,55,779,0.2695763799743261,B2B,Central,Referral,32,Other,0,0,5,2,0,0.0,
CUST01275,7,55518.92,3084.3844444444444,52,0.1,4,2024-10-31,2024-03-26,61,280,0.75,B2C,South,Social Media,22,Other,1,3,6,2,0,0.01,Low Risk
CUST01276,13,86712.79,2890.4263333333333,85,0.07,5,2024-12-27,2024-09-04,4,118,3.305084745762712,B2C,West,Organic Search,55,Other,1,4,3,2,0,0.0,
CUST01277,2,4833.3,2416.65,7,0.05,1,2024-10-18,2024-07-13,74,171,0.3508771929824561,B2C,South,Paid Search,39,Male,1,3,4,1,0,0.0,
CUST01278,4,28848.670000000002,2884.867,30,0.075,5,2024-06-08,2023-07-09,206,541,0.22181146025878,B2B,North,Direct,46,Male,0,2,1,1,1,0.97,High Risk
CUST01279,3,17942.87,1993.652222222222,25,0.10555555555555557,5,2024-10-25,2024-09-07,67,115,0.7826086956521738,B2C,North,Organic Search,20,Female,1,2,3,0,0,0.0,
CUST01280,3,8954.279999999999,2238.5699999999997,10,0.025,2,2024-07-18,2023-10-09,166,449,0.20044543429844097,B2C,South,Affiliate,46,Male,1,3,0,1,0,0.05,Low Risk
CUST01281,4,31984.539999999997,3998.0674999999997,31,0.05,4,2024-12-13,2023-04-21,18,620,0.1935483870967742,B2C,North,Organic Search,53,Male,1,2,3,1,0,0.03,Low Risk
CUST01282,5,25264.649999999998,3609.235714285714,28,0.09285714285714286,5,2024-10-02,2023-04-09,90,632,0.23734177215189875,B2C,West,Affiliate,44,Male,1,4,0,1,0,0.04,Low Risk
CUST01283,4,32629.8,2966.3454545454547,38,0.01363636363636364,4,2024-10-01,2024-08-14,91,139,0.8633093525179856,B2C,North,Email,45,Other,1,2,2,2,0,0.0,
CUST01284,5,29425.56,2675.050909090909,32,0.03181818181818182,5,2024-11-26,2024-08-19,35,134,1.1194029850746268,B2C,North,Social Media,55,Male,1,2,6,1,0,0.0,
CUST01285,4,7836.96,1119.5657142857142,14,0.04285714285714286,3,2024-12-23,2023-03-12,8,660,0.18181818181818182,B2B,Central,Direct,30,Other,0,0,1,2,0,0.04,Low Risk
CUST01286,5,36293.66,4536.7075,34,0.03125,5,2024-06-09,2022-10-09,205,814,0.18427518427518427,B2C,East,Email,64,Other,1,1,2,2,1,0.94,High Risk
CUST01287,2,16129.0,4032.25,15,0.05,3,2024-05-09,2024-03-26,236,280,0.21428571428571427,B2B,South,Organic Search,26,Female,0,3,3,0,1,0.96,High Risk
CUST01288,6,29068.96,2642.632727272727,26,0.05909090909090909,4,2024-11-12,2024-06-28,49,186,0.9677419354838709,B2C,East,Direct,27,Male,1,1,1,1,0,0.0,
CUST01289,4,21432.02,3572.0033333333336,14,0.016666666666666666,3,2024-09-13,2024-04-05,109,270,0.4444444444444444,B2C,East,Organic Search,51,Other,1,1,3,2,0,0.01,Low Risk
CUST01290,6,40916.03,3719.639090909091,36,0.05,4,2024-12-21,2024-10-20,10,72,2.5,B2C,North,Affiliate,53,Male,1,2,0,1,0,0.0,
CUST01291,3,5511.950000000001,1377.9875000000002,13,0.037500000000000006,3,2024-10-23,2024-03-12,69,294,0.3061224489795918,B2C,South,Paid Search,22,Female,1,3,4,0,0,0.01,Low Risk
CUST01292,3,23723.33,3389.047142857143,21,0.0642857142857143,4,2024-05-20,2023-02-17,225,683,0.13177159590043924,B2C,West,Social Media,55,Other,1,4,6,2,1,0.98,High Risk
CUST01293,2,3490.75,1745.375,5,0.075,1,2023-09-11,2023-07-21,477,529,0.11342155009451796,B2C,West,Organic Search,47,Male,1,4,3,1,1,0.97,High Risk
CUST01294,1,7109.8,1421.96,9,0.05,4,2024-12-27,2024-12-27,4,4,1.0,B2C,South,Email,57,Male,1,3,2,1,0,0.01,Low Risk
CUST01295,5,26818.43,3831.2042857142856,28,0.03571428571428571,5,2024-06-03,2023-07-25,211,525,0.2857142857142857,B2C,West,Paid Search,18,Female,1,4,4,0,1,0.95,High Risk
CUST01296,3,28751.47,3194.6077777777778,26,0.03333333333333334,5,2024-05-10,2023-11-11,235,416,0.21634615384615383,B2C,North,Paid Search,36,Female,1,2,4,0,1,0.98,High Risk
CUST01297,7,55331.9,3952.2785714285715,45,0.010714285714285716,5,2024-10-26,2022-12-26,66,736,0.28532608695652173,B2C,East,Organic Search,30,Male,1,1,3,1,0,0.01,Low Risk
CUST01298,6,37062.82,2647.344285714286,41,0.03214285714285715,5,2024-12-18,2023-12-04,13,393,0.4580152671755725,B2B,East,Social Media,53,Male,0,1,6,1,0,0.0,
CUST01299,3,15345.58,1918.1975,23,0.043750000000000004,4,2024-02-09,2022-11-10,326,782,0.11508951406649616,B2B,South,Organic Search,19,Other,0,3,3,2,1,0.94,High Risk
CUST01300,3,23845.31,2649.478888888889,26,0.049999999999999996,4,2024-05-27,2023-01-30,218,701,0.12838801711840228,Enterprise,East,Social Media,47,Male,2,1,6,1,1,0.97,High Risk
CUST01301,4,28149.77,3518.72125,25,0.06875,4,2024-11-29,2023-10-16,32,442,0.2714932126696833,Enterprise,South,Affiliate,57,Female,2,3,0,0,0,0.01,Low Risk
CUST01302,3,28701.39,3587.67375,28,0.075,4,2024-12-10,2023-09-08,21,480,0.1875,B2B,South,Paid Search,52,Female,0,3,4,0,0,0.02,Low Risk
CUST01303,6,46500.71,2735.335882352941,50,0.06470588235294118,5,2024-08-11,2023-09-23,142,465,0.3870967741935484,Enterprise,West,Paid Search,20,Other,2,4,4,2,0,0.0,
CUST01304,3,14037.8,2005.3999999999999,18,0.05714285714285715,5,2024-09-27,2024-07-28,95,156,0.5769230769230769,B2B,East,Social Media,33,Male,0,1,6,1,0,0.0,
CUST01305,3,10375.94,1729.3233333333335,11,0.049999999999999996,4,2024-11-17,2024-09-17,44,105,0.8571428571428571,B2B,South,Direct,49,Male,0,3,1,1,0,0.0,
CUST01306,6,35171.38,2512.2414285714285,43,0.075,5,2024-12-24,2022-08-21,7,863,0.2085747392815759,B2C,Central,Direct,42,Other,1,0,1,2,0,0.0,
CUST01307,4,8382.5,1197.5,13,0.09999999999999999,4,2024-11-01,2024-05-18,60,227,0.5286343612334802,B2C,Central,Social Media,63,Female,1,0,6,0,0,0.0,
CUST01308,4,16352.09,2336.0128571428572,23,0.042857142857142864,4,2024-09-08,2024-04-11,114,264,0.45454545454545453,B2C,West,Direct,43,Other,1,4,1,2,0,0.0,
CUST01309,5,23869.29,3978.215,21,0.041666666666666664,4,2024-11-17,2024-07-01,44,183,0.819672131147541,B2C,South,Paid Search,46,Male,1,3,4,1,0,0.0,
CUST01310,4,13678.51,2735.702,12,0.1,3,2024-07-26,2023-09-18,158,470,0.25531914893617025,B2B,West,Direct,28,Female,0,4,1,0,0,0.02,Low Risk
CUST01311,8,62196.740000000005,2961.749523809524,67,0.02142857142857143,5,2024-08-22,2023-02-02,131,698,0.34383954154727797,B2B,South,Social Media,46,Other,0,3,6,2,0,0.0,
CUST01312,4,17755.62,2959.27,22,0.041666666666666664,3,2024-03-16,2023-08-21,290,498,0.24096385542168672,B2C,North,Direct,39,Female,1,2,1,0,1,0.97,High Risk
CUST01313,9,65225.78,2717.7408333333333,75,0.07708333333333334,5,2024-12-15,2023-12-04,16,393,0.6870229007633588,B2C,West,Email,38,Female,1,4,2,0,0,0.0,
CUST01314,8,49048.4,3772.9538461538464,45,0.06923076923076923,5,2024-12-14,2023-09-18,17,470,0.5106382978723405,B2C,West,Referral,22,Female,1,4,5,0,0,0.01,Low Risk
CUST01315,10,57101.26,2595.5118181818184,69,0.045454545454545456,5,2024-07-21,2022-07-15,163,900,0.3333333333333333,B2C,Central,Organic Search,35,Male,1,0,3,1,0,0.02,Low Risk
CUST01316,6,37806.39,2908.183846153846,37,0.11923076923076924,5,2024-10-30,2023-01-18,62,713,0.25245441795231416,B2C,East,Paid Search,39,Male,1,1,4,1,0,0.01,Low Risk
CUST01317,7,25129.71,1675.3139999999999,31,0.05999999999999999,5,2024-12-30,2024-11-29,1,32,6.5625,B2B,East,Affiliate,61,Female,0,1,0,0,0,0.01,Low Risk
CUST01318,4,7373.880000000001,1474.7760000000003,17,0.05,3,2024-03-09,2023-04-01,297,640,0.1875,Enterprise,South,Affiliate,63,Other,2,3,0,2,1,0.94,High Risk
CUST01319,6,19200.19,2400.02375,22,0.0375,5,2024-11-25,2024-06-30,36,184,0.9782608695652173,B2B,North,Social Media,40,Female,0,2,6,0,0,0.0,
CUST01320,3,21283.74,2364.86,28,0.08333333333333333,5,2024-05-04,2024-02-18,241,317,0.28391167192429023,B2C,North,Direct,27,Female,1,2,1,0,1,0.96,High Risk
CUST01321,3,20596.82,3432.8033333333333,17,0.03333333333333333,4,2024-09-13,2023-12-05,109,392,0.22959183673469388,B2C,West,Direct,53,Female,1,4,1,0,0,0.0,
CUST01322,11,67197.09,2584.5034615384616,72,0.06538461538461539,5,2024-12-30,2023-12-19,1,378,0.873015873015873,B2B,East,Email,62,Female,0,1,2,0,0,0.0,
CUST01323,3,18734.010000000002,2676.287142857143,22,0.014285714285714287,4,2024-12-06,2024-01-24,25,342,0.2631578947368421,B2C,Central,Paid Search,54,Male,1,0,4,1,0,0.01,Low Risk
CUST01324,4,11727.59,1675.3700000000001,14,0.028571428571428574,4,2024-12-03,2023-09-19,28,469,0.255863539445629,B2B,West,Affiliate,40,Female,0,4,0,0,0,0.04,Low Risk
CUST01325,7,46652.15,2744.244117647059,49,0.10294117647058823,5,2024-10-31,2023-04-18,61,623,0.33707865168539325,B2B,West,Referral,52,Female,0,4,5,0,0,0.02,Low Risk
CUST01326,2,11344.73,2836.1825,13,0.05,2,2024-12-17,2024-10-06,14,86,0.6976744186046512,B2B,Central,Paid Search,27,Female,0,0,4,0,0,0.0,
CUST01327,4,38017.200000000004,2715.514285714286,39,0.04285714285714286,5,2024-09-19,2024-07-26,103,158,0.759493670886076,B2C,Central,Email,42,Male,1,0,2,1,0,0.0,
CUST01328,4,18051.35,2578.7642857142855,17,0.049999999999999996,4,2024-05-25,2023-09-12,220,476,0.25210084033613445,B2C,West,Organic Search,39,Other,1,4,3,2,1,0.92,High Risk
CUST01329,6,33635.19,2102.199375,43,0.018750000000000003,5,2024-09-08,2023-12-17,114,380,0.4736842105263158,B2C,North,Referral,53,Male,1,2,5,1,0,0.01,Low Risk
CUST01330,3,15280.0,2546.6666666666665,16,0.05833333333333334,5,2023-05-30,2022-05-20,581,956,0.09414225941422594,B2C,West,Paid Search,22,Female,1,4,4,0,1,0.98,High Risk
CUST01331,4,18442.37,2634.6242857142856,23,0.09285714285714286,4,2024-05-26,2023-04-06,219,635,0.1889763779527559,B2C,East,Organic Search,47,Male,1,1,3,1,1,0.96,High Risk
CUST01332,6,11197.39,1017.9445454545454,24,0.06818181818181818,5,2024-10-27,2023-08-09,65,510,0.35294117647058826,B2C,South,Email,43,Male,1,3,2,1,0,0.02,Low Risk
CUST01333,5,31720.370000000003,2883.67,30,0.10454545454545454,3,2024-05-20,2022-08-07,225,877,0.1710376282782212,B2C,West,Organic Search,42,Male,1,4,3,1,1,0.97,High Risk
CUST01334,3,12831.73,2138.6216666666664,19,0.025000000000000005,5,2024-08-05,2023-01-23,148,708,0.1271186440677966,B2C,East,Referral,60,Female,1,1,5,0,0,0.02,Low Risk
CUST01335,6,41176.659999999996,3167.4353846153845,36,0.05384615384615384,5,2024-06-24,2023-05-11,190,600,0.3,B2C,East,Direct,63,Other,1,1,1,2,1,0.96,High Risk
CUST01336,5,20958.23,2328.692222222222,21,0.05555555555555555,4,2024-12-15,2024-01-20,16,346,0.43352601156069365,Enterprise,North,Email,22,Female,2,2,2,0,0,0.0,
CUST01337,4,33018.840000000004,2358.4885714285715,39,0.07142857142857142,3,2024-10-09,2024-09-02,83,120,1.0,B2C,Central,Direct,49,Female,1,0,1,0,0,0.0,
CUST01338,2,16465.8,2744.2999999999997,23,0.025000000000000005,4,2024-07-25,2024-04-13,159,262,0.22900763358778628,B2C,North,Email,40,Other,1,2,2,2,0,0.02,Low Risk
CUST01339,7,33137.01,2366.929285714286,41,0.1285714285714286,4,2024-08-23,2023-06-22,130,558,0.3763440860215054,B2C,South,Paid Search,57,Other,1,3,4,2,0,0.01,Low Risk
CUST01340,4,25227.91,2522.791,24,0.01,5,2024-12-08,2023-12-04,23,393,0.3053435114503817,B2C,South,Organic Search,43,Other,1,3,3,2,0,0.0,
CUST01341,3,37817.11,3437.9190909090908,39,0.01363636363636364,4,2022-12-25,2022-07-12,737,903,0.09966777408637874,B2B,East,Direct,36,Other,0,1,1,2,1,0.97,High Risk
CUST01342,7,43041.65,3074.4035714285715,39,0.05357142857142857,5,2024-11-27,2022-05-26,34,950,0.22105263157894736,B2C,West,Affiliate,53,Male,1,4,0,1,0,0.01,Low Risk
CUST01343,2,12422.99,1552.87375,17,0.0875,4,2024-07-02,2024-01-26,182,340,0.1764705882352941,B2B,Central,Social Media,44,Female,0,0,6,0,1,0.87,High Risk
CUST01344,3,27402.27,2491.1154545454547,35,0.11818181818181818,5,2024-11-08,2023-12-28,53,369,0.24390243902439024,B2C,Central,Organic Search,22,Other,1,0,3,2,0,0.0,
CUST01345,6,42487.88,2360.4377777777777,48,0.052777777777777785,5,2024-12-29,2024-11-24,2,37,4.864864864864865,B2C,West,Email,30,Female,1,4,2,0,0,0.0,
CUST01346,6,61304.51,3405.806111111111,57,0.08333333333333333,5,2024-09-27,2023-01-23,95,708,0.2542372881355932,B2B,North,Paid Search,38,Other,0,2,4,2,0,0.02,Low Risk
CUST01347,9,97603.36,3148.4954838709677,86,0.046774193548387105,5,2024-12-29,2024-01-17,2,349,0.7736389684813754,B2C,North,Referral,33,Other,1,2,5,2,0,0.0,
CUST01348,8,65483.38,3446.493684210526,56,0.0736842105263158,5,2024-12-26,2024-02-08,5,327,0.7339449541284403,B2B,East,Paid Search,19,Other,0,1,4,2,0,0.0,
CUST01349,4,20050.63,2227.847777777778,27,0.011111111111111112,5,2024-11-29,2024-01-01,32,365,0.32876712328767127,B2C,North,Email,28,Male,1,2,2,1,0,0.0,
CUST01350,5,25328.719999999998,2814.302222222222,19,0.07222222222222223,5,2024-12-27,2024-11-09,4,52,2.8846153846153846,B2C,East,Social Media,29,Male,1,1,6,1,0,0.0,
CUST01351,6,30088.16,2507.346666666667,42,0.05833333333333333,5,2023-12-13,2022-06-04,384,941,0.19128586609989373,B2C,South,Organic Search,58,Other,1,3,3,2,1,0.98,High Risk
CUST01352,10,44440.06,2338.9505263157894,50,0.05789473684210527,5,2024-12-24,2024-09-24,7,98,3.061224489795918,B2C,West,Email,21,Other,1,4,2,2,0,0.0,
CUST01353,4,36892.62,2459.5080000000003,46,0.07,5,2023-10-06,2022-10-12,452,811,0.14796547472256472,Enterprise,South,Social Media,33,Male,2,3,6,1,1,0.92,High Risk
CUST01354,6,27946.79,2540.617272727273,32,0.13636363636363635,5,2024-12-18,2022-05-30,13,946,0.19027484143763213,Enterprise,North,Social Media,30,Other,2,2,6,2,0,0.0,
CUST01355,3,11575.27,2893.8175,16,0.05,3,2024-12-23,2024-11-07,8,54,1.6666666666666665,B2B,North,Affiliate,60,Male,0,2,0,1,0,0.0,
CUST01356,2,6321.75,1580.4375,9,0.0625,3,2024-03-16,2022-12-21,290,741,0.08097165991902834,B2C,Central,Social Media,38,Other,1,0,6,2,1,0.99,High Risk
CUST01357,4,26652.31,2221.0258333333336,35,0.08333333333333333,4,2024-12-11,2024-09-26,20,96,1.25,Enterprise,South,Email,45,Male,2,3,2,1,0,0.0,
CUST01358,7,52475.4,3086.788235294118,63,0.02058823529411765,5,2024-12-23,2023-01-19,8,712,0.2949438202247191,B2C,East,Organic Search,43,Other,1,1,3,2,0,0.0,
CUST01359,8,18118.53,1647.1390909090908,37,0.08181818181818182,5,2024-11-13,2023-09-05,48,483,0.49689440993788814,B2C,South,Organic Search,60,Female,1,3,3,0,0,0.0,
CUST01360,7,35903.41,2564.529285714286,36,0.049999999999999996,5,2024-12-19,2024-10-21,12,71,2.9577464788732395,B2C,North,Paid Search,44,Female,1,2,4,0,0,0.0,
CUST01361,6,38357.659999999996,2950.5892307692307,42,0.026923076923076925,5,2024-10-14,2024-07-28,78,156,1.1538461538461537,B2B,Central,Affiliate,54,Male,0,0,0,1,0,0.0,
CUST01362,8,31392.7,3139.27,34,0.065,5,2024-12-27,2023-03-18,4,654,0.36697247706422015,Enterprise,East,Referral,42,Other,2,1,5,2,0,0.0,
CUST01363,3,26351.86,2395.6236363636363,30,0.05,5,2024-09-04,2022-12-18,118,744,0.12096774193548386,Enterprise,East,Referral,48,Male,2,1,5,1,0,0.0,
CUST01364,7,66655.95999999999,3508.2084210526314,65,0.06842105263157895,5,2024-11-26,2023-06-14,35,566,0.3710247349823321,B2C,Central,Direct,58,Other,1,0,1,2,0,0.04,Low Risk
CUST01365,5,29303.64,2254.126153846154,35,0.03461538461538462,5,2024-12-24,2023-03-14,7,658,0.22796352583586627,B2C,North,Direct,25,Female,1,2,1,0,0,0.01,Low Risk
CUST01366,3,18240.22,2026.6911111111112,23,0.061111111111111116,5,2024-09-19,2023-02-03,103,697,0.1291248206599713,B2C,South,Organic Search,26,Female,1,3,3,0,0,0.0,
CUST01367,4,18753.66,3125.61,23,0.06666666666666667,3,2024-11-12,2024-06-09,49,205,0.5853658536585367,B2C,South,Referral,20,Male,1,3,5,1,0,0.0,
CUST01368,2,5638.29,2819.145,7,0.0,2,2024-12-02,2024-10-10,29,82,0.7317073170731707,B2C,South,Referral,20,Other,1,3,5,2,0,0.01,Low Risk
CUST01369,6,54205.1,3387.81875,43,0.04375,5,2024-12-30,2023-11-25,1,402,0.44776119402985076,B2C,North,Referral,39,Female,1,2,5,0,0,0.0,
CUST01370,2,10719.61,2679.9025,10,0.0,3,2024-08-26,2023-03-18,127,654,0.09174311926605504,Enterprise,North,Referral,33,Other,2,2,5,2,0,0.04,Low Risk
CUST01371,5,37536.409999999996,3128.0341666666664,39,0.08333333333333333,5,2024-07-22,2023-08-03,162,516,0.29069767441860467,B2C,Central,Email,58,Male,1,0,2,1,0,0.0,
CUST01372,1,24945.41,4989.082,18,0.15,4,2023-06-07,2023-06-07,573,573,0.05235602094240837,Enterprise,North,Organic Search,58,Male,2,2,3,1,1,0.96,High Risk
CUST01373,6,34234.950000000004,2633.4576923076925,31,0.06538461538461539,5,2024-08-19,2023-02-03,134,697,0.2582496413199426,B2C,South,Affiliate,31,Male,1,3,0,1,0,0.0,
CUST01374,8,47262.72,2780.16,51,0.055882352941176466,5,2024-11-30,2024-03-04,31,302,0.794701986754967,B2C,West,Referral,30,Male,1,4,5,1,0,0.0,
CUST01375,3,14834.12,2966.824,14,0.12999999999999998,3,2024-05-13,2024-03-27,232,279,0.3225806451612903,B2C,South,Direct,46,Other,1,3,1,2,1,0.95,High Risk
CUST01376,5,27310.09,2731.009,20,0.08,5,2024-10-20,2023-02-20,72,680,0.22058823529411764,Enterprise,North,Social Media,43,Female,2,2,6,0,0,0.01,Low Risk
CUST01377,4,29944.87,2303.4515384615383,41,0.057692307692307696,5,2024-07-12,2023-08-29,172,490,0.2448979591836735,B2C,West,Referral,45,Male,1,4,5,1,0,0.04,Low Risk
CUST01378,5,23714.97,2155.906363636364,31,0.06363636363636363,5,2024-10-15,2024-07-23,77,161,0.9316770186335405,B2B,West,Affiliate,37,Other,0,4,0,2,0,0.0,
CUST01379,3,31834.63,3979.32875,25,0.01875,3,2024-10-23,2024-07-11,69,173,0.5202312138728323,B2C,South,Email,37,Female,1,3,2,0,0,0.0,
CUST01380,3,29064.84,2642.258181818182,38,0.05454545454545454,4,2024-08-31,2024-04-05,122,270,0.3333333333333333,B2C,Central,Social Media,26,Other,1,0,6,2,0,0.0,
CUST01381,6,51215.0,3939.6153846153848,40,0.06538461538461539,4,2024-11-27,2024-02-12,34,323,0.5572755417956656,B2C,South,Affiliate,50,Other,1,3,0,2,0,0.0,
CUST01382,7,19217.89,1601.4908333333333,27,0.02916666666666667,5,2024-08-23,2024-01-07,130,359,0.584958217270195,Enterprise,West,Referral,41,Female,2,4,5,0,0,0.0,
CUST01383,5,12348.43,1764.0614285714287,17,0.014285714285714287,4,2024-11-18,2024-06-20,43,194,0.7731958762886598,B2C,North,Organic Search,25,Female,1,2,3,0,0,0.01,Low Risk
CUST01384,6,49870.85,2770.6027777777776,62,0.1111111111111111,5,2024-11-12,2024-07-09,49,175,1.0285714285714287,Enterprise,West,Affiliate,64,Female,2,4,0,0,0,0.0,
CUST01385,2,12782.58,2556.516,13,0.02,4,2024-07-24,2024-03-28,160,278,0.2158273381294964,B2C,East,Referral,42,Female,1,1,5,0,0,0.02,Low Risk
CUST01386,4,7168.360000000001,1433.672,13,0.11000000000000001,4,2024-03-29,2023-02-08,277,692,0.17341040462427745,Enterprise,North,Social Media,58,Other,2,2,6,2,1,0.92,High Risk
CUST01387,6,53261.85,3133.0499999999997,57,0.008823529411764707,5,2024-12-30,2024-11-16,1,45,4.0,B2C,East,Referral,27,Female,1,1,5,0,0,0.0,
CUST01388,3,17479.57,2913.2616666666668,16,0.05000000000000001,3,2024-03-16,2023-05-20,290,591,0.15228426395939088,B2C,South,Affiliate,23,Other,1,3,0,2,1,1.0,High Risk
CUST01389,7,43325.12,2548.5364705882353,46,0.05588235294117647,5,2024-12-29,2024-04-15,2,260,0.8076923076923077,B2C,North,Paid Search,45,Male,1,2,4,1,0,0.0,
CUST01390,1,3909.74,1954.87,6,0.05,2,2024-10-19,2024-10-19,73,73,0.4109589041095891,Enterprise,Central,Referral,42,Other,2,0,5,2,0,0.0,
CUST01391,6,19567.8,1630.6499999999999,28,0.0625,4,2024-11-01,2023-06-22,60,558,0.3225806451612903,B2C,North,Direct,40,Male,1,2,1,1,0,0.0,
CUST01392,11,91989.05,3538.040384615385,86,0.06346153846153847,5,2024-12-18,2023-11-07,13,420,0.7857142857142857,B2C,West,Organic Search,28,Female,1,4,3,0,0,0.0,
CUST01393,1,731.96,731.96,4,0.15,1,2023-01-08,2023-01-08,723,723,0.04149377593360996,B2C,West,Referral,36,Other,1,4,5,2,1,1.0,High Risk
CUST01394,5,27990.42,2544.5836363636363,29,0.08181818181818182,5,2024-07-28,2024-01-11,156,355,0.4225352112676056,B2C,East,Paid Search,30,Female,1,1,4,0,0,0.0,
CUST01395,2,17103.55,2850.5916666666667,22,0.03333333333333333,5,2024-12-11,2023-04-15,20,626,0.09584664536741214,B2C,West,Paid Search,29,Male,1,4,4,1,0,0.01,Low Risk
CUST01396,7,47555.380000000005,3396.8128571428574,50,0.13571428571428573,5,2024-03-10,2022-04-18,296,988,0.21255060728744943,B2C,South,Affiliate,44,Female,1,3,0,0,1,0.98,High Risk
CUST01397,1,10032.05,5016.025,10,0.05,2,2024-12-27,2024-12-27,4,4,1.0,B2B,North,Paid Search,23,Female,0,2,4,0,0,0.0,
CUST01398,4,11856.83,1976.1383333333333,13,0.075,4,2024-01-14,2023-07-18,352,532,0.22556390977443608,B2C,East,Organic Search,55,Male,1,1,3,1,1,0.88,High Risk
CUST01399,8,59054.6,3108.136842105263,60,0.028947368421052635,5,2024-11-21,2024-01-31,40,335,0.7164179104477613,B2C,North,Affiliate,18,Other,1,2,0,2,0,0.0,
CUST01400,2,6453.96,2151.32,7,0.03333333333333333,2,2024-08-13,2024-07-02,140,182,0.32967032967032966,B2C,North,Affiliate,18,Female,1,2,0,0,0,0.0,
CUST01401,6,53427.659999999996,2968.203333333333,53,0.041666666666666664,5,2024-12-25,2024-10-05,6,87,2.0689655172413794,B2C,West,Social Media,56,Female,1,4,6,0,0,0.0,
CUST01402,5,48176.659999999996,3011.0412499999998,55,0.08750000000000001,5,2024-12-02,2023-11-14,29,413,0.3631961259079903,B2B,East,Social Media,60,Female,0,1,6,0,0,0.01,Low Risk
CUST01403,2,17766.829999999998,2220.8537499999998,21,0.125,4,2024-01-28,2023-10-19,338,439,0.1366742596810934,B2B,East,Affiliate,24,Male,0,1,0,1,1,0.99,High Risk
CUST01404,4,15087.22,2155.3171428571427,23,0.042857142857142864,5,2024-06-25,2024-04-18,189,257,0.4669260700389105,B2C,South,Organic Search,51,Female,1,3,3,0,1,0.7,High Risk
CUST01405,5,47011.91,3616.3007692307697,38,0.03076923076923077,5,2024-04-17,2023-05-19,258,592,0.25337837837837834,B2C,Central,Affiliate,48,Other,1,0,0,2,1,0.9,High Risk
CUST01406,6,41840.68,2324.4822222222224,51,0.030555555555555558,5,2024-10-04,2023-10-27,88,431,0.4176334106728538,Enterprise,North,Affiliate,38,Male,2,2,0,1,0,0.0,
CUST01407,3,14155.33,2831.066,11,0.06000000000000001,4,2024-11-28,2024-10-05,33,87,1.0344827586206897,B2C,East,Paid Search,56,Female,1,1,4,0,0,0.0,
CUST01408,4,32178.14,2475.2415384615383,42,0.07307692307692307,5,2024-06-29,2023-09-17,185,471,0.25477707006369427,B2C,North,Email,60,Other,1,2,2,2,1,0.93,High Risk
CUST01409,7,35426.43,2530.4592857142857,39,0.03571428571428571,5,2024-12-22,2022-07-05,9,910,0.23076923076923078,B2C,East,Referral,27,Other,1,1,5,2,0,0.01,Low Risk
CUST01410,5,21595.79,2159.579,32,0.075,4,2024-12-15,2024-06-23,16,191,0.7853403141361257,B2C,North,Affiliate,23,Female,1,2,0,0,0,0.0,
CUST01411,3,17102.85,2443.2642857142855,16,0.05,5,2024-12-28,2024-11-22,3,39,2.3076923076923075,B2B,South,Organic Search,48,Other,0,3,3,2,0,0.0,
CUST01412,3,9218.35,1843.67,15,0.08,4,2024-08-24,2024-06-05,129,209,0.43062200956937796,B2C,South,Referral,62,Male,1,3,5,1,0,0.01,Low Risk
CUST01413,7,41114.3,2936.7357142857145,45,0.06071428571428572,5,2024-12-06,2023-03-23,25,649,0.3235747303543914,Enterprise,South,Social Media,42,Female,2,3,6,0,0,0.0,
CUST01414,5,18102.97,2586.1385714285716,21,0.028571428571428574,3,2024-09-23,2023-01-27,99,704,0.21306818181818182,Enterprise,West,Referral,25,Other,2,4,5,2,0,0.01,Low Risk
CUST01415,3,10167.470000000001,1694.5783333333336,11,0.05000000000000001,3,2023-10-29,2022-08-14,429,870,0.10344827586206896,B2C,West,Referral,39,Male,1,4,5,1,1,0.96,High Risk
CUST01416,3,21820.17,3636.6949999999997,25,0.15,4,2024-11-08,2024-09-18,53,104,0.8653846153846153,B2C,North,Email,63,Other,1,2,2,2,0,0.01,Low Risk
CUST01417,5,50954.41,3396.960666666667,57,0.15,5,2024-08-30,2023-11-26,123,401,0.37406483790523687,B2B,West,Paid Search,34,Male,0,4,4,1,0,0.02,Low Risk
CUST01418,5,21891.46,1990.1327272727272,37,0.10909090909090909,5,2024-12-07,2023-05-07,24,604,0.24834437086092717,B2C,North,Direct,30,Other,1,2,1,2,0,0.03,Low Risk
CUST01419,6,16699.47,2087.43375,18,0.10625,4,2024-10-04,2022-08-01,88,883,0.20385050962627407,B2B,South,Email,54,Other,0,3,2,2,0,0.01,Low Risk
CUST01420,4,35941.98,2995.1650000000004,37,0.10416666666666667,5,2024-05-05,2022-07-23,240,892,0.13452914798206278,B2C,Central,Affiliate,42,Female,1,0,0,0,1,1.0,High Risk
CUST01421,2,15218.380000000001,2536.396666666667,13,0.075,4,2024-11-20,2023-07-14,41,536,0.11194029850746269,B2C,South,Direct,55,Male,1,3,1,1,0,0.03,Low Risk
CUST01422,5,16001.67,2000.20875,21,0.00625,5,2024-12-26,2023-02-20,5,680,0.22058823529411764,B2B,Central,Social Media,27,Female,0,0,6,0,0,0.03,Low Risk
CUST01423,5,40682.59,3129.43,40,0.007692307692307693,5,2024-11-28,2023-03-02,33,670,0.22388059701492538,B2C,South,Paid Search,65,Other,1,3,4,2,0,0.04,Low Risk
CUST01424,5,52335.54,3738.252857142857,44,0.03214285714285714,5,2024-06-23,2022-04-25,191,981,0.1529051987767584,B2C,East,Referral,25,Female,1,1,5,0,1,0.89,High Risk
CUST01425,7,60525.68,2751.1672727272726,67,0.038636363636363635,5,2024-11-26,2024-07-10,35,174,1.206896551724138,B2C,West,Email,21,Female,1,4,2,0,0,0.0,
CUST01426,3,16683.92,2383.4171428571426,21,0.10714285714285714,4,2024-04-02,2022-10-01,273,822,0.10948905109489052,B2B,South,Organic Search,29,Female,0,3,3,0,1,0.98,High Risk
CUST01427,9,52852.72,2297.944347826087,58,0.0782608695652174,5,2024-08-07,2023-09-20,146,468,0.576923076923077,B2C,North,Social Media,45,Other,1,2,6,2,0,0.0,
CUST01428,7,55174.01,3678.2673333333337,47,0.05333333333333334,5,2024-10-23,2024-01-11,69,355,0.5915492957746479,B2C,West,Referral,36,Female,1,4,5,0,0,0.02,Low Risk
CUST01429,4,18887.6,2698.2285714285713,21,0.014285714285714287,4,2023-07-09,2022-11-08,541,784,0.15306122448979592,B2C,West,Social Media,55,Male,1,4,6,1,1,0.99,High Risk
CUST01430,2,18050.37,3008.395,19,0.025000000000000005,2,2024-10-30,2024-05-02,62,243,0.2469135802469136,B2C,Central,Referral,48,Female,1,0,5,0,0,0.05,Low Risk
CUST01431,4,38392.65,3839.2650000000003,31,0.035,5,2024-09-15,2023-10-06,107,452,0.26548672566371684,B2B,South,Organic Search,41,Other,0,3,3,2,0,0.01,Low Risk
CUST01432,6,21680.559999999998,2168.0559999999996,19,0.06000000000000001,5,2024-11-18,2024-06-15,43,199,0.9045226130653266,Enterprise,West,Email,61,Male,2,4,2,1,0,0.0,
CUST01433,5,28777.300000000003,2616.118181818182,28,0.022727272727272728,5,2024-09-07,2022-05-09,115,967,0.15511892450879006,B2C,West,Organic Search,25,Other,1,4,3,2,0,0.02,Low Risk
CUST01434,3,6705.82,1117.6366666666665,10,0.08333333333333333,3,2024-12-24,2024-10-11,7,81,1.111111111111111,Enterprise,West,Referral,64,Female,2,4,5,0,0,0.0,
CUST01435,6,52977.43,3784.102142857143,45,0.021428571428571432,5,2024-07-14,2023-02-04,170,696,0.25862068965517243,B2C,South,Social Media,62,Other,1,3,6,2,0,0.01,Low Risk
CUST01436,7,30642.28,2042.8186666666666,42,0.05,5,2024-12-22,2022-10-10,9,813,0.25830258302583026,B2B,North,Affiliate,59,Female,0,2,0,0,0,0.02,Low Risk
CUST01437,1,2794.35,1397.175,4,0.15,2,2024-05-10,2024-05-10,235,235,0.12765957446808512,B2C,East,Organic Search,23,Male,1,1,3,1,1,0.95,High Risk
CUST01438,8,54250.5,3013.9166666666665,53,0.019444444444444445,5,2024-12-23,2024-02-20,8,315,0.7619047619047619,B2C,South,Direct,54,Female,1,3,1,0,0,0.01,Low Risk
CUST01439,6,25205.95,2100.4958333333334,38,0.05833333333333333,5,2024-08-01,2023-09-23,152,465,0.3870967741935484,B2C,Central,Email,59,Other,1,0,2,2,0,0.0,
CUST01440,4,47014.03,5223.781111111111,33,0.022222222222222223,5,2024-06-10,2024-04-06,204,269,0.44609665427509293,B2C,South,Organic Search,63,Other,1,3,3,2,1,0.89,High Risk
CUST01441,6,60991.89,3210.0994736842104,59,0.06315789473684211,4,2024-08-28,2022-10-27,125,796,0.22613065326633164,B2C,West,Direct,51,Female,1,4,1,0,0,0.01,Low Risk
CUST01442,6,22051.35,1696.2576923076922,30,0.026923076923076925,5,2024-03-25,2022-11-29,281,763,0.23591087811271297,B2B,Central,Affiliate,59,Male,0,0,0,1,1,0.99,High Risk
CUST01443,2,11149.65,3716.5499999999997,9,0.08333333333333333,2,2024-11-13,2023-09-01,48,487,0.12320328542094455,B2B,South,Referral,29,Male,0,3,5,1,0,0.03,Low Risk
CUST01444,5,31268.75,2605.7291666666665,33,0.07916666666666666,4,2024-11-10,2024-07-24,51,160,0.9375,B2C,North,Direct,31,Other,1,2,1,2,0,0.0,
CUST01445,2,6128.7,1532.175,9,0.0125,4,2024-06-11,2023-05-03,203,608,0.09868421052631579,B2B,East,Organic Search,23,Male,0,1,3,1,1,0.97,High Risk
CUST01446,5,37669.32,4185.48,27,0.01666666666666667,4,2024-12-13,2024-03-02,18,304,0.493421052631579,B2C,Central,Referral,18,Male,1,0,5,1,0,0.0,
CUST01447,9,41234.75,2748.983333333333,48,0.060000000000000005,5,2024-06-03,2023-04-25,211,616,0.43831168831168826,B2C,East,Email,26,Other,1,1,2,2,1,0.92,High Risk
CUST01448,3,4257.63,1419.21,9,0.06666666666666667,2,2024-10-22,2024-09-02,70,120,0.75,Enterprise,Central,Social Media,56,Other,2,0,6,2,0,0.0,
CUST01449,8,89505.82,4475.291,69,0.0475,5,2024-12-12,2024-03-17,19,289,0.8304498269896194,B2C,North,Paid Search,27,Female,1,2,4,0,0,0.0,
CUST01450,4,10108.87,2527.2175,14,0.075,3,2024-11-18,2023-01-06,43,725,0.16551724137931034,B2C,Central,Social Media,35,Male,1,0,6,1,0,0.0,
CUST01451,3,9761.8,1626.9666666666665,19,0.08333333333333333,3,2024-11-21,2024-08-27,40,126,0.7142857142857143,B2C,Central,Email,59,Male,1,0,2,1,0,0.0,
CUST01452,9,47469.57,2637.1983333333333,61,0.10833333333333334,5,2024-10-26,2023-10-23,66,435,0.6206896551724138,B2C,East,Referral,27,Other,1,1,5,2,0,0.03,Low Risk
CUST01453,6,45438.68,3029.2453333333333,37,0.04000000000000001,5,2024-12-05,2023-02-06,26,694,0.25936599423631124,B2B,South,Direct,60,Other,0,3,1,2,0,0.03,Low Risk
CUST01454,4,13643.4,2728.68,16,0.09,3,2024-12-16,2024-07-21,15,163,0.7361963190184049,B2B,West,Social Media,45,Female,0,4,6,0,0,0.0,
CUST01455,5,23809.0,2164.4545454545455,29,0.02727272727272728,4,2024-12-10,2022-07-29,21,886,0.1693002257336343,B2C,North,Direct,25,Other,1,2,1,2,0,0.02,Low Risk
CUST01456,3,28556.11,2855.611,34,0.02,5,2024-12-03,2024-05-12,28,233,0.38626609442060084,B2C,East,Social Media,39,Female,1,1,6,0,0,0.0,
CUST01457,5,28676.34,2606.94,39,0.045454545454545456,4,2024-12-17,2022-12-31,14,731,0.2051983584131327,B2C,East,Email,32,Female,1,1,2,0,0,0.03,Low Risk
CUST01458,3,27122.36,3874.6228571428574,23,0.0,4,2024-10-20,2023-04-20,72,621,0.14492753623188406,B2C,South,Social Media,55,Female,1,3,6,0,0,0.02,Low Risk
CUST01459,4,9719.630000000001,1943.9260000000002,12,0.08,3,2024-10-15,2022-12-21,77,741,0.16194331983805668,B2B,Central,Direct,35,Other,0,0,1,2,0,0.01,Low Risk
CUST01460,5,46384.25,3568.019230769231,50,0.06923076923076922,5,2024-07-05,2022-10-19,179,804,0.18656716417910446,B2C,South,Affiliate,42,Male,1,3,0,1,0,0.04,Low Risk
CUST01461,8,35547.48,3554.7480000000005,31,0.030000000000000006,4,2024-12-03,2023-07-03,28,547,0.43875685557586835,B2C,Central,Affiliate,43,Female,1,0,0,0,0,0.01,Low Risk
CUST01462,7,39101.98,3007.8446153846157,39,0.04230769230769231,5,2024-12-24,2024-07-10,7,174,1.206896551724138,B2C,North,Referral,27,Other,1,2,5,2,0,0.0,
CUST01463,4,51017.39,3924.4146153846154,48,0.038461538461538464,5,2024-07-28,2022-09-13,156,840,0.14285714285714285,B2B,Central,Organic Search,64,Other,0,0,3,2,0,0.06,Low Risk
CUST01464,6,31457.96,3145.796,33,0.125,4,2024-05-17,2023-08-06,228,513,0.3508771929824561,B2C,Central,Email,29,Female,1,0,2,0,1,0.93,High Risk
CUST01465,3,23245.32,2582.8133333333335,27,0.005555555555555556,5,2024-11-29,2023-08-13,32,506,0.17786561264822134,B2C,Central,Email,51,Other,1,0,2,2,0,0.0,
CUST01466,4,20956.08,2619.51,20,0.08125,5,2024-07-01,2023-02-19,183,681,0.1762114537444934,B2C,East,Social Media,23,Other,1,1,6,2,1,0.95,High Risk
CUST01467,7,37327.119999999995,2488.4746666666665,43,0.10666666666666667,5,2024-12-20,2023-09-12,11,476,0.4411764705882353,B2C,North,Organic Search,23,Other,1,2,3,2,0,0.0,
CUST01468,4,18777.07,2086.341111111111,22,0.07777777777777778,5,2024-09-18,2023-11-29,104,398,0.3015075376884422,Enterprise,North,Email,61,Other,2,2,2,2,0,0.0,
CUST01469,4,20416.05,2552.00625,26,0.05,2,2023-12-04,2022-08-26,393,858,0.13986013986013984,B2C,Central,Referral,52,Other,1,0,5,2,1,0.99,High Risk
CUST01470,5,26407.43,2031.3407692307692,36,0.0923076923076923,5,2024-07-13,2022-11-06,171,786,0.19083969465648856,B2C,Central,Affiliate,65,Male,1,0,0,1,0,0.04,Low Risk
CUST01471,2,9150.32,2287.58,17,0.075,2,2024-10-10,2024-10-09,82,83,0.7228915662650602,B2C,East,Referral,60,Other,1,1,5,2,0,0.0,
CUST01472,6,40470.68,3679.152727272727,35,0.06363636363636364,5,2024-12-27,2024-12-05,4,26,6.0,B2C,Central,Paid Search,61,Other,1,0,4,2,0,0.01,Low Risk
CUST01473,8,55350.55,2767.5275,54,0.045,5,2023-12-22,2022-12-23,375,739,0.32476319350473615,B2B,East,Direct,40,Male,0,1,1,1,1,0.99,High Risk
CUST01474,5,48644.63,3474.6164285714285,42,0.08214285714285714,4,2024-06-23,2023-11-07,191,420,0.35714285714285715,B2C,South,Organic Search,39,Other,1,3,3,2,1,0.91,High Risk
CUST01475,6,30633.98,2188.1414285714286,34,0.04642857142857143,5,2024-05-23,2023-05-12,222,599,0.3005008347245409,B2C,North,Email,36,Female,1,2,2,0,1,0.95,High Risk
CUST01476,5,71184.79,4449.049375,60,0.065625,5,2024-11-09,2023-03-15,52,657,0.22831050228310504,B2C,West,Social Media,59,Other,1,4,6,2,0,0.03,Low Risk
CUST01477,5,22958.89,2869.86125,22,0.01875,4,2024-09-25,2022-04-19,97,987,0.1519756838905775,B2B,Central,Organic Search,40,Male,0,0,3,1,0,0.03,Low Risk
CUST01478,6,21077.8,2634.725,27,0.075,5,2024-12-08,2024-08-20,23,133,1.3533834586466165,B2C,East,Organic Search,40,Other,1,1,3,2,0,0.0,
CUST01479,2,6194.450000000001,2064.816666666667,12,0.08333333333333333,2,2024-11-26,2022-10-30,35,793,0.07566204287515763,B2C,North,Email,30,Male,1,2,2,1,0,0.09,Low Risk
CUST01480,4,18786.74,2348.3425,19,0.05,5,2024-07-20,2024-04-16,164,259,0.46332046332046334,B2C,West,Email,18,Male,1,4,2,1,0,0.0,
CUST01481,4,16135.490000000002,2689.2483333333334,15,0.06666666666666667,4,2024-11-22,2024-11-02,39,59,2.0338983050847457,B2C,West,Social Media,41,Female,1,4,6,0,0,0.0,
CUST01482,6,26333.11,2025.6238461538462,33,0.08846153846153847,4,2024-08-23,2022-10-11,130,812,0.22167487684729065,Enterprise,North,Referral,46,Male,2,2,5,1,0,0.01,Low Risk
CUST01483,4,36776.37,3677.637,30,0.02,4,2024-05-10,2022-08-09,235,875,0.13714285714285715,B2C,North,Affiliate,63,Male,1,2,0,1,1,0.95,High Risk
CUST01484,3,12430.36,2486.072,17,0.07,4,2024-11-15,2022-09-28,46,825,0.10909090909090909,B2C,North,Email,65,Female,1,2,2,0,0,0.02,Low Risk
CUST01485,5,22989.46,2554.3844444444444,26,0.07777777777777778,5,2024-12-13,2023-06-22,18,558,0.26881720430107525,Enterprise,West,Social Media,25,Female,2,4,6,0,0,0.01,Low Risk
CUST01486,3,11413.93,2282.786,15,0.030000000000000006,3,2024-11-30,2024-08-21,31,132,0.6818181818181818,B2C,South,Affiliate,43,Other,1,3,0,2,0,0.0,
CUST01487,2,5261.599999999999,1315.3999999999999,7,0.025,3,2024-10-19,2023-09-16,73,472,0.1271186440677966,B2B,North,Paid Search,27,Female,0,2,4,0,0,0.04,Low Risk
CUST01488,6,26987.24,1799.1493333333335,38,0.060000000000000005,4,2024-12-21,2024-02-27,10,308,0.5844155844155844,B2C,North,Social Media,45,Other,1,2,6,2,0,0.0,
CUST01489,5,44363.16,3412.5507692307697,43,0.11153846153846153,4,2024-10-26,2023-09-30,66,458,0.32751091703056767,B2C,East,Organic Search,45,Male,1,1,3,1,0,0.04,Low Risk
CUST01490,8,47326.8,2629.266666666667,51,0.058333333333333334,5,2024-12-26,2024-08-28,5,125,1.92,B2C,South,Affiliate,25,Female,1,3,0,0,0,0.0,
CUST01491,5,38308.89,3192.4075,33,0.07916666666666668,5,2024-05-16,2023-06-11,229,569,0.2636203866432338,B2C,South,Affiliate,24,Other,1,3,0,2,1,0.97,High Risk
CUST01492,3,16711.36,2785.226666666667,16,0.0,3,2024-12-02,2024-05-05,29,240,0.375,Enterprise,South,Direct,58,Other,2,3,1,2,0,0.0,
CUST01493,7,39341.67,3278.4725,35,0.04583333333333334,5,2024-12-05,2023-09-25,26,463,0.4535637149028078,B2C,South,Social Media,30,Male,1,3,6,1,0,0.0,
CUST01494,11,67896.86,2715.8744,67,0.05,5,2024-12-13,2023-12-06,18,391,0.8439897698209718,B2C,South,Organic Search,42,Female,1,3,3,0,0,0.0,
CUST01495,5,41297.6,2294.311111111111,58,0.06944444444444445,5,2024-12-04,2024-05-04,27,241,0.6224066390041494,B2C,South,Email,21,Other,1,3,2,2,0,0.0,
CUST01496,6,59333.049999999996,3955.5366666666664,56,0.10333333333333333,5,2024-11-21,2023-12-22,40,375,0.48,B2C,East,Social Media,35,Female,1,1,6,0,0,0.0,
CUST01497,6,31142.96,3114.296,27,0.07,5,2024-08-21,2024-01-04,132,362,0.4972375690607735,B2C,North,Organic Search,21,Other,1,2,3,2,0,0.0,
CUST01498,5,21159.36,2351.04,37,0.005555555555555556,5,2024-05-11,2023-05-29,234,582,0.2577319587628866,B2C,West,Direct,24,Female,1,4,1,0,1,0.94,High Risk
CUST01499,5,17819.690000000002,1781.9690000000003,32,0.034999999999999996,5,2024-03-03,2023-11-25,303,402,0.3731343283582089,B2C,East,Organic Search,24,Other,1,1,3,2,1,0.94,High Risk
CUST01500,5,34453.54,2871.1283333333336,37,0.0625,5,2024-06-13,2022-05-04,201,972,0.154320987654321,B2C,South,Referral,41,Other,1,3,5,2,1,0.95,High Risk
CUST01501,7,46898.11,3126.5406666666668,45,0.05333333333333334,5,2024-12-09,2024-07-03,22,181,1.160220994475138,B2C,East,Social Media,31,Other,1,1,6,2,0,0.0,
CUST01502,3,7161.64,1790.41,8,0.075,3,2024-12-29,2024-03-12,2,294,0.3061224489795918,B2C,South,Direct,25,Male,1,3,1,1,0,0.03,Low Risk
CUST01503,6,18806.04,1880.604,23,0.04,5,2024-11-22,2024-07-31,39,153,1.1764705882352942,B2B,South,Organic Search,22,Other,0,3,3,2,0,0.0,
CUST01504,4,13846.76,2307.7933333333335,13,0.016666666666666666,4,2024-11-24,2024-11-09,37,52,2.3076923076923075,Enterprise,West,Paid Search,52,Other,2,4,4,2,0,0.0,
CUST01505,7,34515.67,2157.229375,41,0.046875,5,2024-11-23,2022-09-22,38,831,0.2527075812274368,B2C,South,Referral,34,Other,1,3,5,2,0,0.02,Low Risk
CUST01506,4,26484.49,2942.7211111111114,28,0.044444444444444446,4,2024-05-22,2023-07-29,223,521,0.23032629558541265,B2C,West,Organic Search,45,Male,1,4,3,1,1,0.98,High Risk
CUST01507,4,24224.96,3460.7085714285713,20,0.028571428571428574,4,2024-09-17,2024-01-21,105,345,0.34782608695652173,B2B,Central,Paid Search,56,Female,0,0,4,0,0,0.0,
CUST01508,6,48681.39,3477.242142857143,44,0.017857142857142856,5,2024-11-06,2022-07-31,55,884,0.20361990950226244,B2C,Central,Referral,30,Other,1,0,5,2,0,0.02,Low Risk
CUST01509,5,8889.029999999999,1777.8059999999998,15,0.06999999999999999,3,2024-09-11,2024-02-07,111,328,0.4573170731707317,Enterprise,Central,Paid Search,46,Other,2,0,4,2,0,0.02,Low Risk
CUST01510,6,26582.22,2658.222,29,0.05,4,2024-11-16,2023-09-12,45,476,0.37815126050420167,B2C,West,Paid Search,29,Male,1,4,4,1,0,0.02,Low Risk
CUST01511,8,38184.229999999996,2545.615333333333,48,0.04000000000000001,5,2024-09-14,2022-09-15,108,838,0.2863961813842482,B2C,Central,Affiliate,50,Female,1,0,0,0,0,0.03,Low Risk
CUST01512,8,53258.840000000004,3132.8729411764707,55,0.061764705882352944,5,2024-11-14,2024-03-19,47,287,0.8362369337979094,B2C,East,Paid Search,36,Other,1,1,4,2,0,0.0,
CUST01513,6,24599.760000000002,2049.98,35,0.0625,5,2024-04-17,2023-03-11,258,661,0.2723146747352496,B2C,South,Direct,33,Female,1,3,1,0,1,0.97,High Risk
CUST01514,3,14793.47,2958.694,10,0.04,5,2024-07-15,2023-04-11,169,630,0.14285714285714285,Enterprise,East,Social Media,21,Other,2,1,6,2,0,0.01,Low Risk
CUST01515,4,23967.44,2396.7439999999997,29,0.11000000000000001,3,2024-12-08,2023-03-06,23,666,0.1801801801801802,B2C,Central,Referral,40,Other,1,0,5,2,0,0.02,Low Risk
CUST01516,3,8051.15,1610.23,14,0.030000000000000006,2,2024-12-20,2024-08-15,11,138,0.6521739130434783,Enterprise,North,Direct,34,Other,2,2,1,2,0,0.0,
CUST01517,7,28465.37,2189.643846153846,41,0.06923076923076923,5,2024-07-23,2022-11-30,161,762,0.2755905511811024,B2C,East,Organic Search,58,Male,1,1,3,1,0,0.01,Low Risk
CUST01518,10,32701.93,2335.852142857143,40,0.05714285714285715,4,2024-11-26,2023-08-13,35,506,0.5928853754940712,B2C,South,Organic Search,52,Other,1,3,3,2,0,0.0,
CUST01519,4,24922.94,2769.2155555555555,19,0.027777777777777776,4,2024-12-12,2024-08-12,19,141,0.851063829787234,B2B,East,Referral,56,Other,0,1,5,2,0,0.01,Low Risk
CUST01520,9,72254.25,3612.7125,66,0.05,5,2024-12-29,2023-06-09,2,571,0.4728546409807355,B2C,South,Paid Search,55,Other,1,3,4,2,0,0.0,
CUST01521,1,690.57,690.57,3,0.15,1,2024-08-22,2024-08-22,131,131,0.22900763358778628,B2B,South,Email,41,Male,0,3,2,1,0,0.04,Low Risk
CUST01522,10,56668.63,2698.5061904761906,67,0.04047619047619048,5,2024-12-10,2024-04-08,21,267,1.1235955056179774,B2C,South,Affiliate,29,Male,1,3,0,1,0,0.0,
CUST01523,6,16941.64,2117.705,25,0.037500000000000006,4,2024-12-18,2024-06-11,13,203,0.8866995073891626,B2C,East,Paid Search,29,Female,1,1,4,0,0,0.0,
CUST01524,7,29063.43,2906.343,35,0.03,5,2024-12-15,2024-08-03,16,150,1.4,B2C,South,Paid Search,47,Other,1,3,4,2,0,0.0,
CUST01525,11,44512.22,2472.9011111111113,57,0.025,4,2024-11-04,2023-10-16,57,442,0.746606334841629,B2B,South,Affiliate,18,Other,0,3,0,2,0,0.0,
CUST01526,1,6717.7,6717.7,5,0.05,1,2022-08-16,2022-08-16,868,868,0.03456221198156682,B2C,North,Organic Search,59,Male,1,2,3,1,1,0.97,High Risk
CUST01527,10,54343.39,2362.756086956522,62,0.07391304347826087,5,2024-07-02,2022-10-13,182,810,0.37037037037037035,B2C,East,Referral,56,Male,1,1,5,1,1,0.92,High Risk
CUST01528,4,32318.3,2486.023076923077,41,0.05,5,2024-02-18,2022-04-22,317,984,0.12195121951219513,B2B,Central,Social Media,63,Male,0,0,6,1,1,0.96,High Risk
CUST01529,5,37457.73,2881.363846153846,43,0.05,5,2024-12-14,2023-03-22,17,650,0.23076923076923075,B2B,Central,Affiliate,28,Female,0,0,0,0,0,0.0,
CUST01530,3,15412.369999999999,2201.7671428571425,16,0.042857142857142864,5,2024-12-17,2024-03-02,14,304,0.2960526315789474,B2C,South,Referral,35,Other,1,3,5,2,0,0.03,Low Risk
CUST01531,6,38899.22,2778.5157142857142,33,0.05357142857142857,4,2024-12-08,2024-05-10,23,235,0.7659574468085106,B2C,North,Social Media,24,Other,1,2,6,2,0,0.01,Low Risk
CUST01532,1,9395.380000000001,3131.7933333333335,10,0.10000000000000002,3,2024-03-12,2024-03-12,294,294,0.1020408163265306,B2C,South,Email,42,Male,1,3,2,1,1,0.98,High Risk
CUST01533,4,16106.15,2013.26875,18,0.043750000000000004,5,2024-12-25,2023-07-13,6,537,0.223463687150838,Enterprise,South,Referral,42,Other,2,3,5,2,0,0.01,Low Risk
CUST01534,5,40442.38,2888.7414285714285,51,0.08214285714285714,5,2024-09-10,2023-03-29,112,643,0.2332814930015552,B2C,North,Social Media,40,Male,1,2,6,1,0,0.06,Low Risk
CUST01535,6,18127.989999999998,2014.221111111111,26,0.07222222222222223,5,2024-11-05,2024-09-04,56,118,1.5254237288135595,Enterprise,East,Organic Search,20,Other,2,1,3,2,0,0.0,
CUST01536,6,44414.81,2775.925625,43,0.0625,5,2024-12-12,2023-02-11,19,689,0.2612481857764877,B2C,Central,Paid Search,61,Female,1,0,4,0,0,0.03,Low Risk
CUST01537,1,1271.6,1271.6,2,0.0,1,2023-01-02,2023-01-02,729,729,0.0411522633744856,B2B,Central,Social Media,24,Female,0,0,6,0,1,0.98,High Risk
CUST01538,5,36143.770000000004,3614.3770000000004,28,0.030000000000000006,5,2024-11-25,2024-02-23,36,312,0.4807692307692307,B2B,East,Referral,22,Male,0,1,5,1,0,0.0,
CUST01539,3,24364.92,4060.8199999999997,20,0.025000000000000005,4,2024-09-06,2023-10-25,116,433,0.20785219399538105,B2C,East,Email,64,Female,1,1,2,0,0,0.01,Low Risk
CUST01540,5,24394.53,2439.453,35,0.06,3,2024-08-20,2022-11-24,133,768,0.1953125,Enterprise,West,Social Media,27,Male,2,4,6,1,0,0.0,
CUST01541,5,29089.190000000002,4155.598571428572,26,0.028571428571428574,3,2024-12-12,2024-01-15,19,351,0.4273504273504274,B2C,West,Email,45,Female,1,4,2,0,0,0.01,Low Risk
CUST01542,6,22156.84,2215.684,32,0.11500000000000002,5,2024-09-20,2024-01-24,102,342,0.5263157894736842,B2B,South,Referral,33,Female,0,3,5,0,0,0.0,
CUST01543,3,24986.760000000002,4164.46,20,0.016666666666666666,4,2024-06-14,2023-10-17,200,441,0.20408163265306123,B2C,Central,Direct,52,Male,1,0,1,1,1,0.97,High Risk
CUST01544,3,22723.57,2272.357,22,0.05500000000000001,4,2023-12-15,2023-10-22,382,436,0.20642201834862386,B2C,West,Affiliate,62,Other,1,4,0,2,1,0.97,High Risk
CUST01545,6,29890.649999999998,2135.0464285714284,33,0.06071428571428572,5,2024-12-01,2023-12-12,30,385,0.4675324675324675,B2C,South,Paid Search,19,Female,1,3,4,0,0,0.0,
CUST01546,3,18982.07,3163.6783333333333,21,0.016666666666666666,5,2024-09-08,2024-05-31,114,214,0.4205607476635514,B2C,North,Social Media,41,Male,1,2,6,1,0,0.0,
CUST01547,6,43611.87,4361.187,40,0.07,5,2024-12-10,2023-05-15,21,596,0.30201342281879195,Enterprise,Central,Email,33,Male,2,0,2,1,0,0.01,Low Risk
CUST01548,3,34517.05,5752.841666666667,24,0.05833333333333333,4,2024-09-07,2023-07-13,115,537,0.1675977653631285,Enterprise,North,Referral,27,Female,2,2,5,0,0,0.07,Low Risk
CUST01549,2,11157.33,2789.3325,14,0.08750000000000001,3,2024-02-13,2023-12-11,322,386,0.15544041450777202,B2C,East,Organic Search,60,Other,1,1,3,2,1,0.95,High Risk
CUST01550,7,56642.66,2981.1926315789474,57,0.06842105263157895,4,2024-09-16,2022-05-22,106,954,0.22012578616352202,B2C,South,Social Media,27,Male,1,3,6,1,0,0.0,
CUST01551,3,14041.9,3510.475,16,0.0625,2,2023-12-01,2023-04-03,396,638,0.14106583072100315,B2B,Central,Email,27,Male,0,0,2,1,1,0.98,High Risk
CUST01552,8,58609.37,3663.085625,58,0.059375000000000004,4,2024-12-01,2024-05-08,30,237,1.0126582278481011,B2C,Central,Social Media,48,Female,1,0,6,0,0,0.0,
CUST01553,5,19220.05,1922.0049999999999,20,0.045,4,2024-08-29,2023-07-26,124,524,0.28625954198473286,B2C,East,Organic Search,59,Male,1,1,3,1,0,0.0,
CUST01554,6,15329.84,1277.4866666666667,25,0.11666666666666668,4,2024-11-28,2024-09-25,33,97,1.8556701030927836,B2C,Central,Email,45,Other,1,0,2,2,0,0.01,Low Risk
CUST01555,4,24066.79,3008.34875,23,0.05,4,2024-07-05,2024-02-12,179,323,0.37151702786377705,B2C,Central,Referral,32,Female,1,0,5,0,0,0.01,Low Risk
CUST01556,7,35706.46,2231.65375,39,0.046875,5,2024-09-16,2022-11-18,106,774,0.2713178294573643,B2C,Central,Paid Search,65,Male,1,0,4,1,0,0.01,Low Risk
CUST01557,7,25651.64,2565.1639999999998,25,0.075,5,2024-12-03,2023-09-18,28,470,0.4468085106382979,B2C,South,Affiliate,65,Other,1,3,0,2,0,0.03,Low Risk
CUST01558,6,29101.21,2238.5546153846153,37,0.057692307692307696,5,2024-12-20,2024-08-19,11,134,1.3432835820895521,B2C,West,Referral,59,Female,1,4,5,0,0,0.0,
CUST01559,6,36235.840000000004,4529.4800000000005,29,0.00625,3,2024-12-08,2023-11-30,23,397,0.45340050377833757,B2C,East,Paid Search,35,Male,1,1,4,1,0,0.03,Low Risk
CUST01560,3,23832.379999999997,5958.094999999999,16,0.1375,3,2023-12-26,2023-07-08,371,542,0.16605166051660517,B2B,Central,Social Media,19,Male,0,0,6,1,1,0.97,High Risk
CUST01561,4,13794.34,1724.2925,17,0.05,4,2024-07-31,2023-06-24,153,556,0.2158273381294964,B2C,North,Direct,18,Female,1,2,1,0,0,0.02,Low Risk
CUST01562,8,58391.58,3649.47375,53,0.09375,5,2024-12-21,2022-11-03,10,789,0.3041825095057034,B2C,North,Organic Search,54,Other,1,2,3,2,0,0.0,
CUST01563,5,32419.97,2493.8438461538462,34,0.03076923076923077,5,2024-11-13,2022-07-19,48,896,0.16741071428571427,B2C,North,Organic Search,37,Male,1,2,3,1,0,0.05,Low Risk
CUST01564,5,22092.75,2454.75,20,0.044444444444444446,4,2024-12-18,2023-10-02,13,456,0.32894736842105265,B2C,West,Social Media,43,Other,1,4,6,2,0,0.0,
CUST01565,4,7118.65,1779.6625,9,0.025,3,2024-03-08,2023-08-27,298,492,0.24390243902439027,B2C,East,Referral,50,Male,1,1,5,1,1,0.96,High Risk
CUST01566,3,23558.46,2944.8075,24,0.09375,5,2024-11-17,2024-07-23,44,161,0.5590062111801243,B2C,North,Email,48,Other,1,2,2,2,0,0.0,
CUST01567,6,18947.2,2368.4,23,0.1,5,2024-07-20,2022-07-29,164,886,0.20316027088036115,B2C,South,Organic Search,58,Male,1,3,3,1,0,0.0,
CUST01568,6,60670.29,3370.5716666666667,53,0.05,5,2024-11-28,2023-05-27,33,584,0.3082191780821918,B2B,South,Paid Search,50,Other,0,3,4,2,0,0.01,Low Risk
CUST01569,7,45020.65,3215.7607142857146,42,0.042857142857142864,5,2024-11-21,2024-08-22,40,131,1.603053435114504,B2C,East,Paid Search,39,Female,1,1,4,0,0,0.0,
CUST01570,7,38511.79,2567.4526666666666,45,0.07333333333333333,5,2024-09-20,2023-08-21,102,498,0.4216867469879518,B2B,North,Affiliate,61,Female,0,2,0,0,0,0.0,
CUST01571,5,35784.66,3578.4660000000003,33,0.05500000000000001,3,2024-07-06,2023-06-12,178,568,0.2640845070422535,B2C,Central,Paid Search,54,Other,1,0,4,2,0,0.02,Low Risk
CUST01572,3,13973.68,4657.893333333333,9,0.016666666666666666,3,2024-11-05,2024-07-07,56,177,0.5084745762711864,B2B,South,Social Media,53,Male,0,3,6,1,0,0.0,
CUST01573,5,34515.78,3451.578,32,0.025,3,2024-11-14,2024-05-09,47,236,0.6355932203389831,B2C,East,Social Media,28,Male,1,1,6,1,0,0.0,
CUST01574,5,25928.45,2592.8450000000003,24,0.095,4,2024-07-07,2023-03-17,177,655,0.22900763358778628,B2C,East,Paid Search,63,Female,1,1,4,0,0,0.04,Low Risk
CUST01575,2,17252.78,5750.926666666666,14,0.0,2,2024-08-24,2024-04-20,129,255,0.23529411764705882,B2C,West,Paid Search,25,Other,1,4,4,2,0,0.02,Low Risk
CUST01576,4,42630.1,6090.0142857142855,26,0.09285714285714286,4,2024-07-23,2024-02-13,161,322,0.3726708074534162,B2C,East,Affiliate,57,Other,1,1,0,2,0,0.02,Low Risk
CUST01577,9,30214.18,2517.8483333333334,35,0.05416666666666667,3,2024-06-27,2022-09-28,187,825,0.32727272727272727,B2B,Central,Social Media,41,Male,0,0,6,1,1,0.95,High Risk
CUST01578,2,24056.7,4009.4500000000003,19,0.03333333333333333,3,2024-12-08,2024-12-03,23,28,2.0,B2C,West,Referral,20,Other,1,4,5,2,0,0.0,
CUST01579,8,61113.53,3594.9135294117646,54,0.023529411764705882,5,2024-12-26,2024-10-15,5,77,3.1168831168831166,B2C,Central,Affiliate,24,Female,1,0,0,0,0,0.0,
CUST01580,7,51009.6,3643.542857142857,43,0.06071428571428572,5,2024-11-21,2023-10-15,40,443,0.47404063205417607,B2B,West,Paid Search,42,Female,0,4,4,0,0,0.0,
CUST01581,3,23687.25,3383.8928571428573,26,0.042857142857142864,4,2024-12-10,2024-11-24,21,37,2.4324324324324325,B2C,West,Direct,47,Male,1,4,1,1,0,0.0,
CUST01582,11,64018.590000000004,2462.2534615384616,81,0.06346153846153847,5,2024-12-04,2022-08-22,27,862,0.382830626450116,B2B,West,Paid Search,43,Female,0,4,4,0,0,0.01,Low Risk
CUST01583,9,49602.46,2610.6557894736843,60,0.028947368421052635,5,2024-08-19,2022-04-29,134,977,0.27635619242579323,B2C,Central,Referral,65,Female,1,0,5,0,0,0.0,
CUST01584,7,39111.8,3259.316666666667,32,0.075,3,2024-12-29,2022-10-21,2,802,0.26184538653366585,B2C,North,Email,27,Other,1,2,2,2,0,0.0,
CUST01585,6,40819.11,2401.124117647059,42,0.03235294117647059,5,2024-11-18,2023-03-02,43,670,0.26865671641791045,Enterprise,North,Affiliate,42,Male,2,2,0,1,0,0.01,Low Risk
CUST01586,2,3370.7799999999997,1685.3899999999999,3,0.07500000000000001,2,2024-12-12,2023-08-21,19,498,0.12048192771084336,B2C,West,Paid Search,19,Other,1,4,4,2,0,0.09,Low Risk
CUST01587,7,49644.0,3102.75,49,0.075,5,2024-12-20,2023-11-21,11,406,0.5172413793103449,B2C,South,Organic Search,35,Female,1,3,3,0,0,0.0,
CUST01588,5,23599.57,1815.3515384615384,42,0.07307692307692308,5,2024-04-24,2022-11-05,251,787,0.1905972045743329,B2C,West,Referral,34,Male,1,4,5,1,1,0.99,High Risk
CUST01589,4,8298.880000000001,2074.7200000000003,12,0.05,3,2024-11-19,2022-05-24,42,952,0.12605042016806722,Enterprise,East,Social Media,28,Male,2,1,6,1,0,0.09,Low Risk
CUST01590,3,11645.8,2329.16,15,0.05,4,2024-11-12,2024-04-23,49,252,0.35714285714285715,B2C,West,Affiliate,28,Other,1,4,0,2,0,0.0,
CUST01591,2,8515.279999999999,2128.8199999999997,7,0.05,4,2024-11-18,2024-09-27,43,95,0.6315789473684211,B2B,West,Direct,56,Male,0,4,1,1,0,0.01,Low Risk
CUST01592,4,22656.26,2517.362222222222,23,0.03333333333333334,4,2024-07-12,2023-11-18,172,409,0.293398533007335,B2C,Central,Referral,64,Other,1,0,5,2,0,0.04,Low Risk
CUST01593,4,15357.890000000001,2559.6483333333335,22,0.06666666666666667,4,2024-03-10,2023-07-08,296,542,0.22140221402214022,Enterprise,West,Email,38,Male,2,4,2,1,1,0.88,High Risk
CUST01594,3,16094.41,3218.882,21,0.1,4,2024-12-26,2024-11-20,5,41,2.1951219512195124,B2B,Central,Email,26,Other,0,0,2,2,0,0.02,Low Risk
CUST01595,4,8067.74,2016.935,8,0.0125,3,2024-11-16,2024-03-05,45,301,0.39867109634551495,B2C,North,Referral,30,Female,1,2,5,0,0,0.0,
CUST01596,7,60130.79,3758.174375,54,0.084375,5,2024-11-21,2024-05-13,40,232,0.9051724137931034,B2C,Central,Social Media,31,Male,1,0,6,1,0,0.0,
CUST01597,4,17886.84,2235.855,20,0.043750000000000004,4,2024-12-26,2024-11-22,5,39,3.0769230769230766,B2B,East,Organic Search,37,Female,0,1,3,0,0,0.0,
CUST01598,4,16613.27,2373.324285714286,18,0.042857142857142864,4,2024-11-26,2024-05-04,35,241,0.4979253112033195,B2C,West,Email,44,Female,1,4,2,0,0,0.0,
CUST01599,3,14358.240000000002,2393.0400000000004,20,0.125,4,2024-12-20,2024-01-13,11,353,0.254957507082153,B2C,West,Affiliate,39,Male,1,4,0,1,0,0.04,Low Risk
CUST01600,7,33445.0,2229.6666666666665,41,0.02666666666666667,5,2024-09-17,2023-04-23,105,618,0.3398058252427184,B2C,East,Direct,28,Other,1,1,1,2,0,0.0,
CUST01601,5,53283.5,3805.964285714286,48,0.03928571428571429,5,2024-12-04,2024-01-13,27,353,0.4249291784702549,B2C,West,Referral,57,Male,1,4,5,1,0,0.01,Low Risk
CUST01602,3,22708.629999999997,3784.771666666666,19,0.0,3,2023-09-09,2022-09-12,479,841,0.1070154577883472,B2C,North,Direct,44,Male,1,2,1,1,1,0.96,High Risk
CUST01603,3,14474.61,2412.435,18,0.05000000000000001,3,2024-09-15,2024-03-02,107,304,0.2960526315789474,B2C,Central,Email,50,Other,1,0,2,2,0,0.01,Low Risk
CUST01604,5,21362.88,3560.48,19,0.03333333333333333,3,2024-07-06,2023-02-05,178,695,0.2158273381294964,B2C,West,Affiliate,47,Other,1,4,0,2,0,0.03,Low Risk
CUST01605,3,25380.66,3172.5825,27,0.10625,4,2024-02-22,2023-10-01,313,457,0.19693654266958427,Enterprise,West,Social Media,47,Female,2,4,6,0,1,0.98,High Risk
CUST01606,4,32562.239999999998,2960.203636363636,35,0.02727272727272728,4,2024-12-07,2024-10-20,24,72,1.6666666666666667,Enterprise,North,Affiliate,32,Other,2,2,0,2,0,0.0,
CUST01607,2,6356.28,2118.7599999999998,8,0.06666666666666667,2,2024-01-23,2023-03-19,343,653,0.09188361408882083,B2B,East,Affiliate,44,Other,0,1,0,2,1,0.99,High Risk
CUST01608,5,30969.68,2382.283076923077,37,0.04615384615384616,5,2024-10-13,2023-08-16,79,503,0.29821073558648115,B2C,North,Paid Search,41,Other,1,2,4,2,0,0.0,
CUST01609,8,36347.48,2596.2485714285717,37,0.04642857142857143,5,2024-12-08,2024-07-25,23,159,1.509433962264151,Enterprise,South,Email,33,Other,2,3,2,2,0,0.0,
CUST01610,4,10675.43,1186.158888888889,19,0.03333333333333333,4,2024-03-15,2023-10-03,291,455,0.26373626373626374,B2B,West,Affiliate,54,Female,0,4,0,0,1,0.96,High Risk
CUST01611,9,36736.96,2160.9976470588235,53,0.09705882352941175,4,2024-12-17,2023-03-15,14,657,0.4109589041095891,B2C,South,Social Media,51,Male,1,3,6,1,0,0.01,Low Risk
CUST01612,4,20188.53,2884.075714285714,23,0.13571428571428573,3,2024-10-17,2024-04-13,75,262,0.45801526717557256,B2C,South,Referral,54,Female,1,3,5,0,0,0.01,Low Risk
CUST01613,4,18443.65,3688.7300000000005,13,0.09,4,2024-10-24,2024-09-21,68,101,1.188118811881188,B2C,Central,Social Media,31,Male,1,0,6,1,0,0.0,
CUST01614,6,39463.130000000005,3587.5572727272734,32,0.02727272727272728,5,2024-07-11,2022-11-28,173,764,0.23560209424083772,B2C,North,Direct,27,Male,1,2,1,1,0,0.01,Low Risk
CUST01615,5,36464.66,2804.9738461538464,48,0.11538461538461539,5,2024-11-29,2024-08-31,32,122,1.2295081967213115,B2C,North,Organic Search,65,Other,1,2,3,2,0,0.0,
CUST01616,2,3228.31,807.0775,6,0.125,1,2023-05-04,2023-01-28,607,703,0.08534850640113797,B2C,South,Paid Search,37,Male,1,3,4,1,1,0.96,High Risk
CUST01617,7,47655.9,3177.06,38,0.05333333333333334,5,2024-12-07,2024-05-02,24,243,0.8641975308641976,B2B,West,Referral,21,Female,0,4,5,0,0,0.0,
CUST01618,5,12390.78,1126.4345454545455,24,0.07272727272727274,5,2024-12-28,2023-10-14,3,444,0.33783783783783783,B2C,North,Direct,24,Male,1,2,1,1,0,0.01,Low Risk
CUST01619,3,18189.93,2273.74125,19,0.03125,4,2024-11-06,2023-12-15,55,382,0.23560209424083772,B2C,North,Social Media,34,Male,1,2,6,1,0,0.0,
CUST01620,5,23432.22,2603.58,27,0.061111111111111116,4,2024-12-02,2022-06-07,29,938,0.15991471215351813,Enterprise,East,Paid Search,43,Male,2,1,4,1,0,0.0,
CUST01621,4,18132.98,2266.6225,21,0.08750000000000001,3,2024-10-08,2024-04-06,84,269,0.44609665427509293,B2C,West,Referral,22,Male,1,4,5,1,0,0.0,
CUST01622,6,41433.64,3452.8033333333333,45,0.02916666666666667,5,2024-12-23,2024-03-16,8,290,0.6206896551724138,B2B,West,Paid Search,37,Male,0,4,4,1,0,0.0,
CUST01623,8,48255.95,3217.063333333333,45,0.07333333333333332,4,2024-03-25,2022-10-16,281,807,0.29739776951672864,B2B,Central,Organic Search,39,Female,0,0,3,0,1,0.97,High Risk
CUST01624,1,827.16,413.58,7,0.2,2,2024-04-13,2024-04-13,262,262,0.11450381679389314,B2C,Central,Direct,65,Female,1,0,1,0,1,0.89,High Risk
CUST01625,5,28987.63,2898.763,36,0.01,5,2024-11-07,2022-12-25,54,737,0.20352781546811397,B2C,North,Direct,50,Male,1,2,1,1,0,0.0,
CUST01626,6,45891.79,3530.1376923076923,34,0.08076923076923077,5,2024-10-21,2023-06-02,71,578,0.31141868512110726,B2B,North,Organic Search,38,Male,0,2,3,1,0,0.0,
CUST01627,2,13493.85,2248.975,14,0.03333333333333333,3,2024-09-11,2023-05-01,111,610,0.09836065573770493,B2C,East,Paid Search,23,Female,1,1,4,0,0,0.08,Low Risk
CUST01628,5,26345.4,2634.54,32,0.095,3,2024-10-27,2024-05-18,65,227,0.6607929515418502,B2B,West,Email,45,Other,0,4,2,2,0,0.0,
CUST01629,12,48007.36,2087.2765217391307,63,0.06739130434782609,5,2024-12-25,2023-11-11,6,416,0.8653846153846153,B2C,East,Referral,63,Female,1,1,5,0,0,0.0,
CUST01630,5,28516.61,4073.8014285714285,22,0.09285714285714286,3,2024-12-16,2023-12-02,15,395,0.379746835443038,B2C,Central,Affiliate,31,Other,1,0,0,2,0,0.02,Low Risk
CUST01631,7,60135.35,3340.8527777777776,58,0.03333333333333333,5,2024-10-29,2024-01-30,63,336,0.625,B2C,West,Social Media,38,Other,1,4,6,2,0,0.0,
CUST01632,8,60793.29,3199.646842105263,61,0.028947368421052635,5,2024-07-24,2022-07-09,160,906,0.26490066225165565,B2C,West,Social Media,41,Other,1,4,6,2,0,0.01,Low Risk
CUST01633,2,7728.73,2576.2433333333333,12,0.03333333333333333,3,2023-06-22,2022-08-18,558,866,0.06928406466512702,Enterprise,North,Social Media,55,Female,2,2,6,0,1,0.97,High Risk
CUST01634,3,7654.57,2551.523333333333,6,0.08333333333333333,3,2024-01-11,2023-10-29,355,429,0.2097902097902098,B2C,East,Organic Search,29,Female,1,1,3,0,1,1.0,High Risk
CUST01635,8,27215.64,1600.92,45,0.13823529411764707,5,2024-12-03,2023-11-01,28,426,0.5633802816901409,B2C,East,Paid Search,60,Female,1,1,4,0,0,0.01,Low Risk
CUST01637,5,50368.24,3148.015,53,0.08125,5,2024-09-25,2023-07-26,97,524,0.28625954198473286,B2B,Central,Paid Search,53,Male,0,0,4,1,0,0.0,
CUST01638,8,72735.81,4278.577058823529,63,0.020588235294117647,5,2024-12-15,2023-09-05,16,483,0.49689440993788814,B2C,South,Organic Search,53,Female,1,3,3,0,0,0.0,
CUST01639,3,22064.53,2758.06625,34,0.025,3,2024-11-29,2024-09-14,32,108,0.8333333333333333,B2B,Central,Email,61,Female,0,0,2,0,0,0.0,
CUST01640,6,29305.550000000003,2664.140909090909,33,0.09545454545454546,5,2024-12-23,2023-05-10,8,601,0.29950083194675536,B2C,South,Affiliate,49,Female,1,3,0,0,0,0.0,
CUST01641,3,35827.13,3582.7129999999997,30,0.0,4,2023-05-27,2022-09-26,584,827,0.10882708585247884,B2C,North,Paid Search,56,Female,1,2,4,0,1,0.95,High Risk
CUST01642,6,38545.520000000004,2965.0400000000004,44,0.057692307692307696,4,2024-11-17,2024-08-08,44,145,1.2413793103448276,B2C,Central,Organic Search,59,Other,1,0,3,2,0,0.0,
CUST01643,5,27774.16,2314.5133333333333,36,0.016666666666666666,5,2024-03-14,2022-03-13,292,1024,0.146484375,B2C,East,Email,20,Other,1,1,2,2,1,0.99,High Risk
CUST01644,3,18168.01,3028.0016666666666,18,0.049999999999999996,4,2024-11-04,2024-09-08,57,114,0.7894736842105263,B2C,North,Organic Search,44,Other,1,2,3,2,0,0.0,
CUST01645,6,70349.0,3517.45,64,0.027500000000000004,5,2024-11-29,2023-06-07,32,573,0.31413612565445026,B2C,East,Direct,38,Female,1,1,1,0,0,0.03,Low Risk
CUST01646,5,32293.739999999998,2935.794545454545,33,0.009090909090909092,5,2024-10-24,2024-08-20,68,133,1.1278195488721805,B2C,East,Email,49,Other,1,1,2,2,0,0.01,Low Risk
CUST01647,2,3345.87,1672.935,5,0.025,2,2024-05-18,2024-03-24,227,282,0.2127659574468085,B2C,Central,Paid Search,21,Male,1,0,4,1,1,0.91,High Risk
CUST01648,3,11651.99,2330.398,16,0.16,4,2023-09-10,2022-09-23,478,830,0.10843373493975904,B2C,West,Organic Search,30,Other,1,4,3,2,1,0.99,High Risk
CUST01649,9,56542.36,3326.021176470588,58,0.04411764705882353,5,2024-10-21,2023-09-20,71,468,0.576923076923077,Enterprise,North,Affiliate,21,Female,2,2,0,0,0,0.01,Low Risk
CUST01650,6,32722.2,3272.2200000000003,34,0.085,4,2024-08-15,2022-04-16,138,990,0.18181818181818182,B2C,East,Social Media,62,Other,1,1,6,2,0,0.01,Low Risk
CUST01651,4,6355.26,1271.0520000000001,13,0.04,3,2024-12-12,2023-08-29,19,490,0.2448979591836735,B2C,South,Organic Search,26,Female,1,3,3,0,0,0.01,Low Risk
CUST01652,5,21933.45,3133.35,18,0.03571428571428571,4,2024-03-18,2022-09-26,288,827,0.18137847642079807,B2C,West,Referral,25,Other,1,4,5,2,1,0.99,High Risk
CUST01653,8,60923.51,2901.119523809524,70,0.0761904761904762,5,2024-10-21,2024-04-27,71,248,0.9677419354838709,B2C,West,Social Media,38,Other,1,4,6,2,0,0.0,
CUST01654,11,51824.340000000004,2467.8257142857146,63,0.05952380952380952,5,2024-12-19,2024-02-12,12,323,1.021671826625387,B2B,East,Referral,23,Female,0,1,5,0,0,0.0,
CUST01655,6,20420.89,1856.4445454545455,29,0.031818181818181815,5,2024-11-30,2024-06-12,31,202,0.8910891089108911,B2C,South,Organic Search,49,Male,1,3,3,1,0,0.0,
CUST01656,8,50261.99,3350.7993333333334,58,0.043333333333333335,5,2024-09-06,2023-02-17,116,683,0.3513909224011713,B2B,West,Paid Search,49,Male,0,4,4,1,0,0.03,Low Risk
CUST01657,9,39590.76,3299.23,44,0.0375,5,2024-11-29,2023-08-05,32,514,0.5252918287937743,B2C,Central,Social Media,37,Other,1,0,6,2,0,0.01,Low Risk
CUST01658,2,9863.02,3287.6733333333336,9,0.15,3,2024-10-24,2024-10-10,68,82,0.7317073170731707,B2C,Central,Paid Search,32,Female,1,0,4,0,0,0.0,
CUST01659,6,52507.19,4773.380909090909,42,0.04090909090909091,4,2024-11-26,2024-02-27,35,308,0.5844155844155844,B2C,Central,Email,30,Male,1,0,2,1,0,0.03,Low Risk
CUST01660,5,18961.23,2370.15375,19,0.043750000000000004,5,2024-10-04,2023-06-17,88,563,0.2664298401420959,Enterprise,East,Direct,59,Male,2,1,1,1,0,0.03,Low Risk
CUST01661,4,42805.49,3891.4081818181817,30,0.08181818181818182,4,2024-11-30,2022-08-21,31,863,0.13904982618771727,B2C,North,Email,29,Female,1,2,2,0,0,0.02,Low Risk
CUST01662,5,23933.53,3419.075714285714,20,0.07142857142857142,4,2023-11-24,2022-07-31,403,884,0.16968325791855204,B2C,West,Organic Search,53,Male,1,4,3,1,1,0.97,High Risk
CUST01663,2,13556.04,3389.01,15,0.1375,3,2023-12-11,2023-10-04,386,454,0.13215859030837004,B2C,South,Email,50,Female,1,3,2,0,1,0.98,High Risk
CUST01664,7,41606.11,2971.8650000000002,45,0.06785714285714287,5,2024-12-21,2022-04-24,10,982,0.21384928716904275,B2C,East,Referral,42,Other,1,1,5,2,0,0.02,Low Risk
CUST01665,4,18196.690000000002,2599.527142857143,20,0.028571428571428574,5,2024-04-20,2023-10-28,255,430,0.27906976744186046,B2C,South,Direct,35,Other,1,3,1,2,1,0.95,High Risk
CUST01666,7,30874.55,2374.9653846153847,30,0.04230769230769231,4,2024-12-24,2024-09-02,7,120,1.75,B2C,West,Organic Search,59,Male,1,4,3,1,0,0.0,
CUST01667,8,37371.37,2669.3835714285715,41,0.042857142857142864,5,2024-10-15,2022-08-29,77,855,0.2807017543859649,B2B,North,Direct,35,Male,0,2,1,1,0,0.01,Low Risk
CUST01668,4,21609.15,2401.016666666667,31,0.10555555555555556,4,2024-06-15,2022-09-30,199,823,0.14580801944106925,B2C,East,Direct,62,Other,1,1,1,2,1,0.93,High Risk
CUST01669,3,12888.539999999999,3222.1349999999998,11,0.0875,2,2024-12-21,2024-09-12,10,110,0.8181818181818182,B2C,North,Affiliate,62,Female,1,2,0,0,0,0.0,
CUST01670,5,15795.76,2256.537142857143,21,0.05,4,2024-12-02,2024-02-16,29,319,0.4702194357366771,B2C,South,Social Media,63,Other,1,3,6,2,0,0.0,
CUST01671,4,20443.41,2271.49,19,0.05,4,2024-06-28,2023-04-23,186,618,0.1941747572815534,B2C,North,Referral,57,Female,1,2,5,0,1,0.96,High Risk
CUST01672,5,32113.39,3568.1544444444444,29,0.03888888888888889,5,2024-08-05,2023-04-29,148,612,0.2450980392156863,B2C,South,Organic Search,28,Male,1,3,3,1,0,0.01,Low Risk
CUST01673,6,38763.85,2981.834615384615,40,0.07307692307692307,5,2024-11-28,2023-06-09,33,571,0.31523642732049034,Enterprise,South,Referral,48,Female,2,3,5,0,0,0.0,
CUST01674,4,23632.02,2625.78,26,0.07222222222222223,5,2024-08-12,2023-12-16,141,381,0.31496062992125984,B2B,East,Paid Search,61,Male,0,1,4,1,0,0.0,
CUST01675,8,48874.05,3491.003571428572,43,0.028571428571428574,5,2024-11-21,2024-07-16,40,168,1.4285714285714286,B2C,Central,Affiliate,33,Female,1,0,0,0,0,0.0,
CUST01676,4,35562.31,3232.9372727272726,31,0.07727272727272727,5,2024-11-13,2023-07-15,48,535,0.22429906542056077,B2C,Central,Social Media,32,Other,1,0,6,2,0,0.02,Low Risk
CUST01677,6,16775.47,1677.547,26,0.045,5,2024-10-06,2024-02-21,86,314,0.5732484076433121,B2C,North,Affiliate,65,Female,1,2,0,0,0,0.0,
CUST01678,6,42743.69,2849.5793333333336,49,0.060000000000000005,5,2024-12-25,2023-12-23,6,374,0.48128342245989303,B2C,Central,Email,34,Female,1,0,2,0,0,0.0,
CUST01679,5,32167.829999999998,2924.3481818181817,36,0.09545454545454546,4,2024-10-28,2024-02-15,64,320,0.46875,B2B,East,Direct,60,Other,0,1,1,2,0,0.0,
CUST01680,10,39203.82,2613.588,37,0.03666666666666667,4,2024-10-27,2024-02-02,65,333,0.9009009009009009,B2B,Central,Organic Search,27,Female,0,0,3,0,0,0.0,
CUST01681,3,14277.42,3569.355,13,0.05,3,2024-02-26,2023-02-09,309,691,0.13024602026049203,B2C,East,Paid Search,54,Other,1,1,4,2,1,0.99,High Risk
CUST01682,3,9435.25,1887.05,10,0.1,3,2024-07-29,2024-04-28,155,247,0.3643724696356276,B2C,North,Email,58,Male,1,2,2,1,0,0.0,
CUST01683,5,30852.68,3085.268,30,0.05,3,2024-08-26,2023-10-20,127,438,0.3424657534246575,Enterprise,West,Direct,29,Female,2,4,1,0,0,0.01,Low Risk
CUST01684,7,53405.67,2966.9816666666666,51,0.06944444444444445,5,2024-12-23,2024-11-29,8,32,6.5625,B2C,West,Social Media,37,Male,1,4,6,1,0,0.0,
CUST01685,6,30274.08,3027.4080000000004,31,0.08499999999999999,5,2024-08-24,2022-04-18,129,988,0.1821862348178138,B2B,East,Organic Search,45,Female,0,1,3,0,0,0.02,Low Risk
CUST01686,7,38639.62,2972.2784615384617,37,0.07307692307692307,5,2024-11-24,2024-06-09,37,205,1.024390243902439,B2C,East,Organic Search,49,Other,1,1,3,2,0,0.0,
CUST01687,8,25899.79,2589.9790000000003,30,0.09,5,2024-06-11,2022-09-12,203,841,0.2853745541022592,Enterprise,Central,Direct,53,Other,2,0,1,2,1,0.99,High Risk
CUST01688,5,29688.09,3298.6766666666667,28,0.061111111111111116,5,2024-10-10,2023-06-29,82,551,0.27223230490018147,B2C,East,Social Media,18,Female,1,1,6,0,0,0.0,
CUST01689,5,17984.0,1798.4,30,0.045,4,2023-09-12,2022-03-26,476,1011,0.14836795252225518,B2C,Central,Email,37,Male,1,0,2,1,1,0.98,High Risk
CUST01690,4,14208.07,2841.614,15,0.08,4,2024-11-08,2023-12-11,53,386,0.31088082901554404,B2C,North,Social Media,36,Other,1,2,6,2,0,0.01,Low Risk
CUST01691,4,29737.95,3717.24375,27,0.0625,3,2024-12-20,2024-11-07,11,54,2.2222222222222223,Enterprise,South,Referral,35,Male,2,3,5,1,0,0.0,
CUST01692,4,15202.47,1900.30875,23,0.05,5,2024-05-05,2023-05-23,240,588,0.2040816326530612,B2C,North,Organic Search,48,Female,1,2,3,0,1,0.96,High Risk
CUST01693,4,28433.940000000002,2843.3940000000002,26,0.0,5,2024-12-18,2023-02-25,13,675,0.17777777777777778,B2C,West,Organic Search,34,Female,1,4,3,0,0,0.01,Low Risk
CUST01694,5,19256.420000000002,2139.6022222222223,25,0.1,5,2024-12-08,2024-09-28,23,94,1.5957446808510638,B2C,Central,Social Media,55,Male,1,0,6,1,0,0.0,
CUST01695,3,18892.22,4723.055,16,0.025,3,2024-12-23,2024-12-06,8,25,3.0,B2C,East,Direct,30,Female,1,1,1,0,0,0.0,
CUST01696,2,10863.93,2715.9825,11,0.07500000000000001,2,2023-07-30,2023-06-08,520,572,0.1048951048951049,Enterprise,Central,Email,52,Male,2,0,2,1,1,0.98,High Risk
CUST01697,8,19973.75,1815.7954545454545,25,0.06818181818181818,4,2024-12-07,2023-08-16,24,503,0.4771371769383698,B2C,North,Email,62,Female,1,2,2,0,0,0.0,
CUST01698,5,20804.38,1300.27375,41,0.0625,5,2024-11-23,2024-08-22,38,131,1.1450381679389314,B2C,West,Email,44,Female,1,4,2,0,0,0.01,Low Risk
CUST01699,4,25252.510000000002,1942.5007692307695,34,0.07692307692307693,5,2024-08-24,2024-01-07,129,359,0.3342618384401114,Enterprise,North,Email,23,Male,2,2,2,1,0,0.0,
CUST01700,4,24585.78,1756.1271428571429,29,0.09999999999999999,4,2024-12-21,2024-09-17,10,105,1.1428571428571428,B2C,South,Social Media,26,Other,1,3,6,2,0,0.0,
CUST01701,5,32542.53,2711.8775,32,0.012499999999999999,4,2024-09-04,2024-06-05,118,209,0.7177033492822966,B2C,East,Affiliate,43,Male,1,1,0,1,0,0.01,Low Risk
CUST01702,4,39754.56,4969.32,27,0.00625,5,2024-11-05,2024-01-18,56,348,0.3448275862068966,B2B,West,Affiliate,51,Female,0,4,0,0,0,0.01,Low Risk
CUST01703,1,3728.35,1864.175,4,0.0,2,2024-09-24,2024-09-24,98,98,0.30612244897959184,B2B,East,Referral,24,Female,0,1,5,0,0,0.0,
CUST01704,1,13903.349999999999,3475.8374999999996,18,0.0,2,2024-09-19,2024-09-19,103,103,0.29126213592233013,B2C,Central,Social Media,21,Male,1,0,6,1,0,0.02,Low Risk
CUST01705,3,6234.05,2078.016666666667,8,0.15,2,2024-12-15,2024-10-30,16,62,1.4516129032258063,B2B,North,Direct,27,Other,0,2,1,2,0,0.01,Low Risk
CUST01706,4,19536.23,2170.692222222222,23,0.07222222222222223,3,2024-11-26,2024-04-12,35,263,0.4562737642585551,B2C,South,Social Media,64,Male,1,3,6,1,0,0.0,
CUST01707,4,31199.010000000002,3466.556666666667,30,0.044444444444444446,5,2024-06-22,2024-02-01,192,334,0.3592814371257485,B2C,North,Paid Search,56,Male,1,2,4,1,1,0.89,High Risk
CUST01708,7,37870.17,2913.0899999999997,31,0.03461538461538462,5,2024-11-11,2024-05-18,50,227,0.9251101321585904,B2C,South,Organic Search,50,Female,1,3,3,0,0,0.0,
CUST01710,5,33246.6,2216.44,46,0.12000000000000001,5,2024-12-05,2023-06-18,26,562,0.2669039145907473,B2B,West,Direct,25,Female,0,4,1,0,0,0.01,Low Risk
CUST01711,1,90.7,90.7,2,0.1,1,2024-01-06,2024-01-06,360,360,0.08333333333333333,B2C,South,Referral,60,Male,1,3,5,1,1,1.0,High Risk
CUST01712,4,29813.02,2710.2745454545457,33,0.08181818181818182,4,2023-10-14,2022-11-10,444,782,0.1534526854219949,B2C,South,Social Media,36,Other,1,3,6,2,1,0.96,High Risk
CUST01713,11,41108.76,1957.5600000000002,56,0.07857142857142858,5,2024-04-06,2022-06-08,269,937,0.35218783351120597,B2C,East,Email,42,Other,1,1,2,2,1,0.94,High Risk
CUST01714,3,25920.989999999998,3240.1237499999997,27,0.0125,4,2024-07-06,2024-03-20,178,286,0.3146853146853147,B2C,West,Social Media,47,Male,1,4,6,1,0,0.03,Low Risk
CUST01715,5,35969.28,2397.9519999999998,48,0.07,5,2024-11-25,2024-07-08,36,176,0.8522727272727273,B2C,Central,Referral,59,Other,1,0,5,2,0,0.0,
CUST01716,14,96960.8,2693.355555555556,102,0.029166666666666667,5,2024-11-30,2024-08-20,31,133,3.1578947368421053,Enterprise,East,Email,64,Female,2,1,2,0,0,0.0,
CUST01717,6,31070.37,2589.1974999999998,45,0.1125,5,2024-09-20,2023-07-16,102,534,0.33707865168539325,B2C,East,Affiliate,50,Male,1,1,0,1,0,0.01,Low Risk
CUST01718,4,34380.93,2455.780714285714,35,0.10714285714285714,5,2024-03-04,2023-06-28,302,552,0.2173913043478261,B2C,West,Paid Search,59,Male,1,4,4,1,1,0.95,High Risk
CUST01719,6,61703.84,3856.49,52,0.009375000000000001,5,2024-11-19,2023-08-28,42,491,0.3665987780040733,B2C,East,Affiliate,26,Female,1,1,0,0,0,0.01,Low Risk
CUST01720,7,36791.909999999996,2627.993571428571,49,0.10357142857142856,4,2024-12-30,2024-11-01,1,60,3.5,Enterprise,North,Referral,48,Female,2,2,5,0,0,0.0,
CUST01721,4,25185.23,2098.7691666666665,40,0.05416666666666667,5,2024-07-20,2024-01-08,164,358,0.33519553072625696,B2B,Central,Direct,60,Other,0,0,1,2,0,0.01,Low Risk
CUST01722,3,22775.44,4555.088,21,0.12000000000000002,3,2024-06-17,2024-03-19,197,287,0.31358885017421606,Enterprise,Central,Social Media,55,Other,2,0,6,2,1,0.93,High Risk
CUST01723,5,12259.390000000001,1362.1544444444446,20,0.08333333333333333,5,2024-10-11,2023-11-30,81,397,0.3778337531486146,B2B,North,Paid Search,32,Male,0,2,4,1,0,0.0,
CUST01724,8,44410.42,3700.8683333333333,42,0.07083333333333333,4,2024-12-25,2024-11-09,6,52,4.615384615384615,B2C,West,Paid Search,64,Male,1,4,4,1,0,0.01,Low Risk
CUST01725,4,47212.33,3934.3608333333336,48,0.05416666666666667,5,2024-06-21,2022-09-23,193,830,0.14457831325301204,B2B,West,Email,22,Male,0,4,2,1,1,0.98,High Risk
CUST01726,3,28309.809999999998,2830.9809999999998,30,0.030000000000000006,4,2024-12-26,2024-09-05,5,117,0.7692307692307693,B2B,North,Organic Search,46,Female,0,2,3,0,0,0.0,
CUST01727,7,56497.94,3531.12125,59,0.109375,5,2024-11-15,2024-08-04,46,149,1.4093959731543624,B2C,South,Referral,46,Female,1,3,5,0,0,0.0,
CUST01728,12,98748.03,3798.001153846154,84,0.04807692307692308,5,2024-07-30,2022-08-07,154,877,0.4104903078677309,B2C,Central,Social Media,49,Female,1,0,6,0,0,0.06,Low Risk
CUST01729,6,33617.93,2801.494166666667,43,0.06666666666666667,5,2024-12-23,2024-11-27,8,34,5.294117647058823,B2B,South,Email,51,Male,0,3,2,1,0,0.0,
CUST01730,5,34216.79,3801.8655555555556,26,0.0,3,2024-10-24,2022-05-28,68,948,0.1582278481012658,B2C,North,Affiliate,26,Male,1,2,0,1,0,0.07,Low Risk
CUST01731,8,41042.69,2565.168125,45,0.06875,5,2024-08-23,2023-08-19,130,500,0.48,B2C,Central,Organic Search,39,Male,1,0,3,1,0,0.0,
CUST01732,3,24087.04,3441.0057142857145,17,0.07142857142857142,4,2024-12-26,2024-11-26,5,35,2.571428571428571,B2C,West,Paid Search,54,Female,1,4,4,0,0,0.0,
CUST01733,7,35442.67,1865.4036842105263,44,0.0368421052631579,5,2024-10-02,2024-02-29,90,306,0.6862745098039216,B2B,Central,Affiliate,26,Male,0,0,0,1,0,0.0,
CUST01734,7,31056.29,3450.698888888889,25,0.06666666666666667,4,2024-12-25,2024-02-23,6,312,0.673076923076923,B2C,North,Paid Search,51,Female,1,2,4,0,0,0.0,
CUST01735,4,22313.79,2479.31,27,0.12222222222222223,3,2024-01-02,2022-06-10,364,935,0.1283422459893048,B2C,South,Direct,39,Male,1,3,1,1,1,0.93,High Risk
CUST01736,7,36143.7,2581.692857142857,38,0.04642857142857143,4,2024-12-04,2023-02-07,27,693,0.30303030303030304,B2C,East,Social Media,22,Male,1,1,6,1,0,0.0,
CUST01737,4,19374.16,2152.6844444444446,21,0.06666666666666668,5,2024-06-30,2023-05-17,184,594,0.20202020202020202,B2C,Central,Direct,57,Other,1,0,1,2,1,0.87,High Risk
CUST01738,3,19523.27,2440.40875,24,0.11875000000000001,4,2023-11-30,2023-08-14,397,505,0.17821782178217824,B2C,North,Organic Search,55,Female,1,2,3,0,1,0.94,High Risk
CUST01739,8,64226.09,3058.385238095238,65,0.08571428571428572,5,2024-07-03,2023-06-08,181,572,0.4195804195804196,B2C,North,Social Media,30,Female,1,2,6,0,1,0.83,High Risk
CUST01740,4,14921.26,1657.9177777777777,20,0.03333333333333333,5,2024-10-13,2022-06-17,79,928,0.12931034482758622,B2B,Central,Social Media,60,Male,0,0,6,1,0,0.03,Low Risk
CUST01741,8,66020.38,3667.798888888889,54,0.1,5,2024-07-08,2023-01-09,176,722,0.33240997229916897,Enterprise,Central,Referral,20,Female,2,0,5,0,0,0.01,Low Risk
CUST01742,10,44597.71,2229.8855,55,0.0775,5,2024-08-26,2022-07-05,127,910,0.32967032967032966,Enterprise,Central,Direct,48,Male,2,0,1,1,0,0.01,Low Risk
CUST01743,2,16711.84,4177.96,16,0.05,3,2024-03-20,2023-05-06,286,605,0.09917355371900825,B2C,North,Direct,32,Other,1,2,1,2,1,1.0,High Risk
CUST01744,11,80601.77,3224.0708,75,0.038000000000000006,5,2024-09-15,2023-08-24,107,495,0.6666666666666666,B2B,East,Paid Search,19,Male,0,1,4,1,0,0.03,Low Risk
CUST01745,3,16209.529999999999,3241.906,14,0.030000000000000006,3,2024-05-25,2023-03-03,220,669,0.13452914798206278,B2C,Central,Email,61,Other,1,0,2,2,1,0.96,High Risk
CUST01746,3,29967.559999999998,5993.512,19,0.04,4,2024-06-02,2023-02-03,212,697,0.1291248206599713,B2C,North,Email,62,Male,1,2,2,1,1,0.99,High Risk
CUST01747,6,62259.0,3891.1875,51,0.04375,5,2024-12-13,2023-11-25,18,402,0.44776119402985076,B2C,Central,Email,25,Other,1,0,2,2,0,0.0,
CUST01748,5,44873.450000000004,2804.5906250000003,57,0.121875,5,2024-12-13,2023-12-25,18,372,0.4032258064516129,B2C,East,Organic Search,33,Male,1,1,3,1,0,0.01,Low Risk
CUST01749,5,25269.739999999998,3158.7174999999997,26,0.0625,4,2024-07-14,2022-06-07,170,938,0.15991471215351813,B2C,South,Affiliate,52,Other,1,3,0,2,0,0.03,Low Risk
CUST01750,7,47148.01,2619.333888888889,54,0.04722222222222223,5,2024-04-12,2023-02-24,263,676,0.3106508875739645,B2B,South,Organic Search,21,Male,0,3,3,1,1,0.97,High Risk
CUST01751,4,31108.0,3110.8,34,0.02,4,2024-10-03,2024-02-08,89,327,0.36697247706422015,B2C,North,Direct,59,Male,1,2,1,1,0,0.01,Low Risk
CUST01752,7,25496.6,2317.872727272727,34,0.05909090909090909,5,2024-06-16,2023-04-13,198,628,0.3343949044585987,B2C,West,Organic Search,60,Male,1,4,3,1,1,0.92,High Risk
CUST01753,3,33862.11,3386.2110000000002,41,0.065,4,2023-10-14,2022-07-22,444,893,0.1007838745800672,B2C,South,Referral,40,Male,1,3,5,1,1,0.97,High Risk
CUST01754,7,57999.69,4142.835,46,0.08928571428571429,5,2024-12-16,2023-11-21,15,406,0.5172413793103449,B2B,East,Social Media,59,Male,0,1,6,1,0,0.0,
CUST01755,6,19597.21,2177.467777777778,20,0.09444444444444444,4,2024-11-10,2024-04-09,51,266,0.6766917293233082,B2C,East,Direct,24,Male,1,1,1,1,0,0.0,
CUST01756,4,30929.93,2379.2253846153844,37,0.04615384615384615,5,2024-09-14,2024-01-01,108,365,0.32876712328767127,B2C,Central,Organic Search,31,Male,1,0,3,1,0,0.0,
CUST01757,7,30411.21,2339.3238461538463,32,0.057692307692307696,5,2024-11-21,2024-05-10,40,235,0.8936170212765958,B2C,Central,Social Media,64,Male,1,0,6,1,0,0.0,
CUST01758,5,19447.61,1767.9645454545455,32,0.045454545454545456,4,2024-08-14,2022-03-11,139,1026,0.14619883040935672,Enterprise,West,Organic Search,49,Male,2,4,3,1,0,0.01,Low Risk
CUST01759,4,18931.97,2103.5522222222226,28,0.07222222222222223,5,2024-12-20,2023-05-17,11,594,0.20202020202020202,B2C,West,Organic Search,21,Female,1,4,3,0,0,0.03,Low Risk
CUST01760,2,9623.63,3207.8766666666666,10,0.15,3,2024-11-27,2024-09-21,34,101,0.594059405940594,B2B,North,Email,46,Male,0,2,2,1,0,0.0,
CUST01761,4,20966.65,2995.2357142857145,20,0.03571428571428571,5,2024-07-29,2023-04-20,155,621,0.1932367149758454,B2C,South,Direct,21,Other,1,3,1,2,0,0.01,Low Risk
CUST01762,8,35211.9,2347.46,38,0.08666666666666667,5,2024-09-08,2023-05-25,114,586,0.40955631399317405,Enterprise,East,Direct,39,Female,2,1,1,0,0,0.01,Low Risk
CUST01763,6,43416.13,3339.7023076923074,38,0.019230769230769232,5,2024-11-14,2024-08-17,47,136,1.3235294117647058,B2B,East,Direct,45,Female,0,1,1,0,0,0.0,
CUST01764,7,42138.1,2478.711764705882,57,0.017647058823529415,5,2024-10-31,2022-10-09,61,814,0.257985257985258,B2C,Central,Referral,61,Female,1,0,5,0,0,0.02,Low Risk
CUST01765,2,2306.0,1153.0,3,0.1,2,2024-11-19,2024-05-28,42,217,0.2764976958525346,B2B,Central,Affiliate,51,Female,0,0,0,0,0,0.03,Low Risk
CUST01766,10,62983.18,2738.399130434783,65,0.043478260869565216,5,2024-12-27,2022-09-26,4,827,0.36275695284159615,B2C,South,Organic Search,35,Other,1,3,3,2,0,0.0,
CUST01767,4,28078.21,3509.77625,23,0.04375,5,2024-10-19,2023-09-20,73,468,0.25641025641025644,B2C,Central,Direct,43,Male,1,0,1,1,0,0.0,
CUST01768,7,53986.09,2699.3044999999997,55,0.05500000000000001,5,2024-10-31,2024-08-19,61,134,1.5671641791044775,B2C,East,Affiliate,59,Other,1,1,0,2,0,0.0,
CUST01769,6,38999.22,2999.94,36,0.06153846153846154,4,2024-12-25,2023-04-07,6,634,0.28391167192429023,B2C,Central,Affiliate,34,Male,1,0,0,1,0,0.01,Low Risk
CUST01770,6,55080.49,3240.0288235294115,57,0.03823529411764706,5,2024-12-11,2023-11-24,20,403,0.4466501240694789,B2C,West,Organic Search,40,Female,1,4,3,0,0,0.0,
CUST01771,5,28164.63,3129.4033333333336,28,0.05555555555555555,3,2024-12-03,2024-09-22,28,100,1.5,B2C,South,Direct,23,Female,1,3,1,0,0,0.0,
CUST01772,7,39473.54,2819.5385714285717,42,0.09999999999999999,5,2024-12-24,2024-09-01,7,121,1.7355371900826446,B2C,North,Social Media,35,Female,1,2,6,0,0,0.0,
CUST01773,6,17275.62,1919.5133333333333,23,0.022222222222222223,5,2024-08-28,2024-03-27,125,279,0.6451612903225806,B2C,South,Direct,59,Male,1,3,1,1,0,0.0,
CUST01774,6,25137.61,2285.2372727272727,29,0.03636363636363637,5,2024-12-22,2023-01-18,9,713,0.25245441795231416,B2C,South,Affiliate,46,Other,1,3,0,2,0,0.0,
CUST01775,4,36359.77,5194.252857142857,26,0.05,4,2024-11-23,2023-06-08,38,572,0.2097902097902098,B2C,South,Referral,34,Female,1,3,5,0,0,0.07,Low Risk
CUST01776,4,14000.32,2000.0457142857142,16,0.1142857142857143,4,2024-03-13,2022-03-01,293,1036,0.11583011583011583,B2B,Central,Direct,33,Female,0,0,1,0,1,0.99,High Risk
CUST01777,6,30358.43,2529.869166666667,29,0.06666666666666667,4,2024-12-22,2022-11-26,9,766,0.23498694516971277,B2C,West,Organic Search,33,Male,1,4,3,1,0,0.0,
CUST01778,2,11834.080000000002,2958.5200000000004,15,0.0,3,2024-11-12,2023-06-03,49,577,0.10398613518197573,B2C,West,Email,36,Male,1,4,2,1,0,0.04,Low Risk
CUST01779,5,11219.8,1246.6444444444444,18,0.027777777777777776,4,2024-04-18,2022-12-08,257,754,0.1989389920424403,B2C,East,Email,59,Female,1,1,2,0,1,0.94,High Risk
CUST01780,4,14046.87,1404.6870000000001,26,0.02,3,2024-12-16,2024-02-25,15,310,0.3870967741935484,B2C,North,Organic Search,36,Male,1,2,3,1,0,0.0,
CUST01781,4,24657.55,2465.755,33,0.1,5,2024-11-17,2024-07-31,44,153,0.7843137254901962,B2C,Central,Social Media,50,Other,1,0,6,2,0,0.0,
CUST01782,3,25313.93,2301.2663636363636,32,0.0,5,2024-10-11,2024-05-08,81,237,0.37974683544303794,Enterprise,East,Email,55,Male,2,1,2,1,0,0.0,
CUST01783,6,30758.1,2563.1749999999997,35,0.0625,4,2024-12-24,2024-11-22,7,39,4.615384615384615,B2B,West,Referral,23,Male,0,4,5,1,0,0.0,
CUST01784,10,46795.39,2599.7438888888887,58,0.07222222222222223,4,2024-10-07,2023-02-17,85,683,0.43923865300146414,B2C,Central,Referral,44,Other,1,0,5,2,0,0.03,Low Risk
CUST01785,5,38936.07,3244.6725,37,0.016666666666666666,5,2024-11-12,2022-07-30,49,885,0.1694915254237288,B2C,North,Referral,51,Other,1,2,5,2,0,0.03,Low Risk
CUST01786,3,16661.61,2082.70125,22,0.08125,4,2024-05-20,2024-01-12,225,354,0.2542372881355932,B2B,South,Social Media,33,Female,0,3,6,0,1,0.97,High Risk
CUST01787,5,41424.09,3452.0074999999997,40,0.03333333333333333,5,2024-10-02,2023-01-13,90,718,0.20891364902506965,B2C,South,Referral,25,Other,1,3,5,2,0,0.0,
CUST01788,9,36620.84,2288.8025,43,0.053125,5,2024-11-28,2023-04-06,33,635,0.42519685039370075,B2C,East,Direct,50,Male,1,1,1,1,0,0.02,Low Risk
CUST01789,3,6876.27,2292.09,9,0.06666666666666667,3,2024-11-26,2024-01-07,35,359,0.25069637883008355,B2C,Central,Affiliate,44,Male,1,0,0,1,0,0.03,Low Risk
CUST01790,5,47436.479999999996,4312.407272727272,37,0.09090909090909091,5,2024-10-24,2024-07-13,68,171,0.8771929824561403,B2C,Central,Email,61,Other,1,0,2,2,0,0.0,
CUST01791,3,27214.36,3023.817777777778,24,0.03333333333333334,5,2024-12-29,2024-11-06,2,55,1.6363636363636365,B2B,East,Social Media,38,Male,0,1,6,1,0,0.0,
CUST01792,7,46563.15,3325.9392857142857,46,0.03928571428571429,4,2024-05-07,2022-05-19,238,957,0.219435736677116,Enterprise,Central,Direct,49,Other,2,0,1,2,1,0.95,High Risk
CUST01793,5,25702.15,2570.215,23,0.030000000000000006,5,2024-06-03,2022-12-06,211,756,0.19841269841269843,B2C,West,Organic Search,44,Female,1,4,3,0,1,0.99,High Risk
CUST01794,5,10815.54,1545.077142857143,16,0.0642857142857143,3,2024-11-14,2024-07-02,47,182,0.8241758241758242,B2C,North,Organic Search,45,Male,1,2,3,1,0,0.0,
CUST01795,4,43339.520000000004,4333.952,40,0.045,4,2024-05-23,2023-01-27,222,704,0.17045454545454547,B2B,Central,Email,45,Female,0,0,2,0,1,0.98,High Risk
CUST01796,8,40101.69,2358.922941176471,46,0.05588235294117647,5,2024-11-29,2022-07-18,32,897,0.26755852842809363,B2B,South,Organic Search,39,Female,0,3,3,0,0,0.0,
CUST01797,4,37207.44,2657.674285714286,40,0.08928571428571429,5,2024-12-15,2024-08-09,16,144,0.8333333333333334,Enterprise,North,Organic Search,22,Other,2,2,3,2,0,0.0,
CUST01798,4,15890.96,2270.137142857143,17,0.09285714285714285,5,2024-10-19,2023-10-01,73,457,0.262582056892779,B2B,West,Email,36,Female,0,4,2,0,0,0.0,
CUST01799,2,11325.82,1887.6366666666665,15,0.16666666666666666,5,2024-12-18,2023-03-31,13,641,0.093603744149766,Enterprise,Central,Direct,23,Male,2,0,1,1,0,0.04,Low Risk
CUST01800,6,22289.29,2786.16125,24,0.05,4,2024-02-28,2022-03-22,307,1015,0.1773399014778325,B2C,East,Email,42,Female,1,1,2,0,1,0.94,High Risk
CUST01801,5,15666.439999999999,2611.0733333333333,20,0.03333333333333333,3,2024-08-13,2024-01-22,140,344,0.436046511627907,B2C,Central,Affiliate,24,Male,1,0,0,1,0,0.0,
CUST01802,5,26067.78,3258.4725,20,0.08125,4,2024-09-21,2023-07-08,101,542,0.2767527675276753,B2C,North,Direct,55,Other,1,2,1,2,0,0.0,
CUST01803,2,4572.7,1143.175,9,0.08750000000000001,4,2024-06-25,2024-02-05,189,330,0.18181818181818182,B2C,West,Paid Search,27,Male,1,4,4,1,1,0.94,High Risk
CUST01804,8,46477.2,2323.8599999999997,56,0.07,5,2024-08-15,2022-12-06,138,756,0.31746031746031744,B2C,East,Direct,38,Male,1,1,1,1,0,0.0,
CUST01805,4,26702.03,2225.1691666666666,30,0.08750000000000001,4,2024-07-06,2023-09-10,178,478,0.2510460251046025,B2C,North,Email,46,Male,1,2,2,1,0,0.03,Low Risk
CUST01806,4,12028.82,2004.8033333333333,17,0.041666666666666664,3,2024-12-16,2022-12-09,15,753,0.1593625498007968,B2B,Central,Paid Search,60,Female,0,0,4,0,0,0.02,Low Risk
CUST01807,6,26478.41,2036.8007692307692,32,0.09615384615384616,4,2024-10-22,2022-12-04,70,758,0.237467018469657,B2B,Central,Affiliate,28,Male,0,0,0,1,0,0.01,Low Risk
CUST01808,4,21094.06,2109.406,24,0.05500000000000001,4,2024-12-18,2024-08-03,13,150,0.8,B2C,Central,Paid Search,18,Female,1,0,4,0,0,0.0,
CUST01809,5,25158.98,2515.898,30,0.135,5,2024-10-17,2022-08-23,75,861,0.17421602787456447,Enterprise,East,Direct,45,Other,2,1,1,2,0,0.0,
CUST01810,2,7960.3,2653.4333333333334,10,0.13333333333333333,3,2024-11-03,2024-08-23,58,130,0.46153846153846156,B2C,West,Organic Search,63,Other,1,4,3,2,0,0.0,
CUST01811,5,24679.730000000003,2742.1922222222224,24,0.09444444444444444,4,2024-11-30,2023-03-17,31,655,0.22900763358778628,B2C,West,Affiliate,26,Female,1,4,0,0,0,0.03,Low Risk
CUST01812,5,13544.87,2257.4783333333335,20,0.11666666666666665,4,2024-12-19,2024-11-07,12,54,2.7777777777777777,B2B,North,Paid Search,64,Male,0,2,4,1,0,0.0,
CUST01813,6,34512.75,2465.1964285714284,49,0.028571428571428574,5,2024-12-24,2023-10-05,7,453,0.3973509933774835,B2C,East,Referral,65,Other,1,1,5,2,0,0.0,
CUST01814,5,17144.5,1714.45,23,0.065,5,2024-12-27,2024-11-28,4,33,4.545454545454545,B2B,East,Organic Search,45,Male,0,1,3,1,0,0.0,
CUST01815,5,33205.130000000005,3018.6481818181824,37,0.03181818181818182,5,2024-11-09,2024-05-03,52,242,0.6198347107438017,B2C,Central,Referral,20,Other,1,0,5,2,0,0.0,
CUST01816,1,6506.0,3253.0,8,0.1,2,2024-10-22,2024-10-22,70,70,0.42857142857142855,B2C,South,Affiliate,32,Other,1,3,0,2,0,0.0,
CUST01817,4,17596.09,2932.681666666667,22,0.008333333333333333,3,2024-09-26,2024-01-30,96,336,0.35714285714285715,B2C,South,Paid Search,64,Female,1,3,4,0,0,0.02,Low Risk
CUST01818,3,17838.19,2973.0316666666663,19,0.075,5,2024-12-04,2023-07-01,27,549,0.16393442622950818,Enterprise,North,Affiliate,64,Other,2,2,0,2,0,0.02,Low Risk
CUST01819,5,26312.76,2923.64,32,0.07222222222222223,4,2024-08-17,2023-08-02,136,517,0.2901353965183752,B2C,North,Direct,31,Other,1,2,1,2,0,0.01,Low Risk
CUST01820,9,43674.66,2426.3700000000003,50,0.08611111111111111,5,2024-12-16,2022-10-09,15,814,0.3316953316953317,B2C,East,Referral,55,Male,1,1,5,1,0,0.0,
CUST01821,1,4434.74,1108.685,9,0.1,3,2024-09-17,2024-09-17,105,105,0.2857142857142857,B2C,Central,Paid Search,37,Male,1,0,4,1,0,0.0,
CUST01822,3,24514.5,3064.3125,18,0.025,5,2023-10-27,2023-07-02,431,548,0.1642335766423358,B2B,West,Email,56,Female,0,4,2,0,1,0.95,High Risk
CUST01823,8,35721.17,2232.573125,49,0.10625,5,2024-11-12,2024-05-06,49,239,1.00418410041841,B2C,North,Affiliate,36,Female,1,2,0,0,0,0.0,
CUST01824,6,41934.18,2466.716470588235,52,0.05588235294117647,5,2024-11-16,2023-11-29,45,398,0.4522613065326633,B2C,West,Email,38,Other,1,4,2,2,0,0.0,
CUST01825,6,40596.869999999995,3122.8361538461536,43,0.08076923076923077,5,2024-08-27,2022-10-13,126,810,0.2222222222222222,B2B,South,Email,49,Other,0,3,2,2,0,0.0,
CUST01826,3,13125.25,3281.3125,16,0.0125,3,2024-11-29,2024-09-26,32,96,0.9375,B2C,North,Direct,31,Female,1,2,1,0,0,0.0,
CUST01827,3,24276.04,3034.505,17,0.05,5,2024-01-07,2022-06-15,359,930,0.0967741935483871,B2C,East,Email,43,Female,1,1,2,0,1,0.98,High Risk
CUST01828,1,5889.2,5889.2,4,0.0,1,2024-12-06,2024-12-06,25,25,1.0,B2C,North,Referral,32,Female,1,2,5,0,0,0.0,
CUST01829,4,17067.2,2133.4,17,0.0125,4,2024-12-11,2024-10-15,20,77,1.5584415584415583,B2C,East,Paid Search,54,Male,1,1,4,1,0,0.0,
CUST01830,6,33201.950000000004,2213.4633333333336,46,0.07333333333333333,5,2024-12-23,2024-05-02,8,243,0.7407407407407408,B2C,Central,Paid Search,56,Other,1,0,4,2,0,0.0,
CUST01831,8,34019.270000000004,2616.8669230769233,37,0.06538461538461539,5,2024-12-02,2022-08-06,29,878,0.2733485193621868,B2C,West,Referral,39,Female,1,4,5,0,0,0.0,
CUST01832,6,50613.56,2977.2682352941174,55,0.023529411764705882,5,2024-12-22,2024-08-02,9,151,1.1920529801324504,B2C,Central,Direct,30,Male,1,0,1,1,0,0.0,
CUST01833,4,8827.24,1471.2066666666667,14,0.03333333333333333,5,2024-12-04,2024-04-24,27,251,0.4780876494023904,B2B,East,Social Media,39,Female,0,1,6,0,0,0.0,
CUST01834,8,55859.23,3103.290555555556,57,0.061111111111111116,4,2024-09-17,2023-05-28,105,583,0.411663807890223,B2C,North,Organic Search,51,Male,1,2,3,1,0,0.0,
CUST01835,3,11288.43,2822.1075,13,0.05,3,2024-12-05,2024-04-03,26,272,0.33088235294117646,B2C,North,Social Media,19,Male,1,2,6,1,0,0.0,
CUST01836,3,15021.75,2503.625,14,0.075,4,2024-11-12,2024-10-21,49,71,1.267605633802817,B2C,North,Organic Search,42,Other,1,2,3,2,0,0.0,
CUST01837,6,34318.94,3119.9036363636365,35,0.07272727272727274,5,2024-11-25,2023-09-18,36,470,0.3829787234042553,B2C,North,Direct,64,Other,1,2,1,2,0,0.01,Low Risk
CUST01838,5,27350.11,3418.76375,30,0.05,5,2024-11-23,2023-12-13,38,384,0.390625,B2C,Central,Paid Search,24,Other,1,0,4,2,0,0.0,
CUST01839,8,44842.66,2360.1400000000003,54,0.02631578947368421,5,2024-12-20,2024-07-19,11,165,1.4545454545454546,B2B,South,Affiliate,37,Female,0,3,0,0,0,0.0,
CUST01840,4,17172.45,2862.0750000000003,17,0.05833333333333334,3,2024-12-14,2023-12-05,17,392,0.30612244897959184,B2C,East,Paid Search,24,Female,1,1,4,0,0,0.0,
CUST01841,6,51384.18,3670.2985714285714,52,0.05357142857142857,5,2024-12-05,2024-10-25,26,67,2.6865671641791042,B2C,West,Organic Search,32,Female,1,4,3,0,0,0.0,
CUST01842,5,51059.11,3647.0792857142856,42,0.05714285714285715,5,2024-09-08,2024-06-08,114,206,0.7281553398058253,Enterprise,East,Direct,50,Male,2,1,1,1,0,0.0,
CUST01843,7,54618.270000000004,3034.3483333333334,60,0.03333333333333334,5,2024-11-16,2023-09-27,45,461,0.455531453362256,Enterprise,West,Affiliate,52,Other,2,4,0,2,0,0.0,
CUST01844,8,36836.19,2455.746,39,0.05333333333333334,5,2024-12-17,2022-11-12,14,780,0.3076923076923077,Enterprise,Central,Email,32,Female,2,0,2,0,0,0.0,
CUST01845,3,18001.36,2250.17,29,0.1125,4,2024-08-27,2024-03-13,126,293,0.3071672354948805,B2C,North,Social Media,27,Other,1,2,6,2,0,0.01,Low Risk
CUST01846,2,9355.34,3118.4466666666667,9,0.03333333333333333,2,2024-10-31,2023-06-22,61,558,0.1075268817204301,B2C,South,Email,55,Male,1,3,2,1,0,0.09,Low Risk
CUST01847,5,22710.07,3244.2957142857144,20,0.09999999999999999,5,2024-04-06,2023-06-26,269,554,0.27075812274368233,B2B,Central,Direct,64,Other,0,0,1,2,1,0.97,High Risk
CUST01848,4,24500.58,2450.058,34,0.11499999999999999,5,2024-03-21,2023-07-26,285,524,0.22900763358778628,B2C,East,Referral,39,Male,1,1,5,1,1,0.98,High Risk
CUST01849,2,20757.54,4151.508,15,0.08,3,2022-12-02,2022-05-30,760,946,0.06342494714587738,B2C,Central,Organic Search,35,Other,1,0,3,2,1,0.99,High Risk
CUST01850,3,18170.010000000002,2271.2512500000003,24,0.1125,4,2024-02-22,2023-01-08,313,723,0.12448132780082986,B2C,West,Social Media,59,Male,1,4,6,1,1,0.96,High Risk
CUST01851,4,46030.15,4184.559090909091,38,0.03636363636363637,3,2024-09-28,2024-01-14,94,352,0.34090909090909094,B2C,Central,Referral,64,Male,1,0,5,1,0,0.01,Low Risk
CUST01852,2,3256.29,1628.145,3,0.175,2,2024-06-06,2022-12-27,208,735,0.08163265306122448,B2C,West,Organic Search,28,Other,1,4,3,2,1,0.99,High Risk
CUST01853,5,51689.57,3445.9713333333334,56,0.04666666666666666,5,2024-08-06,2022-11-10,147,782,0.1918158567774936,B2B,West,Organic Search,20,Female,0,4,3,0,0,0.02,Low Risk
CUST01854,10,54422.54,2591.5495238095236,71,0.07380952380952381,5,2024-11-29,2024-03-17,32,289,1.0380622837370244,B2C,West,Affiliate,53,Female,1,4,0,0,0,0.0,
CUST01855,5,43320.72,2406.706666666667,52,0.03888888888888889,5,2024-07-20,2023-12-06,164,391,0.3836317135549872,B2C,North,Social Media,64,Other,1,2,6,2,0,0.01,Low Risk
CUST01856,2,7288.66,2429.5533333333333,8,0.10000000000000002,2,2024-11-07,2024-06-25,54,189,0.31746031746031744,B2B,Central,Direct,59,Male,0,0,1,1,0,0.0,
CUST01857,4,19013.02,3168.8366666666666,17,0.008333333333333333,4,2024-11-15,2023-05-06,46,605,0.1983471074380165,B2B,South,Referral,41,Other,0,3,5,2,0,0.01,Low Risk
CUST01858,5,30386.55,2337.4269230769232,32,0.01153846153846154,5,2024-12-12,2024-09-13,19,109,1.3761467889908257,B2C,West,Social Media,65,Other,1,4,6,2,0,0.02,Low Risk
CUST01859,1,11445.439999999999,5722.719999999999,5,0.0,2,2023-08-21,2023-08-21,498,498,0.06024096385542168,B2C,West,Email,29,Male,1,4,2,1,1,0.98,High Risk
CUST01860,9,59657.71,2711.714090909091,57,0.06590909090909092,5,2024-09-09,2024-01-31,113,335,0.8059701492537313,B2B,East,Paid Search,62,Male,0,1,4,1,0,0.0,
CUST01861,5,21152.72,2115.272,26,0.11000000000000001,5,2024-12-12,2024-07-25,19,159,0.9433962264150944,B2C,North,Email,56,Male,1,2,2,1,0,0.0,
CUST01862,3,3266.62,1088.8733333333332,7,0.03333333333333333,3,2024-10-28,2022-10-24,64,799,0.11264080100125157,B2C,South,Organic Search,30,Female,1,3,3,0,0,0.08,Low Risk
CUST01863,5,44155.65,3153.975,43,0.0642857142857143,5,2024-10-22,2023-09-26,70,462,0.3246753246753247,B2B,Central,Social Media,57,Female,0,0,6,0,0,0.01,Low Risk
CUST01864,4,11063.02,1843.8366666666668,17,0.075,3,2024-10-20,2023-05-28,72,583,0.2058319039451115,B2C,South,Paid Search,24,Other,1,3,4,2,0,0.0,
CUST01865,8,44280.46,2460.0255555555555,49,0.025,5,2024-07-21,2023-02-03,163,697,0.3443328550932568,B2C,East,Paid Search,51,Other,1,1,4,2,0,0.0,
CUST01866,6,47158.65,3143.9100000000003,49,0.09666666666666666,5,2024-12-29,2024-10-05,2,87,2.0689655172413794,B2C,East,Affiliate,55,Other,1,1,0,2,0,0.0,
CUST01867,8,45078.96,2651.7035294117645,49,0.05,5,2024-11-15,2023-08-11,46,508,0.47244094488188976,B2C,West,Organic Search,32,Male,1,4,3,1,0,0.0,
CUST01868,7,53088.74,3318.04625,45,0.0625,5,2024-11-25,2023-02-22,36,678,0.30973451327433627,B2C,South,Email,18,Female,1,3,2,0,0,0.03,Low Risk
CUST01869,7,22817.46,1342.2035294117647,44,0.06470588235294118,5,2024-09-24,2022-06-28,98,917,0.22900763358778625,B2C,South,Email,45,Other,1,3,2,2,0,0.01,Low Risk
CUST01870,5,29787.83,2707.9845454545457,26,0.07727272727272728,4,2024-08-21,2024-01-17,132,349,0.42979942693409745,B2B,Central,Paid Search,53,Female,0,0,4,0,0,0.0,
CUST01871,2,15634.16,7817.08,8,0.05,2,2024-02-20,2023-08-31,315,488,0.12295081967213116,B2C,West,Affiliate,51,Female,1,4,0,0,1,0.96,High Risk
CUST01872,5,28594.06,2382.8383333333336,38,0.04583333333333334,5,2024-08-25,2024-04-29,128,246,0.6097560975609757,Enterprise,South,Referral,35,Other,2,3,5,2,0,0.0,
CUST01873,4,18868.02,3144.67,15,0.041666666666666664,3,2024-06-18,2023-05-22,196,589,0.2037351443123939,B2C,Central,Referral,34,Other,1,0,5,2,1,0.91,High Risk
CUST01874,3,32916.04,2743.0033333333336,35,0.05416666666666667,5,2024-09-25,2023-03-06,97,666,0.13513513513513514,B2C,East,Affiliate,41,Female,1,1,0,0,0,0.07,Low Risk
CUST01875,4,34315.17,3812.7966666666666,25,0.03888888888888889,4,2024-12-28,2024-11-30,3,31,3.8709677419354835,B2C,South,Paid Search,42,Female,1,3,4,0,0,0.0,
CUST01876,3,15717.300000000001,2245.3285714285716,25,0.1,4,2024-06-28,2022-11-08,186,784,0.11479591836734694,B2C,South,Direct,30,Male,1,3,1,1,1,0.9,High Risk
CUST01877,6,41259.36,3173.796923076923,43,0.11538461538461539,5,2024-12-15,2024-08-09,16,144,1.25,Enterprise,North,Social Media,50,Male,2,2,6,1,0,0.0,
CUST01878,5,27300.98,3033.442222222222,31,0.05555555555555555,5,2024-12-23,2024-08-29,8,124,1.2096774193548385,B2C,East,Email,20,Other,1,1,2,2,0,0.0,
CUST01879,3,25059.31,2784.367777777778,29,0.10555555555555556,4,2023-09-23,2023-02-05,465,695,0.12949640287769784,B2B,Central,Affiliate,63,Female,0,0,0,0,1,0.95,High Risk
CUST01880,6,58129.11,3875.274,49,0.07333333333333333,5,2024-12-26,2024-09-07,5,115,1.5652173913043477,B2C,West,Referral,59,Other,1,4,5,2,0,0.0,
CUST01881,3,9289.53,1857.9060000000002,13,0.0,3,2023-12-20,2022-12-22,377,740,0.12162162162162161,B2C,North,Referral,27,Other,1,2,5,2,1,0.96,High Risk
CUST01882,5,26332.41,1880.8864285714285,41,0.125,5,2024-04-23,2023-01-17,252,714,0.21008403361344538,B2C,North,Affiliate,25,Male,1,2,0,1,1,0.98,High Risk
CUST01883,3,15246.81,2541.1349999999998,18,0.13333333333333333,4,2024-10-22,2024-03-17,70,289,0.31141868512110726,B2C,East,Direct,35,Male,1,1,1,1,0,0.02,Low Risk
CUST01884,5,27330.25,3416.28125,29,0.0625,5,2024-12-30,2024-10-21,1,71,2.112676056338028,B2B,East,Affiliate,38,Other,0,1,0,2,0,0.0,
CUST01885,3,31954.07,2904.9154545454544,30,0.03636363636363637,5,2024-02-23,2023-01-08,312,723,0.12448132780082986,B2C,East,Referral,43,Female,1,1,5,0,1,0.98,High Risk
CUST01887,4,15543.960000000001,2220.5657142857144,18,0.1142857142857143,3,2024-03-11,2023-03-18,295,654,0.18348623853211007,B2C,West,Direct,30,Other,1,4,1,2,1,0.99,High Risk
CUST01888,4,22523.420000000002,3753.9033333333336,25,0.03333333333333333,3,2024-12-05,2024-05-03,26,242,0.49586776859504134,B2C,North,Direct,40,Male,1,2,1,1,0,0.0,
CUST01889,8,59997.77,2999.8885,60,0.08,5,2024-10-31,2023-06-18,61,562,0.4270462633451957,B2C,North,Email,23,Male,1,2,2,1,0,0.01,Low Risk
CUST01890,11,75357.24,3276.401739130435,79,0.04782608695652174,5,2024-07-25,2022-06-25,159,920,0.358695652173913,B2C,South,Referral,19,Male,1,3,5,1,0,0.08,Low Risk
CUST01891,4,36687.02,3668.7019999999998,34,0.11000000000000001,4,2024-10-07,2022-02-10,85,1055,0.1137440758293839,B2C,West,Referral,33,Female,1,4,5,0,0,0.04,Low Risk
CUST01892,5,34344.85,2146.553125,48,0.05,5,2024-12-26,2024-12-06,5,25,5.0,B2C,South,Email,63,Female,1,3,2,0,0,0.0,
CUST01893,6,27592.25,2759.225,33,0.06999999999999999,5,2024-06-19,2022-12-17,195,745,0.24161073825503357,B2C,Central,Paid Search,30,Female,1,0,4,0,1,0.88,High Risk
CUST01894,4,21531.899999999998,3075.985714285714,20,0.0,3,2024-04-25,2022-11-19,250,773,0.1552393272962484,B2C,East,Social Media,23,Female,1,1,6,0,1,0.98,High Risk
CUST01895,3,5916.94,1183.388,15,0.0,2,2024-01-18,2023-12-12,348,385,0.23376623376623376,B2B,East,Direct,46,Other,0,1,1,2,1,0.94,High Risk
CUST01896,3,30678.89,3408.7655555555557,35,0.08333333333333333,4,2024-09-02,2023-01-22,120,709,0.12693935119887165,B2C,West,Direct,31,Other,1,4,1,2,0,0.04,Low Risk
CUST01897,4,26591.11,2954.567777777778,27,0.027777777777777776,4,2024-11-08,2024-03-23,53,283,0.42402826855123676,B2C,South,Direct,53,Other,1,3,1,2,0,0.01,Low Risk
CUST01898,7,28595.58,1906.372,41,0.04000000000000001,5,2024-12-17,2023-03-30,14,642,0.3271028037383178,B2C,South,Email,34,Male,1,3,2,1,0,0.01,Low Risk
CUST01899,3,14314.82,3578.705,13,0.0625,4,2024-07-27,2023-03-02,157,670,0.13432835820895522,B2C,West,Direct,38,Female,1,4,1,0,0,0.06,Low Risk
CUST01900,4,24283.0,3469.0,23,0.03571428571428571,4,2024-12-09,2024-07-24,22,160,0.75,B2C,North,Organic Search,58,Female,1,2,3,0,0,0.0,
CUST01901,10,55798.29,2789.9145,56,0.0675,5,2024-06-13,2022-05-19,201,957,0.31347962382445144,B2C,West,Referral,24,Male,1,4,5,1,1,0.9,High Risk
CUST01902,1,10725.96,2145.192,16,0.0,3,2024-03-21,2024-03-21,285,285,0.10526315789473684,B2C,West,Affiliate,19,Female,1,4,0,0,1,0.95,High Risk
CUST01903,7,39566.04,2472.8775,51,0.040625,5,2024-12-22,2024-08-17,9,136,1.5441176470588236,B2C,Central,Referral,43,Female,1,0,5,0,0,0.0,
CUST01904,1,10517.34,3505.78,9,0.0,2,2024-09-06,2024-09-06,116,116,0.25862068965517243,B2C,Central,Referral,43,Female,1,0,5,0,0,0.0,
CUST01905,5,34796.77,2899.730833333333,35,0.11666666666666668,4,2024-02-18,2022-03-08,317,1029,0.1457725947521866,B2C,Central,Email,35,Other,1,0,2,2,1,0.98,High Risk
CUST01906,4,12975.400000000001,2162.566666666667,13,0.03333333333333333,3,2024-08-01,2023-12-26,152,371,0.32345013477088946,B2C,South,Social Media,56,Other,1,3,6,2,0,0.01,Low Risk
CUST01907,3,16695.739999999998,2385.105714285714,24,0.028571428571428574,4,2024-12-28,2024-08-09,3,144,0.625,B2C,South,Social Media,21,Male,1,3,6,1,0,0.0,
CUST01908,4,18352.78,4588.195,13,0.08750000000000001,3,2024-11-30,2023-11-26,31,401,0.29925187032418954,B2C,East,Paid Search,47,Male,1,1,4,1,0,0.03,Low Risk
CUST01909,6,30457.35,2768.85,35,0.02727272727272727,5,2024-12-20,2024-11-02,11,59,3.050847457627119,B2C,South,Organic Search,29,Male,1,3,3,1,0,0.0,
CUST01910,5,24301.6,3037.7,26,0.0125,4,2024-09-23,2023-02-21,99,679,0.22091310751104565,B2C,South,Direct,41,Male,1,3,1,1,0,0.0,
CUST01911,6,19577.760000000002,1779.7963636363638,25,0.08636363636363636,5,2024-11-03,2024-01-19,58,347,0.5187319884726225,B2C,North,Referral,43,Other,1,2,5,2,0,0.01,Low Risk
CUST01912,4,24395.22,3485.031428571429,21,0.07142857142857142,4,2024-07-28,2023-05-13,156,598,0.20066889632107024,B2B,West,Referral,33,Male,0,4,5,1,0,0.01,Low Risk
CUST01913,7,42336.66,2646.04125,57,0.059375,5,2024-11-12,2023-12-09,49,388,0.5412371134020618,B2C,South,Social Media,36,Other,1,3,6,2,0,0.0,
CUST01914,6,43971.45,3382.4192307692306,36,0.04615384615384616,5,2024-11-30,2023-12-13,31,384,0.46875,B2C,Central,Email,60,Other,1,0,2,2,0,0.0,
CUST01915,10,57028.92,2281.1567999999997,78,0.132,5,2024-12-01,2024-07-12,30,172,1.744186046511628,B2C,Central,Paid Search,41,Female,1,0,4,0,0,0.01,Low Risk
CUST01916,5,39741.01,2337.7064705882353,43,0.061764705882352944,5,2024-08-22,2023-08-24,131,495,0.30303030303030304,B2C,Central,Email,22,Other,1,0,2,2,0,0.02,Low Risk
CUST01917,1,22126.42,4425.284,18,0.0,3,2024-07-18,2024-07-18,166,166,0.18072289156626506,B2C,South,Social Media,45,Male,1,3,6,1,0,0.03,Low Risk
CUST01918,3,23151.64,3307.3771428571426,22,0.0,4,2024-12-19,2024-03-27,12,279,0.3225806451612903,B2C,West,Social Media,42,Other,1,4,6,2,0,0.0,
CUST01919,4,27417.25,2109.019230769231,30,0.038461538461538464,5,2024-10-18,2024-03-17,74,289,0.4152249134948097,B2C,West,Email,61,Other,1,4,2,2,0,0.0,
CUST01920,7,76990.31999999999,4811.8949999999995,56,0.09062500000000001,4,2024-01-28,2022-09-22,338,831,0.2527075812274368,B2C,East,Organic Search,59,Female,1,1,3,0,1,0.96,High Risk
CUST01921,5,49819.01,4981.901,43,0.025,4,2024-08-16,2022-04-14,137,992,0.15120967741935482,B2C,South,Email,61,Female,1,3,2,0,0,0.07,Low Risk
CUST01922,5,41157.64,3165.972307692308,46,0.057692307692307696,5,2023-08-25,2022-04-08,494,998,0.15030060120240482,B2B,West,Social Media,45,Female,0,4,6,0,1,0.96,High Risk
CUST01923,5,26819.15,2979.9055555555556,21,0.08888888888888889,5,2024-12-30,2024-09-15,1,107,1.4018691588785046,B2C,West,Affiliate,48,Other,1,4,0,2,0,0.0,
CUST01924,7,41688.25,2605.515625,57,0.115625,5,2024-09-09,2023-11-09,113,418,0.5023923444976076,B2C,East,Paid Search,45,Other,1,1,4,2,0,0.0,
CUST01925,5,27829.25,2782.925,30,0.015000000000000003,5,2024-12-30,2023-11-21,1,406,0.3694581280788177,B2C,South,Referral,55,Female,1,3,5,0,0,0.0,
CUST01926,4,23592.22,2621.3577777777778,24,0.05,5,2024-11-07,2022-12-25,54,737,0.1628222523744912,B2C,West,Email,36,Male,1,4,2,1,0,0.0,
CUST01927,4,19421.61,3236.935,25,0.075,3,2024-04-09,2022-08-12,266,872,0.13761467889908258,B2C,West,Direct,61,Female,1,4,1,0,1,0.96,High Risk
CUST01928,4,22765.91,2845.73875,22,0.03125,4,2024-08-19,2023-04-14,134,627,0.19138755980861244,B2B,East,Organic Search,52,Female,0,1,3,0,0,0.01,Low Risk
CUST01929,6,66374.69,3160.6995238095237,58,0.0642857142857143,5,2024-09-10,2022-10-25,112,798,0.22556390977443608,B2C,West,Social Media,37,Other,1,4,6,2,0,0.02,Low Risk
CUST01930,2,9881.95,1646.9916666666668,13,0.016666666666666666,3,2023-09-15,2022-10-14,473,809,0.07416563658838073,B2B,East,Direct,65,Female,0,1,1,0,1,0.99,High Risk
CUST01931,3,14957.48,2492.9133333333334,16,0.06666666666666667,4,2024-10-04,2024-05-22,88,223,0.40358744394618834,B2C,Central,Referral,27,Other,1,0,5,2,0,0.0,
CUST01932,5,31151.21,2595.9341666666664,32,0.049999999999999996,5,2024-12-22,2024-02-19,9,316,0.4746835443037975,Enterprise,East,Referral,57,Male,2,1,5,1,0,0.0,
CUST01933,6,65013.25,4334.216666666666,55,0.05333333333333333,5,2024-12-03,2024-07-29,28,155,1.161290322580645,B2C,North,Social Media,20,Male,1,2,6,1,0,0.0,
CUST01934,3,29852.69,4975.448333333333,25,0.041666666666666664,4,2024-11-28,2024-10-03,33,89,1.0112359550561798,B2C,West,Referral,23,Female,1,4,5,0,0,0.01,Low Risk
CUST01935,4,30460.57,1903.785625,49,0.059375,5,2024-12-08,2024-09-30,23,92,1.3043478260869565,B2C,West,Paid Search,65,Female,1,4,4,0,0,0.0,
CUST01936,7,34515.28,2301.0186666666664,46,0.10666666666666667,5,2024-12-27,2024-10-11,4,81,2.5925925925925926,Enterprise,West,Affiliate,30,Other,2,4,0,2,0,0.0,
CUST01937,2,12011.49,3002.8725,14,0.0375,3,2023-10-30,2023-06-21,428,559,0.10733452593917711,B2C,Central,Affiliate,33,Other,1,0,0,2,1,0.96,High Risk
CUST01938,4,26118.41,3264.80125,26,0.0,3,2024-10-15,2023-09-24,77,464,0.25862068965517243,B2C,West,Email,35,Other,1,4,2,2,0,0.01,Low Risk
CUST01939,4,20373.81,2910.5442857142857,20,0.042857142857142864,3,2024-01-27,2022-11-26,339,766,0.15665796344647517,B2C,North,Paid Search,61,Female,1,2,4,0,1,0.95,High Risk
CUST01940,7,60680.1,3371.116666666667,55,0.09166666666666666,5,2024-12-23,2023-04-27,8,614,0.3420195439739414,B2C,South,Email,60,Male,1,3,2,1,0,0.0,
CUST01941,2,15053.73,5017.91,9,0.03333333333333333,2,2024-06-22,2024-05-22,192,223,0.26905829596412556,B2B,Central,Referral,38,Male,0,0,5,1,1,0.9,High Risk
CUST01942,5,15838.35,1759.8166666666666,20,0.044444444444444446,4,2024-11-14,2023-02-16,47,684,0.21929824561403508,B2C,East,Direct,36,Other,1,1,1,2,0,0.02,Low Risk
CUST01943,6,16581.84,1842.4266666666667,24,0.03333333333333334,4,2024-12-01,2024-08-16,30,137,1.3138686131386863,B2C,Central,Direct,39,Other,1,0,1,2,0,0.0,
CUST01944,4,14702.34,1837.7925,21,0.125,5,2024-10-25,2024-01-27,67,339,0.35398230088495575,B2C,North,Social Media,40,Female,1,2,6,0,0,0.02,Low Risk
CUST01945,3,31178.739999999998,3464.304444444444,27,0.011111111111111112,5,2024-07-05,2022-10-21,179,802,0.11221945137157106,B2C,South,Paid Search,61,Female,1,3,4,0,0,0.09,Low Risk
CUST01946,1,11115.32,2223.064,13,0.0,4,2023-09-21,2023-09-21,467,467,0.06423982869379015,Enterprise,Central,Referral,49,Other,2,0,5,2,1,0.95,High Risk
CUST01947,4,26211.65,2621.165,37,0.05,5,2024-11-22,2023-10-04,39,454,0.2643171806167401,B2C,Central,Social Media,38,Female,1,0,6,0,0,0.0,
CUST01948,6,50649.97,3165.623125,48,0.059375,5,2024-12-23,2024-11-16,8,45,4.0,B2C,South,Paid Search,57,Female,1,3,4,0,0,0.0,
CUST01949,3,13049.789999999999,2609.9579999999996,13,0.06000000000000001,2,2024-07-28,2024-06-17,156,197,0.4568527918781726,B2B,North,Social Media,53,Other,0,2,6,2,0,0.03,Low Risk
CUST01950,6,27514.16,2116.4738461538464,35,0.06538461538461539,5,2024-11-15,2024-04-25,46,250,0.72,B2C,Central,Direct,25,Male,1,0,1,1,0,0.0,
CUST01951,4,24427.7,2714.188888888889,26,0.1222222222222222,4,2024-12-04,2023-11-08,27,419,0.2863961813842482,B2C,North,Paid Search,28,Other,1,2,4,2,0,0.02,Low Risk
CUST01952,4,21604.68,2400.52,24,0.07222222222222223,5,2024-09-22,2024-01-01,100,365,0.32876712328767127,B2B,East,Email,56,Female,0,1,2,0,0,0.01,Low Risk
CUST01953,3,10365.69,1727.615,12,0.06666666666666667,3,2024-06-06,2023-09-11,208,477,0.18867924528301885,B2C,North,Referral,58,Other,1,2,5,2,1,0.99,High Risk
CUST01954,7,51602.95,2715.944736842105,61,0.021052631578947368,5,2024-12-09,2023-06-05,22,575,0.3652173913043478,B2C,Central,Affiliate,43,Female,1,0,0,0,0,0.0,
CUST01955,9,46118.88,2562.16,50,0.09722222222222222,5,2024-12-09,2023-12-26,22,371,0.7277628032345013,Enterprise,South,Paid Search,43,Female,2,3,4,0,0,0.0,
CUST01956,2,27449.47,3431.18375,22,0.0625,5,2023-03-03,2022-12-06,669,756,0.07936507936507936,B2C,West,Referral,24,Female,1,4,5,0,1,0.94,High Risk
CUST01957,3,9318.37,2329.5925,12,0.0625,4,2024-08-08,2024-07-09,145,175,0.5142857142857143,B2C,West,Referral,19,Other,1,4,5,2,0,0.0,
CUST01958,4,38473.42,3206.1183333333333,38,0.02916666666666667,5,2024-09-23,2024-05-08,99,237,0.5063291139240506,B2C,Central,Organic Search,56,Other,1,0,3,2,0,0.0,
CUST01959,2,2792.84,1396.42,5,0.0,2,2024-10-12,2024-01-13,80,353,0.16997167138810196,B2C,Central,Direct,58,Female,1,0,1,0,0,0.05,Low Risk
CUST01960,4,26818.99,2681.8990000000003,30,0.12000000000000002,4,2024-12-18,2024-12-01,13,30,4.0,B2B,North,Affiliate,59,Female,0,2,0,0,0,0.0,
CUST01961,6,32144.29,2922.208181818182,31,0.05,4,2024-10-23,2024-07-08,69,176,1.0227272727272727,B2C,South,Referral,33,Male,1,3,5,1,0,0.0,
CUST01962,7,41554.98,3462.9150000000004,43,0.0625,5,2024-10-28,2024-02-11,64,324,0.6481481481481481,B2C,East,Organic Search,19,Male,1,1,3,1,0,0.01,Low Risk
CUST01963,1,60.13,60.13,1,0.1,1,2024-12-10,2024-12-10,21,21,1.0,B2C,South,Email,33,Male,1,3,2,1,0,0.06,Low Risk
CUST01964,3,21677.16,2167.716,23,0.065,5,2024-10-23,2024-02-18,69,317,0.28391167192429023,B2B,Central,Affiliate,28,Male,0,0,0,1,0,0.01,Low Risk
CUST01965,5,33624.22,3362.422,35,0.065,4,2024-11-04,2024-02-14,57,321,0.4672897196261683,B2B,North,Referral,61,Female,0,2,5,0,0,0.0,
CUST01966,7,46421.44,3570.88,39,0.015384615384615385,5,2024-12-29,2024-03-24,2,282,0.7446808510638298,B2B,North,Social Media,63,Other,0,2,6,2,0,0.03,Low Risk
CUST01967,5,35639.18,3563.918,29,0.065,5,2024-12-13,2022-11-15,18,777,0.19305019305019305,B2B,Central,Email,48,Other,0,0,2,2,0,0.0,
CUST01968,8,49338.6,2242.663636363636,59,0.07954545454545454,5,2024-12-16,2022-08-21,15,863,0.27809965237543455,B2C,North,Referral,50,Other,1,2,5,2,0,0.01,Low Risk
CUST01969,3,10729.23,3576.41,11,0.0,2,2024-11-29,2024-10-25,32,67,1.3432835820895521,B2C,North,Affiliate,34,Other,1,2,0,2,0,0.0,
CUST01970,14,57596.32,2215.243076923077,62,0.10576923076923077,5,2024-11-08,2022-07-15,53,900,0.4666666666666667,B2C,East,Social Media,27,Male,1,1,6,1,0,0.03,Low Risk
CUST01971,1,6375.23,1275.0459999999998,12,0.15,4,2024-06-22,2024-06-22,192,192,0.15625,B2C,North,Referral,22,Female,1,2,5,0,1,0.96,High Risk
CUST01972,5,22467.05,1872.2541666666666,34,0.13333333333333333,4,2024-12-15,2024-07-07,16,177,0.847457627118644,B2C,East,Referral,46,Female,1,1,5,0,0,0.0,
CUST01973,6,39845.189999999995,3320.4324999999994,40,0.0375,4,2024-11-15,2023-12-20,46,377,0.4774535809018568,B2C,Central,Organic Search,26,Male,1,0,3,1,0,0.01,Low Risk
CUST01974,1,273.83,273.83,1,0.0,1,2024-06-16,2024-06-16,198,198,0.15151515151515152,B2B,South,Direct,41,Other,0,3,1,2,1,0.93,High Risk
CUST01975,9,44807.68,2358.298947368421,51,0.06052631578947369,5,2024-12-25,2023-05-15,6,596,0.45302013422818793,B2C,Central,Email,63,Female,1,0,2,0,0,0.01,Low Risk
CUST01976,3,27071.89,2707.189,36,0.05,5,2024-12-13,2024-11-13,18,48,1.875,B2C,South,Social Media,42,Female,1,3,6,0,0,0.0,
CUST01977,8,51667.55,2719.3447368421052,59,0.013157894736842105,5,2024-12-28,2024-10-07,3,85,2.8235294117647056,B2C,South,Paid Search,55,Male,1,3,4,1,0,0.0,
CUST01978,3,31158.61,2832.600909090909,35,0.10454545454545455,4,2024-10-08,2023-09-09,84,479,0.18789144050104384,B2C,Central,Direct,28,Female,1,0,1,0,0,0.01,Low Risk
CUST01979,5,34776.82,3864.091111111111,28,0.061111111111111116,5,2024-12-10,2024-10-18,21,74,2.0270270270270268,B2C,Central,Social Media,42,Female,1,0,6,0,0,0.0,
CUST01980,5,33734.36,4216.795,26,0.025,4,2024-12-30,2024-10-07,1,85,1.7647058823529411,B2C,West,Email,18,Other,1,4,2,2,0,0.0,
CUST01981,6,54030.3,2701.5150000000003,67,0.0175,5,2024-11-14,2022-06-19,47,926,0.19438444924406048,B2C,East,Paid Search,35,Other,1,1,4,2,0,0.0,
CUST01982,2,3700.6400000000003,1850.3200000000002,5,0.025,2,2024-10-06,2024-02-03,86,332,0.18072289156626506,B2C,East,Direct,58,Male,1,1,1,1,0,0.08,Low Risk
CUST01983,2,16722.92,5574.306666666666,11,0.03333333333333333,2,2024-12-13,2024-06-03,18,211,0.2843601895734597,B2C,South,Organic Search,43,Other,1,3,3,2,0,0.01,Low Risk
CUST01984,4,35344.09,3534.4089999999997,30,0.05,4,2023-05-25,2022-08-09,586,875,0.13714285714285715,B2C,North,Direct,65,Other,1,2,1,2,1,0.97,High Risk
CUST01985,5,21297.98,2129.798,21,0.06000000000000001,5,2024-07-14,2022-05-10,170,966,0.15527950310559005,B2C,West,Paid Search,33,Female,1,4,4,0,0,0.04,Low Risk
CUST01986,4,27971.33,4661.888333333333,26,0.008333333333333333,4,2024-10-30,2022-11-28,62,764,0.15706806282722513,B2C,South,Email,29,Male,1,3,2,1,0,0.01,Low Risk
CUST01987,7,26966.27,2996.2522222222224,23,0.07777777777777778,4,2024-12-12,2024-08-19,19,134,1.5671641791044775,B2C,East,Paid Search,64,Male,1,1,4,1,0,0.0,
CUST01988,2,15770.009999999998,5256.669999999999,13,0.016666666666666666,2,2024-10-22,2023-04-09,70,632,0.0949367088607595,B2C,North,Paid Search,55,Other,1,2,4,2,0,0.06,Low Risk
CUST01989,4,20085.66,2869.38,21,0.03571428571428571,4,2024-11-29,2024-07-15,32,169,0.7100591715976331,B2B,Central,Organic Search,38,Other,0,0,3,2,0,0.0,
CUST01990,5,37945.07,3449.5518181818184,39,0.031818181818181815,5,2024-08-08,2022-07-07,145,908,0.16519823788546256,B2C,North,Email,30,Male,1,2,2,1,0,0.01,Low Risk
CUST01991,5,28231.350000000002,2823.135,33,0.1,4,2024-11-13,2024-05-12,48,233,0.6437768240343348,B2C,Central,Direct,18,Other,1,0,1,2,0,0.0,
CUST01992,4,34459.99,4307.49875,29,0.0625,4,2024-11-26,2023-11-24,35,403,0.2977667493796526,B2B,West,Paid Search,55,Other,0,4,4,2,0,0.01,Low Risk
CUST01993,1,13302.460000000001,4434.153333333334,10,0.10000000000000002,3,2024-10-13,2024-10-13,79,79,0.379746835443038,B2C,North,Email,56,Female,1,2,2,0,0,0.0,
CUST01994,6,41089.99,3424.165833333333,36,0.07083333333333335,5,2024-11-17,2024-05-21,44,224,0.8035714285714286,B2C,East,Direct,36,Other,1,1,1,2,0,0.0,
CUST01995,7,55981.049999999996,4665.0875,42,0.07083333333333335,4,2024-04-16,2023-05-13,259,598,0.3511705685618729,B2C,South,Referral,53,Other,1,3,5,2,1,0.99,High Risk
CUST01996,7,46573.63,2910.851875,53,0.090625,4,2024-12-26,2023-08-30,5,489,0.42944785276073616,Enterprise,North,Paid Search,49,Male,2,2,4,1,0,0.02,Low Risk
CUST01997,5,22655.41,3775.9016666666666,18,0.025000000000000005,5,2024-12-23,2023-05-28,8,583,0.25728987993138935,B2C,West,Paid Search,22,Female,1,4,4,0,0,0.02,Low Risk
CUST01998,4,34573.28,3457.328,27,0.06999999999999999,3,2024-12-30,2024-11-22,1,39,3.0769230769230766,B2C,West,Referral,52,Male,1,4,5,1,0,0.0,
CUST01999,3,14407.4,3601.85,12,0.0125,3,2024-06-12,2023-09-01,202,487,0.18480492813141683,B2C,South,Direct,37,Female,1,3,1,0,1,0.97,High Risk
CUST02000,6,49373.03,4114.419166666667,46,0.016666666666666666,5,2024-12-11,2024-06-01,20,213,0.8450704225352114,Enterprise,East,Paid Search,54,Other,2,1,4,2,0,0.0,
