customer_id,total_revenue,hist_clv,aov,annual_freq,churn_probability,pred_clv,value_tier
CUST00634,94754.83,52015.89,9475.483,120.0,0.24366294707613662,928340.2145671258,Top 10%
CUST01684,53405.67,31111.72,7629.381428571428,84.0,0.24366294707613662,523230.64847355126,Top 10%
CUST00264,52082.04,25606.54,10416.408,60.0,0.24366294707613662,510262.6661743114,Top 10%
CUST00163,50889.68,28616.55,10177.936,60.0,0.24366294707613662,498580.77367087646,Top 10%
CUST01272,51826.69,28174.550000000003,6478.33625,81.16666666666666,0.24366294707613662,429304.813295647,Top 10%
CUST00217,43264.51,22823.98,8652.902,60.0,0.24366294707613662,423874.7987468455,Top 10%
CUST01948,50649.97,28330.68,8441.661666666667,59.22972972972973,0.24366294707613662,408218.09730588127,Top 10%
CUST01163,41385.85,21923.28,5173.23125,96.0,0.24366294707613662,405469.02853440697,Top 10%
CUST01155,52669.13,32207.46,7524.161428571429,65.5576923076923,0.24366294707613662,402722.89796439453,Top 10%
CUST00376,40660.08,19385.91,4517.786666666667,108.0,0.24366294707613662,398358.45192816557,Top 10%
CUST01472,40470.68,23598.2,6745.113333333334,72.0,0.24366294707613662,396502.84586946643,Top 10%
CUST00339,40038.36,22632.54,8007.6720000000005,60.0,0.24366294707613662,392267.2829798315,Top 10%
CUST00447,48527.82,25061.420000000002,6932.545714285714,69.10135135135135,0.24366294707613662,391114.4339631848,Top 10%
CUST00559,38904.28,21168.29,12968.093333333332,36.0,0.24366294707613662,381156.37633226236,Top 10%
CUST00155,38388.1,20988.010000000002,5484.0142857142855,84.0,0.24366294707613662,376099.21299868595,Top 10%
CUST00768,45268.54,21523.190000000002,11317.135,40.58333333333333,0.24366294707613662,374980.5768584976,Top 10%
CUST01841,51384.18,29669.030000000002,8564.03,53.451219512195124,0.24366294707613662,373732.06402893446,Top 10%
CUST00168,43047.33,17880.579999999998,7174.555,62.614285714285714,0.24366294707613662,366769.2870035772,Top 10%
CUST01345,42487.88,22172.739999999998,7081.313333333333,62.614285714285714,0.24366294707613662,362002.6945665049,Top 10%
CUST01081,36885.770000000004,18002.250000000004,7377.154,60.0,0.24366294707613662,361380.45560604834,Top 10%
CUST01387,53261.85,28025.61,8876.975,49.80681818181818,0.24366294707613662,360976.02348112146,Top 10%
CUST00178,52214.92,28813.870000000003,17404.97333333333,24.90340909090909,0.24366294707613662,353880.5765850205,Top 10%
CUST00040,69902.87,40156.86,5825.239166666666,71.85245901639345,0.24366294707613662,341727.5222446942,Top 10%
CUST01892,34344.85,17940.89,6868.969999999999,60.0,0.24366294707613662,336486.3344515076,Top 10%
CUST01875,34315.17,20909.69,8578.7925,48.0,0.24366294707613662,336195.55098887725,Top 10%
CUST01729,33617.93,14228.99,5602.988333333334,72.0,0.24366294707613662,329364.490965818,Top 10%
CUST00467,33315.87,20093.53,8328.9675,48.0,0.24366294707613662,326405.1226126465,Top 10%
CUST00976,34715.96,18022.739999999998,4959.422857142857,79.8984375,0.24366294707613662,323514.67587359995,Top 10%
CUST00778,33010.71,18593.95,5501.785,72.0,0.24366294707613662,323415.382671397,Top 10%
CUST00572,32811.15,19667.559999999998,10937.050000000001,36.0,0.24366294707613662,321460.23618209385,Top 10%
CUST00239,31094.59,15440.01,5182.431666666666,72.0,0.24366294707613662,304642.6061075388,Top 10%
CUST00247,52418.200000000004,30003.9,13104.550000000001,27.566037735849054,0.24366294707613662,294931.4049672381,Top 10%
CUST00070,29897.52,16851.79,7474.38,48.0,0.24366294707613662,292914.5683847983,Top 10%
CUST00002,36001.299999999996,19461.5,6000.216666666666,59.22972972972973,0.24366294707613662,290155.792521461,Top 10%
CUST01724,44410.42,24385.49,5551.3025,63.52173913043479,0.24366294707613662,287900.1124346505,Top 10%
CUST01783,30758.1,16328.25,5126.349999999999,68.484375,0.24366294707613662,286631.76106862014,Top 10%
CUST00670,67990.24,38477.2,9712.891428571429,36.01056338028169,0.24366294707613662,285563.70711816644,Top 10%
CUST01716,96960.8,55743.82,6925.771428571429,50.13235294117648,0.24366294707613662,283472.41529296915,Top 10%
CUST00185,51253.35,29048.31,7321.907142857142,47.34722222222222,0.24366294707613662,283037.0458738081,Top 10%
CUST00949,28577.34,15704.55,4762.89,72.0,0.24366294707613662,279980.38672390324,Top 10%
CUST01157,44652.369999999995,19176.25,8930.473999999998,37.27040816326531,0.24366294707613662,271746.0377403184,Top 10%
CUST01998,34573.28,19262.65,8643.32,38.44736842105263,0.24366294707613662,271313.7303106568,Top 10%
CUST00545,47006.909999999996,24526.69,7834.485,42.14423076923077,0.24366294707613662,269570.9852177852,Top 10%
CUST01337,33018.840000000004,15844.32,8254.710000000001,39.486486486486484,0.24366294707613662,266118.3815123153,Top 10%
CUST01976,27071.89,12671.4,9023.963333333333,36.0,0.24366294707613662,265231.06179745804,Top 10%
CUST00683,27066.04,14148.49,9022.013333333334,36.0,0.24366294707613662,265173.747671569,Top 10%
CUST00699,27013.39,15385.260000000002,13506.695,24.0,0.24366294707613662,264657.92053856724,Top 10%
CUST01440,47014.03,27518.559999999998,11753.5075,22.47692307692308,0.0734588407795114,264227.6417857859,Top 10%
CUST01960,26818.99,12429.41,6704.7475,48.0,0.24366294707613662,262753.3280474843,Top 10%
CUST00371,42273.25,23465.36,7045.541666666667,45.65625,0.24366294707613662,262626.8873043534,Top 10%
CUST00362,21159.82,11037.9,10579.91,24.0,0.0498811206428629,260423.60531927345,Top 10%
CUST00094,36487.24,20247.09,7297.447999999999,43.48214285714286,0.24366294707613662,259063.66704447567,Top 10%
CUST01158,47738.94,28237.940000000002,7956.490000000001,39.845454545454544,0.24366294707613662,258836.11217265416,Top 10%
CUST00475,26355.42,14011.54,6588.855,48.0,0.24366294707613662,258211.59995545048,Top 10%
CUST00235,36030.01,17894.54,6005.001666666667,52.17857142857143,0.24366294707613662,255817.28062328443,Top 10%
CUST01579,61113.53,32538.36,7639.19125,40.58333333333333,0.24366294707613662,253116.03525604203,Top 10%
CUST01213,51369.29,31938.64,8561.548333333334,35.92622950819673,0.24366294707613662,251124.16973965662,Top 10%
CUST00067,42332.200000000004,22087.37,5291.525000000001,57.294117647058826,0.24366294707613662,247522.93666440516,Top 10%
CUST01086,46389.4,23533.53,5154.377777777778,58.70089285714286,0.24366294707613662,247027.61998426708,Top 10%
CUST00823,58260.2,31047.23,9710.033333333333,30.86619718309859,0.24366294707613662,244696.86663035458,Top 10%
CUST00747,24860.71,14713.720000000001,8286.903333333334,36.0,0.24366294707613662,243567.49788576577,Top 10%
CUST01317,25129.71,11761.07,3589.9585714285713,82.4758064516129,0.24366294707613662,241735.57538444252,Top 10%
CUST00946,24419.63,11937.380000000001,8139.876666666667,36.0,0.24366294707613662,239246.11076659441,Top 10%
CUST00151,24362.56,10398.970000000001,3480.3657142857146,84.0,0.24366294707613662,238686.9796273655,Top 10%
CUST01732,24087.04,13417.010000000002,8029.013333333333,36.0,0.24366294707613662,235987.63125728726,Top 10%
CUST01578,24056.7,13801.310000000001,12028.35,24.0,0.24366294707613662,235690.38158558228,Top 10%
CUST01581,23687.25,14151.15,7895.75,36.0,0.24366294707613662,232070.77409674157,Top 10%
CUST00321,31008.559999999998,18308.89,7752.139999999999,36.525,0.24366294707613662,231172.61888093146,Top 10%
CUST00972,47931.130000000005,28829.1,15977.043333333335,14.807432432432433,0.1009770233627243,229591.68115947823,Top 10%
CUST00661,50801.93,29371.59,8466.988333333333,33.20454545454545,0.24366294707613662,229536.1336061526,Top 10%
CUST00137,23303.12,13028.96,7767.706666666666,36.0,0.24366294707613662,228307.342442422,Top 10%
CUST00160,23253.25,13899.42,7751.083333333333,36.0,0.24366294707613662,227818.75176582576,Top 10%
CUST01372,24945.41,14058.3,24945.41,12.0,0.2969173306155194,227189.0886897623,Top 10%
CUST00277,29402.9,17229.149999999998,9800.966666666667,22.828125,0.0607467216317039,226845.964556855,Top 10%
CUST01276,86712.79,42933.36,6670.214615384615,41.651315789473685,0.24366294707613662,226826.13587279562,Top 10%
CUST01051,27922.43,14810.11,5584.486,49.35810810810811,0.24366294707613662,225043.39581556828,Top 10%
CUST00271,22532.75,10829.880000000001,7510.916666666667,36.0,0.24366294707613662,220759.80685931686,Top 10%
CUST01768,53986.09,25492.96,7712.2985714285705,35.023972602739725,0.24366294707613662,220533.10897416295,Top 10%
CUST01917,22126.42,12721.6,22126.42,12.0,0.24366294707613662,216778.8754452131,Top 10%
CUST01121,25204.09,16400.89,8401.363333333333,31.307142857142857,0.24366294707613662,214742.3805117295,Top 10%
CUST01240,29383.11,17650.79,4897.185,53.451219512195124,0.24366294707613662,213711.89241298052,Top 10%
CUST00420,80905.85,40238.82,8989.53888888889,28.835526315789473,0.24366294707613662,211636.15338641533,Top 10%
CUST00710,21577.84,11874.33,7192.613333333334,36.0,0.24366294707613662,211404.28002978966,Top 10%
CUST01842,51059.11,28632.620000000003,10211.822,19.85054347826087,0.0406345388880563,209927.2907156961,Top 10%
CUST00615,50910.43,25033.61,8485.071666666667,30.02054794520548,0.24366294707613662,207969.0417867176,Top 10%
CUST01113,21149.190000000002,12658.78,10574.595000000001,24.0,0.24366294707613662,207204.67318152453,Top 10%
CUST01691,29737.95,16210.53,7434.4875,33.97674418604651,0.24366294707613662,206232.61902745403,Top 10%
CUST01327,38017.200000000004,21580.280000000002,9504.300000000001,26.563636363636366,0.24366294707613662,206125.73810164677,Top 10%
CUST00284,80385.54,39087.58,10048.1925,24.76271186440678,0.24366294707613662,203147.1397527046,Top 10%
CUST01283,32629.8,17285.17,8157.45,30.4375,0.24366294707613662,202715.9683100682,Top 10%
CUST01606,32562.239999999998,18244.79,8140.5599999999995,30.4375,0.24366294707613662,202296.2449032735,Top 10%
CUST00716,20641.58,11438.82,6880.526666666668,36.0,0.24366294707613662,202231.47259305403,Top 10%
CUST00667,34841.92,20274.84,5806.986666666667,42.14423076923077,0.24366294707613662,199808.29842419448,Top 10%
CUST00953,35427.49,20828.25,7085.498,34.45754716981132,0.24366294707613662,199333.0446326424,Top 10%
CUST01290,40916.03,21280.83,6819.338333333333,35.346774193548384,0.24366294707613662,196796.14397653437,Top 10%
CUST01401,53427.659999999996,30201.56,8904.609999999999,27.055555555555554,0.24366294707613662,196696.1776397734,Top 10%
CUST01979,34776.82,19116.75,6955.364,34.45754716981132,0.24366294707613662,195672.0448793118,Top 10%
CUST00043,26772.47,15293.880000000001,8924.156666666668,26.725609756097562,0.24366294707613662,194723.94951622712,Top 10%
CUST00128,19862.27,11156.05,9931.135,24.0,0.24366294707613662,194596.34926884662,Top 10%
CUST00997,15877.69,11245.53,15877.69,12.0,0.0555119739942818,194255.8941083713,Top 10%
CUST00975,63403.53,36372.05,6340.353,37.27040816326531,0.24366294707613662,192931.05893650677,Top 10%
CUST00963,20676.48,9639.84,4135.296,57.0703125,0.24366294707613662,192682.11869719208,Top 10%
CUST01909,30457.35,17390.45,5076.224999999999,45.65625,0.24366294707613662,189219.40059113616,Top 10%
CUST01977,51667.55,31150.72,6458.44375,35.63414634146341,0.24366294707613662,187896.54816733644,Top 10%
CUST01221,19006.54,8195.66,3801.308,60.0,0.24366294707613662,186212.51731208488,Top 10%
CUST01720,36791.909999999996,18241.79,5255.987142857142,43.33474576271186,0.24366294707613662,185958.1034733095,Top 10%
CUST01695,18892.22,10120.310000000001,6297.406666666667,36.0,0.24366294707613662,185092.49152206117,Top 10%
CUST00097,63032.08,33352.630000000005,9004.582857142857,25.06617647058824,0.24366294707613662,184279.1721864883,Top 10%
CUST00327,29617.18,16652.09,9872.393333333333,22.828125,0.24366294707613662,183999.7585738676,Top 10%
CUST00395,35769.42,20313.19,5961.57,37.78448275862069,0.24366294707613662,183907.18223150412,Top 10%
CUST00459,45724.78,24537.95,5715.5975,38.96,0.24366294707613662,181804.71698317173,Top 10%
CUST01360,35903.41,21267.14,5129.058571428572,43.33474576271186,0.24366294707613662,181467.3397446519,Top 10%
CUST01941,15053.73,8741.62,7526.865,23.564516129032256,0.0588177462891462,180200.32383804696,Top 10%
CUST00465,18298.329999999998,11001.05,6099.443333333333,36.0,0.24366294707613662,179273.98105637543,Top 10%
CUST01099,67066.56,37650.92,8383.32,21.485294117647058,0.0803750385492994,178804.02143334132,Top 10%
CUST00303,23373.67,12840.61,7791.223333333332,28.096153846153847,0.24366294707613662,178721.61773819744,Top 10%
CUST01152,16103.29,8761.19,8051.645,24.0,0.1439283830025796,178572.73183381523,Top 10%
CUST00884,18213.28,8824.66,6071.093333333333,36.0,0.24366294707613662,178440.72184152663,Top 10%
CUST00757,32742.239999999998,15958.59,8185.5599999999995,26.563636363636366,0.24366294707613662,177525.39342984915,Top 10%
CUST00509,30451.83,16196.99,10150.61,17.392857142857142,0.0723123304109139,176796.6534725414,Top 10%
CUST00431,40439.5,22452.440000000002,5777.071428571428,37.05434782608696,0.24366294707613662,174771.84553836766,Top 10%
CUST00951,41478.46,24998.94,8295.692,25.721830985915492,0.24366294707613662,174212.3987671257,Top 10%
CUST01143,62380.1,35521.38,10396.683333333332,20.105504587155963,0.24366294707613662,170661.02685932964,Top 10%
CUST00536,73896.06,36068.950000000004,6717.823636363636,25.2688679245283,0.0708303947887549,170262.32615020178,Top 10%
CUST00944,17154.73,11070.23,4288.6825,48.0,0.24366294707613662,168069.80424154748,Top 10%
CUST01814,17144.5,9432.43,3428.9,60.0,0.24366294707613662,167969.57800089018,Top 10%
CUST01613,18443.65,9654.92,4610.9125,44.272727272727266,0.24366294707613662,166666.27077298504,Top 10%
CUST00776,51770.57,27285.64,5177.057,39.274193548387096,0.24366294707613662,166002.5593468257,Top 10%
CUST01866,47158.65,26909.54,7859.775000000001,25.782352941176473,0.24366294707613662,165446.36286980857,Top 10%
CUST00912,25930.57,14690.550000000001,4321.761666666666,46.62765957446808,0.24366294707613662,164523.89827334197,Top 10%
CUST01727,56497.94,29721.09,8071.134285714286,24.822815533980584,0.24366294707613662,163572.45583596866,Top 10%
CUST00869,22003.510000000002,13730.029999999999,7334.503333333334,21.915000000000003,0.0699360735984536,161374.2249775418,Top 10%
CUST00865,53981.159999999996,29792.84,7711.594285714285,25.567500000000003,0.24366294707613662,160974.46804921713,Top 10%
CUST01273,24022.73,12376.55,12011.365,14.323529411764707,0.1391848011120135,159867.9916872506,Top 10%
CUST01934,29852.69,18281.22,9950.896666666666,19.56696428571429,0.24366294707613662,158968.1901647387,Top 10%
CUST01481,16135.490000000002,9097.86,4033.8725000000004,48.0,0.24366294707613662,158084.01797296997,Top 10%
CUST01107,16118.18,9232.43,8059.09,24.0,0.24366294707613662,157914.42694405717,Top 10%
CUST01880,58129.11,30557.73,9688.185,19.922727272727272,0.24366294707613662,157585.32590435134,Top 10%
CUST01350,25328.719999999998,14839.75,5065.744,38.046875,0.24366294707613662,157357.26240597825,Top 10%
CUST01597,17886.84,9840.27,4471.71,42.970588235294116,0.24366294707613662,156880.69003428883,Top 10%
CUST00882,35197.61,20057.56,5866.268333333333,32.708955223880594,0.24366294707613662,156658.20927578362,Top 10%
CUST00532,36074.81,19323.04,7214.9619999999995,26.467391304347828,0.24366294707613662,155908.48356547335,Top 10%
CUST00934,33393.48,20666.989999999998,11131.160000000002,17.12109375,0.24366294707613662,155595.3062869577,Top 10%
CUST00780,77428.83,43496.85,5956.0638461538465,31.86744966442953,0.24366294707613662,154964.14134120484,Top 10%
CUST01791,27214.36,14189.39,9071.453333333333,20.67452830188679,0.24366294707613662,153121.80559584656,Top 10%
CUST01933,65013.25,34194.270000000004,10835.541666666666,17.255905511811026,0.24366294707613662,152655.67069994856,Top 10%
CUST00765,27523.01,12846.6,3931.8585714285714,47.34722222222222,0.24366294707613662,151990.67854013992,Top 10%
CUST00034,18695.44,9666.43,4673.86,39.486486486486484,0.24366294707613662,150677.62024530838,Top 10%
CUST01082,15339.65,7145.7300000000005,5113.216666666666,36.0,0.24366294707613662,150286.94550330163,Top 10%
CUST00380,62880.89,32020.420000000002,6288.089,24.029605263157894,0.0874535453929847,148843.36605270958,Top 10%
CUST00294,71428.83,41022.950000000004,10204.118571428571,13.745967741935484,0.0202837335946111,148340.69853983677,Top 10%
CUST01646,32293.739999999998,17308.260000000002,6458.748,28.096153846153847,0.24366294707613662,148156.1805813996,Top 10%
CUST01569,45020.65,25461.27,6431.521428571429,28.096153846153847,0.24366294707613662,147531.63464259167,Top 10%
CUST01836,15021.75,7279.34,5007.25,36.0,0.24366294707613662,147172.38813233818,Top 10%
CUST00613,14985.86,8914.300000000001,4995.286666666667,36.0,0.24366294707613662,146820.76352068712,Top 10%
CUST01361,38357.659999999996,20246.52,6392.943333333333,28.096153846153847,0.24366294707613662,146646.6979265932,Top 10%
CUST01041,62383.229999999996,34620.5,6931.469999999999,25.883858267716537,0.24366294707613662,146480.1992836714,Top 10%
CUST01352,44440.06,25233.0,4444.005999999999,40.137362637362635,0.24366294707613662,145629.0545652906,Top 10%
CUST01763,43416.13,24095.620000000003,7236.0216666666665,24.623595505617978,0.24366294707613662,145470.82039187808,Top 10%
CUST00081,51085.32,30080.97,7297.902857142857,24.35,0.24366294707613662,145084.69625370944,Top 10%
CUST01021,35343.92,16235.259999999998,5890.653333333333,30.02054794520548,0.24366294707613662,144379.868238913,Top 10%
CUST00941,44500.11,20783.8,4944.456666666667,35.73097826086957,0.24366294707613662,144240.77358820653,Top 10%
CUST00672,14580.17,9095.49,7290.085,24.0,0.24366294707613662,142846.1023699285,Top 10%
CUST00004,40697.96,20585.67,8139.592,16.7545871559633,0.0324668972052794,142433.25004579892,Top 10%
CUST00135,14519.810000000001,6888.530000000002,7259.905000000001,24.0,0.24366294707613662,142254.738158191,Top 10%
CUST01096,14469.18,6964.93,14469.18,12.0,0.24366294707613662,141758.7015438724,Top 10%
CUST00018,30883.06,16667.6,6176.612,28.096153846153847,0.24366294707613662,141684.3082983327,Top 10%
CUST01411,17102.85,7704.12,5700.95,30.4375,0.24366294707613662,141670.9387783294,Top 10%
CUST00947,16061.900000000001,7470.92,5353.966666666667,32.22794117647059,0.24366294707613662,140874.62935106165,Top 10%
CUST00818,14257.83,9360.66,14257.83,12.0,0.24366294707613662,139688.04504700817,Top 10%
CUST01005,48333.63,26737.300000000003,6041.70375,28.096153846153843,0.24366294707613662,138589.66967039416,Top 10%
CUST01790,47436.479999999996,26944.41,9487.295999999998,17.730582524271846,0.24366294707613662,137337.77779886857,Top 10%
CUST00058,13975.54,6301.59,13975.54,12.0,0.24366294707613662,136922.36904748235,Top 10%
CUST00505,16524.47,7903.76,5508.156666666667,30.4375,0.24366294707613662,136879.9456063955,Top 10%
CUST01162,34420.42,19737.73,8605.105,19.48,0.24366294707613662,136857.84199600093,Top 10%
CUST00697,32228.8,17077.82,6445.76,20.75284090909091,0.0564027743360006,136253.45617716163,Top 10%
CUST01704,13903.349999999999,9431.13,13903.349999999999,12.0,0.24366294707613662,136215.10293672467,Top 10%
CUST01008,31502.61,17722.5,10500.87,15.880434782608695,0.24366294707613662,136148.30274794286,Top 10%
CUST00029,15394.52,7317.2300000000005,5131.506666666667,26.089285714285715,0.0612206063814845,135668.7484793038,Top 10%
CUST01504,13846.76,8554.47,3461.69,48.0,0.24366294707613662,135660.67449500458,Top 10%
CUST01205,25881.379999999997,13428.28,5176.276,32.03947368421053,0.24366294707613662,135402.7108678075,Top 10%
CUST00399,24498.89,11952.42,4083.148333333333,40.583333333333336,0.24366294707613662,135290.5410629233,Top 10%
CUST01936,34515.28,16842.14,4930.754285714285,33.20454545454545,0.24366294707613662,133670.46580767585,Top 10%
CUST00330,57450.56,27587.84,8207.222857142857,15.880434782608695,0.0508894676939291,133531.76573588926,Top 10%
CUST01594,16094.41,6828.7699999999995,5364.803333333333,30.4375,0.24366294707613662,133317.556651864,Top 10%
CUST01701,32542.53,19930.57,6508.505999999999,20.068681318681318,0.0596610629846769,132584.8036584538,Top 10%
CUST00198,45344.27,23615.81,9068.854,17.904411764705884,0.24366294707613662,132567.48847571923,Top 10%
CUST00913,30055.33,19583.100000000002,15027.665,11.23846153846154,0.2743310682451098,132295.80791112082,Top 10%
CUST00695,23850.72,14266.539999999999,5962.68,27.055555555555557,0.24366294707613662,131711.1433840589,Top 10%
CUST01935,30460.57,16436.28,7615.1425,21.17391304347826,0.24366294707613662,131644.80359674664,Top 10%
CUST01544,22723.57,11495.050000000001,7574.5233333333335,20.291666666666668,0.2079060306495474,131419.2299770731,Top 10%
CUST00306,46132.14,23043.04,5766.5175,27.82857142857143,0.24366294707613662,131017.43356865726,Top 10%
CUST01171,47028.81,25807.35,7838.134999999999,16.602272727272727,0.0680468012174482,130913.23972407136,Top 10%
CUST00452,32909.79,19076.829999999998,5484.965,29.220000000000002,0.24366294707613662,130851.47827776572,Top 10%
CUST00749,36391.21,17716.940000000002,7278.242,22.003012048192772,0.24366294707613662,130747.43853777902,Top 10%
CUST01993,13302.460000000001,7470.240000000002,13302.460000000001,12.0,0.24366294707613662,130328.01146570165,Top 10%
CUST01425,60525.68,35184.6,8646.525714285714,18.39388489208633,0.24366294707613662,129849.31499118576,Top 10%
CUST00238,75050.16,42824.72,8338.906666666668,15.653571428571428,0.0803669872999428,129582.48063848898,Top 10%
CUST00563,34740.020000000004,19595.170000000002,4962.860000000001,31.959375,0.24366294707613662,129495.55547526132,Top 10%
CUST01174,28875.670000000002,14940.96,5775.134,27.257462686567163,0.24366294707613662,128520.39538589318,Top 10%
CUST00862,46010.22,25799.08,6572.888571428572,23.894859813084114,0.24366294707613662,128228.72320028908,Next 25%
CUST01653,60923.51,30731.33,7615.43875,16.508474576271187,0.0564332070495997,128051.21606651273,Next 25%
CUST01016,22461.35,12206.78,7487.116666666666,17.12109375,0.0748349650879415,128019.02078311125,Next 25%
CUST01416,21820.17,7443.66,7273.389999999999,21.48529411764706,0.24366294707613662,127585.91703045323,Next 25%
CUST00065,20871.29,9973.73,4174.258,37.27040816326531,0.24366294707613662,127018.79788304925,Next 25%
CUST01190,46168.26,26623.97,9233.652,16.7545871559633,0.24366294707613662,126308.27234820901,Next 25%
CUST00876,31292.1,17487.3,10430.699999999999,13.201807228915662,0.1515247238415426,126123.26869864269,Next 25%
CUST00073,22342.079999999998,10708.97,4468.415999999999,34.45754716981132,0.24366294707613662,125707.88474786293,Next 25%
CUST00001,28978.370000000003,17713.800000000003,9659.456666666667,15.880434782608695,0.24366294707613662,125239.01644663427,Next 25%
CUST01254,11482.59,5287.549999999999,11482.59,12.0,0.1581873160768482,125211.94259176147,Next 25%
CUST01287,16129.0,7919.34,8064.5,16.602272727272727,0.1387838929437873,124470.46668678377,Next 25%
CUST00433,56982.73,30805.09,7122.84125,21.32846715328467,0.24366294707613662,124033.06356230279,Next 25%
CUST00902,12587.39,6203.280000000001,4195.796666666666,36.0,0.24366294707613662,123322.26582476158,Next 25%
CUST00653,35870.27,20466.83,5124.324285714285,29.387931034482758,0.24366294707613662,122950.46591163169,Next 25%
CUST00361,63395.29,29661.18,5763.208181818182,26.08928571428571,0.24366294707613662,122758.35433339518,Next 25%
CUST00916,17212.71,10161.79,3442.542,43.48214285714286,0.24366294707613662,122212.25207423519,Next 25%
CUST01615,36464.66,17724.27,7292.932000000001,20.291666666666668,0.24366294707613662,120821.56165627595,Next 25%
CUST01902,10725.96,6032.17,10725.96,12.0,0.131210155854649,120709.46880006323,Next 25%
CUST01949,13049.789999999999,6811.870000000001,4349.929999999999,26.725609756097562,0.039953742909681,120478.9666145841,Next 25%
CUST01859,11445.439999999999,7685.0,11445.439999999999,12.0,0.1913143323241506,119895.44098823106,Next 25%
CUST01915,57028.92,26358.9,5702.892,25.721830985915492,0.24366294707613662,119762.70276546563,Next 25%
CUST01980,33734.36,18881.28,6746.872,21.74107142857143,0.24366294707613662,119758.94870369037,Next 25%
CUST01946,11115.32,5261.83,11115.32,12.0,0.1693511870498352,119599.63358964761,Next 25%
CUST01449,89505.82,49348.99,11188.2275,10.822222222222223,0.0859601708110271,119468.12309295945,Next 25%
CUST00498,12082.38,8121.29,12082.38,12.0,0.24366294707613662,118374.53818113072,Next 25%
CUST00053,29717.44,15721.619999999999,7429.36,19.48,0.24366294707613662,118158.48580713538,Next 25%
CUST01384,49870.85,24908.91,8311.808333333332,17.392857142857142,0.24366294707613662,118029.62057991586,Next 25%
CUST01490,47326.8,25673.38,5915.85,24.35,0.24366294707613662,117609.03332557277,Next 25%
CUST00954,11926.92,6971.17,5963.46,24.0,0.24366294707613662,116851.4520254529,Next 25%
CUST01771,28164.63,17810.93,5632.926,25.364583333333332,0.24366294707613662,116650.42880117349,Next 25%
CUST01884,27330.25,13813.240000000002,5466.05,26.089285714285715,0.24366294707613662,116428.78090382743,Next 25%
CUST01128,26436.370000000003,17518.05,6609.092500000001,21.485294117647058,0.24366294707613662,115933.16560112833,Next 25%
CUST00849,11819.83,6228.15,3939.943333333333,36.0,0.24366294707613662,115802.26061665616,Next 25%
CUST00758,56881.020000000004,34014.810000000005,11376.204000000002,10.259831460674157,0.0821323606916027,115644.99470077474,Next 25%
CUST01234,43029.68,24390.949999999997,6147.097142857143,23.033783783783782,0.24366294707613662,115600.55611274092,Next 25%
CUST00022,29625.22,17036.19,4937.536666666667,28.46103896103896,0.24366294707613662,114732.28544154574,Next 25%
CUST01675,48874.05,27678.409999999996,6109.25625,22.828125,0.24366294707613662,113863.13704402902,Next 25%
CUST00566,22137.36,13454.369999999999,4427.472,31.487068965517242,0.24366294707613662,113818.43763875427,Next 25%
CUST01642,38545.520000000004,21795.46,6424.253333333334,21.698019801980198,0.24366294707613662,113806.56645672215,Next 25%
CUST00526,10393.94,6917.080000000001,10393.94,12.0,0.159520054123575,113161.31646238524,Next 25%
CUST00723,45187.14,23781.399999999998,15062.38,7.454081632653061,0.0713845211500928,112546.72117847564,Next 25%
CUST00923,9200.85,5676.19,9200.85,12.0,0.0590694545968139,112143.97555612143,Next 25%
CUST01186,40909.34,23979.090000000004,6818.223333333332,20.105504587155963,0.24366294707613662,111920.78840106777,Next 25%
CUST01279,17942.87,7144.3,5980.956666666666,22.828125,0.24366294707613662,111471.91421068081,Next 25%
CUST00731,52912.34,26739.38,6614.0425,16.697142857142858,0.0678632941414888,111121.45986804925,Next 25%
CUST00179,52434.65,31832.399999999998,7490.664285714286,14.610000000000001,0.0627917987681449,110717.38348969708,Next 25%
CUST00154,11493.44,5692.34,5746.72,23.564516129032256,0.24366294707613662,110561.29702836074,Next 25%
CUST00886,51003.75,27869.420000000002,7286.25,15.21875,0.0782235724678746,110336.15184455493,Next 25%
CUST00538,16946.96,7714.25,5648.986666666667,23.820652173913047,0.24366294707613662,109862.3181097032,Next 25%
CUST00701,11199.0,5722.22,11199.0,12.0,0.24366294707613662,109719.81125328642,Next 25%
CUST00011,35669.03,18926.41,7133.806,18.827319587628867,0.24366294707613662,109656.49256494643,Next 25%
CUST00203,17466.15,9605.910000000002,5822.05,22.828125,0.24366294707613662,108510.24247463662,Next 25%
CUST00984,37072.92,19787.22,6178.82,21.48529411764706,0.24366294707613662,108385.55554784015,Next 25%
CUST01375,14834.12,8563.42,4944.706666666667,23.31382978723404,0.1310990296465516,108126.86738639916,Next 25%
CUST00171,54303.54,31706.62,6033.7266666666665,17.96311475409836,0.0762477449589665,108076.67433875876,Next 25%
CUST00105,57126.31,29103.86,5712.630999999999,18.35427135678392,0.0465402303673336,107915.76102471414,Next 25%
CUST00405,27034.19,14098.439999999999,6758.5475,15.542553191489361,0.0495395248294737,107775.2349728379,Next 25%
CUST00261,10965.4,7286.33,5482.7,24.0,0.24366294707613662,107431.16513231421,Next 25%
CUST01227,71556.03,39258.57,8944.50375,12.277310924369747,0.0937775755577455,107424.53779207046,Next 25%
CUST01109,44583.22,20205.510000000002,7430.536666666667,17.673387096774192,0.24366294707613662,107217.21758021867,Next 25%
CUST00381,22624.57,10630.8,3770.7616666666668,34.785714285714285,0.24366294707613662,107091.39358497989,Next 25%
CUST01832,50613.56,29354.61,8435.593333333332,15.433098591549294,0.24366294707613662,106290.22506794902,Next 25%
CUST00295,17216.51,7125.87,5738.836666666666,18.2625,0.0654524186278018,105729.13895986718,Next 25%
CUST01596,60130.79,34066.1,8590.112857142858,13.31640625,0.1457400274450249,105483.6495292737,Next 25%
CUST01187,53844.8,26158.629999999997,6730.6,15.625668449197862,0.0729913319533504,105241.09677230164,Next 25%
CUST01210,11292.8,6409.19,3764.2666666666664,34.2421875,0.24366294707613662,105236.51172847846,Next 25%
CUST00893,35256.13,17123.39,7051.226,18.2625,0.24366294707613662,105135.50972643134,Next 25%
CUST00518,13240.15,7325.459999999999,6620.075,24.0,0.388646737825137,104851.72250893258,Next 25%
CUST00894,10696.8,4625.76,3565.6,36.0,0.24366294707613662,104799.61398465525,Next 25%
CUST00023,55768.64,34499.38,9294.773333333333,13.783018867924527,0.24366294707613662,104594.22712157299,Next 25%
CUST01958,38473.42,21410.510000000002,9618.355,10.58695652173913,0.0485198539170694,104587.75635556961,Next 25%
CUST01357,26652.31,8565.189999999999,6663.0775,19.223684210526315,0.24366294707613662,104576.9687963656,Next 25%
CUST01552,58609.37,34175.17,7326.17125,14.115942028985508,0.0648677263005118,104392.46731121566,Next 25%
CUST00998,10167.68,5326.66,5083.84,24.0,0.209150958049123,104161.18032965924,Next 25%
CUST00130,55510.93,30900.81,9251.821666666667,11.296391752577321,0.0807319229427472,103709.4571477047,Next 25%
CUST00630,56362.18,32286.670000000002,6262.464444444445,15.95752427184466,0.0390745981349539,103659.62776800904,Next 25%
CUST01772,39473.54,20195.25,5639.077142857143,22.427631578947366,0.24366294707613662,103256.1695618401,Next 25%
CUST01904,10517.34,3904.699999999999,10517.34,12.0,0.24366294707613662,103041.39295353509,Next 25%
CUST00424,32381.879999999997,17279.74,4625.982857142857,27.199468085106382,0.24366294707613662,102728.03742878707,Next 25%
CUST00113,67960.47,37867.44,6796.0470000000005,14.908163265306122,0.0607409828429554,102724.7448431459,Next 25%
CUST00948,55967.14,33984.47,6995.8925,14.610000000000001,0.0728010902503185,102299.95432195519,Next 25%
CUST00462,40801.03,23906.94,6800.171666666666,16.113970588235293,0.1371889439056366,102058.06470367317,Next 25%
CUST00821,47811.24,27507.64,9562.248,10.617732558139535,0.0765289038359775,101210.19840389436,Next 25%
CUST01858,30386.55,16476.42,6077.3099999999995,20.291666666666668,0.24366294707613662,100682.42578832523,Next 25%
CUST00251,56004.26,31751.32,11200.852,8.696428571428571,0.0467151251439889,100236.03511288126,Next 25%
CUST01532,9395.380000000001,5172.9800000000005,9395.380000000001,12.0,0.181368066139167,99630.76434983945,Next 25%
CUST00358,41812.51,16957.89,4645.834444444445,26.089285714285715,0.24366294707613662,98957.9020769435,Next 25%
CUST00908,24078.77,10932.18,4013.1283333333336,23.820652173913047,0.0467014621475224,98372.748749921,Next 25%
CUST01397,10032.05,6584.599999999999,10032.05,12.0,0.24366294707613662,98286.867799226,Next 25%
CUST00189,10008.01,5995.83,5004.005,24.0,0.24366294707613662,98051.34103232459,Next 25%
CUST00092,45617.28,25449.18,9123.456,10.93562874251497,0.0920858754309356,97781.59032929737,Next 25%
CUST00308,18860.05,11571.13,9430.025,12.594827586206897,0.24366294707613662,96968.2665317268,Next 25%
CUST00606,49335.07,26618.49,6166.88375,19.223684210526315,0.24366294707613662,96789.2103152881,Next 25%
CUST00119,34711.55,19733.38,4958.792857142857,18.799632352941178,0.0390123252322538,96705.75613167048,Next 25%
CUST01658,9863.02,5922.6,4931.51,24.0,0.24366294707613662,96630.8324660585,Next 25%
CUST00911,9854.48,6818.24,9854.48,12.0,0.24366294707613662,96547.16363954691,Next 25%
CUST01812,13544.87,6586.6,2708.974,43.48214285714286,0.24366294707613662,96170.15953633947,Next 25%
CUST01877,41259.36,22043.120000000003,6876.56,17.12109375,0.24366294707613662,96122.99701025245,Next 25%
CUST00647,12141.400000000001,7571.240000000001,6070.700000000001,19.223684210526315,0.24366294707613662,95279.60682914116,Next 25%
CUST01644,18168.01,10642.55,6056.003333333333,19.223684210526315,0.24366294707613662,95048.94271763852,Next 25%
CUST02000,49373.03,26680.63,8228.838333333333,11.354922279792746,0.0579583298563285,95017.14872769313,Next 25%
CUST00226,29354.47,14854.970000000001,5870.894,19.637096774193548,0.24366294707613662,94125.23656335278,Next 25%
CUST01320,21283.74,11016.12,7094.580000000001,14.417763157894736,0.1491256411826515,93950.5220819193,Next 25%
CUST00089,22963.17,12228.87,5740.7925,20.013698630136986,0.24366294707613662,93804.52023849532,Next 25%
CUST00028,60682.63,33898.37,6068.263,15.282426778242678,0.0649194245815749,93608.42501282041,Next 25%
CUST01347,97603.36,55802.770000000004,10844.817777777778,9.473342939481267,0.1572749174442134,93458.89088999367,Next 25%
CUST01860,59657.71,32572.75,6628.634444444444,14.807432432432432,0.1205432513212528,93181.0283157102,Next 25%
CUST01219,8490.04,3782.96,8490.04,12.0,0.1541525509179636,93023.40033743801,Next 25%
CUST01903,39566.04,18045.69,5652.291428571429,20.13188976377953,0.24366294707613662,92903.83688157403,Next 25%
CUST00288,44088.07,25520.600000000002,4408.807,20.068681318681318,0.0385304211201947,91830.01514610987,Next 25%
CUST00621,9364.44,5514.99,4682.22,24.0,0.24366294707613662,91746.10137447322,Next 25%
CUST01969,10729.23,6068.88,3576.41,31.307142857142857,0.24366294707613662,91414.54387989662,Next 25%
CUST01957,9318.37,3417.32,3106.1233333333334,36.0,0.24366294707613662,91294.74038648867,Next 25%
CUST01379,31834.63,18138.64,10611.543333333333,10.536057692307692,0.24366294707613662,91281.18156611081,Next 25%
CUST00111,9277.1,4771.66,9277.1,12.0,0.24366294707613662,90890.4063735926,Next 25%
CUST01120,73778.03,43945.16,9222.25375,11.458823529411765,0.2055264900879316,90628.69033322584,Next 25%
CUST00713,54940.38,30360.079999999998,7848.625714285714,11.569004524886877,0.0790376402675538,90269.42471003009,Next 25%
CUST00042,9048.66,5009.379999999999,9048.66,12.0,0.23096687865988,90140.45481282545,Next 25%
CUST00952,22659.09,10621.46,5664.7725,19.48,0.24366294707613662,90094.02438997447,Next 25%
CUST01471,9150.32,4253.110000000001,4575.16,24.0,0.24366294707613662,89648.30639406838,Next 25%
CUST00108,7449.0199999999995,3776.58,7449.0199999999995,12.0,0.0712147147398499,89619.99116853085,Next 25%
CUST01961,32144.29,15924.44,5357.381666666667,20.481308411214954,0.24366294707613662,89584.90667681703,Next 25%
CUST01829,17067.2,9492.29,4266.8,25.63157894736842,0.24366294707613662,89289.87352772705,Next 25%
CUST01686,38639.62,21393.06,5519.9457142857145,15.21875,0.0155768708981446,89269.8454054822,Next 25%
CUST00427,28582.36,16568.3,7145.59,15.21875,0.24366294707613662,88785.41676606906,Next 25%
CUST00140,45535.0,26588.550000000003,7589.166666666667,11.845945945945946,0.0853410585907883,88763.04772149389,Next 25%
CUST01284,29425.56,16809.26,5885.112,18.446969696969695,0.24366294707613662,88634.8119923247,Next 25%
CUST01722,22775.44,11903.64,7591.813333333333,12.175,0.1117951101983727,88621.03849520013,Next 25%
CUST01576,42630.1,26366.489999999998,10657.525,9.074534161490684,0.1515677476142895,88574.16229187381,Next 25%
CUST01872,28594.06,16274.240000000002,5718.812,15.476694915254237,0.0771882401347698,88167.05731412926,Next 25%
CUST01501,46898.11,25312.07,6699.7300000000005,16.080188679245282,0.24366294707613662,87957.5253926313,Next 25%
CUST01214,19033.41,12418.68,6344.47,14.048076923076923,0.0879486860466284,87748.6982199809,Next 25%
CUST01068,43107.01,24478.78,8621.402,12.423469387755102,0.24366294707613662,87447.08785022523,Next 25%
CUST00385,25189.14,15068.02,6297.285,16.988372093023255,0.24366294707613662,87343.31575056793,Next 25%
CUST01535,18127.989999999998,11134.390000000001,3021.3316666666665,35.346774193548384,0.24366294707613662,87191.21894389986,Next 25%
CUST01106,25684.65,15462.84,8561.550000000001,12.451704545454545,0.24366294707613662,87037.37122822796,Next 25%
CUST01839,44842.66,23002.920000000002,5605.3325,18.974025974025974,0.24366294707613662,86833.1250717832,Next 25%
CUST01797,37207.44,21228.7,9301.86,11.4140625,0.24366294707613662,86683.13429677891,Next 25%
CUST01639,22064.53,9800.16,7354.843333333333,14.417763157894736,0.24366294707613662,86575.67262711836,Next 25%
CUST00819,31208.54,15476.9,3901.0675,20.871428571428574,0.019896613205521,86142.3499253813,Next 25%
CUST00175,19565.71,9404.83,6521.903333333333,16.113970588235293,0.24366294707613662,85802.80490603106,Next 25%
CUST00477,63169.87,36759.69,9024.267142857143,9.72148288973384,0.0948119954094895,85722.02732066398,Next 25%
CUST00803,37036.8,20030.41,4629.6,22.651162790697672,0.24366294707613662,85616.70933824747,Next 25%
CUST01444,31268.75,14664.83,6253.75,16.7545871559633,0.24366294707613662,85545.82284426705,Next 25%
CUST01153,67918.14,39423.07,8489.7675,10.548736462093864,0.1191600200484265,85153.48799238454,Next 25%
CUST01275,55518.92,28281.300000000003,7931.274285714286,11.674657534246576,0.1501133924485612,84948.80793539806,Next 25%
CUST00901,15370.609999999999,8033.26,5123.536666666666,20.291666666666668,0.24366294707613662,84881.32088299426,Next 25%
CUST00987,56178.89,34553.270000000004,9363.148333333333,9.446120689655173,0.1112851410657471,84849.05687200585,Next 25%
CUST00856,48852.9,24637.14,4071.0750000000003,19.83257918552036,0.0322957884269289,84341.26598219384,Next 25%
CUST01378,23714.97,13164.449999999999,4742.994000000001,21.74107142857143,0.24366294707613662,84189.52888804046,Next 25%
CUST01241,19745.47,10926.98,4936.3675,20.871428571428574,0.24366294707613662,84117.08639595678,Next 25%
CUST01000,40155.37,21220.22,8031.0740000000005,9.766042780748664,0.0133876676053455,83531.05640328176,Next 25%
CUST01522,56668.63,30222.700000000004,5666.862999999999,14.847560975609756,0.081312532510289,83440.0982805241,Next 25%
CUST00969,39475.1,21155.2,13158.366666666667,6.979299363057325,0.1587079512511859,83400.71608094752,Next 25%
CUST01714,25920.989999999998,15595.279999999999,8640.33,10.145833333333334,0.1190636776995378,83362.6966174324,Next 25%
CUST00384,36043.82,19209.8,4505.4775,22.651162790697672,0.24366294707613662,83321.27128639922,Next 25%
CUST00583,29743.34,16576.93,4957.223333333333,16.113970588235293,0.0353295212100179,83181.97435296408,Next 25%
CUST00523,17601.489999999998,9445.85,5867.163333333333,15.653571428571428,0.1617987538862718,83099.63268325047,Next 25%
CUST01038,50371.13,26334.87,12592.7825,6.70183486238532,0.0934952243854662,82583.77008158936,Next 25%
CUST00332,9863.83,3768.28,3287.943333333333,36.0,0.3548037617073497,82438.07376457179,Next 25%
CUST01994,41089.99,22768.67,6848.331666666666,12.175,0.0848331629081183,82368.88998814324,Next 25%
CUST00935,26205.59,14523.91,4367.598333333333,23.06842105263158,0.24366294707613662,82259.3213937659,Next 25%
CUST01404,15087.22,8806.18,3771.805,21.485294117647058,0.0631987246450216,81949.66688880383,Next 25%
CUST00535,21431.65,9077.02,4286.33,23.41346153846154,0.24366294707613662,81936.19484656968,Next 25%
CUST01088,38685.94,22596.46,5526.562857142858,14.36376404494382,0.0469430918749876,81667.90106578151,Next 25%
CUST01245,8326.64,4914.7300000000005,4163.32,24.0,0.24366294707613662,81578.47746888694,Next 25%
CUST00573,42111.950000000004,22845.08,7018.658333333334,14.23051948051948,0.24366294707613662,81545.3905135574,Next 25%
CUST01666,30874.55,18228.35,4410.65,22.626106194690266,0.24366294707613662,81477.365625061,Next 25%
CUST00080,44353.33,25727.210000000003,8870.666000000001,9.71409574468085,0.1243878345817661,81447.84127791159,Next 25%
CUST01708,37870.17,23521.239999999998,5410.024285714286,14.444915254237287,0.03663754140689,81266.79180400397,Next 25%
CUST01694,19256.420000000002,9604.0,3851.2840000000006,25.721830985915492,0.24366294707613662,80878.29489974448,Next 25%
CUST01956,27449.47,16771.11,13724.735,8.39655172413793,0.3499429523302446,80865.93095738489,Next 25%
CUST00728,6951.75,3012.9300000000003,6951.75,12.0,0.1046757763923783,80624.10572850677,Next 25%
CUST00353,8194.439999999999,2754.9800000000005,8194.439999999999,12.0,0.24366294707613662,80283.27619665865,Next 25%
CUST00026,33655.96,16722.8,6731.192,12.175,0.0931865653627375,80221.00125943044,Next 25%
CUST00244,29285.94,15855.7,9761.98,10.052752293577981,0.24366294707613662,80121.20200097014,Next 25%
CUST01609,36347.48,19745.59,4543.435,21.485294117647058,0.24366294707613662,79698.50660328366,Next 25%
CUST00335,9522.51,5316.32,4761.255,16.602272727272727,0.0669395116548427,79617.39590272824,Next 25%
CUST01512,53258.840000000004,29245.43,6657.3550000000005,12.175,0.0909275414844247,79538.67840983093,Next 25%
CUST00259,59336.39,33062.86,6592.932222222222,12.451704545454545,0.104208366237079,79382.28657415307,Next 25%
CUST00847,38356.22,20189.41,5479.46,14.610000000000001,0.0815220956331352,79371.7350603666,Next 25%
CUST00871,44033.13,23903.89,7338.855,10.386255924170616,0.0358735258807945,79328.73323672789,Next 25%
CUST00961,41177.64,23051.82,8235.528,9.818548387096774,0.0945136730981088,79036.88466936762,Next 25%
CUST00625,8060.04,3465.8399999999997,8060.04,12.0,0.24366294707613662,78966.5208941815,Next 25%
CUST00359,41313.05,23103.16,5901.864285714286,12.978426395939087,0.0500333766543353,78546.85271616835,Next 25%
CUST00190,35526.57,19390.6,5075.2242857142855,18.93888888888889,0.24366294707613662,78475.53709428989,Next 25%
CUST01407,14155.33,8621.52,4718.443333333334,20.291666666666668,0.24366294707613662,78170.1642247559,Next 25%
CUST01288,29068.96,17567.15,4844.826666666667,15.996350364963503,0.0706514470440518,77747.5948689944,Next 25%
CUST01700,24585.78,11646.67,6146.445,15.378947368421054,0.24366294707613662,77174.73938714684,Next 25%
CUST01012,30725.98,16161.630000000001,5120.996666666667,18.415966386554622,0.24366294707613662,76996.95808889598,Next 25%
CUST01617,47655.9,27488.239999999998,6807.9857142857145,11.674657534246576,0.1026579094137987,76989.23581026378,Next 25%
CUST00679,64400.42,35418.56,12880.083999999999,7.3343373493975905,0.2451261997992888,76977.37793349691,Next 25%
CUST01631,60135.35,34126.94,8590.764285714286,9.365384615384615,0.114455310809966,76908.98636776701,Next 25%
CUST00115,46927.22,25016.97,9385.444,8.494186046511627,0.1094204396918023,76640.52998873418,Next 25%
CUST01715,35969.28,17107.0,7193.856,13.044642857142858,0.24366294707613662,76615.8271583396,Next 25%
CUST00971,40752.92,23003.81,5094.115,18.37735849056604,0.24366294707613662,76432.20581221444,Next 25%
CUST00674,29582.48,18294.54,5916.496,12.682291666666666,0.0581598220107657,76286.67903894199,Next 25%
CUST01127,10970.84,6399.17,2742.71,29.816326530612244,0.1361363741942044,76258.52447150118,Next 25%
CUST01392,91989.05,50358.42,8362.64090909091,9.871621621621623,0.1444442090906731,76241.15527802048,Next 25%
CUST01222,40781.87,20426.55,10195.4675,7.812834224598931,0.1172668403776584,75902.20265967266,Next 25%
CUST01923,26819.15,15750.02,5363.83,17.22877358490566,0.24366294707613662,75449.076747457,Next 25%
CUST01726,28309.809999999998,16727.12,9436.603333333333,9.783482142857144,0.24366294707613662,75376.10948305868,Next 25%
CUST00345,7036.58,4479.73,7036.58,12.0,0.1745422257236945,75239.67690418602,Next 25%
CUST01355,11575.27,5022.32,3858.4233333333336,23.820652173913047,0.24366294707613662,75039.18077022099,Next 25%
CUST01707,31199.010000000002,16761.03,7799.7525000000005,10.288732394366196,0.134893779928687,74941.31549082336,Next 25%
CUST01170,47468.72,27058.280000000002,7911.453333333334,9.487012987012987,0.077880295975624,74710.60480063292,Next 25%
CUST00122,37280.86,18964.34,6213.4766666666665,12.741279069767442,0.1280897473649434,74512.4199893458,Next 25%
CUST01971,6375.23,2659.8199999999997,6375.23,12.0,0.108026794424477,73661.08240698012,Next 25%
CUST00513,7500.84,4760.0,3750.42,24.0,0.24366294707613662,73487.87829637477,Next 25%
CUST01495,41297.6,19911.67,8259.52,8.533878504672899,0.0366395875072607,73299.2016873614,Next 25%
CUST00690,54300.8,28637.61,5430.08,13.679775280898877,0.0866928010547214,73233.74715500516,Next 25%
CUST00600,16679.71,7795.55,8339.855,10.902985074626866,0.2567942761118935,72949.4710783436,Next 25%
CUST00571,7345.68,5030.13,7345.68,12.0,0.235383168578964,72755.57699944558,Next 25%
CUST00255,52283.36,29598.24,10456.672,7.3343373493975905,0.1225379073375224,72642.68950522595,Next 25%
CUST00841,9254.48,4144.39,4627.24,19.223684210526315,0.24366294707613662,72624.50918412622,Next 25%
CUST01854,54422.54,29016.6,5442.254,14.21206225680934,0.1350740818628954,72214.43270676339,Next 25%
CUST00280,15248.48,10092.21,7624.24,11.595238095238095,0.24366294707613662,72177.3263868747,Next 25%
CUST00623,7237.320000000001,2531.42,3618.6600000000003,20.871428571428574,0.1162169980722216,72053.45068595545,Next 25%
CUST00169,43590.59,25013.46,5448.82375,13.342465753424657,0.0843017949852935,71862.18269281714,Next 25%
CUST00685,64242.3,35767.31,10707.050000000001,7.161764705882353,0.1328079932606435,71781.7975310389,Next 25%
CUST00759,16588.83,8720.45,4147.2075,21.17391304347826,0.24366294707613662,71693.77550222528,Next 25%
CUST00622,23479.62,12533.75,3354.2314285714283,21.306250000000002,0.0740926297148751,71429.36145253768,Next 25%
CUST01554,15329.84,8377.63,2554.9733333333334,34.2421875,0.24366294707613662,71428.6486502771,Next 25%
CUST00924,64216.89,33728.74,9173.841428571428,8.3827868852459,0.1413489516073592,71279.64744087636,Next 25%
CUST01077,28197.289999999997,16481.579999999998,7049.322499999999,12.38135593220339,0.24366294707613662,71259.06988094549,Next 25%
CUST01480,18786.74,10842.26,4696.685,15.378947368421054,0.0861967681030675,71249.18782586293,Next 25%
CUST01558,29101.21,14359.69,4850.201666666667,17.817073170731707,0.24366294707613662,70553.85061471882,Next 25%
CUST01823,35721.17,13155.09,4465.14625,15.378947368421054,0.0490019196277098,70493.83266803403,Next 25%
CUST00725,42989.38,21417.15,7164.8966666666665,10.145833333333334,0.1044370546985548,70275.33997048008,Next 25%
CUST00392,21030.3,11185.210000000001,5257.575,13.40366972477064,0.0761874304528477,70275.22517614739,Next 25%
CUST00331,22765.73,11340.5,5691.4325,12.38135593220339,0.0763255177626847,70261.58265154081,Next 25%
CUST01878,27300.98,13607.339999999998,5460.196,15.743534482758621,0.24366294707613662,70183.50177272443,Next 25%
CUST01987,26966.27,17403.690000000002,3852.324285714286,22.232608695652175,0.24366294707613662,69925.86122755104,Next 25%
CUST01462,39101.98,21863.65,5585.997142857143,15.309880239520957,0.24366294707613662,69822.76835182113,Next 25%
CUST00993,30654.309999999998,13588.35,3406.034444444444,25.09351145038168,0.24366294707613662,69780.65394568049,Next 25%
CUST01294,7109.8,2869.27,7109.8,12.0,0.24366294707613662,69656.74739250075,Next 25%
CUST01546,18982.07,10394.810000000001,6327.356666666667,10.957500000000001,0.070759444050872,69545.83652166055,Next 25%
CUST00785,53501.42,28773.14,5944.602222222222,11.910326086956522,0.0907602522174835,69491.87798758855,Next 25%
CUST00873,33887.340000000004,19994.12,5647.89,12.594827586206897,0.0962113019331043,69399.21318910751,Next 25%
CUST01348,65483.38,32389.55,8185.4225,9.074534161490684,0.1351710524445664,69343.35385569496,Next 25%
CUST01304,14037.8,4438.139999999999,4679.266666666666,17.963114754098363,0.24366294707613662,68625.25976067317,Next 25%
CUST00733,15373.25,9608.380000000001,7686.625,8.801204819277109,0.0624856869961216,68464.41678031468,Next 25%
CUST01199,59716.03,31511.230000000003,6635.114444444444,10.742647058823529,0.1146755106798748,68119.48993674932,Next 25%
CUST01659,52507.19,29751.56,8751.198333333334,8.027472527472527,0.103024125765758,68019.94881511523,Next 25%
CUST01047,41328.17,22858.04,10332.0425,6.924170616113743,0.1193347766661198,68010.1880238691,Next 25%
CUST00619,35120.55,19625.45,11706.85,5.8596256684491985,0.0842774447451759,67808.32587530235,Next 25%
CUST00687,7032.5199999999995,3618.8799999999997,2344.173333333333,35.346774193548384,0.24366294707613662,67649.4185011526,Next 25%
CUST01474,48644.63,27908.0,9728.926,7.974890829694323,0.1923977035962984,67638.87506426667,Next 25%
CUST00596,6890.36,3740.7,3445.18,24.0,0.24366294707613662,67506.83084803952,Next 25%
CUST01531,38899.22,21480.059999999998,6483.203333333334,10.337264150943396,0.0670792370916084,67491.51851748656,Next 25%
CUST01781,24657.55,10067.3,6164.3875,13.40366972477064,0.24366294707613662,67458.73768774439,Next 25%
CUST01134,29578.93,17245.87,7394.7325,9.675496688741722,0.1285171368550154,67307.54847064168,Next 25%
CUST01573,34515.78,18996.5,6903.156,9.662698412698413,0.0675300356838826,67141.36223988913,Next 25%
CUST00907,35651.31,19311.65,7130.262,9.51171875,0.0841567078543098,67049.3916041572,Next 25%
CUST01698,20804.38,11108.57,4160.876,19.637096774193548,0.24366294707613662,66709.33554766567,Next 25%
CUST00643,31047.59,12559.359999999999,4435.37,14.36376404494382,0.0318149420156264,66583.35537147077,Next 25%
CUST00300,48844.51,30019.08,8140.751666666667,8.908536585365853,0.152157327561775,66373.59330623754,Next 25%
CUST00316,43886.96,22550.05,4876.328888888889,13.47233606557377,0.0652814349328298,66286.6314773076,Next 25%
CUST00627,36408.53,18806.7,4045.3922222222222,15.72846889952153,0.0416780047669914,65821.49214501058,Next 25%
CUST00945,58619.909999999996,28380.829999999998,5861.991,11.63216560509554,0.1075052666956001,65693.22307754244,Next 25%
CUST01399,59054.6,34031.87,7381.825,9.905084745762712,0.1732524938031559,65253.53120650432,Next 25%
CUST00515,70275.51,34965.47,7808.389999999999,9.207983193277311,0.1625927633835556,64993.79680248774,Next 25%
CUST01014,34978.4,20576.79,5829.733333333334,11.473821989528794,0.0999104254258608,64990.77454713801,Next 25%
CUST00352,30337.21,17466.53,5056.201666666667,12.667630057803468,0.0610441060209776,64919.34597329099,Next 25%
CUST00283,11954.710000000001,7046.85,3984.9033333333336,19.922727272727272,0.24366294707613662,64817.33064352813,Next 25%
CUST01112,31600.79,17930.05,5266.798333333333,12.38135593220339,0.0793578718775052,64805.95670953033,Next 25%
CUST00415,46413.8,24848.25,5801.725,12.649350649350648,0.1824697366345962,64764.70530849594,Next 25%
CUST00191,52848.78,26812.35,7549.825714285714,9.504646840148698,0.1646249285087956,64708.838764673375,Next 25%
CUST00652,27043.739999999998,13546.029999999999,4507.29,14.610000000000001,0.089942761584997,64690.962075875424,Next 25%
CUST01744,80601.77,49014.79,7327.433636363637,10.355025773195877,0.2102046469304399,64688.463570772765,Next 25%
CUST01524,29063.43,16568.72,4151.918571428571,19.080223880597014,0.24366294707613662,64678.04062849848,Next 25%
CUST01160,21663.62,11777.970000000001,5415.905,12.074380165289256,0.0841211150941429,64652.17120211669,Next 25%
CUST01374,47262.72,26713.37,5907.84,10.782287822878228,0.064704685547599,64312.82525277187,Next 25%
CUST00755,18757.43,8365.02,4689.3575,16.79310344827586,0.24366294707613662,64293.76633643453,Next 25%
CUST00260,53125.04,31114.99,8854.173333333334,7.911552346570398,0.1524809590923027,64086.768577756586,Next 25%
CUST01428,55174.01,29841.88,7882.001428571429,8.939685314685315,0.1587813620744086,63984.7991724442,Next 25%
CUST01380,29064.84,13272.5,9688.28,7.403716216216217,0.1762181046080272,63784.89911282293,Next 25%
CUST01816,6506.0,2932.87,6506.0,12.0,0.24366294707613662,63741.14581783029,Next 25%
CUST01309,23869.29,14114.45,4773.858,13.138489208633093,0.0612964245230619,63555.41831478167,Next 25%
CUST00095,20010.33,12280.27,3335.0550000000003,23.31382978723404,0.24366294707613662,63480.62339809737,Next 25%
CUST01855,43320.72,21621.56,8664.144,8.045154185022026,0.1568155422356844,63444.18317404761,Next 25%
CUST00379,30385.79,14336.57,4340.827142857143,17.87937062937063,0.24366294707613662,63364.976819719224,Next 25%
CUST00449,31581.940000000002,18747.600000000002,7895.485000000001,9.805369127516778,0.24366294707613662,63207.31197913555,Next 25%
CUST01696,10863.93,6888.5199999999995,5431.965,14.048076923076922,0.2339540883035311,63101.22972248898,Next 25%
CUST00721,31269.59,11910.660000000002,6253.918,12.339527027027028,0.24366294707613662,63005.03501450747,Next 25%
CUST00896,6086.43,3388.48,6086.43,12.0,0.2009859095057797,62995.20591420358,Next 25%
CUST00806,16793.86,9947.79,5597.953333333334,10.957500000000001,0.0486490370030935,62992.769009930955,Next 25%
CUST00696,46899.66,25016.010000000002,6699.9514285714295,9.611842105263158,0.0963868892175825,62815.958359127595,Next 25%
CUST00629,27053.0,16412.59,5410.6,14.156976744186046,0.24366294707613662,62537.49885863813,Next 25%
CUST00164,46375.39,22846.489999999998,6625.055714285714,10.787974683544304,0.1910984265867426,62407.145412619015,Next 25%
CUST01815,33205.130000000005,17380.9,6641.026000000001,9.611842105263158,0.0964825151848029,62256.90893436264,Next 25%
CUST00618,41740.17,21795.69,5217.52125,12.175,0.0931511104531883,62183.806905050245,Next 25%
CUST00329,59480.22,33199.54,9913.37,6.743076923076923,0.1409044771856334,61991.2037606679,Next 25%
CUST01136,44814.74,26485.31,8962.948,7.161764705882352,0.1068705977426614,61886.296860934504,Next 25%
CUST01494,67896.86,36287.22,6172.441818181818,10.771447721179625,0.1421522835566201,61567.35079541781,Next 25%
CUST00346,12408.92,5884.889999999999,4136.306666666666,15.433098591549294,0.1101553394885151,61318.178244327675,Next 25%
CUST01826,13125.25,6367.460000000001,4375.083333333333,17.12109375,0.24366294707613662,61156.468084275475,Next 25%
CUST00320,44856.75,27628.0,8971.35,6.970419847328245,0.0950488858547043,61087.31559207855,Next 25%
CUST00510,5963.7,2980.05,5963.7,12.0,0.2107574635217707,60970.07121369131,Next 25%
CUST01519,24922.94,13119.68,6230.735,11.975409836065575,0.24366294707613662,60919.20498581231,Next 25%
CUST01499,17819.690000000002,8698.28,3563.9380000000006,18.446969696969695,0.1418950184128809,60898.24568199095,Next 25%
CUST00783,17629.67,10561.94,5876.556666666666,10.957500000000001,0.1248076284711833,60834.10392589343,Next 25%
CUST01438,54250.5,30456.86,6781.3125,9.517915309446254,0.1324210715700034,60446.86392391143,Next 25%
CUST01566,23558.46,11389.61,7852.82,9.365384615384617,0.24366294707613662,60044.85791948256,Next 25%
CUST01381,51215.0,30255.800000000003,8535.833333333334,7.583044982698962,0.1409995413484383,60019.46760768569,Next 25%
CUST01526,6717.7,4614.7,6717.7,12.0,0.311706723790979,59894.17158067504,Next 25%
CUST00342,13223.53,7818.99,4407.843333333333,16.602272727272727,0.24366294707613662,59747.29599495466,Next 25%
CUST01851,46030.15,25664.3,11507.5375,5.662790697674418,0.1515110942881794,59685.42093223405,Next 25%
CUST00019,17176.75,9856.02,8588.375,7.092233009708738,0.0934894307418116,59604.08848983613,Next 25%
CUST00069,60143.5,33663.8,10023.916666666666,6.935126582278481,0.2065274327104687,59543.30550511127,Next 25%
CUST01322,67197.09,36008.54,6108.826363636364,10.657161803713528,0.1580077751724916,59172.048674772384,Next 25%
CUST01233,29749.51,14805.18,5949.902,9.51171875,0.0320148932727996,59135.28202201053,Next 25%
CUST00037,6032.469999999999,2902.2200000000003,6032.469999999999,12.0,0.24366294707613662,59101.83675248795,Next 25%
CUST01822,24514.5,14533.91,8171.5,9.365384615384617,0.286925404591852,58907.63008352251,Next 25%
CUST01097,37362.33,23518.12,5337.475714285714,11.414062500000002,0.1052846181036126,58839.67241905138,Next 25%
CUST01389,43325.12,23462.72,6189.302857142858,9.909883720930232,0.1138453685248906,58671.74279069658,Next 25%
CUST01966,46421.44,28341.33,6631.634285714286,9.13125,0.1032720816867009,58616.60711594418,Next 25%
CUST00593,39379.03,23523.55,13126.343333333332,5.648195876288661,0.2688120732161435,58518.300511459696,Next 25%
CUST01733,35442.67,18521.21,5063.238571428571,11.836805555555555,0.0969578614669517,58422.49565368517,Next 25%
CUST01782,25313.93,13503.4,8437.976666666667,7.024038461538462,0.0900792974363216,58215.40611282747,Next 25%
CUST01628,26345.4,10145.71,5269.08,11.273148148148147,0.0934092970445993,58130.01728678702,Next 25%
CUST01258,34941.57,20741.0,5823.595,9.871621621621621,0.063294240572934,58128.89130540751,Next 25%
CUST01663,13556.04,8081.870000000001,6778.02,10.742647058823529,0.265262289794489,57750.48929322008,Next 25%
CUST00109,23873.48,11546.7,3978.9133333333334,15.433098591549294,0.1292724617883854,57717.707692427546,Next 25%
CUST01828,5889.2,3533.72,5889.2,12.0,0.24366294707613662,57698.1795189619,Next 25%
CUST01341,37817.11,18131.45,12605.703333333333,6.600903614457831,0.3594814711798067,57532.249473324846,Next 25%
CUST00398,54439.37,27464.64,5443.937,11.135670731707316,0.1220139066700551,57454.796767926135,Next 25%
CUST01027,33265.85,18310.82,8316.4625,7.454081632653061,0.1425337641492529,57379.794732445,Next 25%
CUST00562,17292.9,8668.570000000002,4323.225,13.281818181818183,0.0744381422930473,57369.35970333881,Next 25%
CUST01555,24066.79,13849.59,6016.6975,10.145833333333332,0.1310402566884092,57260.448092295104,Next 25%
CUST01654,51824.340000000004,27321.83,4711.3036363636365,12.918810289389066,0.1301085360692478,57152.84696646765,Next 25%
CUST01478,21077.8,9769.330000000002,3512.9666666666667,19.922727272727272,0.24366294707613662,57140.939924019774,Next 25%
CUST01114,62255.32,29383.170000000002,7781.915,8.184873949579831,0.1689356405339512,57140.27421875325,Next 25%
CUST01019,16808.66,8588.35,4202.165,14.323529411764707,0.1211202727263947,57103.37488969958,Next 25%
CUST01400,6453.96,2800.4700000000003,3226.98,17.392857142857142,0.0597363931892258,56967.34963968658,Next 25%
CUST00990,42677.83,23483.940000000002,7112.971666666667,8.627952755905513,0.1401579130769385,56962.19551369846,Next 25%
CUST00248,30953.15,17216.85,3869.14375,14.683417085427136,0.0723232687047411,56891.5607276115,Next 25%
CUST00036,14469.59,6936.91,4823.196666666667,12.451704545454545,0.1235260535120598,56821.40564836397,Next 25%
CUST00966,67796.38,38009.76,6779.638000000001,9.246835443037975,0.1607923842945766,56790.832458191995,Next 25%
CUST00024,103892.23999999999,58264.08,10389.223999999998,6.970419847328245,0.2739182295063073,56759.265277647246,Next 25%
CUST00408,44787.79,27728.120000000003,8957.558,6.665145985401459,0.1205766770535042,56676.94833313507,Next 25%
CUST00360,52850.53,30533.23,7550.075714285714,8.63766891891892,0.1958690263622269,56608.78520486167,Next 25%
CUST00503,34098.24,19806.760000000002,5683.04,10.386255924170616,0.1220053526325901,55942.36016152118,Next 25%
CUST00430,5707.8,4013.25,5707.8,12.0,0.24366294707613662,55920.95175207682,Next 25%
CUST01007,47979.18,30451.98,11994.795,4.9358108108108105,0.1308338080086452,55547.34991207819,Next 25%
CUST01313,65225.78,34778.810000000005,7247.308888888889,8.71949602122016,0.1857102569447817,55546.449491725245,Next 25%
CUST00367,44242.5,20198.59,6320.357142857143,9.399816176470589,0.1338993355595523,55544.17698258347,Next 25%
CUST01496,59333.049999999996,31154.79,9888.841666666665,6.54179104477612,0.2060312797853202,55444.01449631226,Next 25%
CUST00221,18400.45,10168.26,4600.1125,14.757575757575756,0.24366294707613662,55425.29781333545,Next 25%
CUST01417,50954.41,26076.25,10190.882000000001,6.569244604316546,0.2336578561924842,55380.78401545624,Next 25%
CUST00746,30998.82,17256.83,3874.8525,17.49700598802395,0.24366294707613662,55353.294846956574,Next 25%
CUST01549,11157.33,5161.92,5578.665,11.4140625,0.1961521963740432,55252.704751174846,Next 25%
CUST00007,56143.159999999996,31934.34,8020.451428571428,7.747727272727273,0.180138142596606,54994.97438577662,Next 25%
CUST01757,30411.21,14470.160000000002,4344.458571428571,13.11153846153846,0.1057947232143639,54983.92340691407,Next 25%
CUST01601,53283.5,29178.809999999998,10656.7,5.601993865030675,0.1472272815721679,54955.08085088149,Next 25%
CUST00401,36509.05,20332.309999999998,4563.63125,12.38135593220339,0.0997057789979875,54912.64974029222,Next 25%
CUST01179,43673.19,24285.94,7278.865000000001,8.766,0.2040999327648575,54819.220589468074,Next 25%
CUST00049,46042.54,26403.48,6577.505714285714,8.908536585365853,0.1356594560860141,54671.58579783399,Next 25%
CUST01338,16465.8,8986.32,8232.9,7.092233009708738,0.134037111132627,54581.35344914703,Next 25%
CUST00688,42636.6,23189.27,4263.66,13.578066914498141,0.1270094115115361,54555.58984028617,Next 25%
CUST00868,76571.95,42708.61,9571.49375,6.595936794582393,0.2000706880790938,54515.123541105,Next 25%
CUST00101,39394.630000000005,25681.370000000003,6565.771666666667,8.801204819277109,0.1300180820024923,54268.437025234074,Next 25%
CUST00931,16917.21,9856.48,3383.442,19.637096774193548,0.24366294707613662,54245.10792536596,Next 25%
CUST00410,31451.21,14509.24,5241.868333333333,11.124365482233504,0.1383652093446117,54236.76370342749,Next 25%
CUST01962,41554.98,22572.149999999998,5936.425714285715,9.833653846153847,0.1409773947260798,54131.957341446854,Next 25%
CUST01605,25380.66,11395.349999999999,8460.22,7.609375,0.2214972781788119,54100.33611250843,Next 25%
CUST01003,26288.56,13145.33,6572.14,8.801204819277109,0.1358911880158687,53954.36085768742,Next 25%
CUST01895,5916.94,3517.51,1972.3133333333333,29.614864864864867,0.1514089320926866,53504.869143293494,Next 25%
CUST00766,39582.0,24709.239999999998,5654.571428571428,9.469444444444445,0.0772639908208989,53334.82176129701,Next 25%
CUST00262,51887.2,25218.97,7412.457142857143,7.940217391304348,0.1614902513828865,53273.58075026384,Next 25%
CUST00706,23017.73,11459.84,7672.576666666667,6.935126582278481,0.0775139321630376,52986.426273968464,Next 25%
CUST01055,31063.56,16352.27,5177.26,10.795566502463055,0.1219113447692687,52977.68332899773,Next 25%
CUST00705,28058.489999999998,14907.380000000001,7014.6224999999995,8.644970414201183,0.1908071941579678,52969.88284712052,Next 25%
CUST00897,40097.34,22014.6,5728.191428571428,9.758587786259541,0.1239816471991274,52859.96672151802,Next 25%
CUST01900,24283.0,14774.11,6070.75,10.58695652173913,0.24366294707613662,52473.25913040692,Next 25%
CUST01231,55157.54,30599.25,5515.754,10.711143695014663,0.1788358988121351,52369.67436289415,Next 25%
CUST01056,34434.15,18529.2,5739.025000000001,10.006849315068493,0.1554688198201034,52355.263451574596,Next 25%
CUST01115,38359.380000000005,20647.74,5479.9114285714295,9.833653846153847,0.1016607070856465,52256.22533536598,Next 25%
CUST00186,18581.010000000002,9865.84,6193.670000000001,9.528260869565218,0.1802592693388504,52221.26645321138,Next 25%
CUST00025,36292.49,20920.47,7258.498,7.705696202531646,0.1352630206350107,52209.779615753105,Next 25%
CUST01622,41433.64,23848.39,6905.606666666667,7.7712765957446805,0.099709458673425,52153.814277635625,Next 25%
CUST00942,32808.29,15214.880000000001,4686.898571428572,11.068181818181817,0.0703736839176394,52057.03558149147,Next 25%
CUST00720,12043.720000000001,5854.84,4014.5733333333337,15.880434782608695,0.24366294707613662,52050.672524322734,Next 25%
CUST00714,31948.829999999998,19714.86,7987.2074999999995,6.610859728506787,0.0881551340901401,51973.630042117584,Next 25%
CUST01747,62259.0,35814.950000000004,10376.5,5.70703125,0.1874544755964519,51941.92343002753,Next 25%
CUST01738,19523.27,8475.859999999999,6507.756666666667,10.145833333333334,0.2728300613852812,51827.961857392,Next 25%
CUST00372,9767.76,5464.8099999999995,3255.92,15.653571428571428,0.0608160330104563,51671.01812432373,Next 25%
CUST01991,28231.350000000002,12963.119999999999,5646.27,9.871621621621621,0.1412769526420823,51666.90487277181,Next 25%
CUST01427,52852.72,30147.05,5872.524444444444,10.208850931677018,0.2036723379313622,51535.047634386465,Next 25%
CUST00396,23522.96,13078.970000000001,5880.74,10.664233576642335,0.2394517555206258,51486.99910213713,Next 25%
CUST01830,33201.950000000004,18062.730000000003,5533.658333333334,9.325531914893617,0.0810551885852761,51189.933772274046,Next 25%
CUST00932,36948.659999999996,20407.67,9237.164999999999,5.963265306122449,0.1400257715988108,51134.90501996506,Next 25%
CUST00099,67164.16,36132.68,9594.880000000001,6.146033653846153,0.1985735291564561,51016.11096417899,Next 25%
CUST01680,39203.82,21211.91,3920.382,13.628731343283581,0.118021374183123,50868.749511513306,Next 25%
CUST01305,10375.94,4810.9,3458.646666666667,17.963114754098363,0.24366294707613662,50723.872527116735,Next 25%
CUST00802,26536.620000000003,13337.310000000001,6634.155000000001,7.4923076923076914,0.0547443113937494,50717.71775495203,Next 25%
CUST00350,23287.21,10532.609999999999,7762.403333333333,7.998175182481751,0.24366294707613662,50688.76128115822,Next 25%
CUST00656,18148.879999999997,10426.48,4537.219999999999,11.688,0.1170615515637817,50544.00527363282,Next 25%
CUST00857,26909.03,12065.36,5381.806,11.485849056603774,0.24366294707613662,50467.95466845204,Next 25%
CUST00855,14371.66,4274.6,3592.915,17.188235294117646,0.24366294707613662,50419.99453761956,Next 25%
CUST01296,28751.47,15774.980000000001,9583.823333333334,6.053867403314917,0.1949727980071242,50418.67677048866,Next 25%
CUST00527,25982.94,15336.78,3711.848571428571,13.179123711340207,0.0465809842523547,50346.557304403104,Next 25%
CUST01403,17766.829999999998,6722.879999999999,8883.414999999999,7.232673267326732,0.2742810433345226,50333.42104393872,Next 25%
CUST00724,27268.260000000002,16351.85,9089.42,6.763888888888888,0.24366294707613662,50194.62309305263,Next 25%
CUST01432,21680.559999999998,12792.05,3613.4266666666663,14.048076923076923,0.0863238426842848,50065.38936331303,Next 25%
CUST00925,20774.350000000002,9176.28,5193.587500000001,11.782258064516128,0.24366294707613662,49959.783165899986,Next 25%
CUST00548,32120.42,21250.45,10706.806666666665,5.072916666666667,0.1504449068041574,49810.21552331793,Next 25%
CUST00556,19952.920000000002,10715.08,3325.486666666667,14.417763157894736,0.0403974624784163,49665.369378340336,Next 25%
CUST01638,72735.81,43544.45,9091.97625,6.256959314775161,0.1937370624118672,49511.66193341564,Next 25%
CUST01456,28556.11,15296.62,9518.703333333333,5.345121951219512,0.1001217550885512,49422.91382893269,Next 25%
CUST01503,18806.04,10529.76,3134.34,19.223684210526315,0.24366294707613662,49193.45098075185,Next 25%
CUST00471,41624.83,21497.32,6937.471666666667,7.911552346570398,0.1757072847306053,48837.516872012195,Next 25%
CUST01591,8515.279999999999,5486.369999999999,4257.639999999999,14.048076923076922,0.24366294707613662,48832.659262336136,Next 25%
CUST00552,4983.0,2524.04,4983.0,12.0,0.24366294707613662,48819.87851371786,Next 25%
CUST00218,4391.65,1601.4999999999995,4391.65,12.0,0.1440307384056982,48694.09742715195,Next 25%
CUST01575,17252.78,11224.67,8626.39,5.7976190476190474,0.099451079013769,48617.7950217282,Next 25%
CUST01087,67764.12,36532.82,7529.346666666666,7.488041002277904,0.2115515962594288,47985.272963808806,Next 25%
CUST01198,23927.2,13747.81,5981.8,9.13125,0.1870070558957723,47935.590566234336,Next 25%
CUST00631,17994.77,11295.3,4498.6925,13.044642857142858,0.24366294707613662,47911.863542795225,Next 25%
CUST01739,64226.09,33996.72,8028.26125,7.4731457800511505,0.2620023041098579,47795.73458890075,Next 25%
CUST00310,26106.41,13640.559999999998,5221.282,9.27030456852792,0.0876344749916719,47670.4447088668,Next 25%
CUST00570,68473.67,43011.79,9781.952857142856,6.102028639618139,0.2610511101439193,47612.763842894936,Next 25%
CUST00591,17539.82,8735.58,2923.3033333333333,19.922727272727272,0.24366294707613662,47549.63994810277,Next 25%
CUST01319,19200.19,9649.33,3200.0316666666663,14.807432432432433,0.0715311290491165,47490.91830311009,Next 25%
CUST01084,24681.43,11351.8,3525.9185714285713,12.978426395939087,0.0392146926480246,47460.23169289824,Next 25%
CUST00738,59910.12,34664.57,5446.374545454546,9.799390243902439,0.176990540718831,47415.52552050567,Next 25%
CUST00078,41232.18,21400.8,6872.03,7.479522184300341,0.1454742108891964,47412.54408840926,Next 25%
CUST00693,41804.69,23853.96,8360.938,7.1337890625,0.2642045827377715,47374.16074755804,Next 25%
CUST01950,27514.16,15391.98,4585.693333333334,10.74264705882353,0.1102019683010214,47316.97155135827,Next 25%
CUST01754,57999.69,31326.79,8285.67,6.539002557544757,0.1915319878790703,47283.668616771385,Next 25%
CUST00231,46073.9,24850.800000000003,9214.78,5.619230769230769,0.1558605131767588,47182.96613750829,Next 25%
CUST01326,11344.73,6611.5199999999995,5672.365,10.145833333333332,0.24366294707613662,46986.86327970709,Next 25%
CUST00777,31142.84,15342.420000000002,6228.568,8.45486111111111,0.17443883316168,46930.27816161091,Next 25%
CUST01770,55080.49,29952.8,9180.081666666667,5.721932114882506,0.1729248410891836,46896.821303223434,Next 25%
CUST00439,12573.16,6863.58,4191.053333333333,13.696875,0.24366294707613662,46867.22512765785,Next 25%
CUST00480,19437.14,10594.86,4859.285,9.549019607843137,0.065391334559514,46813.395637770496,Next 25%
CUST01446,37669.32,22922.04,7533.864,6.385489510489511,0.0998699726708527,46744.057293956976,Next 25%
CUST01303,46500.71,22823.18,7750.118333333333,6.78482972136223,0.1770067161808995,46714.61366336703,Next 25%
CUST01289,21432.02,13617.34,5358.005,9.074534161490684,0.1107208297613962,46673.971692181454,Next 25%
CUST01101,37621.840000000004,21600.57,3762.184,13.94083969465649,0.1763055261873226,46634.17540081984,Next 25%
CUST01649,56542.36,29656.16,6282.484444444444,8.28022670025189,0.1720741873541022,46491.57471318724,Next 25%
CUST00230,27097.06,16460.45,5419.412,8.61438679245283,0.0779653056285282,46465.753463064844,Next 25%
CUST01995,55981.049999999996,31595.27,7997.2928571428565,7.542035398230088,0.2865938884187842,46449.12915065911,Next 25%
CUST00366,25114.9,12316.23,5022.9800000000005,10.034340659340659,0.1497081884648481,46262.32665494642,Next 25%
CUST00681,45971.99,24695.34,5746.49875,8.990769230769232,0.1708306955614781,46243.69920500824,Next 25%
CUST01943,16581.84,6811.419999999999,2763.64,20.481308411214954,0.24366294707613662,46212.9538070342,Next 25%
CUST01394,27990.42,14611.880000000001,5598.084,9.17713567839196,0.1681509279351476,46131.78762308899,Next 25%
CUST01118,38112.51,21871.68,5444.644285714286,9.434501845018449,0.170114971424961,46016.71358261775,Next 25%
CUST01185,24200.44,13093.86,4840.088,9.51171875,0.074104021270025,46013.32742545103,Next 25%
CUST00010,40749.86,23375.95,6791.643333333333,7.556896551724138,0.169879614910445,45990.55078611398,Next 25%
CUST01367,18753.66,10130.24,4688.415,9.365384615384615,0.0302162323893884,45965.89906064581,Next 25%
CUST01808,21094.06,12075.77,5273.515,10.664233576642335,0.24366294707613662,45914.979587096466,Next 25%
CUST00753,16665.25,9971.67,8332.625,6.827102803738319,0.253215672839477,45858.79711110369,Next 25%
CUST00799,27113.95,13289.470000000001,5422.79,8.415898617511521,0.0705524728903252,45788.59757277988,Next 25%
CUST00846,38129.25,17485.83,9532.3125,5.199288256227757,0.1475287880461648,45606.95461766922,Next 25%
CUST00675,14937.470000000001,8591.099999999999,3734.3675000000003,12.175,0.0726797305279694,45511.89947673869,Next 25%
CUST00888,53475.34,33004.26,7639.334285714285,7.043388429752066,0.2185969553089315,45385.95073101188,Next 25%
CUST00044,10801.939999999999,5346.9,3600.646666666666,15.433098591549294,0.24366294707613662,45368.89457175039,Next 25%
CUST01751,31108.0,16612.81,7777.0,6.1386554621848735,0.1248443153810802,45100.344587403255,Next 25%
CUST01410,21595.79,11502.970000000001,4319.158,10.435714285714287,0.0739180962577838,45058.82408841012,Next 25%
CUST01861,21152.72,8220.6,4230.544,13.044642857142858,0.24366294707613662,45056.03502346317,Next 25%
CUST01497,31142.96,18189.77,5190.493333333333,9.528260869565218,0.1582821326091409,44936.37207564649,Next 25%
CUST00328,85119.98,46859.51,10639.9975,6.203821656050955,0.3710508780306753,44815.21968772226,Next 25%
CUST00991,33172.88,17074.18,4738.982857142857,10.351214574898787,0.1572690149412486,44624.626616422225,Next 25%
CUST01870,29787.83,16938.82,5957.566000000001,8.415898617511521,0.1794017099670492,44412.90176532942,Next 25%
CUST00487,25048.36,14959.99,8349.453333333333,5.562182741116752,0.114387606476756,44397.25962630656,Next 25%
CUST01203,57617.4,34676.17,11523.48,4.465158924205379,0.2009851170117999,44379.72699768464,Next 25%
CUST00440,47450.97,25938.45,5931.37125,8.254237288135593,0.1620199826498891,44286.86149727096,Next 25%
CUST00646,22309.63,14017.920000000002,7436.543333333334,6.261428571428572,0.1214103796337367,44161.091188963124,Next 25%
CUST01702,39754.56,23401.38,9938.64,5.0034246575342465,0.1774177215649543,44155.301780516274,Next 25%
CUST01955,46118.88,21961.82,5124.32,9.419054441260744,0.1533650118716908,44111.20745662751,Next 25%
CUST01655,20420.89,11153.59,3403.4816666666666,12.81578947368421,0.0670717218781268,43926.46165188822,Next 25%
CUST00898,83624.17,47229.49,6968.680833333333,8.042201834862386,0.2742409041650467,43906.33778510402,Next 25%
CUST00325,36914.09,21673.81,9228.5225,5.3127272727272725,0.1705666035044262,43897.561866646836,Next 25%
CUST01135,38535.08,21460.18,5505.011428571429,9.23014440433213,0.2004326841581125,43856.193830692784,Next 25%
CUST00895,43950.01,25843.87,10987.5025,4.969387755102041,0.2566812333003333,43811.301428299805,Next 25%
CUST01412,9218.35,4875.44,3072.7833333333333,13.696875,0.0360578303852293,43793.89722476755,Next 25%
CUST01989,20085.66,11644.59,5021.415,10.664233576642335,0.24366294707613662,43720.01733631932,Next 25%
CUST01538,36143.770000000004,22697.02,7228.754000000001,6.616847826086957,0.1541457934594621,43673.62996387867,Next 25%
CUST01369,54205.1,31656.850000000002,9034.183333333332,5.465087281795512,0.1813132525334004,43632.786235657986,Next 25%
CUST01719,61703.84,36060.9,10283.973333333333,4.880846325167037,0.1947747087679043,43629.744237399485,Next 25%
CUST01821,4434.74,2710.0899999999997,4434.74,12.0,0.24366294707613662,43448.41822996691,Next 25%
CUST00772,30647.83,16319.099999999999,6129.566000000001,7.80448717948718,0.1590669198848071,43425.48905843981,Next 25%
CUST01919,27417.25,14823.0,6854.3125,6.795348837209302,0.1429273011857499,43092.58056675202,Next 25%
CUST00608,65004.35,37290.04,5909.486363636363,8.640322580645162,0.2187187585129637,43062.20587354207,Next 25%
CUST01266,47957.1,28040.920000000002,6851.0142857142855,7.222457627118644,0.1943197079015856,43034.00839707566,Next 25%
CUST01843,54618.270000000004,32382.079999999998,7802.610000000001,6.146033653846153,0.1693037426032998,43001.7640557555,Next 25%
CUST00484,31530.34,16850.26,6306.068,7.275896414342629,0.1321900939127308,42981.240379154944,Next 25%
CUST00900,23869.489999999998,14131.29,7956.496666666666,6.121508379888268,0.1850649092341881,42846.222269355385,Next 25%
CUST01760,9623.63,4528.43,4811.815,10.902985074626866,0.24366294707613662,42833.040156212584,Next 25%
CUST00416,23588.58,10696.94,4717.716,9.040841584158416,0.0700059867627981,42818.35612131284,Next 25%
CUST00673,16363.310000000001,7200.85,4090.8275000000003,12.81578947368421,0.24366294707613662,42803.678412246634,Next 25%
CUST01232,14134.58,7802.97,7067.29,8.594117647058823,0.3475977912209511,42773.89647689184,Next 25%
CUST01721,25185.23,14975.51,6296.3075,7.530927835051547,0.1688521159021324,42542.39187848452,Next 25%
CUST01679,32167.829999999998,14559.090000000002,6433.566,7.1337890625,0.1452225693821949,42348.13169718622,Next 25%
CUST01965,33624.22,16693.5,6724.844,6.917613636363636,0.157115177631837,42326.8485375949,Next 25%
CUST00533,30481.07,19403.21,4354.438571428572,10.697698744769875,0.1584236766909861,42318.008821971984,Next 25%
CUST00079,13563.380000000001,5276.530000000001,3390.8450000000003,15.21875,0.24366294707613662,42131.94243080578,Mid 50%
CUST01217,36990.49,19526.62,4623.81125,9.643564356435643,0.1247981112788475,42126.474069534524,Mid 50%
CUST00344,13567.32,5504.640000000001,2261.22,17.963114754098363,0.0401623841047944,42085.39545545816,Mid 50%
CUST00848,40439.96,24184.01,8087.992,6.714154411764706,0.2825159465509499,42058.47050404148,Mid 50%
CUST00499,35041.78,17349.190000000002,11680.593333333332,3.941546762589928,0.1543950277001441,42025.05587853485,Mid 50%
CUST01033,28041.579999999998,15294.37,5608.316,8.533878504672899,0.1868100313637216,42012.655052439266,Mid 50%
CUST01329,33635.19,18191.79,5605.865000000001,8.238721804511279,0.1575115325808363,42002.5465754774,Mid 50%
CUST01913,42336.66,23550.73,6048.094285714286,7.542035398230088,0.1476285302766747,41970.602937786665,Mid 50%
CUST01924,41688.25,20331.8,5955.464285714285,8.3827868852459,0.226546074676079,41681.91675087268,Mid 50%
CUST00472,32176.95,19646.67,8044.2375,5.867469879518072,0.1824837936080008,41652.52254882627,Mid 50%
CUST01972,22467.05,11453.11,4493.41,11.343167701863354,0.24366294707613662,41613.56868870551,Mid 50%
CUST00994,43048.29,24773.99,6149.755714285714,7.542035398230088,0.1690136389661899,41605.38173307421,Mid 50%
CUST01164,4240.78,1621.7,4240.78,12.0,0.24366294707613662,41548.13654493366,Mid 50%
CUST01452,47469.57,23326.41,5274.3966666666665,8.908536585365853,0.1811312092447717,41533.894902763874,Mid 50%
CUST00323,33048.91,19019.78,8262.2275,5.729411764705882,0.1878612559418174,41499.85681220779,Mid 50%
CUST01931,14957.48,8326.45,4985.826666666667,8.116666666666667,0.0530080078402676,41368.55751185958,Mid 50%
CUST00644,23461.12,10743.89,3351.5885714285714,12.060141509433961,0.0554073481269052,41215.14684332944,Mid 50%
CUST01748,44873.450000000004,18749.260000000002,8974.69,5.158898305084746,0.1760232163009889,41181.350293998505,Mid 50%
CUST01897,26591.11,12256.240000000002,6647.7775,6.352173913043479,0.0971494611828815,41155.122705374466,Mid 50%
CUST01786,16661.61,8080.469999999999,5553.87,8.494186046511627,0.1940765446006416,41041.23856641013,Mid 50%
CUST00438,33255.8,18980.239999999998,6651.160000000001,6.640909090909091,0.1426918131501492,40876.25366923631,Mid 50%
CUST01405,47011.91,27549.29,9402.382000000001,5.467814371257485,0.264882024730088,40796.02792202639,Mid 50%
CUST01095,36741.31,20788.02,9185.3275,4.7901639344262295,0.1414843229475247,40775.794923605354,Mid 50%
CUST01261,52976.46,28064.82,6622.0575,7.024038461538461,0.1897378844843482,40683.14758429497,Mid 50%
CUST01167,47724.81,28976.94,7954.134999999999,7.161764705882353,0.3387340906499091,40662.89772711897,Mid 50%
CUST01079,21166.43,10385.470000000001,4233.286,10.089779005524862,0.1232715996160001,40423.463720631495,Mid 50%
CUST00404,56863.44,33486.3,6318.16,7.574308755760369,0.2175389389142763,40420.859370764,Mid 50%
CUST01705,6234.05,2016.8999999999999,2078.016666666667,23.820652173913047,0.24366294707613662,40413.57176813985,Mid 50%
CUST00569,44825.25,24005.89,7470.875,6.913249211356467,0.2783795619999169,40232.00641778076,Mid 50%
CUST00087,28678.48,14999.83,4096.925714285714,10.565082644628099,0.1402977155214069,40168.74405218847,Mid 50%
CUST01587,49644.0,26619.54,7092.0,6.472784810126583,0.1897543508336995,40150.02201288221,Mid 50%
CUST01182,43858.15,25233.33,10964.5375,4.3097345132743365,0.2148573067186854,40049.639620282025,Mid 50%
CUST00968,45041.71,23963.420000000002,9008.342,5.247844827586206,0.2152750388143181,40045.38765002329,Mid 50%
CUST00745,21638.87,10208.02,7212.956666666666,7.998175182481751,0.356998705997745,40042.87637404767,Mid 50%
CUST01756,30929.93,17724.29,7732.4825,5.684824902723736,0.1586564044464812,39922.58145815835,Mid 50%
CUST00008,49717.75,26971.81,9943.55,4.706829896907217,0.2103958515072444,39892.25355780534,Mid 50%
CUST00521,29868.13,19578.21,5973.626,7.515432098765432,0.1781292879557513,39829.483297113395,Mid 50%
CUST01220,16889.77,9176.28,4222.4425,11.503937007874017,0.24366294707613662,39658.36452289141,Mid 50%
CUST00481,24669.33,11298.84,4111.555,9.783482142857144,0.0871109115783732,39639.3716014217,Mid 50%
CUST01629,48007.36,24599.129999999997,4000.6133333333332,10.690243902439024,0.1432997945766043,39550.52449014417,Mid 50%
CUST01973,39845.189999999995,21409.989999999998,6640.864999999999,6.620845921450151,0.1680337521567824,39486.89862340804,Mid 50%
CUST01243,42979.94,24099.02,8595.988000000001,5.601993865030675,0.24317543376647,39340.768034214336,Mid 50%
CUST01773,17275.62,10708.32,2879.27,14.23051948051948,0.1106862714353911,39333.9287903199,Mid 50%
CUST00428,18238.57,11086.039999999999,6079.5233333333335,7.208881578947368,0.1692927610253984,39300.185491324366,Mid 50%
CUST01914,43971.45,26623.84,7328.575,6.208215297450425,0.2001777770624894,39281.58085273169,Mid 50%
CUST00770,33490.7,16928.11,6698.139999999999,6.738929889298893,0.1974749716376373,39103.25665787506,Mid 50%
CUST01406,41840.68,25434.26,6973.446666666667,6.389212827988338,0.1871148860950891,39096.078081076725,Mid 50%
CUST00391,13488.019999999999,7931.44,3372.0049999999997,14.184466019417476,0.24366294707613662,39050.42477238394,Mid 50%
CUST01308,16352.09,9118.92,4088.0225,9.74,0.0938604858876184,38947.22213867215,Mid 50%
CUST00016,13965.01,7740.26,3491.2525,13.654205607476637,0.24366294707613662,38919.94869355698,Mid 50%
CUST00208,27640.510000000002,15234.579999999998,9213.503333333334,4.913677130044843,0.2036971791125666,38915.16282674582,Mid 50%
CUST01641,35827.13,22479.99,11942.376666666665,4.5092592592592595,0.331476415269621,38861.70833740941,Mid 50%
CUST00389,51721.520000000004,27107.46,6465.1900000000005,7.550387596899225,0.2634100451671205,38813.74203943734,Mid 50%
CUST01520,72254.25,42995.98,8028.25,5.777240773286467,0.2250376870520116,38799.94613712784,Mid 50%
CUST00981,76944.1,42968.13,8549.344444444445,6.27337786259542,0.3331689736679274,38606.39451935628,Mid 50%
CUST01020,10226.78,4322.77,2045.3560000000002,23.117088607594937,0.24366294707613662,38603.49342032452,Mid 50%
CUST01678,42743.69,22435.99,7123.948333333334,5.955163043478262,0.1571143219331516,38600.44186198359,Mid 50%
CUST00635,27584.4,14491.039999999999,4597.400000000001,9.365384615384617,0.1697752317410799,38587.156713182405,Mid 50%
CUST00960,50840.5,30561.91,10168.1,4.358591885441528,0.1935411523003142,38581.349094779296,Mid 50%
CUST00426,68714.58,40988.91,9816.368571428571,5.304460580912862,0.3147156644866486,38518.73992779812,Mid 50%
CUST01669,12888.539999999999,5730.51,4296.179999999999,10.957500000000001,0.24366294707613662,38434.25873825345,Mid 50%
CUST01473,55350.55,28172.58,6918.81875,8.027472527472527,0.3610035732410656,38310.55074794215,Mid 50%
CUST01390,3909.74,1798.06,3909.74,12.0,0.24366294707613662,38304.84282966551,Mid 50%
CUST01645,70349.0,38086.12,11724.833333333334,4.050831792975971,0.2541497020810229,38239.45901687056,Mid 50%
CUST00899,36195.88,20466.82,9048.97,4.565625,0.1432961745461396,38206.67783351759,Mid 50%
CUST01612,20188.53,10748.82,5047.1325,7.812834224598931,0.1051697964396162,38089.31254339762,Mid 50%
CUST00508,14276.859999999999,8234.630000000001,2855.372,16.305803571428573,0.24366294707613662,38012.765272331424,Mid 50%
CUST01824,41934.18,22956.989999999998,6989.03,6.208215297450425,0.188537257490584,38006.81201785752,Mid 50%
CUST01402,48176.659999999996,21795.04,9635.331999999999,4.755859375,0.2319436786799602,37992.505947278645,Mid 50%
CUST01718,34380.93,18467.64,8595.2325,5.844,0.3010678279232919,37897.63004105554,Mid 50%
CUST01560,23832.379999999997,12890.59,7944.126666666666,6.407894736842105,0.3111181284659619,37854.321771809446,Mid 50%
CUST01144,33693.38,21060.37,8423.345,4.952542372881356,0.1596226016813355,37843.9392373588,Mid 50%
CUST01580,51009.6,27961.629999999997,7287.085714285714,6.344292803970223,0.2429978111006382,37778.38740607084,Mid 50%
CUST00922,82251.23,45782.33,9139.025555555556,5.543423271500844,0.3098046247373672,37744.97669039219,Mid 50%
CUST00927,26380.23,11975.73,6595.0575,6.493333333333333,0.1852659978211996,37662.687771289544,Mid 50%
CUST00826,25201.24,14149.449999999999,4200.206666666667,8.944897959183674,0.0738348154934336,37561.56562855197,Mid 50%
CUST00188,13584.18,8543.6,6792.09,5.534090909090908,0.077802192791453,37418.20848355114,Mid 50%
CUST01385,12782.58,7213.4,6391.29,6.190677966101695,0.1288627859373163,37206.81437969855,Mid 50%
CUST01098,24747.42,14677.8,8249.14,4.764130434782609,0.1234963585238728,37183.92466340832,Mid 50%
CUST01888,22523.420000000002,11474.59,5630.8550000000005,6.763888888888889,0.1001166569855084,36996.974134216725,Mid 50%
CUST00983,14456.74,7117.39,1606.3044444444445,28.096153846153847,0.24366294707613662,36846.75905296442,Mid 50%
CUST00419,76155.51,38950.1,7615.5509999999995,6.118090452261306,0.2676912736164144,36831.60274729465,Mid 50%
CUST00146,27166.75,16445.97,5433.35,7.078488372093023,0.1148181086711676,36749.37096743713,Mid 50%
CUST00129,3450.24,1371.81,3450.24,12.0,0.1777591961788857,36748.42758234401,Mid 50%
CUST00702,46932.07,26699.46,9386.414,4.646946564885496,0.2197334684430087,36738.34151633679,Mid 50%
CUST00354,15162.64,8195.050000000001,5054.213333333333,7.556896551724138,0.1115769966411259,36629.08122323405,Mid 50%
CUST00700,3738.6000000000004,895.0100000000003,3738.6000000000004,12.0,0.24366294707613662,36628.135222032026,Mid 50%
CUST01699,25252.510000000002,13265.26,6313.1275000000005,6.352173913043479,0.1544521815743958,36602.799075390794,Mid 50%
CUST00926,39052.56,21269.47,6508.759999999999,6.104456824512535,0.1475722389183882,36560.493852216794,Mid 50%
CUST01703,3728.35,2141.87,3728.35,12.0,0.24366294707613662,36527.71303564518,Mid 50%
CUST00938,68590.4,39135.79,6859.039999999999,7.4087221095334685,0.3356665863045913,36441.976316953485,Mid 50%
CUST00432,18898.94,10268.060000000001,6299.6466666666665,6.297413793103448,0.1516939624131233,36327.88923320581,Mid 50%
CUST00086,44626.26,23342.9,7437.71,5.82845744680851,0.2244277654072455,36293.120294586835,Mid 50%
CUST00041,14676.74,8150.66,2935.348,12.094370860927151,0.0545226536484451,36232.90787705938,Mid 50%
CUST00887,36483.72,18241.81,6080.62,6.913249211356467,0.2030425165263144,36163.82954607321,Mid 50%
CUST00595,4594.01,2408.13,2297.005,19.223684210526315,0.24366294707613662,36051.48224826978,Mid 50%
CUST00274,17417.35,8794.34,3483.47,9.871621621621621,0.030362669177917,35993.086222615515,Mid 50%
CUST00365,32978.1,14109.06,4711.157142857142,8.877604166666666,0.203130303516001,35976.57893599075,Mid 50%
CUST00182,40424.39,20157.6,5053.04875,8.207865168539326,0.1967347553657408,35962.66458213715,Mid 50%
CUST01145,52636.92,29068.91,7519.5599999999995,6.522321428571429,0.3232995775568957,35826.15977065044,Mid 50%
CUST00767,26702.69,13634.56,3814.6699999999996,9.72148288973384,0.1066685186815367,35761.136564667264,Mid 50%
CUST01682,9435.25,5028.9,3145.0833333333335,11.910326086956523,0.1177368859118153,35674.9288635072,Mid 50%
CUST00773,27298.57,14515.91,6824.6425,5.820717131474103,0.1681528236083814,35670.49464358421,Mid 50%
CUST00347,3636.37,2119.69,1818.185,24.0,0.24366294707613662,35626.558625512385,Mid 50%
CUST01525,44512.22,22534.559999999998,4046.5654545454545,10.435714285714285,0.2196358944091232,35572.56806176088,Mid 50%
CUST01250,55699.21,28065.51,6962.40125,6.6409090909090915,0.2907688182224737,35398.396467834675,Mid 50%
CUST01430,18050.37,9558.369999999999,9025.185,4.035911602209945,0.1006699814933892,35361.121651055495,Mid 50%
CUST01036,32165.760000000002,18918.370000000003,6433.152,6.128355704697986,0.1698202427401968,35330.444498559555,Mid 50%
CUST01907,16695.739999999998,8972.45,5565.246666666666,7.7712765957446805,0.24366294707613662,35310.29500904616,Mid 50%
CUST00736,14431.32,7112.67,4810.44,7.354026845637583,0.0764264352727807,35268.800614856416,Mid 50%
CUST00905,50421.46,25327.38,8403.576666666666,4.924719101123595,0.2109213583111834,35251.29719549438,Mid 50%
CUST00378,27024.21,16736.8,9008.07,4.472448979591837,0.1908591989740755,35189.28418162594,Mid 50%
CUST00657,3438.0699999999997,2001.4599999999994,3438.0699999999997,12.0,0.2115330336296174,35114.674564831235,Mid 50%
CUST01734,31056.29,18287.71,4436.612857142857,8.355392156862745,0.1234636571929436,35074.98412848924,Mid 50%
CUST01932,31151.21,15891.97,6230.242,5.948697068403909,0.1234234282382824,35069.1962903128,Mid 50%
CUST00242,30353.5,19704.12,7588.375,5.431226765799257,0.2119775567847346,35058.5936920606,Mid 50%
CUST01242,16174.0,9969.050000000001,4043.5,10.58695652173913,0.24366294707613662,34950.479478450005,Mid 50%
CUST00318,58988.99,35618.57,9831.498333333333,4.753796095444685,0.3077771232420181,34923.30939893773,Mid 50%
CUST01845,18001.36,7903.9,6000.453333333334,6.561377245508981,0.1810195975150778,34806.61299033853,Mid 50%
CUST01889,59997.77,32746.55,7499.72125,5.832335329341317,0.2632084197527792,34788.960005339875,Mid 50%
CUST01091,16560.95,7791.6,2760.1583333333333,15.433098591549294,0.24366294707613662,34778.56730170829,Mid 50%
CUST01408,32178.14,17293.47,8044.535,5.108391608391608,0.2167427537979577,34745.51345511585,Mid 50%
CUST00046,3534.4700000000003,1957.5900000000001,3534.4700000000003,12.0,0.24366294707613662,34628.21513353007,Mid 50%
CUST01731,41042.69,21142.0,5130.33625,7.897297297297297,0.2097102655761875,34563.66941740524,Mid 50%
CUST00549,31294.08,17027.28,4470.582857142857,8.221061093247588,0.1308464420511717,34482.418666671976,Mid 50%
CUST01572,13973.68,7690.9400000000005,4657.893333333333,9.055785123966942,0.24366294707613662,34438.18137814438,Mid 50%
CUST00663,40675.82,22295.23,6779.303333333333,5.844,0.1951046663748084,34422.61562708624,Mid 50%
CUST00407,42680.04,23875.45,5335.005,7.378787878787878,0.1905800976238817,34395.60235196474,Mid 50%
CUST01920,76990.31999999999,42868.1,10998.617142857142,5.186105476673428,0.4419961559480012,34357.836208436944,Mid 50%
CUST01489,44363.16,23788.47,8872.632000000001,4.658801020408164,0.2314537612079746,34293.02663109951,Mid 50%
CUST00253,15364.35,10136.61,3841.0875,10.902985074626866,0.24366294707613662,34191.97436539564,Mid 50%
CUST00290,71209.75,37178.76,8901.21875,5.090592334494774,0.3020438850027421,34139.33789101939,Mid 50%
CUST00744,45489.5,22132.39,15163.166666666666,2.6595873786407767,0.2158397268373417,34136.43723030916,Mid 50%
CUST01523,16941.64,9524.88,2823.6066666666666,11.53421052631579,0.0295732181473436,34116.465422251094,Mid 50%
CUST00493,22015.93,11899.73,4403.186,8.080752212389381,0.114437541413865,34013.17727877327,Mid 50%
CUST00680,31193.64,12054.32,7798.41,5.199288256227757,0.2242579510441136,33952.86897614584,Mid 50%
CUST01637,50368.24,27981.45,10073.648,4.276932084309133,0.2706181253099459,33922.142659704805,Mid 50%
CUST00607,20201.61,12252.130000000001,10100.805,3.563414634146341,0.1274608114830053,33901.309344231486,Mid 50%
CUST01916,39741.01,20954.14,7948.202,5.017170329670329,0.2128890877508983,33882.29807448302,Mid 50%
CUST01451,9761.8,5273.15,3253.933333333333,12.741279069767442,0.24366294707613662,33849.030959131356,Mid 50%
CUST00840,18548.81,10128.5,3091.4683333333337,11.012562814070352,0.0791867988609353,33840.27798049376,Mid 50%
CUST00084,28546.51,17893.59,5709.302,6.68956043956044,0.1792461380908768,33837.846584503175,Mid 50%
CUST01621,18132.98,7709.67,4533.245,7.897297297297297,0.1247881176701854,33822.83976365243,Mid 50%
CUST00409,27601.64,15236.74,6900.41,5.162544169611308,0.120451180170655,33822.66395129534,Mid 50%
CUST00748,25335.35,13332.29,6333.8375,5.70703125,0.1345014435259218,33771.682653324526,Mid 50%
CUST01148,71768.54000000001,37374.850000000006,8971.067500000001,5.046632124352332,0.3091373995623166,33763.43618569649,Mid 50%
CUST01486,11413.93,6418.25,3804.6433333333334,10.849009900990099,0.24366294707613662,33699.90035359166,Mid 50%
CUST00194,3435.9,1474.9,3435.9,12.0,0.24366294707613662,33662.49660551539,Mid 50%
CUST01364,66655.95999999999,38063.39,9522.279999999999,4.814971751412429,0.3205773400663715,33626.673150243376,Mid 50%
CUST00977,56035.04,29856.57,5094.094545454545,8.019461077844312,0.2391545640178738,33551.95332573959,Mid 50%
CUST01268,66303.24,36479.37,6630.3240000000005,6.917613636363636,0.3236054791074662,33488.856499703616,Mid 50%
CUST01431,38392.65,21438.46,9598.1625,4.234782608695652,0.2389573386054421,33391.61357752812,Mid 50%
CUST01665,18196.690000000002,10185.41,4549.172500000001,8.348571428571429,0.1866677040202268,33344.313020525224,Mid 50%
CUST00511,59343.590000000004,34356.62,5934.359,6.827102803738318,0.2394186908765065,33263.28147885048,Mid 50%
CUST01507,24224.96,13512.490000000002,6056.24,6.0875,0.1661350391295576,33185.39266395364,Mid 50%
CUST01543,24986.760000000002,15701.4,8328.92,4.546680497925311,0.1921962226431925,33021.6059947522,Mid 50%
CUST01810,7960.3,4804.84,3980.15,10.145833333333332,0.24366294707613662,32969.4516983174,Mid 50%
CUST01263,46633.76,25438.07,6661.965714285715,5.810795454545455,0.2111709265205749,32963.25380358233,Mid 50%
CUST00357,53923.42,32100.4,7703.345714285714,5.239241803278689,0.2440126718593786,32936.05137754753,Mid 50%
CUST00965,24051.85,12836.57,4810.37,8.908536585365853,0.289920526315408,32847.399538169455,Mid 50%
CUST00287,33210.2,20442.07,5535.033333333333,6.6409090909090915,0.1722096935497874,32845.60731319285,Mid 50%
CUST00810,39482.53,23092.03,7896.505999999999,4.7189922480620154,0.1834741235375432,32844.554102123926,Mid 50%
CUST01683,30852.68,17619.37,6170.536,5.872186495176849,0.1612538341053072,32806.69359045098,Mid 50%
CUST01058,18205.11,9949.97,6068.37,6.763888888888888,0.2602675084057309,32775.731744365075,Mid 50%
CUST01150,20541.8,12940.86,6847.266666666666,8.627952755905513,0.4863059110656217,32759.612244887598,Mid 50%
CUST01072,46710.840000000004,23969.870000000003,5838.8550000000005,6.522321428571429,0.2050156013995094,32681.17615260636,Mid 50%
CUST00302,19069.65,9575.82,4767.4125,7.092233009708738,0.1047670056663712,32674.65348334716,Mid 50%
CUST01559,36235.840000000004,21678.97,6039.306666666667,5.8596256684491985,0.1449954831389684,32661.381389492308,Mid 50%
CUST01755,19597.21,11057.66,3266.2016666666664,10.193023255813953,0.0927282337103034,32605.629658418035,Mid 50%
CUST01314,49048.4,27387.32,6131.05,6.450331125827815,0.2368737943803843,32577.849979371527,Mid 50%
CUST01834,55859.23,31373.51,6982.40375,6.112970711297071,0.2932860164918188,32561.930243760653,Mid 50%
CUST01178,3310.75,1442.8600000000001,1655.375,24.0,0.24366294707613662,32436.366202948302,Mid 50%
CUST01218,33708.33,18408.95,5618.055,6.78482972136223,0.2121028730448318,32419.30051708496,Mid 50%
CUST01092,46107.56,28963.72,6586.794285714285,5.850686498855835,0.2208529795162256,32412.275828547794,Mid 50%
CUST01244,60672.9,33821.78,6741.433333333333,6.445588235294117,0.3097648593238194,32375.840524161194,Mid 50%
CUST00076,41408.61,19079.12,6901.435,5.371323529411765,0.1947899023688044,32221.007094046086,Mid 50%
CUST00177,31077.92,17870.18,6215.584,5.7976190476190474,0.1717873855165458,32216.81775057695,Mid 50%
CUST00100,3266.82,1713.5700000000002,3266.82,12.0,0.24366294707613662,32005.971408024037,Mid 50%
CUST00220,22073.52,9408.949999999999,4414.704,8.263574660633484,0.1875894790009768,31992.948614560693,Mid 50%
CUST00425,44379.2,21110.33,6339.885714285714,6.25122249388753,0.2521824774735379,31992.723091855114,Mid 50%
CUST01464,31457.96,15899.25,5242.993333333333,7.689473684210526,0.265257198668436,31975.72825128834,Mid 50%
CUST00106,12865.380000000001,8078.869999999999,6432.6900000000005,6.0875,0.24366294707613662,31970.995401467193,Mid 50%
CUST00103,34089.53,14950.64,6817.906,5.550911854103344,0.2177215551533065,31958.46327651766,Mid 50%
CUST01270,66530.51,33515.25,6048.228181818181,7.1236702127659575,0.3131414868505076,31945.408262586116,Mid 50%
CUST01634,7654.57,4498.23,2551.523333333333,14.807432432432433,0.2184468032436231,31874.76795247148,Mid 50%
CUST00296,46821.18,23536.37,9364.236,4.400602409638554,0.283588443836449,31868.105733951543,Mid 50%
CUST01863,44155.65,22433.5,8831.130000000001,4.658801020408164,0.2842390642155668,31788.322919386166,Mid 50%
CUST01368,5638.29,2156.2299999999996,2819.145,13.783018867924527,0.24366294707613662,31723.88199733544,Mid 50%
CUST01025,17402.52,9336.79,3480.504,11.135670731707316,0.24366294707613662,31643.395491106465,Mid 50%
CUST00815,53417.05,28851.800000000003,8902.841666666667,4.142722117202268,0.205430283313198,31634.111835333777,Mid 50%
CUST01491,38308.89,21084.73,7661.778,5.371323529411765,0.2897112544063721,31554.041588618562,Mid 50%
CUST01983,16722.92,11122.97,8361.46,3.784974093264249,0.0763726022853821,31553.75280480478,Mid 50%
CUST01371,37536.409999999996,19680.37,7507.281999999999,5.158898305084746,0.2456682035695886,31536.34044158407,Mid 50%
CUST00158,12913.27,5657.250000000001,4304.423333333333,7.208881578947368,0.0615338636911177,31434.796891163613,Mid 50%
CUST00694,6211.74,2091.38,2070.58,18.572033898305087,0.24366294707613662,31396.124573834182,Mid 50%
CUST00150,53903.12,34995.29,7700.4457142857145,4.99365234375,0.2439165893913048,31384.344374727807,Mid 50%
CUST01741,66020.38,37396.35,8252.5475,5.351648351648352,0.3421655850369905,31361.8285202002,Mid 50%
CUST01568,60670.29,33990.64,10111.715,3.9773139745916515,0.2781989990193176,31335.841421526882,Mid 50%
CUST00958,67029.5,38351.04,7447.722222222223,5.506281407035176,0.2939079054595316,31257.36805468658,Mid 50%
CUST00127,15633.89,7715.799999999999,5211.296666666666,6.483727810650888,0.1431161473526207,31253.719856646996,Mid 50%
CUST01476,71184.79,36675.39,14236.957999999999,3.018595041322314,0.3271344676187875,31214.725804561996,Mid 50%
CUST01298,37062.82,18261.72,6177.136666666666,5.767105263157895,0.189166133741309,31180.720924558445,Mid 50%
CUST00584,18144.96,10552.57,3628.9919999999997,8.865291262135923,0.1029160464660249,31154.536317445705,Mid 50%
CUST00147,44051.22,24343.28,5506.4025,6.393873085339168,0.1811108830948767,31121.910450556148,Mid 50%
CUST00827,12495.009999999998,6978.5,4165.003333333333,7.7712765957446805,0.1098754467403608,31100.522468469866,Mid 50%
CUST00245,52494.87,27554.79,6561.85875,6.0,0.2691801381240977,31059.72841755665,Mid 50%
CUST00305,20591.989999999998,12484.11,6863.996666666666,5.7976190476190474,0.2778060133852104,31023.428481838397,Mid 50%
CUST00495,3145.25,1331.02,1572.625,24.0,0.24366294707613662,30814.91529104377,Mid 50%
CUST00816,23078.43,13859.07,4615.686,7.305000000000001,0.15525459748338,30746.203536067347,Mid 50%
CUST01542,22156.84,9774.97,3692.806666666667,9.13125,0.1553806527547816,30743.76232167195,Mid 50%
CUST01032,59161.94,32095.4,7395.2425,5.341864716636198,0.2796093074905324,30720.09696427754,Mid 50%
CUST01750,47148.01,23938.65,6735.43,6.1906779661016955,0.3193948170958416,30634.30105781778,Mid 50%
CUST01437,2794.35,468.9200000000001,2794.35,12.0,0.1540008883126958,30622.534950012934,Mid 50%
CUST01867,45078.96,23677.48,5634.87,6.324675324675324,0.20441699463089,30606.721990701215,Mid 50%
CUST01728,98748.03,56698.42,8229.0025,6.062240663900415,0.4318994928116288,30592.48309914938,Mid 50%
CUST01592,22656.26,11752.05,5664.065,6.1645569620253164,0.1892791152241097,30556.99503323949,Mid 50%
CUST00979,56717.32,32750.43,7089.665,6.177589852008457,0.3539859838466705,30541.89010531269,Mid 50%
CUST01918,23151.64,13809.29,7717.213333333333,4.103932584269663,0.1071600364013511,30524.14649345587,Mid 50%
CUST01311,62196.740000000005,33771.97,7774.592500000001,5.1534391534391535,0.29442092421763,30516.144665021104,Mid 50%
CUST00423,45327.59,25278.850000000002,5665.94875,6.493333333333333,0.2323748464300385,30485.87897073346,Mid 50%
CUST01046,35921.85,22613.48,7184.37,5.017170329670329,0.217969507500628,30428.490425883574,Mid 50%
CUST00579,35393.87,17603.54,5056.267142857143,7.222457627118644,0.2287146436251143,30404.599287347304,Mid 50%
CUST01192,40398.77,21707.59,5049.84625,6.763888888888889,0.1756743702150069,30393.632473559686,Mid 50%
CUST01488,26987.24,12989.250000000002,4497.873333333334,7.354026845637583,0.1494915148049568,30368.285014104298,Mid 50%
CUST00878,38803.64,20430.24,6467.2733333333335,6.020604395604395,0.2784352308631082,30328.1425157637,Mid 50%
CUST00616,15429.130000000001,8190.59,5143.043333333334,6.261428571428572,0.1278487357366277,30317.58563886023,Mid 50%
CUST01674,23632.02,9787.6,5908.005,6.0875,0.2222199165020465,30195.750663634142,Mid 50%
CUST01541,29089.190000000002,16115.330000000002,5817.838000000001,5.500753012048193,0.1261127771766983,30188.973272166397,Mid 50%
CUST00201,18372.99,9652.94,4593.2475,6.671232876712328,0.0891354361083478,30129.292890938603,Mid 50%
CUST01383,12348.43,6280.01,2469.686,12.094370860927151,0.0687340540535211,30026.722326770316,Mid 50%
CUST00015,34741.37,15996.91,6948.274,6.0074013157894735,0.3388994202354912,29787.928566252143,Mid 50%
CUST00031,29334.54,15528.539999999999,5866.908,5.724921630094044,0.1784841780304959,29785.434525660756,Mid 50%
CUST01598,16613.27,9432.91,4153.3175,7.092233009708738,0.0637800464821043,29769.065705860867,Mid 50%
CUST00980,44896.99,22894.79,6413.855714285714,5.681666666666667,0.2444523753878952,29721.17434922754,Mid 50%
CUST01996,46573.63,20525.079999999998,6653.375714285714,5.282541322314049,0.2184639219312294,29651.260950915275,Mid 50%
CUST01848,24500.58,12266.130000000001,6125.145,6.112970711297071,0.2664402732736015,29649.225513276484,Mid 50%
CUST00845,13398.87,6873.63,4466.29,8.116666666666667,0.24366294707613662,29597.102104328333,Mid 50%
CUST01447,41234.75,20665.96,4581.638888888889,8.116666666666667,0.2652157396374547,29496.303699918557,Mid 50%
CUST01706,19536.23,11242.82,4884.0575,6.407894736842105,0.1295447467292008,29407.071126020743,Mid 50%
CUST01984,35344.09,21628.24,8836.0225,5.055363321799308,0.3908654992548503,29371.868055654875,Mid 50%
CUST01256,57533.58,31328.65,11506.716,3.2787253141831236,0.2791079086724087,29358.63592181304,Mid 50%
CUST00678,11606.57,5180.92,3868.8566666666666,9.286016949152543,0.24366294707613662,29331.662110368965,Mid 50%
CUST00215,42319.09,21638.98,5289.88625,6.5369127516778525,0.2159406390363307,29266.92874859799,Mid 50%
CUST01382,19217.89,9595.84,2745.412857142857,11.164847161572052,0.1155323601263296,29265.2054677808,Mid 50%
CUST01248,26884.579999999998,12163.169999999998,5376.915999999999,7.454081632653061,0.3240510964199648,29244.920728595265,Mid 50%
CUST00311,43745.1,20813.78,6249.3,5.382631578947368,0.1948409974232061,29235.926809203997,Mid 50%
CUST01794,10815.54,4375.63,2163.108,13.527777777777779,0.0784592278090954,29109.074847451855,Mid 50%
CUST00943,24509.34,13459.289999999999,8169.78,3.8994661921708182,0.156036616037773,29023.401527744594,Mid 50%
CUST01122,28094.0,14241.77,7023.5,5.162544169611308,0.2593763322751303,28988.392819496345,Mid 50%
CUST00875,28261.14,16733.14,9420.38,5.345121951219512,0.4673914760901032,28949.651287899746,Mid 50%
CUST01004,11357.21,4303.57,5678.605,6.2435897435897445,0.24366294707613662,28946.801310939954,Mid 50%
CUST01954,51602.95,28855.01,7371.849999999999,4.6234177215189876,0.2133319655892881,28942.784471766274,Mid 50%
CUST00561,54486.24,29091.71,9081.039999999999,3.920393559928444,0.2508768269538763,28789.072371413433,Mid 50%
CUST00045,56161.16,29607.68,8023.022857142858,4.408189655172414,0.2463900905322352,28770.942243871017,Mid 50%
CUST00237,34533.35,16779.37,5755.558333333333,5.662790697674419,0.182612785049164,28757.755997043023,Mid 50%
CUST01344,27402.27,14437.980000000001,9134.09,3.4675632911392404,0.1597420873979461,28728.40258888873,Mid 50%
CUST00207,29368.39,12913.85,5873.678,6.211734693877551,0.2707596769683758,28721.22054784332,Mid 50%
CUST01964,21677.16,11888.150000000001,7225.72,4.418346774193548,0.1681061681264961,28669.36113646819,Mid 50%
CUST01271,37724.770000000004,19333.18,7544.954000000001,5.0034246575342465,0.2968925675902233,28651.992826653193,Mid 50%
CUST00149,44469.979999999996,21926.94,6352.854285714285,5.9047344110854505,0.295398464793688,28531.330964656634,Mid 50%
CUST01492,16711.36,10540.82,5570.453333333334,5.193127962085308,0.0872507597558941,28502.32110934201,Mid 50%
CUST00921,7906.969999999999,4491.41,2635.6566666666663,13.201807228915662,0.24366294707613662,28408.40065760556,Mid 50%
CUST01570,38511.79,22833.9,5501.684285714286,6.456439393939394,0.2595251488196177,28392.8011425723,Mid 50%
CUST01992,34459.99,18401.43,8614.9975,3.9701086956521743,0.2311606456620089,28385.878693856535,Mid 50%
CUST01229,35440.68,19326.77,8860.17,3.8856382978723403,0.2376325339079054,28332.047713135376,Mid 50%
CUST00999,30271.27,18113.31,7567.8175,4.222543352601156,0.178662990946433,28331.87676308746,Mid 50%
CUST01377,29944.87,15127.56,7486.2175,4.59433962264151,0.2386516817960516,28266.895510311093,Mid 50%
CUST01172,93531.61,53542.28,8502.873636363636,5.839752906976744,0.4731241938968401,28240.841740227836,Mid 50%
CUST01493,39341.67,22666.22,5620.238571428571,5.850686498855835,0.2067396045817721,28157.00999918947,Mid 50%
CUST01103,16231.39,8026.599999999999,5410.463333333333,5.371323529411765,0.1031097006639003,28136.124756314697,Mid 50%
CUST01335,41176.659999999996,25650.7,6862.776666666666,5.345121951219512,0.2903983571627982,28098.379944528424,Mid 50%
CUST01169,48044.76,27625.27,8007.46,4.3139763779527565,0.2470358290427416,28077.344842245828,Mid 50%
CUST00466,24611.850000000002,14943.93,6152.962500000001,5.217857142857143,0.1908577604703189,28042.098479635908,Mid 50%
CUST00110,38412.44,17243.65,5487.4914285714285,6.966621253405995,0.3216754472468749,27992.57023509474,Mid 50%
CUST00822,45415.71,24534.010000000002,9083.142,3.961496746203905,0.2795284365600313,27984.750262063768,Mid 50%
CUST00592,55665.37,30465.010000000002,9277.561666666666,4.134905660377358,0.3251055212841357,27947.599722642015,Mid 50%
CUST00458,39288.13,19687.989999999998,3571.6481818181815,9.257488479262673,0.217007339060994,27946.583905439693,Mid 50%
CUST01435,52977.43,30505.81,8829.571666666667,4.166349809885932,0.2977526743362598,27886.540771966527,Mid 50%
CUST01937,12011.49,6312.12,6005.745,5.576335877862595,0.2308463490325542,27805.97340365563,Mid 50%
CUST01871,15634.16,10269.04,7817.08,4.222543352601156,0.220401293596804,27777.87169955787,Mid 50%
CUST01126,34376.08,18579.96,5729.346666666667,5.70703125,0.2135244598158389,27759.379624116697,Mid 50%
CUST00974,11514.58,7975.81,3838.193333333333,10.337264150943396,0.3520235231889229,27752.42164398148,Mid 50%
CUST00496,13797.35,8144.42,6898.675,4.174285714285714,0.1092929924656756,27688.020665273885,Mid 50%
CUST00676,30540.59,17030.03,7635.1475,4.374251497005988,0.2322828096683115,27677.80402250293,Mid 50%
CUST00524,37810.78,18143.760000000002,4726.3475,7.550387596899225,0.282413700675604,27642.557300793727,Mid 50%
CUST01805,26702.03,16054.61,6675.5075,4.87,0.2125629258247595,27633.6525022434,Mid 50%
CUST00582,38483.2,19673.09,7696.639999999999,4.317375886524823,0.2335185944481954,27493.614742226888,Mid 50%
CUST01454,13643.4,8459.2,3410.85,9.871621621621621,0.24366294707613662,27490.059662340667,Mid 50%
CUST00659,2549.42,1216.38,2549.42,12.0,0.1729397036876702,27312.97400442106,Mid 50%
CUST00382,15070.72,6520.03,3767.68,8.116666666666667,0.172664249489113,27311.32033196654,Mid 50%
CUST00336,23042.89,12416.27,5760.7225,5.3713235294117645,0.1833898725781524,27276.096170112567,Mid 50%
CUST01940,60680.1,33256.23,8668.585714285715,4.219059405940595,0.3099272567278333,27243.816488146116,Mid 50%
CUST00707,43916.34,27089.51,4391.634,7.378787878787878,0.2211653011708109,27243.67185356197,Mid 50%
CUST00213,37902.77,17876.15,4211.418888888888,7.539564220183486,0.2067550200215591,27188.872740740968,Mid 50%
CUST00091,44923.37,24154.510000000002,8984.674,3.90224358974359,0.2832828988250951,27125.24383524102,Mid 50%
CUST01353,36892.62,15378.23,9223.155,4.069637883008356,0.3313940992431598,27090.35298430516,Mid 50%
CUST01571,35784.66,20678.050000000003,7156.932000000001,4.6826923076923075,0.2526953971558179,27035.18552140392,Mid 50%
CUST01434,6705.82,2516.1099999999997,2235.273333333333,14.807432432432433,0.24366294707613662,27023.086896949044,Mid 50%
CUST00650,42040.56,24534.33,5255.07,6.0,0.2070465149691254,26988.991225410904,Mid 50%
CUST01545,29890.649999999998,13349.34,4981.775,6.173239436619718,0.1888484154365496,26928.268928554135,Mid 50%
CUST00525,7210.5,2806.42,3605.25,9.13125,0.24366294707613662,26877.581036348616,Mid 50%
CUST00165,23648.440000000002,12467.58,4729.688,6.592960288808665,0.2034938453970203,26810.892594546654,Mid 50%
CUST00726,42045.69,22447.09,4671.743333333334,6.7086734693877546,0.2085231284326896,26777.069214668292,Mid 50%
CUST01879,25059.31,12821.25,8353.103333333334,4.764130434782609,0.37698282180624,26763.364124517993,Mid 50%
CUST00009,33475.270000000004,17410.77,8368.817500000001,4.413897280966768,0.3289955559522628,26755.98230442947,Mid 50%
CUST00120,13478.52,7015.490000000001,4492.84,6.297413793103448,0.1240488357134859,26752.98598810142,Mid 50%
CUST00314,23097.84,11345.26,5774.46,5.351648351648352,0.1993340943235324,26709.113026607487,Mid 50%
CUST01506,26484.49,14591.550000000001,6621.1225,4.902684563758389,0.2382628576688996,26691.92472101961,Mid 50%
CUST00872,16648.65,9129.86,4162.1625,6.610859728506787,0.1027007368301424,26651.6112303165,Mid 50%
CUST00161,9728.369999999999,3816.769999999999,4864.1849999999995,6.70183486238532,0.24366294707613662,26615.11626091488,Mid 50%
CUST00754,116070.36,72483.65000000001,8928.489230769232,5.062100213219616,0.455050746547351,26587.283335208547,Mid 50%
CUST01312,17755.62,9140.02,4438.905,7.024038461538461,0.2129028353088165,26491.116563485404,Mid 50%
CUST00852,13832.23,8131.55,3458.0575,7.689473684210527,0.0771410743524468,26489.47350245052,Mid 50%
CUST00411,21367.71,12337.98,10683.855,2.7775665399239546,0.1730938811407552,26488.52934366405,Mid 50%
CUST01952,21604.68,12021.08,5401.17,5.513207547169811,0.1780258467072184,26421.625612218966,Mid 50%
CUST01183,67321.35,38043.85,8415.16875,4.387387387387387,0.3378752825277944,26388.68788844902,Mid 50%
CUST01141,26287.28,14229.56,5257.456,5.987704918032787,0.2235999561557855,26383.400598371452,Mid 50%
CUST00388,36200.52,19748.05,6033.419999999999,5.026376146788991,0.1941411209323424,26380.724825000703,Mid 50%
CUST00012,52016.78,27428.54,10403.356,3.209578207381371,0.2694901776892641,26330.352096043716,Mid 50%
CUST00470,30133.18,17335.93,6026.636,5.247844827586206,0.2289055641546788,26325.261866631823,Mid 50%
CUST00293,47242.11,25578.79,6748.872857142857,4.787921348314607,0.2455894113901405,26314.50552355606,Mid 50%
CUST01838,27350.11,13898.6,5470.022,5.2781791907514455,0.1557684967441774,26311.399062424334,Mid 50%
CUST00787,31173.55,15705.509999999998,4453.364285714286,6.6930628272251305,0.1833248893148465,26276.74871057511,Mid 50%
CUST00764,41165.08,20306.52,5145.635,6.0875,0.2242146168824832,26231.838372396855,Mid 50%
CUST00534,14640.17,10192.6,7320.085,3.5120192307692304,0.0548946077255737,26227.834499323762,Mid 50%
CUST00920,35293.1,20554.170000000002,7058.62,4.443430656934306,0.2272752159829434,26162.077954171164,Mid 50%
CUST00228,42128.17,21905.02,6018.3099999999995,5.416843220338983,0.2569034275444259,26150.214918749134,Mid 50%
CUST00434,48356.79,25817.399999999998,6908.112857142857,4.983918128654971,0.2968729147926032,26132.041269445992,Mid 50%
CUST01801,15666.439999999999,6952.56,3133.2879999999996,8.952205882352942,0.1383123378082617,26090.922559870432,Mid 50%
CUST00139,45991.99,22021.38,5110.221111111111,6.834199584199585,0.3083434135747011,26075.164115898573,Mid 50%
CUST01849,20757.54,12269.57,10378.77,3.9274193548387095,0.4076616975134527,26063.465724462476,Mid 50%
CUST01129,40883.66,21521.54,6813.943333333334,4.565625,0.2245756536181334,26040.383265538258,Mid 50%
CUST00052,29846.08,16608.83,5969.216,5.202991452991453,0.2251063759928938,25978.95504924363,Mid 50%
CUST01022,31583.11,17824.04,5263.8516666666665,5.520151133501259,0.1775666626503336,25796.72066676572,Mid 50%
CUST01295,26818.43,14735.07,5363.686,5.81608280254777,0.2341741167864435,25788.919766044924,Mid 50%
CUST00032,45155.22,26570.56,6450.745714285715,5.134036144578313,0.2800580455233071,25738.042357251954,Mid 50%
CUST00455,39320.71,18502.34,7864.142,3.9105995717344757,0.2248142681297761,25734.139436127145,Mid 50%
CUST00730,9218.36,5651.79,3072.786666666667,10.240654205607477,0.24366294707613662,25691.216707953514,Mid 50%
CUST00830,38150.22,20032.02,4238.913333333334,7.084590517241379,0.2079754139805064,25675.395261898495,Mid 50%
CUST01030,30097.83,15674.34,5016.305,5.492481203007519,0.1380085087375191,25636.85085548272,Mid 50%
CUST00209,2534.42,1162.7800000000002,2534.42,12.0,0.2194143207538368,25626.517775176977,Mid 50%
CUST00574,28224.239999999998,17599.32,7056.0599999999995,4.162393162393162,0.1924901411772508,25601.32141282918,Mid 50%
CUST01209,34918.72,16971.2,5819.786666666667,4.992027334851937,0.1837797428251063,25597.678085579166,Mid 50%
CUST00808,72067.45999999999,34302.25,9008.432499999999,4.387387387387387,0.4011656799759313,25548.833597892044,Mid 50%
CUST00788,30802.199999999997,18163.94,5133.7,5.844,0.2134135655196727,25473.95221012007,Mid 50%
CUST01448,4257.63,2448.8699999999994,1419.21,21.915000000000003,0.24366294707613662,25392.923175433374,Mid 50%
CUST01817,17596.09,8557.150000000001,4399.0225,6.0875,0.1220650569545498,25378.542488812396,Mid 50%
CUST00988,20128.87,10653.44,6709.623333333333,4.565625,0.2356249106310449,25276.33410259677,Mid 50%
CUST01439,25205.95,9773.54,4200.991666666667,7.001597444089457,0.2050607595194966,25240.158463228425,Mid 50%
CUST00801,16342.98,10985.85,5447.66,4.827092511013216,0.1112202525305108,25228.936904076705,Mid 50%
CUST00620,19520.5,8634.74,6506.833333333333,4.150568181818182,0.1359006262676041,25191.27273201265,Mid 50%
CUST01657,39590.76,18457.510000000002,4398.973333333333,6.820020746887966,0.2229437648951923,25165.099901481033,Mid 50%
CUST00206,29000.82,15687.23,5800.164,5.217857142857143,0.232743588359112,25065.834537875988,Mid 50%
CUST01108,57093.630000000005,33560.46,5709.363,6.604882459312839,0.3856791189922908,25006.74762411218,Mid 50%
CUST01677,16775.47,8092.25,2795.911666666667,9.611842105263158,0.1380453049269225,25004.818012119325,Mid 50%
CUST00166,52665.96,29104.440000000002,6583.245,4.805921052631579,0.2705027502098456,24914.34611037378,Mid 50%
CUST00291,59871.22,32313.61,8553.031428571428,3.8738636363636365,0.3036748112294247,24904.950717034364,Mid 50%
CUST01626,45891.79,27832.019999999997,7648.631666666667,4.322485207100592,0.3031416546897047,24869.723244279226,Mid 50%
CUST01548,34517.05,20234.399999999998,11505.683333333334,2.596563981042654,0.2290667318621362,24862.077543380492,Mid 50%
CUST01197,18525.91,10442.9,3087.6516666666666,8.836693548387096,0.1563334505066823,24848.381599384316,Mid 50%
CUST00698,61108.0,31709.66,8729.714285714286,3.9034351145038166,0.3244777658424819,24848.251076868175,Mid 50%
CUST01813,34512.75,17921.67,5752.125,4.913677130044843,0.1886814231559154,24753.43852715413,Mid 50%
CUST00719,35863.31,19375.47,5123.33,5.522138228941684,0.1894769657764874,24753.3595154861,Mid 50%
CUST00740,50096.07,29451.36,7156.581428571429,4.926300578034682,0.3500009417691421,24737.080105435747,Mid 50%
CUST01837,34318.94,18558.25,5719.823333333334,5.049539170506913,0.2096531747909655,24641.166189418334,Mid 50%
CUST01346,61304.51,36982.56,10217.418333333333,3.575040783034258,0.3754925713378607,24624.58774976238,Mid 50%
CUST00172,17561.7,10476.59,4390.425,6.352173913043479,0.1827703634635058,24602.669610390196,Mid 50%
CUST00558,66894.94,35377.35,6689.494000000001,5.779272151898734,0.4115068380398248,24559.358569767803,Mid 50%
CUST01343,12422.99,4156.56,6211.495,4.6234177215189876,0.2097511286814233,24498.096535632765,Mid 50%
CUST00268,44149.09,24015.61,6307.012857142857,4.974221789883269,0.2768007913748261,24491.534045401382,Mid 50%
CUST00297,32692.35,15538.82,8173.0875,3.7461538461538457,0.2618384190722126,24396.77265872294,Mid 50%
CUST01539,24364.92,13212.69,8121.639999999999,3.4566246056782335,0.1952544234378731,24387.300769467205,Mid 50%
CUST00214,21256.39,12338.71,2657.04875,9.938775510204081,0.1452753905646631,24365.077463008885,Mid 50%
CUST00066,11111.6,5552.02,2777.9,10.742647058823529,0.24366294707613662,24364.2179863101,Mid 50%
CUST01166,38152.08,23145.88,6358.68,5.168632075471698,0.313733473433282,24346.9513784681,Mid 50%
CUST00919,35547.35,18518.09,5078.192857142857,5.522138228941684,0.1958166155872754,24343.372447913032,Mid 50%
CUST00033,39566.84,22068.91,7913.3679999999995,3.7043610547667343,0.2320940695519972,24299.19453196691,Mid 50%
CUST00417,27932.350000000002,16774.89,9310.783333333335,2.9298128342245993,0.1750393032603872,24292.29463455461,Mid 50%
CUST00671,4846.66,2800.3199999999997,1615.5533333333333,14.417763157894736,0.0344520688601493,24277.40193523064,Mid 50%
CUST00779,26831.2,14551.06,4471.866666666667,6.173239436619718,0.193284166917188,24039.848863479434,Mid 50%
CUST00240,45693.649999999994,27925.379999999997,9138.73,3.209578207381371,0.240953816011756,24033.177522523823,Mid 50%
CUST00445,19932.809999999998,10845.21,3986.5619999999994,6.763888888888889,0.1768694203263331,23959.232829053588,Mid 50%
CUST01042,11160.93,6248.02,2232.186,11.63216560509554,0.1467547235238094,23915.20089193524,Mid 50%
CUST00102,57720.83,32151.440000000002,5772.0830000000005,5.948697068403909,0.3564125503448218,23854.546882922776,Mid 50%
CUST01013,18606.26,8715.12,4651.565,5.576335877862595,0.148455702296577,23843.19485020519,Mid 50%
CUST00014,26440.170000000002,14720.6,6610.0425000000005,4.608832807570979,0.2758747744208231,23813.21683406311,Mid 50%
CUST01603,14474.61,6050.91,4824.87,5.562182741116752,0.1783075378173467,23803.9679372452,Mid 50%
CUST01630,28516.61,16799.65,5703.322,4.805921052631579,0.1957618246885729,23795.694931674327,Mid 50%
CUST01278,28848.670000000002,17701.69,7212.1675000000005,4.361194029850746,0.3013041594413365,23722.942455655015,Mid 50%
CUST01235,13173.52,6789.27,3293.38,7.4923076923076914,0.1101885981676458,23700.886958081992,Mid 50%
CUST01467,37327.119999999995,17516.34,5332.445714285714,5.498387096774193,0.2514136606382696,23692.606221744387,Mid 50%
CUST00668,21424.23,11994.150000000001,3570.705,6.935126582278481,0.1142450914848592,23677.24215854447,Mid 50%
CUST01069,6826.599999999999,3624.08,3413.2999999999997,7.940217391304349,0.2002870013133471,23396.462236712163,Mid 50%
CUST00590,27071.16,13476.850000000002,6767.79,4.234782608695652,0.2457500321642693,23334.713857791747,Mid 50%
CUST01978,31158.61,15119.93,10386.203333333333,2.7740506329113925,0.2512425085795089,23287.43035533231,Mid 50%
CUST00174,12125.34,6170.04,4041.78,5.736910994764397,0.0700659783479866,23276.201245735523,Mid 50%
CUST00708,18004.59,6751.87,4501.1475,6.2435897435897445,0.2336651832920608,23247.98649297146,Mid 50%
CUST01795,43339.520000000004,24870.940000000002,10834.880000000001,3.0311203319502074,0.345325887457563,23209.278278568483,Mid 50%
CUST00204,21876.68,11138.26,7292.2266666666665,3.7270408163265305,0.2117797951494384,23124.963489923768,Mid 50%
CUST01441,60991.89,31943.37,10165.315,3.2660208643815203,0.355252132725842,23106.751521750775,Mid 50%
CUST00027,54104.24,28678.06,7729.177142857143,3.9824766355140184,0.3045972676708172,23106.38867286215,Mid 50%
CUST00429,16622.57,8588.25,2770.4283333333333,8.696428571428571,0.1118227423110475,23099.186594483854,Mid 50%
CUST01929,66374.69,37599.24,11062.448333333334,3.194606413994169,0.3945201821161859,23098.164523974803,Mid 50%
CUST01475,30633.98,16688.52,5105.663333333333,5.812997347480106,0.2808321092703502,23040.493233391648,Mid 50%
CUST01321,20596.82,12539.61,6865.606666666667,3.8719081272084805,0.1974487212311994,23029.575773785942,Mid 50%
CUST01253,17719.690000000002,9602.54,8859.845000000001,2.7988505747126435,0.1413934845642306,22983.13144871168,Mid 50%
CUST00258,17721.84,9913.380000000001,5907.28,4.764130434782609,0.2437788173538895,22973.608840338544,Mid 50%
CUST00851,12003.67,6192.26,4001.2233333333334,7.024038461538462,0.24366294707613662,22945.854472099043,Mid 50%
CUST00005,12014.68,5736.0,4004.8933333333334,5.7976190476190474,0.0865127423695378,22895.614626457253,Mid 50%
CUST01865,44280.46,22626.7,5535.0575,5.471910112359551,0.3018336635546958,22825.966740144944,Mid 50%
CUST00167,20057.74,9435.77,6685.913333333334,3.8719081272084805,0.1852899034949512,22766.594332529832,Mid 50%
CUST00338,19137.3,11472.1,6379.099999999999,3.8719081272084805,0.1464201756834104,22758.193180017333,Mid 50%
CUST00717,17230.16,8157.109999999999,2871.693333333333,8.594117647058823,0.1471494047908134,22720.688917979878,Mid 50%
CUST00492,36506.89,20291.15,7301.378,3.8286163522012577,0.2477192461439521,22700.52064676369,Mid 50%
CUST00176,36200.11,18429.48,7240.022,3.8286163522012577,0.2423694628414209,22669.836661877278,Mid 50%
CUST00222,20902.08,8278.44,5225.52,5.293478260869565,0.2413237523436637,22653.552640048954,Mid 50%
CUST01340,25227.91,12581.46,6306.9775,3.9486486486486485,0.1579833569085942,22635.99729789896,Mid 50%
CUST00315,44772.63,22477.91,4974.736666666667,6.020604395604396,0.2999260699477732,22634.102459561385,Mid 50%
CUST01890,75357.24,40625.06,6850.658181818182,5.279566360052563,0.4214500507845204,22588.146490257284,Mid 50%
CUST01911,19577.760000000002,12435.44,3262.9600000000005,7.583044982698962,0.1544534115702662,22584.064624724306,Mid 50%
CUST01656,50261.99,27502.86,6282.74875,5.1534391534391535,0.3538888948561319,22582.043252806274,Mid 50%
CUST01048,22343.2,12709.01,11171.6,2.3717532467532467,0.2116551134884453,22548.11910756052,Mid 50%
CUST00763,2061.6,1302.6999999999998,2061.6,12.0,0.1572227624787591,22506.482907791822,Mid 50%
CUST00060,54407.9,31113.02,7772.557142857143,4.340831918505942,0.3821353316216144,22502.949163482997,Mid 50%
CUST01257,66773.01,37705.18,8346.62625,4.04149377593361,0.3829033149121232,22470.631555307406,Mid 50%
CUST00257,52093.04,26431.58,4341.086666666667,6.859154929577465,0.3009564886157298,22468.93365257081,Mid 50%
CUST00020,26532.34,15392.43,6633.085,3.9380053908355794,0.2040820964153981,22442.401464000417,Mid 50%
CUST00148,44208.07,25149.870000000003,6315.438571428572,4.533244680851063,0.27407018005386,22434.505271451104,Mid 50%
CUST00617,24359.43,13030.76,6089.8575,4.247093023255814,0.1972428308158605,22412.6020888664,Mid 50%
CUST01130,7949.48,3358.05,3974.74,7.454081632653061,0.3000934751695283,22384.742161121867,Mid 50%
CUST01230,23438.74,14143.429999999998,7812.913333333334,3.2514836795252227,0.1863749440515153,22311.46480858272,Mid 50%
CUST01712,29813.02,15306.009999999998,7453.255,4.322485207100591,0.3610482014957759,22220.650922417037,Mid 50%
CUST00881,48589.43,26185.72,9717.886,3.4008379888268156,0.3792357984498933,22145.91309839166,Mid 50%
CUST01138,34017.13,18108.33,5669.5216666666665,5.662790697674419,0.3629036797214519,22079.600448963003,Mid 50%
CUST00144,20173.8,13360.019999999999,6724.599999999999,3.6163366336633667,0.1603011453584835,22042.8655680131,Mid 50%
CUST01204,8340.58,4465.62,2780.193333333333,7.883093525179856,0.0687792901416182,22030.963284963622,Mid 50%
CUST00605,12754.54,5543.74,4251.513333333333,6.297413793103448,0.2383236190668623,22013.315053983777,Mid 50%
CUST01925,27829.25,15604.24,5565.85,4.5092592592592595,0.1877580667341882,22005.502724342634,Mid 50%
CUST00793,21013.21,12631.08,7004.403333333333,3.4785714285714286,0.1648459560764625,21965.84142774017,Mid 50%
CUST00565,37438.590000000004,18888.56,6239.765,5.037931034482758,0.3535168221584921,21937.486396046716,Mid 50%
CUST01883,15246.81,8261.91,5082.2699999999995,5.0034246575342465,0.2009846794944993,21932.563170462377,Mid 50%
CUST01161,11794.14,4165.07,5897.07,4.247093023255814,0.1910506938108513,21870.49171439089,Mid 50%
CUST00211,62016.08,29948.34,6201.608,5.610599078341014,0.4184390016404365,21843.287646889647,Mid 50%
CUST01547,43611.87,24309.26,7268.645,3.811304347826087,0.2703561843080235,21819.619794031372,Mid 50%
CUST01029,46631.54,25809.62,5828.9425,4.853820598006644,0.286277392697649,21797.77317443146,Mid 50%
CUST01080,15110.96,8713.48,5036.986666666667,4.784934497816594,0.1632485286645985,21769.70114479064,Mid 50%
CUST00890,26578.67,15493.210000000001,5315.7339999999995,5.6365740740740735,0.3273353991739616,21756.35902494128,Mid 50%
CUST00883,21310.7,10200.89,3551.7833333333333,6.701834862385321,0.1541119868517381,21735.130005414754,Mid 50%
CUST00904,14923.3,5860.0199999999995,3730.825,6.2703862660944205,0.139395998637082,21732.601585155564,Mid 50%
CUST00531,44724.46,27135.579999999998,8944.892,3.7194501018329937,0.3960443716364633,21690.424676873994,Mid 50%
CUST01297,55331.9,32374.67,7904.557142857143,3.8160447761194027,0.3341220561830962,21681.774299026365,Mid 50%
CUST01784,46795.39,25455.96,4679.539,6.107859531772576,0.2977190556664738,21667.668387833153,Mid 50%
CUST01938,26118.41,15611.890000000001,6529.6025,3.7751937984496124,0.185759652843331,21666.451921347572,Mid 50%
CUST01676,35562.31,18609.87,8890.5775,3.0,0.2475561854217335,21663.792507623206,Mid 50%
CUST01336,20958.23,12311.57,4191.646,5.534090909090909,0.1350531177074056,21658.556508921225,Mid 50%
CUST01767,28078.21,16278.91,7019.5525,3.69873417721519,0.2283454490610373,21626.918957831258,Mid 50%
CUST00967,18349.53,9127.320000000002,6116.509999999999,4.980681818181818,0.3433701866755947,21593.461670273555,Mid 50%
CUST00387,37929.92,21145.68,4741.24,5.662790697674418,0.2560282453359663,21561.952324970836,Mid 50%
CUST01247,31701.4,16740.42,6340.280000000001,3.8856382978723403,0.1897677962185517,21547.13306318761,Mid 50%
CUST00369,31939.75,15997.200000000003,6387.95,5.017170329670329,0.3774714780681201,21537.177710324497,Mid 50%
CUST01328,18051.35,9025.949999999999,4512.8375,5.70703125,0.2254977827225353,21532.368109442225,Mid 50%
CUST01339,33137.01,15097.230000000001,4733.858571428572,5.9737149532710285,0.2986280389161291,21410.03407920159,Mid 50%
CUST00322,27998.87,14489.88,5599.773999999999,4.307193396226415,0.1778250934563423,21406.135683561257,Mid 50%
CUST01146,49543.99,30088.780000000002,9908.797999999999,2.9408212560386473,0.3195794222195609,21403.07766063635,Mid 50%
CUST01358,52475.4,25657.489999999998,7496.4857142857145,3.631747159090909,0.2719594212318303,21396.271180294225,Mid 50%
CUST01301,28149.77,12778.16,7037.4425,3.563414634146341,0.2101729587950949,21380.723705517852,Mid 50%
CUST00054,37730.58,19964.17,7546.116,3.99617067833698,0.3441613647317727,21348.81074337374,Mid 50%
CUST00136,58114.85,36901.81,9685.808333333332,3.6464226289517474,0.4403268519771486,21337.647132405185,Mid 50%
CUST00824,26402.6,11955.88,5280.5199999999995,5.4191394658753715,0.31008570931449,21311.36881070678,Mid 50%
CUST00494,35227.1,22275.37,5871.183333333333,4.518556701030928,0.2569153506320722,21280.060196203158,Mid 50%
CUST01868,53088.74,26315.66,7584.105714285714,3.9824766355140184,0.3477311423965481,21266.37376083517,Mid 50%
CUST01468,18777.07,10696.380000000001,4694.2675,4.969387755102041,0.1558611188791501,21256.600383139183,Mid 50%
CUST00813,34018.01,18285.52,8504.5025,3.1691973969631237,0.2694667316329902,21254.328385348348,Mid 50%
CUST01647,3345.87,1478.4,1672.935,13.281818181818183,0.1140961010123362,21248.70148281487,Mid 50%
CUST01534,40442.38,21435.15,8088.476,3.439265536723164,0.2924473773853711,21247.13308948305,Mid 50%
CUST01975,44807.68,24635.55,4978.631111111111,5.571610169491525,0.2904929389925502,21244.99225622484,Mid 50%
CUST00601,9542.25,4613.48,2385.5625,10.902985074626866,0.24366294707613662,21235.416232264728,Mid 50%
CUST01847,22710.07,11648.949999999999,4542.014,6.407894736842105,0.3241118582008499,21234.78404303502,Mid 50%
CUST01762,35211.9,16761.93,4401.4875,6.190677966101695,0.2781125940418686,21233.243250918185,Mid 50%
CUST00038,24552.949999999997,13322.529999999999,8184.316666666666,3.4896496815286624,0.3127087286367498,21189.185767579842,Mid 50%
CUST01518,32701.93,15806.2,3270.193,7.754777070063694,0.2273671587207527,21150.7148587341,Mid 50%
CUST01775,36359.77,21071.469999999998,9089.9425,2.7359550561797756,0.2129425230672924,21129.33010083333,Mid 50%
CUST00636,26006.97,13196.619999999999,6501.7425,3.8246073298429315,0.2132834045266815,21117.57834563443,Mid 50%
CUST00910,29642.239999999998,14944.85,5928.447999999999,4.520420792079208,0.2722184363338286,21053.78155793555,Mid 50%
CUST00649,10743.01,5345.54,3581.0033333333336,5.891129032258065,0.0766861972542924,21026.247513473332,Mid 50%
CUST00183,86844.49,47306.04,9649.387777777778,3.8447368421052635,0.4749728240498462,21026.033239207674,Mid 50%
CUST00478,36093.01,21450.29,7218.602000000001,3.6525000000000003,0.2612879697646905,21024.596904462964,Mid 50%
CUST01608,30969.68,14657.56,6193.936,4.307193396226415,0.2702054282971413,21017.008449162426,Mid 50%
CUST01673,38763.85,20958.16,6460.641666666666,4.073420074349443,0.2605076047749809,21007.66337107393,Mid 50%
CUST00394,41887.46,27227.47,8377.492,3.3945167286245352,0.3170468466592648,20964.865175369716,Mid 50%
CUST01249,22671.7,13321.97,5667.925,4.115492957746479,0.1679901250997789,20949.98048477762,Mid 50%
CUST00850,6883.42,3362.04,2294.4733333333334,11.181122448979592,0.24366294707613662,20945.60838654771,Mid 50%
CUST00476,37289.19,20772.89,6214.865000000001,4.305500982318271,0.2751999357567312,20935.47405089583,Mid 50%
CUST00173,43884.67,22710.8,7314.111666666667,4.006398537477148,0.3403571346882653,20865.739871957252,Mid 50%
CUST00666,43485.59,25572.95,6212.227142857142,4.205180921052631,0.2601903502856383,20862.252048851653,Mid 50%
CUST01325,46652.15,26152.01,6664.592857142858,4.549377224199288,0.3641228192785547,20811.721067875696,Mid 50%
CUST00192,29718.83,13267.12,5943.7660000000005,4.276932084309133,0.2435470767983837,20757.98275951518,Mid 50%
CUST00181,36015.5,18196.4,4501.9375,6.177589852008457,0.309569365315227,20727.540357149002,Mid 50%
CUST00791,10208.62,6147.140000000001,5104.31,4.6234177215189876,0.1864212180264253,20725.688840434956,Mid 50%
CUST01175,55792.58,31023.530000000002,6974.0725,4.290748898678414,0.3587380199693093,20714.01246912431,Mid 50%
CUST01429,18887.6,11407.37,4721.9,6.012345679012346,0.3248870097772511,20689.327602640995,Mid 50%
CUST00232,14385.73,7854.3,7192.865,3.3054298642533935,0.1949865859076276,20660.56325276632,Mid 50%
CUST00642,41483.03,24006.34,6913.838333333333,3.9344703770197484,0.2969839064043804,20643.339320962183,Mid 50%
CUST01264,50539.46,30450.71,12634.865,2.545296167247387,0.4060224086478006,20619.976907070006,Mid 50%
CUST01461,35547.48,17475.82,4443.435,5.630057803468208,0.2368031424415339,20609.97395497096,Mid 50%
CUST01623,48255.95,27803.010000000002,6031.99375,5.555133079847909,0.4308288292744127,20587.680927926463,Mid 50%
CUST01527,54343.39,29739.16,5434.339,5.81608280254777,0.3975025422911292,20556.146796074576,Mid 50%
CUST01819,26312.76,10495.01,5262.552,4.793307086614174,0.2460059501096959,20530.936334778475,Mid 50%
CUST00843,17413.84,9552.82,4353.46,5.3127272727272725,0.1787390872227246,20504.180587175462,Mid 50%
CUST01168,19740.22,10200.1,3290.036666666667,7.024038461538462,0.1810817188546624,20428.54188670771,Mid 50%
CUST01885,31954.07,17345.58,10651.356666666667,2.6660583941605838,0.3341052324150745,20412.179157082726,Mid 50%
CUST00514,19097.8,11801.34,6365.933333333333,3.5808823529411766,0.1710911188441363,20397.085483248276,Mid 50%
CUST00985,30496.87,13784.21,7624.2175,3.0374220374220378,0.1842868701848129,20391.40045952337,Mid 50%
CUST00224,57184.47,30167.670000000002,6353.83,4.5404005524861875,0.3465548900720553,20349.233497619556,Mid 50%
CUST01349,20050.63,12697.43,5012.6575,4.387387387387387,0.1445840932182934,20307.68975726741,Mid 50%
CUST00142,35310.64,17108.8,5885.106666666667,4.3396039603960395,0.264170435978279,20285.739895408475,Mid 50%
CUST01104,9911.66,5711.789999999999,3303.8866666666668,6.8484375,0.173392015439245,20189.49323542208,Mid 50%
CUST01590,11645.8,7693.87,3881.933333333333,5.397783251231528,0.1114427427741592,20098.24410051915,Mid 50%
CUST00537,27392.399999999998,13532.56,3043.6,7.698477751756441,0.2058851067381295,20085.606943005732,Mid 50%
CUST01717,31070.37,13633.84,5178.3949999999995,5.072916666666667,0.2917049507256549,20085.206134341875,Mid 50%
CUST00301,20363.05,11589.550000000001,6787.683333333333,3.3004518072289155,0.1694655457894341,20084.536154278983,Mid 50%
CUST01635,27215.64,13210.14,3401.955,7.341708542713568,0.2566552504477593,20041.266655992793,Mid 50%
CUST00491,67217.5,39099.03,11202.916666666666,2.6245508982035926,0.370424760564822,19982.182836842498,Mid 50%
CUST00639,2035.5600000000002,781.7,2035.5600000000002,12.0,0.24366294707613662,19942.964460642892,Mid 50%
CUST01947,26211.65,12511.619999999999,6552.9125,3.520481927710844,0.1992854439742609,19939.91927760347,Mid 50%
CUST01251,44472.22,24468.54,5559.0275,4.986348122866894,0.3345634186465371,19911.192634864194,Mid 50%
CUST01293,3490.75,1247.31,1745.375,14.048076923076922,0.2485339928165073,19889.513104759422,Mid 50%
CUST00789,37618.56,21446.09,6269.759999999999,4.2636186770428015,0.3111346142426702,19878.006108924597,Mid 50%
CUST01610,10675.43,4934.889999999999,2668.8575,8.908536585365853,0.2266549457998405,19847.88570201795,Mid 50%
CUST00047,15067.2,6954.719999999999,5022.400000000001,4.230694980694981,0.135228649160147,19835.058748096984,Mid 50%
CUST00814,27025.83,15243.58,6756.4575,4.092436974789916,0.337221480639691,19782.38536469534,Mid 50%
CUST00609,51334.51,25327.53,10266.902,2.7881679389312977,0.3610758538117943,19743.167541419134,Mid 50%
CUST00638,26249.35,13363.92,5249.87,4.7807591623036645,0.2714241718772919,19739.191396689417,Mid 50%
CUST00117,19385.11,10201.0,9692.555,2.3117088607594938,0.1841434894902489,19733.05741105255,Mid 50%
CUST00603,53614.94,27233.69,6701.8675,4.216450216450217,0.3540036796074977,19705.254246426055,Mid 50%
CUST00072,19329.01,10501.939999999999,4832.2525,4.608832807570979,0.180983346074644,19689.853739100396,Mid 50%
CUST00832,54743.35,32811.35,6082.594444444444,4.400602409638554,0.3204698629364491,19634.457206323772,Mid 50%
CUST00279,34870.68,19969.25,17435.34,1.4156976744186045,0.2647933103266139,19589.329606630326,Mid 50%
CUST01585,40819.11,20256.39,6803.185,3.495215311004785,0.2375155256476547,19571.60329608392,Mid 50%
CUST01323,18734.010000000002,8845.61,6244.670000000001,3.4566246056782335,0.1602042858625564,19567.914773439697,Mid 50%
CUST00048,28094.55,17581.28,5618.91,5.202991452991453,0.3808457818705436,19539.489303580616,Mid 50%
CUST00114,33130.88,17364.6,5521.813333333333,4.59433962264151,0.28666749202336,19534.66722263747,Mid 50%
CUST01906,12975.400000000001,7385.990000000001,3243.8500000000004,6.671232876712328,0.1639311357261192,19530.713046308654,Mid 50%
CUST00263,15506.45,8129.360000000001,7753.225,2.6467391304347827,0.1212821466511892,19464.89924659184,Mid 50%
CUST01180,66850.55,34197.59,13370.11,2.3656088082901556,0.4310488505270816,19425.04673232764,Mid 50%
CUST00083,41438.2,28026.760000000002,8287.64,3.5461165048543686,0.3881520010240882,19410.494784187737,Mid 50%
CUST01672,32113.39,17943.72,6422.678,3.9358836206896552,0.289617022233323,19384.74659528372,Mid 50%
CUST00063,28711.95,12589.32,4785.325,5.072916666666667,0.2614420275932078,19353.65261505811,Mid 50%
CUST01951,24427.7,13243.230000000001,6106.925,3.7270408163265305,0.2125428403743393,19347.410907207515,Mid 50%
CUST00363,7823.58,4635.35,1955.895,10.58695652173913,0.1350448080318603,19333.89964781521,Mid 50%
CUST00555,49577.92,27892.320000000003,7082.5599999999995,3.8274700598802394,0.3404893605053933,19298.9221753213,Mid 50%
CUST00082,31026.39,15706.529999999999,3878.29875,5.879275653923541,0.2165134011496513,19284.38706252817,Mid 50%
CUST00501,59042.229999999996,32725.79,7380.2787499999995,4.210374639769452,0.4251417753380215,19282.504432394264,Mid 50%
CUST01804,46477.2,27405.84,5809.65,4.728155339805825,0.3497741296976368,19280.359815463984,Mid 50%
CUST00124,33671.21,18629.61,4810.172857142857,5.837328767123288,0.36584363562503,19221.194660207864,Mid 50%
CUST01856,7288.66,3801.42,3644.33,5.411111111111111,0.0987178116061542,19185.544109871942,Mid 50%
CUST01510,26582.22,15085.39,4430.37,5.0846867749419955,0.2116874182678604,19169.54676206323,Mid 50%
CUST01149,39579.47,21528.57,5654.21,4.5984712230215825,0.3178663096498165,19145.384432977007,Mid 50%
CUST01078,29040.230000000003,15141.6,4840.038333333334,4.827092511013216,0.2411893659133349,19137.139210768164,Mid 50%
CUST00088,23182.88,12589.310000000001,4636.576,5.144366197183099,0.2581029389546526,19102.143073956286,Mid 50%
CUST01398,11856.83,6899.48,2964.2075,8.116666666666667,0.265236218623628,19082.85003298759,Mid 50%
CUST00732,29611.42,15164.7,4935.236666666667,4.692719486081371,0.2392747179774431,19018.208849884322,Mid 50%
CUST00145,22225.4,10751.7,4445.08,5.0034246575342465,0.2082322882338904,19008.765692334127,Mid 50%
CUST01237,29918.08,14392.990000000002,4986.346666666667,5.371323529411765,0.3432370481029749,18988.104404440415,Mid 50%
CUST01853,51689.57,28242.59,10337.914,2.8759842519685037,0.4087872157288154,18974.590825190186,Mid 50%
CUST00686,35340.92,19659.23,5048.702857142857,5.3154885654885655,0.3454770401685732,18960.817974088048,Mid 50%
CUST00479,7914.69,3791.33,1978.6725,11.4140625,0.2226723928448345,18950.795297817735,Mid 50%
CUST01262,47063.96,22987.190000000002,5882.995,4.278184480234261,0.3036012178709567,18920.17610006895,Mid 50%
CUST00962,42782.46,22091.59,7130.41,3.865079365079365,0.3640724038323159,18918.633959841336,Mid 50%
CUST01632,60793.29,31623.949999999997,7599.16125,3.9168900804289546,0.4113596033718916,18913.255586668918,Mid 50%
CUST01593,15357.890000000001,7509.210000000001,3839.4725000000003,5.939024390243903,0.2316588147350505,18912.54470195385,Mid 50%
CUST01516,8051.15,3247.7100000000005,2683.7166666666667,8.627952755905513,0.24366294707613662,18904.664866867766,Mid 50%
CUST00645,21643.05,12173.75,4328.61,5.058864265927978,0.2007400442798103,18892.904279603095,Mid 50%
CUST00550,50048.74,27865.78,10009.748,2.9646915584415585,0.4117999493221005,18842.429654582516,Mid 50%
CUST00831,19772.59,11937.65,4943.1475,4.198275862068965,0.1599145011138569,18819.462439207695,Mid 50%
CUST00585,10905.68,6490.8099999999995,2726.42,7.983606557377049,0.2013160586265046,18766.186225527876,Mid 50%
CUST01460,46384.25,26363.670000000002,9276.85,2.922,0.3595131320950663,18741.319298982988,Mid 50%
CUST00307,27673.43,15398.53,5534.686,5.158898305084746,0.3927047954744932,18717.980472104035,Mid 50%
CUST01413,41114.3,17688.920000000002,5873.471428571429,4.097355769230769,0.2800142079417807,18703.877346168578,Mid 50%
CUST00682,8704.630000000001,4891.9800000000005,4352.3150000000005,4.297058823529412,0.0744425737248698,18685.476306472076,Mid 50%
CUST01600,33445.0,18724.06,4777.857142857143,4.983918128654971,0.2753956968651298,18625.76643898645,Mid 50%
CUST01063,24622.29,13189.27,4924.4580000000005,4.909274193548387,0.2874604124707001,18594.902649145944,Mid 50%
CUST00660,20316.34,10843.12,5079.085,3.9918032786885247,0.1505676313662039,18590.56555484577,Mid 50%
CUST00742,33880.89,19848.95,4235.11125,6.012345679012346,0.3238845897153937,18583.98234571608,Mid 50%
CUST00539,16070.09,8784.22,3214.018,6.0875,0.120657710047938,18571.818175342047,Mid 50%
CUST01766,62983.18,34148.7,6298.318,4.438031591737546,0.3845883801438526,18569.0570227732,Mid 50%
CUST00859,17029.920000000002,11173.160000000002,8514.960000000001,2.4513422818791946,0.1760445361416424,18565.193943950635,Mid 50%
CUST00435,3732.75,1701.02,1244.25,18.2625,0.24366294707613662,18552.072785230852,Mid 50%
CUST01688,29688.09,15061.630000000001,5937.618,3.893923240938166,0.2572496012858093,18537.523626976163,Mid 50%
CUST01498,21159.36,13166.36,4231.872,5.247844827586206,0.2270654749325525,18529.572469118826,Mid 50%
CUST00918,15322.18,8636.67,3064.436,6.68956043956044,0.1643473840067348,18491.966532747603,Mid 50%
CUST01670,15795.76,8317.95,3159.152,6.297413793103448,0.1398992339916196,18471.036724075566,Mid 50%
CUST00553,17384.43,9097.539999999999,4346.1075,4.712903225806452,0.1657248105789412,18446.224877282868,Mid 50%
CUST01154,13784.01,7234.57,4594.67,4.7435064935064934,0.2219428059584546,18305.202222059706,Mid 50%
CUST00324,33608.340000000004,16953.600000000002,4801.191428571429,4.945357833655706,0.2860398944821501,18299.10599876667,Mid 50%
CUST00628,29593.9,15554.24,7398.475,2.9695121951219514,0.229337752994258,18276.818218371125,Mid 50%
CUST00132,53494.14,30314.590000000004,6686.7675,3.76061776061776,0.3269568548722817,18269.5354858885,Mid 50%
CUST01307,8382.5,4247.0,2095.625,8.748502994011975,0.0772016389916006,18262.629738780553,Mid 50%
CUST01753,33862.11,17320.460000000003,11287.37,2.4404231625835187,0.386490974630664,18242.65479061878,Mid 50%
CUST00265,15319.76,8061.5599999999995,3829.94,5.255395683453237,0.1606697323924567,18236.414686544817,Mid 50%
CUST00489,20241.239999999998,9161.31,5060.3099999999995,3.9918032786885247,0.1646631791473673,18214.491978217586,Mid 50%
CUST01423,40682.59,21379.12,8136.517999999999,2.8669544740973314,0.2767018848765473,18213.185197177827,Mid 50%
CUST01315,57101.26,34014.05,5710.126,4.955902306648576,0.4055354580423566,18159.486669755865,Mid 50%
CUST00436,45816.05,26540.1,5727.00625,4.6528662420382165,0.3719380087924148,18065.91326452876,Mid 50%
CUST00282,23854.69,11452.24,2981.83625,7.435114503816794,0.2458678612229528,18047.958554041812,Mid 50%
CUST00275,23690.690000000002,13419.180000000002,5922.672500000001,3.5120192307692304,0.1980339302869058,18006.93439016943,Mid 50%
CUST01619,18189.93,11271.48,6063.31,3.3509174311926606,0.1823464819151444,17932.960570142353,Mid 50%
CUST00654,59433.26,34490.01,8490.465714285714,3.833208395802099,0.4896461746492562,17929.761051795722,Mid 50%
CUST00153,36766.0,20859.190000000002,6127.666666666667,3.752568493150685,0.2802204341285403,17866.21095587253,Mid 50%
CUST00964,1822.5,1222.89,1822.5,12.0,0.24366294707613662,17855.554603903427,Mid 50%
CUST01139,26364.75,15015.1,5272.95,4.031456953642384,0.2222469807861696,17847.055327484777,Mid 50%
CUST00512,60018.91,33476.58,7502.36375,3.76061776061776,0.4148602347055927,17820.755309237218,Mid 50%
CUST00995,51731.22,29713.2,8621.87,2.949528936742934,0.3518821781485737,17791.693137651182,Mid 50%
CUST00223,44634.369999999995,24428.61,3719.530833333333,6.671232876712328,0.3372254797021841,17752.897781351257,Mid 50%
CUST00651,30802.79,18625.46,10267.596666666666,2.9298128342245993,0.4547087030302382,17707.058734371552,Mid 50%
CUST00266,43216.42,28425.81,10804.105,2.1969924812030075,0.3093698100848872,17695.877776710156,Mid 50%
CUST01132,54791.83,30557.65,6848.97875,4.198275862068965,0.4298991811080003,17695.288175701367,Mid 50%
CUST01057,37573.39,19298.34,5367.627142857143,4.485526315789474,0.3195467360515047,17684.925517467942,Mid 50%
CUST00612,9817.599999999999,4117.33,3272.533333333333,6.600903614457831,0.24366294707613662,17636.48491749105,Mid 50%
CUST01787,41424.09,24237.68,8284.818,2.908041401273885,0.32254798648272,17618.595287406104,Mid 50%
CUST00412,16050.449999999999,6655.18,3210.0899999999997,6.363240418118467,0.2032239374031383,17568.75567574257,Mid 50%
CUST01177,12185.6,7321.77,4061.866666666667,4.723060344827586,0.1534822215070384,17530.504939111972,Mid 50%
CUST00929,40589.95,21040.36,8117.99,2.7339071856287425,0.2692280275628078,17507.4681510707,Mid 50%
CUST01302,28701.39,15145.95,9567.13,2.3872549019607843,0.2918914931850633,17457.79803771002,Mid 50%
CUST01530,15412.369999999999,10482.69,5137.456666666666,3.778448275862069,0.1672274781845542,17450.072033044136,Mid 50%
CUST01582,64018.590000000004,34276.13,5819.8718181818185,4.811676646706586,0.4243465755572977,17401.237337421695,Mid 50%
CUST01614,39463.130000000005,22078.100000000002,6577.188333333334,3.7081218274111674,0.340042886420962,17374.774246946767,Mid 50%
CUST00771,32850.38,16756.58,4692.911428571429,4.665602189781022,0.2663955470209847,17338.8866219245,Mid 50%
CUST01147,51419.65,27807.81,7345.664285714286,3.3730211081794197,0.3519579918219029,17332.550669240427,Mid 50%
CUST01159,49506.99,27887.120000000003,7072.427142857143,3.595991561181435,0.3702927101493863,17287.613770996904,Mid 50%
CUST00340,45617.74,24190.32,5702.2175,4.271929824561403,0.3432816962069601,17268.562770795048,Mid 50%
CUST01536,44414.81,23538.88,7402.468333333333,3.27089552238806,0.3397709588115494,17256.274404619944,Mid 50%
CUST00474,33665.56,20988.05,16832.78,1.1878048780487804,0.200730246363658,17250.572570466025,Mid 50%
CUST01463,51017.39,26610.25,12754.3475,2.1359649122807016,0.4142936697428556,17224.295263157648,Mid 50%
CUST01802,26067.78,14469.630000000001,5213.556,4.141156462585034,0.2612278873048407,17217.70884897608,Mid 50%
CUST00062,38773.08,23108.54,9693.27,2.545296167247387,0.3557691946501955,17157.709298757476,Mid 50%
CUST01562,58391.58,30890.01,7298.9475,3.7509627727856225,0.4196200816686766,17152.386530376745,Mid 50%
CUST00743,46093.1,25279.41,9218.619999999999,2.564957865168539,0.3280118150708948,17152.086966433442,Mid 50%
CUST00414,33873.5,15777.02,5645.583333333333,4.043357933579336,0.3052668563197144,17118.992955110207,Mid 50%
CUST01557,25651.64,12363.800000000001,3664.52,5.784502262443438,0.2518834323887263,17118.336073640752,Mid 50%
CUST00874,30157.25,17349.09,7539.3125,3.006172839506173,0.3006486656175753,17110.01079795423,Mid 50%
CUST00202,28805.3,15014.98,9601.766666666666,2.25,0.2663770700270683,17108.65021560892,Mid 50%
CUST00500,30862.280000000002,18640.100000000002,5143.713333333334,3.970108695652174,0.224167599312089,17102.36815242473,Mid 50%
CUST01710,33246.6,16891.65,6649.32,3.4071828358208953,0.301906411168507,17072.436533657787,Mid 50%
CUST01117,37808.62,18788.920000000002,7561.724,3.116467576791809,0.3290900288792975,17066.987297610976,Mid 50%
CUST00903,59286.8,31610.09,5928.68,4.876502002670227,0.4533665696902322,17059.71569398117,Mid 50%
CUST00790,15528.130000000001,8802.43,3882.0325000000003,4.7901639344262295,0.1536931444268034,16988.169542090403,Mid 50%
CUST01725,47212.33,24436.83,11803.0825,2.293563579277865,0.419131838172638,16974.343376315763,Mid 50%
CUST00761,15858.47,7997.7,3964.6175,4.821782178217822,0.1786862857330374,16948.338913429536,Mid 50%
CUST01453,45438.68,26831.64,7573.113333333334,3.2806886227544907,0.368993006755056,16923.213181000418,Mid 50%
CUST01788,36620.84,19061.829999999998,4068.982222222222,5.460548172757475,0.2944999800384708,16921.08666091494,Mid 50%
CUST00333,26095.28,14555.769999999999,4349.213333333333,4.527892561983471,0.2084653632043044,16826.195562388235,Mid 50%
CUST00624,1716.48,349.3499999999999,1716.48,12.0,0.24366294707613662,16816.84629163685,Mid 50%
CUST00750,21894.12,12967.2,5473.53,3.7365728900255752,0.2397399000889007,16784.65209565907,Mid 50%
CUST00454,18106.24,8965.45,3017.706666666667,6.370639534883721,0.1921057713780035,16765.779284773238,Mid 50%
CUST01388,17479.57,9230.75,5826.5233333333335,3.640365448504983,0.2696796024302852,16721.571430120417,Mid 50%
CUST01260,46377.53,26796.59,7729.588333333333,3.345801526717557,0.4015232642057994,16707.558744907907,Mid 50%
CUST01780,14046.87,6016.17,3511.7175,4.952542372881356,0.1102003806440956,16705.10353165644,Mid 50%
CUST00807,4360.219999999999,930.3599999999997,2180.1099999999997,7.940217391304349,0.106926854432512,16688.10465037115,Mid 50%
CUST00356,32382.95,13120.920000000002,6476.59,3.2039473684210527,0.2560862046692704,16663.398283652205,Mid 50%
CUST00704,29122.300000000003,16485.6,5824.460000000001,3.357077205882353,0.2120944623875779,16630.309557667948,Mid 50%
CUST00488,40038.16,21592.0,6673.026666666668,3.683193277310924,0.3756764319838034,16564.040492504602,Mid 50%
CUST01769,38999.22,23092.489999999998,6499.87,3.4896496815286624,0.3236609693751755,16559.992538833932,Mid 50%
CUST00575,25134.65,13447.97,8378.216666666667,2.306842105263158,0.2063598019591465,16557.787247276767,Mid 50%
CUST01513,24599.760000000002,11789.16,4099.96,5.437965260545905,0.3145841145970498,16496.028498625496,Mid 50%
CUST00937,49925.63,27704.18,8320.938333333334,3.241863905325444,0.4348856067949556,16455.558825280943,Mid 50%
CUST01602,22708.629999999997,14441.029999999999,7569.543333333332,3.0269337016574585,0.3347315593221789,16454.272830978658,Mid 50%
CUST00632,15870.65,9239.68,3967.6625,4.853820598006644,0.2085568506074991,16453.085386061804,Mid 50%
CUST01196,39789.57,20803.03,9947.3925,2.4228855721393034,0.3675971080523327,16453.003485372763,Mid 50%
CUST00786,31431.819999999996,19999.23,10477.273333333333,1.9672351885098742,0.2613222266723022,16434.96462789735,Mid 50%
CUST00227,12533.050000000001,7311.670000000001,4177.683333333333,4.9358108108108105,0.2632200327731622,16399.893041142906,Mid 50%
CUST01050,26282.97,14464.119999999999,5256.594,3.6598196392785574,0.2115772692983608,16373.157490089554,Mid 50%
CUST00825,15929.539999999999,7290.26,2654.923333333333,7.092233009708738,0.1957694406667863,16346.49837452155,Mid 50%
CUST01922,41157.64,22468.26,8231.528,3.6235119047619047,0.4925382838460161,16338.892684650877,Mid 50%
CUST01752,25496.6,11867.34,3642.371428571428,5.94593023255814,0.3013097354284821,16334.201761670489,Mid 50%
CUST01835,11288.43,4684.67,3762.81,4.454268292682927,0.0972693552944072,16332.626533192068,Mid 50%
CUST01085,13914.4,7610.77,4638.133333333333,4.214423076923077,0.226573260822033,16319.608173029028,Mid 50%
CUST00210,20340.94,11698.720000000001,5085.235,3.69873417721519,0.1972626251286944,16298.46918762513,Mid 50%
CUST01746,29967.559999999998,17829.489999999998,9989.186666666666,2.259278350515464,0.3311677329719354,16293.945924032934,Mid 50%
CUST00589,19149.64,10401.0,6383.213333333333,3.0185950413223144,0.2183917870869767,16257.078838504858,Mid 50%
CUST01529,37457.73,20595.37,7491.546,2.8850710900473935,0.3067719015428495,16173.846280678677,Mid 50%
CUST01189,24552.95,11617.08,6138.2375,3.537530266343826,0.3104998735379984,16161.712866101252,Mid 50%
CUST00413,31636.24,18888.66,6327.2480000000005,3.284622302158273,0.2806195239038821,16138.684282124255,Mid 50%
CUST00581,35998.08,19675.59,5142.582857142857,4.157317073170732,0.3012661815033257,16125.581859424732,Mid 50%
CUST00611,32699.02,18830.22,5449.836666666667,4.518556701030928,0.3937969256047678,16114.266495000093,Mid 50%
CUST00957,22596.9,12189.64,4519.38,5.129915730337078,0.3571274271046741,16088.782187491273,Mid 50%
CUST01551,14041.9,7369.110000000001,4680.633333333333,4.527892561983471,0.296829812687501,16086.826136947615,Mid 50%
CUST00170,15769.56,8645.92,3942.39,4.413897280966768,0.1483333376110037,15997.813827215396,Mid 50%
CUST00030,24197.620000000003,13959.73,8065.873333333334,2.3363539445629,0.2151467496848844,15965.68952194484,Mid 50%
CUST01944,14702.34,8535.18,3675.585,5.3713235294117645,0.2559282516901347,15857.392709774876,Mid 50%
CUST00578,24157.4,14167.970000000001,4831.4800000000005,4.5092592592592595,0.3278127559154521,15808.28811984608,Mid 50%
CUST00006,17987.96,9121.529999999999,5995.986666666667,4.247093023255814,0.4258054765646213,15784.130463164875,Mid 50%
CUST01137,31506.15,19121.14,5251.025000000001,3.7719449225473323,0.266930785018055,15673.413612643179,Mid 50%
CUST01999,14407.4,9408.48,4802.466666666666,3.844736842105263,0.2147768472719528,15650.681707314958,Mid 50%
CUST00441,13203.11,7719.58,2640.6220000000003,6.68956043956044,0.1810545668208705,15615.934140480465,Mid 50%
CUST00064,53727.78,30946.47,10745.556,2.156139315230224,0.3767101618674789,15588.522026472867,Mid 50%
CUST00940,28124.41,16806.690000000002,5624.882,3.553015564202335,0.2777201658598534,15582.071753786258,Mid 50%
CUST01011,30658.829999999998,16961.13,7664.7074999999995,2.5676625659050965,0.2674616787463051,15562.274394402602,Mid 50%
CUST01023,22918.8,13262.59,7639.599999999999,2.361530172413793,0.2012130919149137,15556.22590419681,Mid 50%
CUST00104,17143.69,9041.130000000001,5714.563333333333,3.4566246056782335,0.2734970576145694,15491.084720376364,Mid 50%
CUST00820,7822.53,4009.38,2607.5099999999998,6.2258522727272725,0.1171766196497335,15470.623057399318,Mid 50%
CUST00077,14319.71,5816.429999999999,3579.9275,4.87,0.1781104375824252,15467.703625088032,Mid 50%
CUST01373,34234.950000000004,20963.46,5705.825000000001,3.892539964476021,0.3559264740366144,15441.737309378253,Mid 50%
CUST00131,3935.85,1897.2800000000002,1967.925,8.908536585365853,0.1858801297122591,15406.80016985428,Mid 50%
CUST01874,32916.04,18347.05,10972.013333333334,1.9257469244288223,0.325942586363271,15374.167679800958,Mid 50%
CUST00375,55021.61,31723.71,6113.512222222223,3.994228432563791,0.4179361831370033,15342.759258401878,Mid 50%
CUST00520,29353.39,16992.02,7338.3475,3.2611607142857144,0.4081599944707008,15289.17239393208,Mid 50%
CUST00156,13505.380000000001,7349.89,4501.793333333334,3.546116504854369,0.1157495841552324,15237.826013808353,Mid 50%
CUST00341,56616.33,31841.8,8088.047142857143,3.1603831891223733,0.4481743091738891,15226.304713412374,Mid 50%
CUST01465,23245.32,12065.61,7748.44,2.3117088607594938,0.213852249481598,15200.601452367015,Mid 50%
CUST01274,48511.4,25926.82,6930.2,3.5314226519337018,0.424924476829612,15192.510107582579,Mid 50%
CUST01736,36143.7,17271.83,5163.385714285714,3.838963963963964,0.2903959355708858,15183.569538668622,Mid 50%
CUST01981,54030.3,31513.03,9005.050000000001,2.493174061433447,0.3744294948413231,15160.871847467288,Mid 50%
CUST01564,22092.75,13161.17,4418.55,4.1224604966139955,0.2292373115691569,15155.356039895296,Mid 50%
CUST00368,13172.46,6857.17,3293.115,5.640926640926641,0.2442407378355698,15154.7930972161,Mid 50%
CUST01743,16711.84,8082.74,8355.92,2.2899686520376177,0.2673618047734487,15132.913550101382,Mid 50%
CUST00648,43588.45,24092.53,5448.55625,4.4815950920245395,0.4262312918888324,15123.771185423899,Mid 50%
CUST01792,46563.15,26530.81,6651.878571428571,3.5559805285118222,0.4089845504685397,15090.780591246445,Mid 50%
CUST00074,41046.26,24482.02,5863.751428571429,3.879742033383915,0.3865531515248047,15064.840072794432,Mid 50%
CUST00386,32401.23,19598.55,6480.246,3.2039473684210527,0.3284313433406616,15051.385137865755,Mid 50%
CUST00468,26436.39,11358.58,5287.278,4.150568181818182,0.3650564831582933,15041.251587383633,Mid 50%
CUST00390,10497.85,5964.28,2624.4625,5.9877049180327875,0.1173342828095113,14972.909661704387,Mid 50%
CUST00517,36948.37,16409.260000000002,6158.061666666667,3.330547112462006,0.3239308734548257,14967.866568394793,Mid 50%
CUST00370,46321.4,27799.91,4632.14,4.9761580381471395,0.3985810473350013,14964.497420004585,Mid 50%
CUST01840,17172.45,8780.41,4293.1125,3.8960000000000004,0.1720578492722786,14948.595653452474,Mid 50%
CUST01024,11917.62,6747.57,2979.405,5.662790697674418,0.1793856958298765,14945.426713543207,Mid 50%
CUST00797,13569.66,6405.92,6784.83,2.476271186440678,0.176155628495957,14941.408442024785,Mid 50%
CUST00504,2034.8400000000001,1141.69,1017.4200000000001,24.0,0.4336646117375904,14927.751484930683,Mid 50%
CUST00837,18776.28,10008.86,3755.256,4.883021390374332,0.2458897255921678,14926.989161484054,Mid 50%
CUST00098,36237.34,21320.489999999998,9059.335,2.300787401574803,0.3378331396082663,14898.736388380259,Mid 50%
CUST00528,47755.92,25809.47,9551.184,2.8313953488372094,0.4902277111205351,14881.377501550009,Mid 50%
CUST00061,21736.079999999998,10437.93,3622.68,5.782321899736147,0.3420812496005367,14876.942567189459,Mid 50%
CUST01277,4833.3,2790.17,2416.65,7.530927835051547,0.24366294707613662,14858.904924360311,Mid 50%
CUST00781,5028.0599999999995,2257.0499999999997,1257.0149999999999,14.465346534653465,0.24366294707613662,14845.466983929296,Mid 50%
CUST00805,25099.72,11966.82,4183.286666666667,4.472448979591837,0.2673255902898536,14797.325547086153,Mid 50%
CUST00973,19128.62,8690.130000000001,3825.7239999999997,4.9358108108108105,0.2748054811301323,14782.089839817514,Mid 50%
CUST01286,36293.66,22170.48,7258.732000000001,2.998768472906404,0.3725152378219282,14744.02526606324,Mid 50%
CUST01550,56642.66,29835.760000000002,8091.808571428572,3.0150353773584904,0.4405850509581885,14732.663322833736,Mid 50%
CUST00794,20477.239999999998,11818.94,5119.3099999999995,3.421545667447307,0.2214188164863409,14721.32354603286,Mid 50%
CUST00200,30242.82,18521.7,7560.705,2.7156133828996283,0.3378651711006374,14675.261559477129,Mid 50%
CUST00703,37104.12,18241.96,7420.8240000000005,3.198336252189142,0.4277427227283448,14661.444495602871,Mid 50%
CUST01901,55798.29,30736.95,5579.829,4.8313492063492065,0.4962684418282618,14658.774455414163,Mid 50%
CUST00448,30799.8,14797.949999999999,5133.3,3.563414634146341,0.2582691368148145,14645.983469422752,Mid 50%
CUST01281,31984.539999999997,18001.420000000002,7996.134999999999,2.426910299003322,0.3031082721672641,14598.503423219214,Mid 50%
CUST01611,36736.96,18065.52,4081.8844444444444,5.112363919129082,0.3530931836842273,14572.47699731504,Mid 50%
CUST00021,31344.91,15467.65,4477.844285714285,4.164087947882736,0.2788286855235819,14515.650688340169,Mid 50%
CUST01508,48681.39,27982.3,8113.565,2.6435464414957783,0.3736254936898321,14502.468198613133,Mid 50%
CUST01908,18352.78,10161.869999999999,4588.195,3.9486486486486485,0.2593732876096465,14484.346817136147,Mid 50%
CUST01912,24395.22,13462.890000000001,6098.805,3.3054298642533935,0.3352716978638986,14465.253486057973,Mid 50%
CUST00956,10092.39,5183.02,5046.195,3.3204545454545458,0.2005927200605066,14459.019767236672,Mid 50%
CUST00577,52500.77,28973.14,7500.11,2.912015945330296,0.3879447262240736,14429.829854344052,Mid 50%
CUST01509,8889.029999999999,4735.3,1777.8059999999998,8.415898617511521,0.1072375831801712,14418.827495855285,Mid 50%
CUST01764,42138.1,20288.73,6019.728571428571,3.395418326693227,0.3471626836940285,14404.041130293112,Mid 50%
CUST00933,33540.96,19643.08,8385.24,2.5767195767195767,0.3840958111309935,14364.979031141296,Mid 50%
CUST01553,19220.05,10303.65,3844.0099999999998,4.565625,0.2428160922006368,14344.826704054172,Mid 50%
CUST01458,27122.36,15986.86,9040.786666666667,1.9959016393442621,0.2656720600771461,14303.574855592418,Mid 50%
CUST01067,49445.67,29907.9,6180.70875,3.7034220532319395,0.4223417790727099,14273.209159172462,Mid 50%
CUST01151,29088.649999999998,17020.43,4848.108333333333,3.7590051457975986,0.2749127500550875,14264.110306957964,Mid 50%
CUST01574,25928.45,13607.030000000002,5185.6900000000005,3.8206066945606696,0.3372933318387335,14173.248709269255,Mid 50%
CUST01882,26332.41,13438.33,5266.482,3.9529220779220777,0.3715447739278592,14122.851213571726,Mid 50%
CUST00800,13516.789999999999,6069.41,2703.3579999999997,5.7976190476190474,0.1663090608045959,14104.818530627967,Mid 50%
CUST00121,20808.16,12639.32,5202.04,3.7654639175257736,0.3329701406140277,14104.140876885844,Mid 50%
CUST01362,31392.7,16343.43,3924.0875,4.495384615384616,0.260713549293727,14077.562645051232,Mid 50%
CUST01556,35706.46,19674.9,5100.922857142857,3.8274700598802394,0.3320545250595241,14077.020852364842,Mid 50%
CUST00580,26183.57,11667.300000000001,5236.714,3.7043610547667343,0.3277649088963115,14076.754249490567,Mid 50%
CUST01896,30678.89,14966.000000000002,10226.296666666667,1.8603565365025465,0.3169182433739473,14028.022145491219,Mid 50%
CUST01211,27939.48,12171.689999999999,4656.58,3.733390119250426,0.2552760217437309,13975.744862851312,Mid 50%
CUST01873,18868.02,12602.17,4717.005,3.717557251908397,0.2630532918275755,13949.84138598043,Mid 50%
CUST01970,57596.32,30472.74,4114.022857142857,6.037190082644628,0.4828755913980425,13864.5497862716,Mid 50%
CUST01015,12875.98,6415.97,2575.196,5.968137254901961,0.1649881819117387,13853.225316821417,Mid 50%
CUST01083,28831.12,16433.03,5766.224,3.1058673469387754,0.2841550298974385,13838.931960943552,Mid 50%
CUST00839,57911.38,32785.92,7238.9225,3.370242214532872,0.4746381355004195,13835.752034504316,Mid 50%
CUST01424,52335.54,29799.289999999997,10467.108,2.3117088607594938,0.4706902417442174,13825.438914792463,Mid 50%
CUST00928,50184.3,27526.21,7169.185714285714,3.631747159090909,0.5090113500207043,13799.586501331829,Mid 50%
CUST01300,23845.31,12695.98,7948.436666666667,2.2686335403726705,0.2965576445316383,13692.532020749399,Mid 50%
CUST00450,16978.64,6397.209999999999,3395.728,4.531637717121588,0.1769307974857996,13672.049253962685,Mid 50%
CUST01833,8827.24,4982.2300000000005,2206.81,6.522321428571429,0.1206603932741921,13662.58761089043,Mid 50%
CUST01690,14208.07,8457.0,3552.0175,4.387387387387387,0.1906630509606665,13615.062247564649,Mid 50%
CUST00741,37422.32,21723.99,7484.464,2.8805205047318614,0.415370407120756,13605.723905079387,Mid 50%
CUST00393,47617.45,23979.91,6802.492857142856,3.2079673776662485,0.4248219679445204,13549.070806035532,Mid 50%
CUST00692,26140.69,13385.12,5228.138,3.0901015228426396,0.2237947072215676,13536.47465733508,Mid 50%
CUST01316,37806.39,19728.22,6301.065,3.366359447004608,0.4090187571606415,13531.854744992143,Mid 50%
CUST01292,23723.33,13284.07,7907.776666666668,2.392467248908297,0.3375898307380028,13528.092742218365,Mid 50%
CUST00665,12160.59,6778.82,6080.295,2.675824175824176,0.2297548017491235,13527.589239172517,Mid 50%
CUST00056,36193.88,20339.39,6032.313333333333,3.3976744186046512,0.3896842463020812,13502.97353786498,Mid 50%
CUST01928,22765.91,11553.42,5691.4775,2.9634888438133875,0.2586970533857552,13496.875148903911,Mid 50%
CUST00453,22920.53,11175.4,5730.1325,3.018595041322314,0.277917542951663,13482.346885240986,Mid 50%
CUST00691,17448.79,9808.36,5816.263333333333,2.7881679389312977,0.2300753908872363,13477.842452742598,Mid 50%
CUST01820,43674.66,21236.300000000003,4852.740000000001,4.114205256570713,0.3749975160265822,13469.8855477946,Mid 50%
CUST01483,36776.37,21114.37,9194.0925,2.2828125,0.4056603681948942,13465.515550419137,Mid 50%
CUST00854,29431.8,15535.91,5886.36,3.0796795952782463,0.3130530945435255,13442.644405279521,Mid 50%
CUST00234,35064.0,17813.539999999997,4383.0,4.516228748068007,0.3719015976840197,13420.98139859863,Mid 50%
CUST00421,44331.9,25139.58,5541.4875,4.008230452674897,0.4404562546892271,13415.975942896077,Mid 50%
CUST00722,12774.960000000001,6920.640000000001,6387.4800000000005,2.426910299003322,0.198949862562011,13404.54760530774,Mid 50%
CUST01640,29305.550000000003,16288.48,4884.258333333334,3.6956155143338956,0.3135048190095694,13376.179401085838,Mid 50%
CUST01599,14358.240000000002,8226.01,4786.080000000001,3.2039473684210527,0.1920879970172977,13373.29951709162,Mid 50%
CUST00349,29062.74,16382.0,5812.548000000001,2.9889525368248773,0.2869400748094763,13372.751809806337,Mid 50%
CUST01002,36326.6,17582.69,5189.5142857142855,3.606135401974612,0.338617146242058,13360.750595512474,Mid 50%
CUST00892,54337.68,29567.800000000003,7762.5257142857145,2.8376803551609324,0.4392525291199802,13333.465241415415,Mid 50%
CUST01968,49338.6,23343.74,6167.325,3.445754716981132,0.4192387440797467,13322.570107985728,Mid 50%
CUST01059,18460.78,10123.350000000002,4615.195,3.554744525547445,0.2490595523615391,13298.820704151873,Mid 50%
CUST01075,17458.85,6245.53,2909.808333333333,5.70703125,0.2583012877813582,13295.704156917274,Mid 50%
CUST01825,40596.869999999995,22137.120000000003,6766.1449999999995,3.2039473684210527,0.4356919503193945,13205.416498404453,Mid 50%
CUST01116,23677.78,13338.869999999999,5919.445,3.2466666666666666,0.3640885024626104,13192.422552710197,Mid 50%
CUST00085,31592.41,20030.97,7898.1025,2.7618147448015122,0.4397547078455026,13191.819776234839,Mid 50%
CUST01583,49602.46,29331.39,5511.384444444444,3.8994661921708187,0.433079035184034,13152.174648408083,Mid 50%
CUST00364,41796.03,24015.82,6966.005,3.0909732016925244,0.4347621632495801,13137.702750087748,Mid 50%
CUST00397,23003.63,12537.050000000001,2875.45375,5.6518375241779495,0.2543454713562417,13081.058838258341,Mid 50%
CUST01713,41108.76,22535.21,3737.1600000000003,6.014595808383233,0.4611658443258586,13074.119201753949,Mid 50%
CUST01039,36969.28,20590.670000000002,5281.325714285714,3.590941011235955,0.3636240121545591,13027.893265061479,Mid 50%
CUST00978,17398.27,8486.74,3479.654,4.5092592592592595,0.2312881973320663,13020.090442840026,Mid 50%
CUST01737,19374.16,10392.789999999999,4843.54,3.563414634146341,0.3014923683580641,13013.963653413943,Mid 50%
CUST01945,31178.739999999998,17611.55,10392.913333333332,1.758828250401284,0.341249488909942,12998.429639938975,Mid 50%
CUST00715,26613.13,12093.800000000001,5322.626,3.4785714285714286,0.3497424257505719,12996.352444949922,Mid 50%
CUST01140,1319.44,712.32,1319.44,12.0,0.24366294707613662,12926.931668902247,Mid 50%
CUST01207,18503.96,9434.05,3083.9933333333333,4.924719101123595,0.2122340488479063,12915.204419991433,Mid 50%
CUST00269,22715.3,14133.24,4543.0599999999995,3.6379482071713145,0.276907018635338,12900.552622610227,Mid 50%
CUST00443,29607.64,17725.920000000002,7401.91,2.3950819672131147,0.3273043431420546,12873.362213259226,Mid 50%
CUST01671,20443.41,12421.070000000002,5110.8525,3.3819444444444446,0.3100975742998652,12872.315404199875,Mid 50%
CUST01898,28595.58,12837.34,4085.0828571428574,4.07125796178344,0.2851899791898091,12833.032877578691,Mid 50%
CUST00483,22993.44,13739.960000000001,5748.36,2.8042226487523996,0.2626841000420515,12829.78075486031,Mid 50%
CUST01742,44597.71,22051.33,4459.771,4.664750957854406,0.4296367151439796,12808.603071498763,Mid 50%
CUST00858,37867.74,19625.65,4733.4675,4.174285714285714,0.3995513327345421,12806.977323594436,Mid 50%
CUST01359,18118.53,10315.19,2264.81625,6.7172413793103445,0.2217721270821943,12780.265987280787,Mid 50%
CUST00374,27699.36,15135.890000000001,3957.0514285714285,4.164087947882736,0.2815173640256891,12779.593772953978,Mid 50%
CUST00838,15025.59,7616.31,5008.53,3.086619718309859,0.2352549096421318,12762.016076591412,Mid 50%
CUST00304,27430.32,15358.69,9143.44,1.9637096774193548,0.3447749819283422,12699.498039907776,Mid 50%
CUST01061,63743.26,31874.21,7082.584444444445,3.56148429035753,0.5336149956732484,12699.205659915122,Mid 50%
CUST01049,30710.12,16715.63,7677.53,2.527681660899654,0.3947290193487631,12679.523595594215,Mid 50%
CUST00712,36507.79,19111.75,6084.631666666667,3.039528432732316,0.365285193024839,12671.50845350192,Mid 50%
CUST01365,29303.64,15263.17,5860.728,2.805299539170507,0.2883841810239651,12629.483336740928,Mid 50%
CUST00986,20789.64,12143.150000000001,4157.928,3.7346625766871164,0.2478029874811844,12608.665486842801,Mid 50%
CUST00343,7198.13,3214.1099999999997,3599.065,3.8447368421052635,0.1562932349315057,12602.50925568435,Mid 50%
CUST01661,42805.49,25833.46,10701.3725,1.7560096153846152,0.3792710049318211,12591.503415909947,Mid 50%
CUST01761,20966.65,13422.7,5241.6625,3.1351931330472103,0.2909460981030546,12578.295370012132,Mid 50%
CUST00351,11606.56,6265.02,3868.853333333333,3.970108695652174,0.2426514937675015,12557.107744832812,Mid 50%
CUST01893,27592.25,12430.29,4598.708333333333,3.9845454545454544,0.3671753184508642,12517.201538478575,Mid 50%
CUST00598,52203.16,26390.17,5800.351111111111,3.8002890173410404,0.4757454027753584,12474.476856902187,Mid 50%
CUST00522,40466.95,21390.170000000002,6744.491666666666,2.8797634691195797,0.4057086770105069,12459.901644449874,Mid 50%
CUST01921,49819.01,26547.93,9963.802,2.135964912280702,0.4577683374160185,12456.994159519296,Mid 50%
CUST00444,15363.91,7810.640000000001,3840.9775,3.6801007556675063,0.1848793600774486,12437.484331295149,Mid 50%
CUST00118,18917.54,10542.91,4729.385,3.4295774647887325,0.2896813775367204,12436.77196371214,Mid 50%
CUST01511,38184.229999999996,21590.36,4773.0287499999995,4.002739726027397,0.397808181813921,12419.25191558842,Mid 50%
CUST00241,50766.2,27860.99,5076.62,4.127118644067797,0.452112908179611,12391.442417252527,Mid 50%
CUST01216,60283.81,33782.93,12056.761999999999,1.8944502074688796,0.4983564445671652,12368.536200599994,Mid 50%
CUST00568,19312.08,10367.61,4828.02,3.1555075593952484,0.2480597945768461,12366.043681452571,Mid 50%
CUST01692,15202.47,8246.0,3800.6175,4.198275862068965,0.2827782391020031,12353.436230224954,Mid 50%
CUST00116,24625.21,11712.98,8208.403333333334,1.7846091205211727,0.2214505366482738,12311.109385576841,Mid 50%
CUST01693,28433.940000000002,16106.390000000001,7108.485000000001,2.206948640483384,0.2736317213351075,12300.855923660161,Mid 50%
CUST01089,15730.99,7439.97,5243.663333333333,2.653147699757869,0.1848991087848371,12240.996677879251,Mid 50%
CUST01485,22989.46,13184.14,4597.892,3.3819444444444446,0.2710692310661264,12235.47127595843,Mid 50%
CUST00989,38964.270000000004,21750.23,6494.045000000001,2.7881679389312977,0.3747919995430283,12219.907926492115,Mid 50%
CUST00640,32431.690000000002,16692.73,6486.338000000001,2.5721830985915495,0.3221048207608394,12208.80580036469,Mid 50%
CUST01939,20373.81,12192.93,5093.4525,3.421545667447307,0.352034497227062,12189.774466274988,Mid 50%
CUST01697,19973.75,10789.88,2496.71875,6.1002087682672235,0.2588538223827535,12185.051756997245,Mid 50%
CUST01844,36836.19,19992.190000000002,4604.52375,3.8146214099216706,0.3580776648819557,12171.043940720787,Mid 50%
CUST00930,34168.21,18482.67,5694.701666666667,3.108510638297872,0.3632933401465236,12166.675132727214,Mid 50%
CUST01310,13678.51,8013.619999999999,3419.6275,4.6826923076923075,0.2980958976992012,12132.809750801584,Mid 50%
CUST00604,20520.25,9357.14,6840.083333333333,2.1527504911591353,0.238952479494163,12096.954560037075,Mid 50%
CUST01351,30088.16,15935.63,5014.693333333334,3.9344703770197484,0.4322677470380878,12091.58994335384,Mid 50%
CUST00486,21773.63,12217.62,7257.876666666667,2.287578288100209,0.3256521583006643,12085.891911052864,Mid 50%
CUST01396,47555.380000000005,24387.05,6793.625714285715,3.6947254335260116,0.5540511913743391,12083.089119473381,Mid 50%
CUST01798,15890.96,8889.35,3972.74,3.8046875,0.2632110507006988,12021.576442276933,Mid 50%
CUST00502,18485.82,9187.95,3697.1639999999998,4.16002277904328,0.2769336331219936,12004.712659772433,Mid 50%
CUST01910,24301.6,13750.470000000001,4860.32,3.148706896551724,0.2743614968036758,11987.444299167371,Mid 50%
CUST00133,11917.13,6441.509999999999,2979.2825,4.374251497005988,0.1490609407093148,11970.797319775646,Mid 50%
CUST00891,33478.33,17358.309999999998,4184.79125,4.092436974789916,0.3526637350854672,11967.26534514164,Mid 50%
CUST01723,12259.390000000001,7097.2,2451.878,5.779272151898734,0.2180775417438017,11960.377143918557,Mid 50%
CUST01517,28465.37,15053.74,4066.4814285714283,4.254159733777039,0.3604922395299682,11942.289337452657,Mid 50%
CUST01990,37945.07,20117.93,7589.014,2.3935124508519006,0.3922071027137574,11917.518910121831,Mid 50%
CUST01009,31840.47,16977.32,6368.094,3.0037006578947367,0.4240711805843025,11891.704544024044,Mid 50%
CUST00530,24365.38,12178.49,3480.7685714285717,5.0034246575342465,0.3682937614016664,11875.909065601561,Mid 50%
CUST00955,8216.63,3592.34,4108.315,3.1217948717948723,0.1428460859967087,11866.867542057264,Mid 50%
CUST00599,17430.8,9581.13,2905.133333333333,5.180851063829787,0.2698957240231427,11862.091049097116,Mid 50%
CUST01282,25264.649999999998,13488.32,5052.929999999999,3.3694649446494465,0.3547363858242269,11859.068693979727,Mid 50%
CUST01537,1271.6,895.2199999999999,1271.6,12.0,0.2811471575130742,11840.79722420299,Mid 50%
CUST01363,26351.86,15290.24,8783.953333333333,1.7503993610223643,0.2874194631394603,11826.883153780373,Mid 50%
CUST01331,18442.37,8371.7,4610.5925,3.5120192307692304,0.3239519066235768,11816.814043069528,Mid 50%
CUST00684,21820.79,11557.04,7273.596666666667,2.111271676300578,0.2875469600735538,11810.241125031713,Mid 50%
CUST00541,15684.34,6753.1,5228.113333333334,2.6856617647058827,0.223566452059587,11768.193098378146,Mid 50%
CUST00811,34481.01,13965.26,5746.835,3.7590051457975986,0.4961849473315123,11748.487831553643,Mid 50%
CUST01997,22655.41,15039.380000000001,4531.082,3.176086956521739,0.2468052420454563,11700.67129495934,Mid 50%
CUST00403,34219.94,19014.97,8554.985,2.0931232091690544,0.3949380105796203,11695.616003156236,Mid 50%
CUST01391,19567.8,11670.84,3261.2999999999997,4.400602409638554,0.2452562644778239,11692.613218926557,Mid 50%
CUST00446,33528.53,17322.879999999997,5588.088333333333,3.073632538569425,0.3709663684734787,11662.677261288383,Mid 50%
CUST00506,47301.48,24689.25,7883.580000000001,2.554195804195804,0.4639873567249329,11650.964638606252,Mid 50%
CUST01953,10365.69,5155.650000000001,3455.23,4.073420074349443,0.2365540502487332,11599.082587607092,Mid 50%
CUST01102,6526.91,3641.42,2175.6366666666668,6.190677966101695,0.2026424828561812,11592.760389715075,Mid 50%
CUST00400,36204.01,18688.72,6034.001666666667,3.1623376623376624,0.4374352777591669,11587.649356237642,Mid 50%
CUST01660,18961.23,10878.62,3792.246,3.844736842105263,0.2639096197706029,11585.197649471578,Mid 50%
CUST01793,25702.15,12676.640000000001,5140.43,3.3509174311926606,0.3774246149212889,11576.154280858218,Mid 50%
CUST00184,17901.11,10543.330000000002,4475.2775,3.148706896551724,0.2390741373620815,11574.53985737331,Mid 50%
CUST01206,35154.29,18780.36,4394.28625,4.013736263736264,0.3933919325158612,11549.270209914479,Mid 50%
CUST00735,18841.489999999998,8073.629999999999,6280.496666666666,2.1871257485029942,0.222473559914667,11529.012056775558,Mid 50%
CUST01376,27310.09,16016.64,5462.018,3.0037006578947367,0.3501163336212212,11509.450322848983,Mid 50%
CUST01967,35639.18,18826.19,7127.836,2.406126482213439,0.3785843356079555,11504.494280009703,Mid 50%
CUST00451,36336.02,17954.81,9084.005,2.0931232091690544,0.4404250261814006,11485.22810749486,Mid 50%
CUST00796,26832.09,14723.09,5366.418,3.375693160813309,0.413155339502109,11475.716296877665,Mid 50%
CUST01584,39111.8,23463.92,5587.400000000001,3.1959375000000003,0.4056580907591325,11456.542757271607,Mid 50%
CUST01420,35941.98,17732.19,8985.495,2.2407975460122698,0.4735280702454021,11442.713697085612,Mid 50%
CUST00762,22133.29,11793.71,5533.3225,2.7156133828996283,0.2951434065327337,11433.096630824768,Mid 50%
CUST01565,7118.65,3231.1900000000005,1779.6625,7.530927835051547,0.2098597839644209,11431.401703711914,Mid 50%
CUST01457,28676.34,13084.47,5735.268,2.547071129707113,0.2805507356368054,11344.990770067616,Mid 50%
CUST00461,16260.41,8102.030000000001,5420.136666666666,2.5661592505854802,0.2449822351244654,11336.009364369407,Mid 50%
CUST01785,38936.07,19154.85,7787.214,2.1845095693779903,0.3835265445094012,11320.344058624423,Mid 50%
CUST00546,37848.07,23908.559999999998,12616.023333333333,1.3091397849462365,0.3664670726500301,11295.016792666906,Mid 50%
CUST00068,19643.78,8183.65,6547.926666666666,2.119439071566731,0.2466244654670004,11286.140173655052,Mid 50%
CUST01442,22051.35,10422.9,3675.225,4.546680497925311,0.3747508817703312,11278.222050090579,Mid 50%
CUST00141,35110.39,17802.489999999998,7022.0779999999995,2.481317934782609,0.4014967248820205,11257.028853807065,Mid 50%
CUST01604,21362.88,11658.689999999999,4272.576,3.5323984526112184,0.3119083565702512,11210.241024552359,Mid 50%
CUST00879,10089.1,5376.6,5044.55,2.618279569892473,0.2140433854086386,11205.886141009178,Mid 50%
CUST01625,28987.63,14995.460000000001,5797.526,2.6738653001464128,0.3317342560104486,11182.543949167146,Mid 50%
CUST01887,15543.960000000001,7393.750000000001,3885.9900000000002,4.069637883008356,0.345333221610049,11176.01389422769,Mid 50%
CUST00909,23906.850000000002,11758.07,5976.712500000001,2.545296167247387,0.3199570286571797,11167.24975632355,Mid 50%
CUST00798,23600.36,14236.210000000001,4720.072,3.34478021978022,0.3456389856245301,11151.744503038053,Mid 50%
CUST01469,20416.05,10947.86,5104.0125,3.141935483870968,0.3560269564010394,11147.715200132208,Mid 50%
CUST01035,26872.39,13714.650000000001,8957.463333333333,1.6754587155963303,0.3127797106866391,11133.300396024419,Mid 50%
CUST01173,44365.38,23835.21,5545.6725,3.335616438356164,0.4424783370209588,11132.719205307238,Mid 50%
CUST01194,47192.05,20972.12,6741.721428571429,2.8955266138165348,0.4719857139635939,11126.362916008793,Mid 50%
CUST01225,3288.88,1909.5500000000002,1644.44,6.763888888888889,0.0755568921379544,11099.511616607426,Mid 50%
CUST01131,21407.84,12796.779999999999,4281.568,3.363259668508287,0.2872028633631903,11079.964676300751,Mid 50%
CUST01595,8067.74,4380.05,2016.935,5.70703125,0.1105027785683403,11052.383172192385,Mid 50%
CUST01894,21531.899999999998,10678.57,5382.974999999999,2.7934990439770555,0.3191652917149105,11051.51357810011,Mid 50%
CUST01053,35430.46,17726.7,5061.494285714286,3.642094017094017,0.4455821570373218,11032.559703800276,Mid 50%
CUST01588,23599.57,10939.91,4719.914,3.4071828358208953,0.3646078331426614,11030.128335736967,Mid 50%
CUST01060,26034.3,11362.24,4339.05,4.142722117202268,0.4342879649780246,10977.0352749015,Mid 50%
CUST01811,24679.730000000003,13662.250000000002,4935.946000000001,2.9266826923076925,0.2965561130961348,10969.445710183209,Mid 50%
CUST00377,10768.16,5223.54,2153.632,5.550911854103344,0.1516121156761995,10948.117972861963,Mid 50%
CUST00312,17580.649999999998,10974.07,5860.216666666666,2.356451612903226,0.2672107036821112,10923.466997576024,Mid 50%
CUST00992,11934.99,6451.219999999999,3978.33,3.3004518072289155,0.2299682531552133,10914.20269594871,Mid 50%
CUST01986,27971.33,16230.6,6992.8325,2.081196581196581,0.3054709695226407,10911.03168803134,Mid 50%
CUST01577,30214.18,14877.640000000001,3357.1311111111113,5.152429467084639,0.4158745298689627,10906.758218594554,Mid 50%
CUST01208,15941.67,6494.44,3188.334,4.520420792079208,0.300418190099424,10884.045963140177,Mid 50%
CUST01201,24834.350000000002,11796.35,4966.870000000001,3.1596020761245676,0.3579437135303839,10876.708023860085,Mid 50%
CUST01100,28258.7,12554.2,7064.675,2.1548672566371683,0.339040817549841,10861.668257778947,Mid 50%
CUST00664,17828.45,6934.38,4457.1125,2.8703339882121806,0.2144132897954136,10848.990819011713,Mid 50%
CUST01662,23933.53,12372.41,4786.706,3.796777546777547,0.4470146256512381,10848.625955107249,Mid 50%
CUST00319,20602.82,12702.99,10301.41,1.4465346534653465,0.3262470437084924,10837.656519624288,Mid 50%
CUST00187,13823.41,5757.290000000001,2764.682,4.857047872340425,0.2545097408224722,10806.093633614935,Mid 50%
CUST01850,18170.010000000002,8647.77,6056.670000000001,2.672560975609756,0.3829087193805683,10782.516423647881,Mid 50%
CUST01466,20956.08,11474.7,5239.02,2.933734939759036,0.351842429482003,10753.769209256474,Mid 50%
CUST00212,39109.97,21049.410000000003,4888.74625,3.4016298020954596,0.4025644659877164,10724.690738868094,Mid 50%
CUST00406,23825.59,13022.65,5956.3975,2.3488745980707395,0.2913033716335175,10703.185556711749,Mid 50%
CUST01667,37371.37,21971.47,4671.42125,3.755784061696658,0.435708194399388,10687.166473459734,Mid 50%
CUST00834,41972.24,21587.52,5246.53,3.409568261376896,0.4466772350850378,10684.624717171006,Mid 50%
CUST01540,24394.53,10199.7,4878.906,2.8759842519685037,0.2946953386361559,10683.040940045856,Mid 50%
CUST00795,38293.25,18799.29,5470.464285714285,3.0150353773584904,0.4021201406279682,10644.853952053163,Mid 50%
CUST01505,34515.67,15757.05,4930.8099999999995,3.224148802017654,0.3809240400651683,10623.961037413206,Mid 50%
CUST01418,21891.46,8623.73,4378.2919999999995,3.148706896551724,0.2901127063801202,10564.173975078445,Mid 50%
CUST01064,5100.72,3315.73,1700.24,6.155898876404494,0.0693044176541555,10515.224344172511,Mid 50%
CUST00760,13062.85,6313.09,4354.283333333334,3.2611607142857144,0.3144137658632659,10508.970189410718,Mid 50%
CUST00602,26561.7,16299.31,6640.425,2.2651162790697676,0.3529880746581768,10505.285189401311,Mid 50%
CUST00567,9554.5,4691.14,4777.25,2.4188741721854305,0.1630547411213501,10439.927532761485,Mid 50%
CUST01010,38502.45,20410.510000000002,6417.075,2.82046332046332,0.4676832544380034,10400.084882125138,Mid 50%
CUST00051,20636.68,9453.93,3439.4466666666667,3.8856382978723403,0.2793403129758443,10396.576736343392,Mid 50%
CUST01044,35628.71,17726.86,5938.118333333333,3.04375,0.4673084048348766,10393.046133856282,Mid 50%
CUST01803,4572.7,2631.92,2286.35,5.180851063829787,0.1909343049532784,10345.150019494307,Mid 50%
CUST00285,18139.52,9408.380000000001,3023.2533333333336,4.206333973128599,0.2487828459655733,10312.23906851392,Mid 50%
CUST00594,16301.869999999999,7697.13,4075.4674999999997,3.141935483870968,0.2540522979289616,10310.797600635957,Mid 50%
CUST01073,37375.759999999995,19736.97,9343.939999999999,2.0635593220338984,0.504982055242715,10303.318524947594,Mid 50%
CUST00313,11811.94,5462.04,2952.985,3.9701086956521743,0.187038521914901,10288.28033791161,Mid 50%
CUST01110,10731.56,3114.2899999999995,2682.89,4.509259259259259,0.2136681175142886,10268.881481209146,Mid 50%
CUST00543,22419.36,13394.92,5604.84,2.3413461538461537,0.2756479896455682,10260.953029849396,Mid 50%
CUST00756,10381.41,4669.67,5190.705,2.3488745980707395,0.220822721402457,10254.905028672385,Mid 50%
CUST01333,31720.370000000003,16458.47,6344.0740000000005,2.8009969325153374,0.4656596274223532,10249.626655846712,Mid 50%
CUST01681,14277.42,8770.06,4759.14,2.8684554973821985,0.3102482358811862,10164.326361086627,Mid 50%
CUST01176,49826.020000000004,30062.050000000003,6228.2525000000005,3.0030832476875644,0.4966341686715261,10163.107015285688,Mid 50%
CUST00915,37487.85,19119.13,3407.9863636363634,4.499160134378499,0.3863128001393948,10157.470000908812,Mid 50%
CUST00877,33387.66,18578.54,4769.665714285715,3.7877777777777775,0.480674122499615,10127.950773015149,Mid 50%
CUST01252,1033.36,678.6699999999998,1033.36,12.0,0.24366294707613662,10124.123953629436,Mid 50%
CUST00298,17090.329999999998,7503.67,4272.5824999999995,3.0822784810126582,0.2884255009413248,10115.605676817351,Mid 50%
CUST01090,22267.550000000003,12978.08,3711.2583333333337,3.6163366336633667,0.3017978196365732,10115.338520181702,Mid 50%
CUST01470,26407.43,13540.77,5281.486,2.969512195121951,0.4027332265696808,10111.574486035146,Mid 50%
CUST00437,30972.95,16479.460000000003,7743.2375,1.904823989569752,0.3654270877878511,10103.413923852786,Mid 50%
CUST00936,16690.96,8797.46,5563.653333333333,2.1871257485029942,0.2314903890391437,10094.674095258462,Mid 50%
CUST00809,16568.54,10348.229999999998,4142.135,3.35091743119266,0.3262808616322944,10094.296209594077,Mid 50%
CUST00836,25202.97,14690.69,4200.495,3.5808823529411766,0.3785843480354243,10089.78464875038,Mid 50%
CUST01818,17838.19,8926.529999999999,5946.063333333333,2.0991379310344827,0.2513403058695896,10087.049305304208,Mid 50%
CUST01188,23023.73,12837.65,7674.576666666667,2.021678966789668,0.4003603274485316,10043.062471953514,Mid 50%
CUST01777,30358.43,16669.91,5059.738333333334,2.8949801849405548,0.364979046489586,10040.859568616544,Mid 50%
CUST01745,16209.529999999999,9161.55,5403.176666666666,2.4404231625835187,0.296308396641519,10016.26622457069,Mid 50%
CUST01280,8954.279999999999,4822.69,2984.7599999999998,3.8719081272084805,0.1978318698646929,10007.118613817676,Mid 50%
CUST01528,32318.3,16878.87,8079.575,2.1904047976011993,0.4777083578461139,9977.80837678523,Mid 50%
CUST01142,28383.739999999998,12021.970000000001,7095.9349999999995,2.319047619047619,0.4384384015937549,9975.29805075457,Mid 50%
CUST00588,26012.36,15629.779999999999,5202.472,3.1816202090592336,0.4420926786783383,9968.488973349644,Mid 50%
CUST01342,43041.65,24394.309999999998,6148.807142857143,2.791211790393013,0.4619455795269084,9968.252963140694,Mid 50%
CUST00276,23865.04,13615.83,4773.008,3.60207100591716,0.4652939597885309,9923.587562151137,Mid 50%
CUST01093,33663.3,18545.940000000002,6732.660000000001,2.2771197007481296,0.4020316993673812,9896.004629485995,Mid 50%
CUST00970,23640.54,13167.69,4728.108,2.9266826923076925,0.3380115344166731,9888.322769902816,Mid 50%
CUST00727,21117.3,7337.91,7039.099999999999,1.8603565365025465,0.3025520935445753,9859.032055217085,Mid 50%
CUST00157,7448.9,2905.6699999999996,2482.9666666666667,6.0875,0.3965383168310796,9846.202138345343,Mid 50%
CUST00256,8337.51,4374.35,4168.755,2.7566037735849056,0.2065136259809875,9843.042855097034,Mid 50%
CUST00233,28990.559999999998,16366.79,5798.111999999999,3.038685524126456,0.4825834586723237,9840.606138245052,Mid 50%
CUST01652,21933.45,12778.500000000002,4386.6900000000005,3.3882189239332097,0.3878648003982784,9821.208838293325,Mid 50%
CUST01062,32192.7,18596.02,8048.175,1.812655086848635,0.3766307670663688,9816.736476460328,Mid 50%
CUST00460,36357.15,17432.13,4544.64375,3.5504252733900366,0.4372054184005021,9802.555572310735,Mid 50%
CUST01796,40101.69,23586.1,5012.71125,3.378034682080925,0.4637570095746639,9801.839908771142,Bottom 15%
CUST01515,23967.44,11958.48,5991.86,2.2721617418351476,0.333061803405963,9801.570669270477,Bottom 15%
CUST01017,16928.06,8338.18,5642.686666666667,2.3165961945031714,0.3065126528440354,9785.52203839729,Bottom 15%
CUST00917,11623.22,7597.61,5811.61,2.0235457063711912,0.234233844691681,9721.087063440535,Bottom 15%
CUST00017,33955.21,18599.43,6791.0419999999995,2.4382510013351135,0.4564996382844628,9714.575978403558,Bottom 15%
CUST00159,19228.98,11557.98,6409.66,1.8635204081632653,0.2467831440126751,9711.769377526165,Bottom 15%
CUST00075,12436.529999999999,5397.86,6218.264999999999,2.3117088607594938,0.3749039818778921,9699.699511817029,Bottom 15%
CUST00626,16143.44,9253.920000000002,5381.1466666666665,2.5306004618937643,0.3402546142582957,9698.039703219476,Bottom 15%
CUST01228,14612.289999999999,6584.419999999999,3653.0724999999998,3.486873508353222,0.2952405295483623,9690.464371179965,Bottom 15%
CUST00544,34849.07,20518.04,3484.907,4.7807591623036645,0.4620018270554236,9675.603072590184,Bottom 15%
CUST01561,13794.34,7037.3,3448.585,3.62531017369727,0.2846502763122449,9654.14244675198,Bottom 15%
CUST00860,10619.779999999999,5129.780000000001,3539.9266666666663,3.3104229607250755,0.2382710367614759,9635.791720031057,Bottom 15%
CUST01195,35042.479999999996,19047.75,7008.495999999999,2.213636363636364,0.4250164095294634,9629.322782317297,Bottom 15%
CUST00711,13046.28,6631.0,6523.14,2.029166666666667,0.3268832081899903,9617.762044630614,Bottom 15%
CUST01857,19013.02,9764.06,4753.255,2.6135957066189626,0.2833121493452451,9611.003784235603,Bottom 15%
CUST00560,17948.0,8562.68,4487.0,2.9161676646706587,0.3217706549016582,9579.753192885946,Bottom 15%
CUST00348,40744.52,20230.83,10186.13,1.5967213114754097,0.4545501516111899,9576.401498497544,Bottom 15%
CUST00782,33955.72,20848.350000000002,6791.144,2.205615942028986,0.4097271824963814,9544.096015950154,Bottom 15%
CUST00249,36634.74,19372.84,7326.947999999999,2.297169811320755,0.479127884023148,9463.602767265356,Bottom 15%
CUST01759,18931.97,11500.61,4732.9925,2.5060034305317322,0.2630936891392301,9434.93554108989,Bottom 15%
CUST01246,44474.29,24757.26,7412.381666666667,2.306842105263158,0.4902474662775419,9409.01628482999,Bottom 15%
CUST01409,35426.43,20385.17,5060.918571428571,2.8376803551609324,0.3940830122321762,9393.233888105175,Bottom 15%
CUST01687,25899.79,13825.220000000001,3237.47375,4.579937304075235,0.4151258825148642,9361.326134946587,Bottom 15%
CUST01514,14793.47,9050.26,4931.156666666667,2.3768980477223427,0.2611323170107691,9348.355303027809,Bottom 15%
CUST00355,23045.04,11873.15,3292.1485714285714,4.493409490333919,0.4150580422279025,9340.656105662869,Bottom 15%
CUST01774,25137.61,13794.44,4189.6016666666665,3.1129261363636362,0.3370443033267467,9333.300319741678,Bottom 15%
CUST00734,24465.12,14415.7,6116.28,2.3264331210191083,0.3945626834040104,9299.429382098608,Bottom 15%
CUST00490,29125.05,15821.36,4854.175,3.0103021978021975,0.4109552329858331,9291.439666794831,Bottom 15%
CUST01533,16106.15,9827.380000000001,4026.5375,2.751412429378531,0.2251691717704981,9266.2394531251,Bottom 15%
CUST01306,35171.38,18307.95,5861.8966666666665,2.5601635514018692,0.4280175121419332,9266.117121801466,Bottom 15%
CUST01105,11593.85,7625.47,2898.4625,3.69873417721519,0.2024371951267091,9229.855085241703,Bottom 15%
CUST01482,26333.11,13295.75,4388.8516666666665,3.213343108504399,0.3952390324282581,9206.635314879793,Bottom 15%
CUST01500,34453.54,18642.1,6890.7080000000005,2.3686770428015564,0.4785804841384884,9186.840234908084,Bottom 15%
CUST00093,28793.170000000002,14099.17,4798.861666666667,2.937667560321716,0.3977688243563103,9164.595402254145,Bottom 15%
CUST00152,4543.9,2576.2200000000003,2271.95,4.712903225806452,0.2128088377360867,9098.64426102515,Bottom 15%
CUST01905,34796.77,17349.09,6959.353999999999,2.564957865168539,0.5315989060262386,9025.60345020086,Bottom 15%
CUST01421,15218.380000000001,8821.130000000001,7609.1900000000005,1.4757575757575756,0.2558700143560178,9020.101806757482,Bottom 15%
CUST00982,30339.039999999997,14887.9,5056.506666666666,2.914228723404255,0.4336753292859069,9008.425346333797,Bottom 15%
CUST01037,34813.01,16544.3,3868.1122222222225,4.114205256570713,0.4759820448555796,9002.028267744692,Bottom 15%
CUST01618,12390.78,4337.43,2478.156,4.141156462585034,0.1883482016463054,8991.439379898395,Bottom 15%
CUST00637,917.59,581.1500000000001,917.59,12.0,0.24366294707613662,8989.892098214403,Bottom 15%
CUST01831,34019.270000000004,17412.41,4252.4087500000005,3.441696113074205,0.4311321623156992,8987.276208488873,Bottom 15%
CUST00112,19099.53,10185.16,3819.906,2.9503231017770597,0.261985544792247,8978.34538863582,Bottom 15%
CUST00751,5535.75,3304.2599999999993,2767.875,3.689393939393939,0.1864030566079089,8968.503780195177,Bottom 15%
CUST01827,24276.04,13478.42,8092.013333333333,1.9190017513134852,0.4654907920724974,8959.759163554962,Bottom 15%
CUST01563,32419.97,17614.16,6483.994000000001,2.1535966981132075,0.4063135768583691,8948.974744069124,Bottom 15%
CUST00939,39133.63,24415.1,6522.2716666666665,2.5045714285714284,0.4926820834440997,8945.851620208965,Bottom 15%
CUST01730,34216.79,20684.170000000002,6843.358,2.075284090909091,0.4172539620385042,8933.781583566757,Bottom 15%
CUST00833,22919.36,12576.94,5729.84,2.210287443267776,0.3483044628096853,8909.332811236816,Bottom 15%
CUST01034,24617.13,12446.19,4102.8550000000005,3.7590051457975986,0.4674931045198873,8865.301476982519,Bottom 15%
CUST00784,15308.150000000001,5908.049999999999,7654.075000000001,1.760240963855422,0.3906748085184066,8861.824699752766,Bottom 15%
CUST00959,44892.23,24030.190000000002,6413.175714285715,2.4326831588962894,0.4738795093171348,8860.395105680931,Bottom 15%
CUST00835,31727.96,15826.189999999999,6345.592,2.561360448807854,0.4961575952756713,8839.887628041772,Bottom 15%
CUST01414,18102.97,10862.98,3620.594,3.018595041322314,0.2538222166116747,8803.111042372555,Bottom 15%
CUST00281,20125.83,9394.91,2875.1185714285716,4.370512820512821,0.3510577253186444,8802.446808115285,Bottom 15%
CUST01330,15280.0,9252.62,5093.333333333333,2.922,0.4545332153836597,8763.141114750282,Bottom 15%
CUST00542,45193.9,25426.47,6456.271428571429,2.577368951612903,0.5122834544338243,8760.624098806682,Bottom 15%
CUST01926,23592.22,13885.870000000003,5898.055,2.1390922401171304,0.3576354250451887,8748.409368553504,Bottom 15%
CUST01065,7009.63,3715.7,3504.815,3.232300884955752,0.2846797237932978,8747.55334730529,Bottom 15%
CUST01066,15576.74,9111.56,2596.1233333333334,4.174285714285714,0.2524432333304993,8745.020929513428,Bottom 15%
CUST00551,13944.029999999999,7104.08,3486.0074999999997,3.8046875,0.3923114117960861,8700.367023814058,Bottom 15%
CUST00614,12040.17,5342.95,3010.0425,3.2684563758389262,0.1869126974410537,8634.98691109143,Bottom 15%
CUST01616,3228.31,1742.0900000000001,1614.155,7.609375,0.3498558731586225,8620.114821662468,Bottom 15%
CUST01664,41606.11,23069.579999999998,5943.7300000000005,2.6304012345679015,0.4894617424411507,8616.255100629225,Bottom 15%
CUST00689,45220.06,21174.260000000002,5024.451111111111,3.2450641658440276,0.5105243994405112,8614.93778771942,Bottom 15%
CUST01119,14810.26,5945.780000000001,2468.3766666666666,4.409456740442656,0.26762847743314,8604.728101725264,Bottom 15%
CUST01071,38285.52,19063.44,5469.36,3.1682156133828996,0.5416140130909831,8574.163419945759,Bottom 15%
CUST01111,20778.48,11461.37,4155.696,2.754524886877828,0.3063875016143484,8570.705355982014,Bottom 15%
CUST00422,34056.53,20166.37,6811.306,2.0895308924485123,0.4423013361674083,8568.16805245879,Bottom 15%
CUST00013,28244.99,15187.86,3530.62375,3.9274193548387095,0.4283875943602784,8555.975734236503,Bottom 15%
CUST01043,21638.27,12296.880000000001,4327.654,2.7421171171171173,0.333100171098848,8542.958982019141,Bottom 15%
CUST01200,25656.64,11332.74,4276.106666666667,3.222794117647059,0.4284289428473869,8502.771450480608,Bottom 15%
CUST01807,26478.41,12519.960000000001,4413.068333333334,3.1853197674418605,0.4397736170184457,8500.9298140959,Bottom 15%
CUST00914,25041.64,10420.060000000001,6260.41,2.2651162790697676,0.445033183622976,8495.119211596377,Bottom 15%
CUST01436,30642.28,16124.2,4377.4685714285715,3.1800373134328357,0.4357045548007084,8479.514389995002,Bottom 15%
CUST00252,15264.140000000001,8801.84,3816.0350000000003,3.2611607142857144,0.3696603447895912,8467.7565846621,Bottom 15%
CUST00597,34289.0,18450.16,5714.833333333333,2.397702407002188,0.428830304508129,8448.375134544876,Bottom 15%
CUST00540,25405.690000000002,15865.09,5081.138000000001,2.4285239361702127,0.3661941795977643,8442.455609803552,Bottom 15%
CUST01366,18240.22,8168.75,6080.073333333334,1.8446969696969697,0.3027121260569385,8442.190515660113,Bottom 15%
CUST01006,22086.69,12112.380000000001,3681.115,3.330547112462006,0.3635442496148319,8423.10792783686,Bottom 15%
CUST01624,827.16,421.17,827.16,12.0,0.2156307869678421,8404.279625823938,Bottom 15%
CUST01291,5511.950000000001,3748.61,1837.3166666666668,4.87,0.1331356024689143,8372.850304405763,Bottom 15%
CUST01299,15345.58,7769.67,5115.193333333334,2.4029605263157894,0.3717302202997696,8336.121655808081,Bottom 15%
CUST01627,13493.85,7035.27,6746.925,1.4639278557114228,0.2191501856299342,8325.345250796501,Bottom 15%
CUST01643,27774.16,14394.77,5554.832,2.494877049180328,0.4435207588853556,8324.884730220787,Bottom 15%
CUST01054,29829.15,17500.620000000003,4971.525000000001,2.527681660899654,0.3886658253992588,8292.77464378163,Bottom 15%
CUST00870,41655.1,25123.45,5950.728571428571,2.523938795656466,0.4907583044468161,8256.236033328914,Bottom 15%
CUST00337,22773.1,11678.86,5693.275,2.1422287390029324,0.3745983962966024,8233.721588458688,Bottom 15%
CUST01988,15770.009999999998,9635.289999999999,7885.004999999999,1.2998220640569393,0.2602501546714049,8184.269935432857,Bottom 15%
CUST01255,22268.190000000002,12014.150000000001,4453.638000000001,2.76285930408472,0.3845570457522775,8174.678315667539,Bottom 15%
CUST00090,11592.37,5328.400000000001,5796.185,1.9743243243243243,0.3387993106735208,8167.764675838979,Bottom 15%
CUST01395,17103.55,8662.130000000001,8551.775,1.2054455445544554,0.2674602490463541,8151.62593997205,Bottom 15%
CUST00669,10683.16,5284.009999999999,2136.632,4.5092592592592595,0.2170932229981554,8142.432570831778,Bottom 15%
CUST01324,11727.59,5817.16,2931.8975,3.3129251700680276,0.2335878169625617,8035.853184158453,Bottom 15%
CUST01735,22313.79,9194.210000000001,5578.4475,2.5586690017513134,0.4836745989479206,7955.365417287565,Bottom 15%
CUST01269,27202.14,13329.26,4533.69,2.7566037735849056,0.4107362457652749,7949.596395604198,Bottom 15%
CUST00950,13293.619999999999,7632.08,2658.7239999999997,4.63515228426396,0.4039514882429204,7929.175951576171,Bottom 15%
CUST01668,21609.15,8642.16,5402.2875,2.3413461538461537,0.4193008434521643,7928.731269917205,Bottom 15%
CUST00996,18727.0,8612.11,4681.75,2.2828125,0.3160396634995395,7890.755061496779,Bottom 15%
CUST00299,27462.27,15980.970000000001,6865.5675,2.096126255380201,0.4930015455166878,7876.072383443334,Bottom 15%
CUST00273,18136.02,9966.039999999999,3627.204,3.1927447552447554,0.3711839358782414,7860.8406738910035,Bottom 15%
CUST01650,32722.2,16905.81,5453.7,2.5721830985915495,0.484091248194393,7812.233293862835,Bottom 15%
CUST00482,11312.83,5462.490000000001,3770.943333333333,2.584316037735849,0.2602486493517283,7781.988414170183,Bottom 15%
CUST00180,22311.440000000002,12826.440000000002,5577.860000000001,1.9690026954177897,0.3438800702258021,7778.687672080399,Bottom 15%
CUST00863,17242.77,9745.88,8621.385,1.2339527027027026,0.3231509971336539,7772.782774981737,Bottom 15%
CUST01125,20844.38,8955.66,4168.876,2.9598865478119936,0.4172172523335092,7762.648356750967,Bottom 15%
CUST00864,15018.78,7177.370000000001,3754.695,3.1760869565217393,0.39777928731665,7752.324105799813,Bottom 15%
CUST01238,3988.45,1388.2199999999998,1994.225,4.969387755102041,0.2773585550737207,7730.526827106348,Bottom 15%
CUST01502,7161.64,3723.4100000000003,2387.2133333333336,3.752568493150685,0.2020451401909555,7716.269145982431,Bottom 15%
CUST00205,20579.94,11769.04,5144.985,2.210287443267776,0.3726672636657225,7700.873769320109,Bottom 15%
CUST00516,22496.34,10108.810000000001,4499.268,2.396653543307087,0.3427797714303671,7650.102016745839,Bottom 15%
CUST00050,34793.84,19687.06,6958.767999999999,1.8944502074688796,0.4664448128253243,7592.837115359605,Bottom 15%
CUST01181,8516.57,3996.68,2838.8566666666666,3.512019230769231,0.2947831289732513,7589.833146456328,Bottom 15%
CUST01443,11149.65,6398.69,5574.825,1.6640091116173121,0.2421718263475381,7588.691011955237,Bottom 15%
CUST00497,30395.37,17413.98,5065.8949999999995,2.45959595959596,0.4358394705410078,7588.078888029877,Bottom 15%
CUST01809,25158.98,12603.1,5031.796,2.323473282442748,0.4026634048969205,7538.570743390054,Bottom 15%
CUST00677,724.77,158.25,724.77,12.0,0.19792541557566,7530.18062512205,Bottom 15%
CUST00289,17041.09,7428.579999999999,4260.2725,2.66120218579235,0.3847257366529853,7529.968918159174,Bottom 15%
CUST00059,28668.66,16346.93,4778.11,3.2660208643815203,0.5531971209809217,7526.624426154078,Bottom 15%
CUST00817,10512.11,5595.9400000000005,5256.055,1.6909722222222223,0.2159251760183924,7522.515095632115,Bottom 15%
CUST01332,11197.39,5223.32,1866.2316666666666,4.924719101123595,0.2469468875529607,7471.052880433765,Bottom 15%
CUST00162,13041.51,6402.799999999999,3260.3775,2.945564516129032,0.282928586631019,7433.751178100923,Bottom 15%
CUST01689,17984.0,9262.86,3596.8,3.413551401869159,0.4407208752641759,7412.428719798107,Bottom 15%
CUST01123,32272.62,15999.05,6454.523999999999,2.2546296296296298,0.5288309340787044,7401.5961263257295,Bottom 15%
CUST00906,30913.82,13545.050000000001,4416.26,3.029324644549763,0.4876802791756144,7398.619786114748,Bottom 15%
CUST01891,36687.02,21872.49,9171.755,1.5061855670103093,0.5063185399756029,7361.849397400278,Bottom 15%
CUST00125,15724.07,8336.640000000001,3931.0175,3.0123711340206185,0.4253137854561556,7346.042188495462,Bottom 15%
CUST01215,27860.04,15051.910000000002,9286.68,1.2800817757009346,0.4305173464886787,7307.820640052617,Bottom 15%
CUST01930,9881.95,5036.389999999999,4940.975,2.174107142857143,0.3722957857977554,7278.767175124013,Bottom 15%
CUST01927,19421.61,9353.25,4855.4025,2.410891089108911,0.4282882386261717,7224.189677158706,Bottom 15%
CUST00469,24505.4,12011.78,8168.466666666667,1.4513245033112583,0.4361076181151683,7216.231886104722,Bottom 15%
CUST01433,28777.300000000003,15760.910000000002,5755.460000000001,2.143485915492958,0.4603822927770608,7186.1462342335235,Bottom 15%
CUST01899,14314.82,9211.28,4771.606666666667,2.1359649122807016,0.3479485046866808,7173.809341608131,Bottom 15%
CUST01881,9289.53,3763.59,3096.51,3.0185950413223144,0.2896487690006781,7167.367329104231,Bottom 15%
CUST01239,38516.28,21262.27,3851.6279999999997,3.6379482071713145,0.5289476454243751,7124.907167052096,Bottom 15%
CUST01212,13323.400000000001,7238.900000000001,4441.133333333334,2.392467248908297,0.3816759495408103,7091.941370842367,Bottom 15%
CUST00317,21463.45,9189.609999999999,2682.93125,3.8701986754966886,0.3688942648065605,7073.8217986518,Bottom 15%
CUST00587,36642.39,20997.85,6107.065,2.1569881889763782,0.5053621446217872,7033.586682289665,Bottom 15%
CUST01648,11651.99,4758.9800000000005,3883.9966666666664,3.1129261363636362,0.461450301041481,7028.823468334932,Bottom 15%
CUST00229,10218.42,5040.91,2043.684,4.040376106194691,0.2134997216993693,7010.412995745563,Bottom 15%
CUST00576,15030.89,7448.48,2505.148333333333,3.6283112582781456,0.2861323508271232,7004.302078091409,Bottom 15%
CUST01124,11445.14,6414.68,2861.285,3.3054298642533935,0.314235986445766,7001.207349435079,Bottom 15%
CUST01778,11834.080000000002,6531.680000000001,5917.040000000001,1.383522727272727,0.2079919553622323,6998.896640664047,Bottom 15%
CUST00278,32123.94,18869.88,4589.134285714285,2.7286552828175026,0.4824730194606274,6995.546053266136,Bottom 15%
CUST00134,10556.550000000001,6764.610000000001,2639.1375000000003,3.8447368421052635,0.3622513443615706,6985.337160083614,Bottom 15%
CUST01749,25269.739999999998,13998.91,5053.947999999999,2.3779296875,0.4617292534277389,6982.962986536972,Bottom 15%
CUST00752,21019.8,9984.529999999999,3503.2999999999997,3.6223140495867767,0.491147212422854,6970.513482735274,Bottom 15%
CUST00286,19506.86,9900.73,3901.3720000000003,2.8182870370370368,0.4134543913926055,6961.671999841524,Bottom 15%
CUST01236,8753.119999999999,4024.2200000000003,2917.7066666666665,2.679095354523227,0.1757726046836354,6954.822148171327,Bottom 15%
CUST01789,6876.27,3575.71,2292.09,3.381944444444444,0.1704447006731273,6941.489350161235,Bottom 15%
CUST00463,30433.29,15633.88,6086.658,1.9043274244004171,0.4459998988733073,6931.696673627415,Bottom 15%
CUST00456,22079.93,10769.49,5519.9825,1.9073107049608353,0.390210500648162,6930.2399677534095,Bottom 15%
CUST00769,26673.379999999997,13748.49,6668.344999999999,1.7882496940024477,0.4671478383922305,6859.021059371873,Bottom 15%
CUST00126,5418.639999999999,3268.72,1806.2133333333331,4.3139763779527565,0.1861351469879435,6845.549016358224,Bottom 15%
CUST00853,15189.34,8655.89,3037.868,3.512019230769231,0.4066051989752932,6834.058712989082,Bottom 15%
CUST00219,22123.38,10568.85,5530.845,2.360258481421648,0.5155511485992331,6826.658362767193,Bottom 15%
CUST00243,27925.239999999998,14328.619999999999,5585.048,2.1210801393728222,0.4683193662527123,6798.983906786947,Bottom 15%
CUST00216,13474.55,7462.719999999999,4491.516666666666,2.4188741721854305,0.4213188126257459,6786.640444513814,Bottom 15%
CUST01521,690.57,445.14,690.57,12.0,0.24366294707613662,6765.71212225931,Bottom 15%
CUST01942,15838.35,7880.99,3167.67,2.8669544740973314,0.3206597420364124,6659.7398423899085,Bottom 15%
CUST01869,22817.46,9531.009999999998,3259.637142857143,3.121794871794872,0.3955374816241271,6639.756932937266,Bottom 15%
CUST00554,640.2,416.36,640.2,12.0,0.1997854296736758,6636.094391290501,Bottom 15%
CUST01633,7728.73,4341.39,3864.365,2.3717532467532467,0.3334206507120892,6594.9071117884005,Bottom 15%
CUST00193,16869.030000000002,10436.460000000001,8434.515000000001,1.238135593220339,0.4178591777274629,6562.443278769713,Bottom 15%
CUST01455,23809.0,9908.56,4761.8,2.111271676300578,0.3978266536725371,6535.005914473912,Bottom 15%
CUST00195,30939.43,14075.400000000001,4419.918571428571,2.649481865284974,0.4841929083434352,6520.362073305979,Bottom 15%
CUST00402,7345.62,4649.900000000001,1836.405,4.222543352601156,0.2213461390437651,6517.727652604645,Bottom 15%
CUST00199,16466.99,7226.74,5488.996666666667,1.8795025728987993,0.414823176086747,6516.766994998922,Bottom 15%
CUST00557,6072.54,2857.58,3036.27,2.3488745980707395,0.1558930601004187,6498.406502631717,Bottom 15%
CUST01422,16001.67,9405.18,3200.334,2.7055555555555553,0.3064624952537428,6482.32643464365,Bottom 15%
CUST00039,28737.58,16950.27,7184.395,1.6988372093023254,0.5083526326149193,6477.4619240045295,Bottom 15%
CUST00658,9422.36,4494.0599999999995,2355.59,3.6074074074074076,0.2956810249337197,6460.609143729545,Bottom 15%
CUST01018,18682.350000000002,10274.73,4670.587500000001,2.2721617418351476,0.4427339604290132,6383.847697570151,Bottom 15%
CUST01426,16683.92,7123.58,5561.306666666666,1.9959016393442621,0.4675000452863853,6380.353455474857,Bottom 15%
CUST01334,12831.73,6245.820000000001,4277.243333333333,1.9566964285714286,0.2962462380894408,6357.953157774597,Bottom 15%
CUST01184,25572.44,12075.42,4262.073333333333,2.6214114832535884,0.4778940499074067,6296.858617094609,Bottom 15%
CUST01370,10719.61,6131.59,5359.805,1.386148007590133,0.2166884397314611,6282.063394718001,Bottom 15%
CUST00250,22609.41,10966.82,5652.3525,1.8171641791044775,0.4345097501905244,6269.858081385852,Bottom 15%
CUST01318,7373.880000000001,3972.2200000000003,1843.4700000000003,4.259475218658892,0.2627025662584228,6249.482794983061,Bottom 15%
CUST01800,22289.29,13306.869999999999,3714.8816666666667,3.0953389830508473,0.4974993402770701,6237.334309947454,Bottom 15%
CUST01685,30274.08,16116.050000000001,5045.68,2.5512223515715946,0.5541290436733964,6195.642965297738,Bottom 15%
CUST01876,15717.300000000001,6033.68,5239.1,1.8323578595317727,0.4026442309286475,6190.264837977282,Bottom 15%
CUST00236,11156.13,4814.01,2789.0325,2.853515625,0.2795036789986668,6189.77384730182,Bottom 15%
CUST00586,18537.37,10645.31,3089.5616666666665,3.108510638297872,0.4074479759729057,6143.061965250957,Bottom 15%
CUST00655,7377.22,4254.84,3688.61,2.1612426035502956,0.2910329717629789,6101.006412776087,Bottom 15%
CUST00866,17739.3,7557.39,3547.8599999999997,2.477951153324288,0.3615642226006848,6058.786036165356,Bottom 15%
CUST01354,27946.79,12488.48,4657.798333333333,2.3488745980707395,0.4882171145697159,6044.153078584428,Bottom 15%
CUST01393,731.96,353.12000000000006,731.96,12.0,0.3630660541940601,6039.0993482835565,Bottom 15%
CUST01864,11063.02,5817.13,2765.755,2.8590998043052838,0.2926076843389633,6038.270214629783,Bottom 15%
CUST00662,35952.78,19353.89,5992.13,2.0851569933396767,0.5554669187389766,5995.608350660174,Bottom 15%
CUST01070,6990.22,3769.9700000000003,2330.0733333333333,3.8312937062937062,0.3845230567990285,5931.110402342587,Bottom 15%
CUST01846,9355.34,5712.030000000001,4677.67,1.4698189134808852,0.2025090869537192,5918.727411370695,Bottom 15%
CUST00225,13802.68,7208.58,2760.536,2.9743485342019547,0.3387075475713133,5861.2200024778995,Bottom 15%
CUST00610,24245.39,13756.730000000001,4849.0779999999995,1.9490394877267874,0.4255086032337877,5861.010799035939,Bottom 15%
CUST01028,6629.36,3075.62,2209.7866666666664,3.1396848137535818,0.2223790606601649,5823.894938877013,Bottom 15%
CUST01779,11219.8,6181.16,2243.96,3.6745472837022133,0.351475796487887,5772.372173265123,Bottom 15%
CUST00473,11405.92,5423.98,2281.184,3.6745472837022133,0.3643226694186368,5751.883288014152,Bottom 15%
CUST00254,16610.75,7496.409999999999,5536.916666666667,1.437992125984252,0.3329936461254564,5732.758545236702,Bottom 15%
CUST01193,16210.74,7374.33,3242.148,3.2611607142857144,0.4994769051134872,5712.659557703569,Bottom 15%
CUST00096,11095.97,6658.36,1849.3283333333331,3.7270408163265305,0.2361493446854603,5683.237587709517,Bottom 15%
CUST00309,6727.71,3659.7,2242.57,3.166907514450867,0.2589969962918133,5680.813624010127,Bottom 15%
CUST00739,20209.649999999998,10051.85,4041.9299999999994,2.0967278989667046,0.3820679808569977,5653.022909442486,Bottom 15%
CUST00889,23782.16,14658.11,5945.54,1.6305803571428572,0.4624473661203253,5625.533170849699,Bottom 15%
CUST01620,23432.22,13044.800000000001,4686.444,2.009075907590759,0.4549781484208943,5539.401911406572,Bottom 15%
CUST00071,12179.9,6622.9400000000005,3044.975,2.4188741721854305,0.3034797354182958,5537.834200769868,Bottom 15%
CUST00861,10524.22,5760.28,3508.0733333333333,2.2271341463414633,0.3494285683366182,5486.801041355058,Bottom 15%
CUST00418,15449.960000000001,6458.81,3089.992,2.7257462686567164,0.3970201893015164,5482.198248293055,Bottom 15%
CUST01477,22958.89,11521.77,4591.778,2.0519662921348316,0.4636945190958303,5454.720782799886,Bottom 15%
CUST01985,21297.98,11486.76,4259.596,2.29428391959799,0.4831257647350933,5452.675343594629,Bottom 15%
CUST00292,18672.56,10702.42,4668.14,1.812655086848635,0.4056687157652613,5428.712241234035,Bottom 15%
CUST01607,6356.28,1994.69,3178.14,2.356451612903226,0.3290482238404608,5424.154381453054,Bottom 15%
CUST01415,10167.470000000001,4644.35,3389.156666666667,2.484693877551021,0.4052655327370309,5406.258744768434,Bottom 15%
CUST01567,18947.2,9146.240000000002,3157.866666666667,3.0353185595567864,0.4786752299461761,5394.057987682471,Bottom 15%
CUST00641,11520.93,6813.719999999999,2880.2325,2.730841121495327,0.3678527888823442,5367.2446394444405,Bottom 15%
CUST00709,10003.869999999999,4442.2,2500.9674999999997,2.831395348837209,0.3031302295695972,5326.836565061127,Bottom 15%
CUST00035,16084.04,8587.73,3216.808,2.4252988047808763,0.369391000003825,5310.797494834637,Bottom 15%
CUST01799,11325.82,4091.18,5662.91,1.1632165605095541,0.2621034986308753,5246.925180947992,Bottom 15%
CUST00464,19549.08,11908.99,4887.27,1.812655086848635,0.4610724903515198,5153.722656330285,Bottom 15%
CUST00774,4467.34,2523.919999999999,1489.1133333333335,4.643008474576272,0.3097355423229824,5151.716130319311,Bottom 15%
CUST00633,5587.049999999999,1623.46,1862.3499999999997,3.3715384615384614,0.2445113390843894,5120.66725788874,Bottom 15%
CUST01031,16024.81,9843.36,4006.2025,1.7310426540284358,0.317831935557515,5106.710463341859,Bottom 15%
CUST00812,22493.74,11730.189999999999,5623.435,1.480243161094225,0.4416210272453745,5017.333650958769,Bottom 15%
CUST00547,15606.57,6816.67,3121.314,3.2437833037300177,0.5424697510149646,5000.555948030564,Bottom 15%
CUST01982,3700.6400000000003,1227.3400000000001,1850.3200000000002,2.9695121951219514,0.1773748202777338,4879.1384200568145,Bottom 15%
CUST00880,16548.08,9455.550000000001,2758.013333333334,2.8461038961038962,0.424827261506831,4873.652824858033,Bottom 15%
CUST00737,2140.0,930.62,1070.0,5.576335877862595,0.24366294707613662,4871.438941008827,Bottom 15%
CUST01226,17345.75,6858.04,5781.916666666667,1.3314094775212637,0.4192654351427708,4825.811254543761,Bottom 15%
CUST00804,6402.37,3228.0,2134.1233333333334,2.5423433874709978,0.1836244432167721,4781.376034883048,Bottom 15%
CUST01156,7094.16,3640.63,3547.08,1.5915032679738563,0.2177086057984671,4767.121875185233,Bottom 15%
CUST00267,13288.92,5557.26,4429.64,1.4649064171122996,0.3311230899427664,4685.260061876281,Bottom 15%
CUST01758,19447.61,11749.42,3889.522,2.0589064261555805,0.4597597944382346,4670.1295435868215,Bottom 15%
CUST00844,10423.35,5962.1900000000005,3474.4500000000003,1.7730582524271845,0.2991594245641873,4660.553439986817,Bottom 15%
CUST00828,10661.04,6353.44,3553.6800000000003,1.690972222222222,0.282720292205416,4652.780024362982,Bottom 15%
CUST01045,25423.4,11448.26,4237.233333333334,2.180597014925373,0.5412907200685612,4575.141218299178,Bottom 15%
CUST01765,2306.0,820.29,1153.0,4.174285714285714,0.1390739906835184,4472.872219317432,Bottom 15%
CUST01386,7168.360000000001,3306.16,1792.0900000000001,3.520481927710844,0.3433500147922264,4472.033607538219,Bottom 15%
CUST01040,6156.44,2755.4100000000003,2052.1466666666665,2.5661592505854802,0.2158663714655624,4457.499103309746,Bottom 15%
CUST01165,15086.730000000001,7501.66,2514.4550000000004,2.7705436156763588,0.4234937816961786,4335.3287852720905,Bottom 15%
CUST01001,12661.24,5140.969999999999,3165.31,1.9637096774193548,0.3572526097026669,4312.638308266094,Bottom 15%
CUST00057,9000.470000000001,4204.599999999999,3000.156666666667,1.9156468531468531,0.3183230468339039,4229.0924565356545,Bottom 15%
CUST01445,6128.7,2897.38,3064.35,1.8037037037037038,0.2978615804279298,4189.242357843631,Bottom 15%
CUST01202,11458.32,5969.28,3819.44,1.4867706919945727,0.3280131251844004,4119.207392232503,Bottom 15%
CUST01651,6355.26,2033.1299999999999,1588.815,3.1019108280254777,0.2280708476914368,4106.664905884775,Bottom 15%
CUST01026,9546.31,4914.52,2386.5775,2.3117088607594938,0.3129605035619985,4091.6602796020993,Bottom 15%
CUST01806,12028.82,5128.4400000000005,3007.205,1.9796747967479673,0.3680701440154596,4061.0183086805014,Bottom 15%
CUST00272,7662.700000000001,3661.1600000000003,1915.6750000000002,2.9634888438133875,0.3413609080400882,4036.284926985637,Bottom 15%
CUST01450,10108.87,4139.75,2527.2175,2.1422287390029324,0.3189414209949546,3980.1745057164194,Bottom 15%
CUST01419,16699.47,9223.36,2783.2450000000003,2.7566037735849056,0.5215159441172383,3962.8025954262316,Bottom 15%
CUST01224,11678.98,4711.360000000001,2335.796,2.568565400843882,0.3920455644622894,3937.3657040100516,Bottom 15%
CUST00718,14379.09,6819.32,2875.818,2.108833718244804,0.4006515234266988,3923.668650114388,Bottom 15%
CUST01191,3818.21,2403.51,1909.105,2.7775665399239546,0.3171054090942417,3908.9232538483798,Bottom 15%
CUST01487,5261.599999999999,2783.56,2630.7999999999997,1.830827067669173,0.2483717273441847,3907.936063374946,Bottom 15%
CUST01265,14312.73,8561.300000000001,2862.546,2.3413461538461537,0.4621034518555524,3891.58071038505,Bottom 15%
CUST01052,8256.17,4245.79,2064.0425,2.493174061433447,0.310783522872375,3828.565408467791,Bottom 15%
CUST00246,10072.64,5062.38,2518.16,2.1328467153284674,0.3431758000444359,3808.0381896942827,Bottom 15%
CUST01094,8112.64,4201.9,4056.32,1.5411392405063291,0.4356954233349206,3807.9991618068825,Bottom 15%
CUST00792,14320.19,8414.34,4773.3966666666665,1.125,0.347290023586136,3783.637166453526,Bottom 15%
CUST01267,11045.21,4081.55,5522.605,1.1576862123613312,0.452052397138579,3781.6650363993203,Bottom 15%
CUST00138,10779.810000000001,3897.7900000000004,3593.2700000000004,1.4513245033112583,0.3301358255817862,3770.946013545962,Bottom 15%
CUST01484,12430.36,7048.0599999999995,4143.453333333334,1.4066110397946083,0.4058906697325621,3737.7653227574174,Bottom 15%
CUST00270,8342.32,4415.67,2780.773333333333,1.9637096774193548,0.3661206047179697,3736.445822945015,Bottom 15%
CUST00529,12853.55,6288.280000000001,6426.775,1.0131761442441054,0.4750926480943735,3689.5201870171672,Bottom 15%
CUST00003,5258.46,3452.17,2629.23,1.8446969696969695,0.2969683938622088,3680.7612446018693,Bottom 15%
CUST01740,14921.26,7755.21,3730.315,1.7208480565371025,0.4701614993831679,3671.4763031592106,Bottom 15%
CUST00457,13475.51,7106.4400000000005,4491.836666666667,1.5072214580467675,0.5011223422691866,3645.8958899052363,Bottom 15%
CUST01133,10610.27,4677.039999999999,3536.7566666666667,1.5766187050359712,0.3958538806206916,3636.4952944537763,Bottom 15%
CUST00564,5314.4,2862.58,1328.6,3.232300884955752,0.2156589465034343,3635.9689058676945,Bottom 15%
CUST01356,6321.75,3594.84,3160.875,1.6197339246119733,0.3438874346358349,3626.089666730694,Bottom 15%
CUST00829,14526.57,6790.6900000000005,3631.6425,1.6659064994298747,0.4477473925417479,3606.622366647824,Bottom 15%
CUST01459,9719.630000000001,6066.53,2429.9075000000003,2.200301204819277,0.3834383090069286,3558.4232183247022,Bottom 15%
CUST00442,9309.97,4619.83,2327.4925,2.3526570048309177,0.4025331860651122,3531.58674141897,Bottom 15%
CUST01223,16499.25,8653.61,3299.85,2.070578231292517,0.5247853863364434,3504.974108999961,Bottom 15%
CUST00326,403.03,177.91999999999996,403.03,12.0,0.3324884447184673,3484.8700895020224,Bottom 15%
CUST01959,2792.84,1569.2800000000002,1396.42,2.675824175824176,0.1522086066526844,3419.5725408612134,Bottom 15%
CUST00775,10083.38,3606.9999999999995,3361.1266666666666,1.4361074705111403,0.3473066462863018,3400.8712863067876,Bottom 15%
CUST00383,10450.39,4224.53,3483.463333333333,1.4398817345597898,0.3748937722484375,3384.5511035759246,Bottom 15%
CUST01974,273.83,185.51,273.83,12.0,0.0752568472952625,3280.1415150111156,Bottom 15%
CUST01285,7836.96,4448.89,1959.24,2.2407975460122698,0.3171346262121852,3236.19389718917,Bottom 15%
CUST01776,14000.32,7372.040000000001,3500.08,1.9663526244952894,0.5910175059106232,3038.4582713590426,Bottom 15%
CUST00197,10822.18,4428.12,1803.6966666666667,2.7189826302729525,0.4291065299873849,3022.2765086788663,Bottom 15%
CUST01076,5679.110000000001,2583.13,1893.0366666666669,2.218117408906883,0.4135308217253335,2658.2629200751608,Bottom 15%
CUST01589,8298.880000000001,3587.9600000000005,2074.7200000000003,1.6054945054945053,0.3378624503602537,2380.8153754092427,Bottom 15%
CUST00143,972.0,609.45,486.0,5.7976190476190474,0.24366294707613662,2300.4378550531665,Bottom 15%
CUST01586,3370.7799999999997,1547.6999999999998,1685.3899999999999,1.5250521920668059,0.2147982603063543,2178.5902563311893,Bottom 15%
CUST01479,6194.450000000001,2333.9600000000005,3097.2250000000004,0.9637203166226913,0.3465703820273992,2105.3861940121114,Bottom 15%
CUST00196,6066.820000000001,3343.1400000000003,2022.2733333333335,1.6477443609022557,0.4272836064793827,2060.0534460571985,Bottom 15%
CUST01074,189.36,106.38,189.36,12.0,0.1869253296057832,1994.3854948110063,Bottom 15%
CUST00107,7041.01,3569.8899999999994,2347.0033333333336,1.4807432432432432,0.4745757680110932,1971.1185644686484,Bottom 15%
CUST00373,6110.02,3430.63,2036.6733333333334,1.8171641791044775,0.5390037371531002,1841.7137612753593,Bottom 15%
CUST00885,2045.25,488.17,1022.625,2.0991379310344827,0.2137841656214952,1821.8321104482097,Bottom 15%
CUST00123,3186.48,1361.3999999999999,1593.24,1.3578066914498141,0.2330262557592543,1791.0546067801947,Bottom 15%
CUST01259,1423.0700000000002,523.2,711.5350000000001,2.8204633204633205,0.2916709822868721,1534.4789729335273,Bottom 15%
CUST01852,3256.29,1666.13,1628.145,1.386148007590133,0.4510269796297556,1337.4047777898393,Bottom 15%
CUST01862,3266.62,1691.9,1088.8733333333332,1.4908163265306122,0.3229947697794383,1186.3223439201809,Bottom 15%
CUST00507,2324.36,993.76,1162.18,1.085438335809807,0.2533404079116797,1016.741115840744,Bottom 15%
CUST00842,2144.3,599.85,1072.15,1.3044642857142859,0.3798498270999232,936.2542377646002,Bottom 15%
CUST01711,90.7,45.540000000000006,90.7,12.0,0.2147974025246628,922.5277628993437,Bottom 15%
CUST01963,60.13,34.28,60.13,12.0,0.24366294707613662,589.1108358478537,Bottom 15%
