customer_id,recency,frequency,monetary,R,F,M,rfm_score,rfm_total,segment,cluster,pca1,pca2
CUST00001,11,3,28978.370000000003,5,1,3,513,9,Recent Customers,1,-0.34287627416755184,-0.9202415826201636
CUST00002,6,6,36001.299999999996,5,4,4,544,13,Champions,3,0.846756011492481,-0.534202821342745
CUST00003,280,2,5258.46,1,1,1,111,3,Lost Customers,4,-2.3446699072272033,0.49371073073724053
CUST00004,85,5,40697.96,3,3,4,334,10,Loyal Customers,3,0.4928984384810255,0.030036624062472785
CUST00005,31,3,12014.68,4,1,1,411,6,Recent Customers,1,-1.0521682404423078,-1.0914691249553143
CUST00006,556,3,17987.96,1,1,2,112,4,Lost Customers,2,-2.3654954867129327,2.8327218351069616
CUST00007,27,7,56143.159999999996,4,4,5,445,13,Champions,0,1.8593471425091308,0.09118486862370001
CUST00008,64,5,49717.75,3,3,5,335,11,Loyal Customers,3,0.9004907022661929,0.045800061118045944
CUST00009,386,4,33475.270000000004,1,2,4,124,7,About To Sleep,4,-0.9702621904400084,1.984158123914017
CUST00010,62,6,40749.86,3,4,4,344,11,Loyal Customers,3,0.8643346736268426,-0.03891981929892872
CUST00011,34,5,35669.03,4,3,4,434,11,Loyal Customers,3,0.4498785045746134,-0.4341650366755338
CUST00012,89,5,52016.78,3,3,5,335,11,Loyal Customers,3,0.9152079813733648,0.27025053392242354
CUST00013,179,8,28244.99,2,5,3,253,10,At Risk,3,0.6448053566699655,0.7717085300554701
CUST00014,271,4,26440.170000000002,1,2,3,123,6,About To Sleep,4,-0.9021907655334396,1.017736502877905
CUST00015,372,5,34741.37,1,3,4,134,8,About To Sleep,4,-0.578704106727858,2.003215328199643
CUST00016,16,4,13965.01,5,2,1,521,8,Recent Customers,1,-0.63143298710936,-1.066909285305646
CUST00017,202,5,33955.21,1,3,4,134,8,About To Sleep,4,-0.10941029775934057,0.7539428949354966
CUST00018,32,5,30883.06,4,3,3,433,10,Loyal Customers,3,0.2722189511161301,-0.53797705980131
CUST00019,117,2,17176.75,2,1,2,212,5,Needs Attention,1,-1.408743239728576,-0.4677102624142686
CUST00020,110,4,26532.34,2,2,3,223,7,About To Sleep,1,-0.4256552587422278,-0.14978828698114902
CUST00021,32,7,31344.91,4,4,3,443,11,Loyal Customers,3,0.8936790260815427,-0.33514034642643303
CUST00022,18,6,29625.22,4,4,3,443,11,Loyal Customers,3,0.5669874207874298,-0.566006581768077
CUST00023,20,6,55768.64,4,4,5,445,13,Champions,0,1.563675692201479,-0.06374911160347732
CUST00024,88,10,103892.23999999999,3,5,5,355,13,Loyal Customers,0,4.4168700515405375,1.716329870048996
CUST00025,42,5,36292.49,3,3,4,334,10,Loyal Customers,3,0.45028418369121787,-0.36443464531403297
CUST00026,51,5,33655.96,3,3,4,334,10,Loyal Customers,3,0.3227358536972347,-0.3482603715752111
CUST00027,61,7,54104.24,3,4,5,345,12,Loyal Customers,0,1.6812689838775299,0.3000678551486953
CUST00028,26,10,60682.63,4,5,5,455,14,Champions,0,2.9419905907181687,0.45994164840910506
CUST00029,181,3,15394.52,2,1,2,212,5,Needs Attention,4,-1.3632401250796844,0.060943365555530114
CUST00030,50,3,24197.620000000003,3,1,3,313,7,Potential Loyalists,1,-0.6407892968820321,-0.7261983516463423
CUST00031,8,5,29334.54,5,3,3,533,11,Loyal Customers,3,0.2833448003544241,-0.7411636007679115
CUST00032,54,7,45155.22,3,4,5,345,12,Loyal Customers,0,1.3586516804943067,0.08227786830754037
CUST00033,25,5,39566.84,4,3,4,434,11,Loyal Customers,3,0.6257951810417474,-0.4268088199559382
CUST00034,41,4,18695.44,4,2,2,422,8,Recent Customers,1,-0.523474875185669,-0.7970985162144836
CUST00035,39,5,16084.04,4,3,2,432,9,Loyal Customers,1,-0.31586828912160775,-0.763231463282776
CUST00036,187,3,14469.59,1,1,1,111,3,Lost Customers,4,-1.4163372767473403,0.08726215661438902
CUST00037,137,1,6032.469999999999,2,1,1,211,4,Needs Attention,1,-2.1967432503055933,-0.6274808680938024
CUST00038,123,3,24552.949999999997,2,1,3,213,6,Needs Attention,1,-0.8416291351917873,-0.18941504528609523
CUST00039,183,4,28737.58,1,2,3,123,6,About To Sleep,4,-0.5555536028364663,0.4215070148154254
CUST00040,5,12,69902.87,5,5,5,555,15,Champions,0,3.961018600399801,0.6736651099157395
CUST00041,84,5,14676.74,3,3,1,331,7,Loyal Customers,1,-0.5020415255413073,-0.46267869091975494
CUST00042,427,1,9048.66,1,1,1,111,3,Lost Customers,2,-2.9330657534212277,1.5348815421504092
CUST00043,6,3,26772.47,5,1,3,513,9,Recent Customers,1,-0.4127800239496373,-0.9977068771417932
CUST00044,100,3,10801.939999999999,2,1,1,211,4,Needs Attention,1,-1.3013898226044778,-0.6129893438953535
CUST00045,7,7,56161.16,5,4,5,545,14,Champions,0,1.9187952952400202,-0.053727063905017226
CUST00046,85,1,3534.4700000000003,3,1,1,311,5,Needs Attention,1,-2.1397676194434476,-1.051727783920672
CUST00047,44,3,15067.2,3,1,2,312,6,Needs Attention,1,-0.9733009336743514,-0.9401101571278889
CUST00048,356,5,28094.55,1,3,3,133,7,About To Sleep,4,-0.7865941739871098,1.7630137936797297
CUST00049,76,7,46042.54,3,4,5,345,12,Loyal Customers,0,1.3280455119739678,0.25860426132926606
CUST00050,41,5,34793.84,4,3,4,434,11,Loyal Customers,3,0.3957509193486511,-0.3996559071115014
CUST00051,6,6,20636.68,5,4,2,542,11,Loyal Customers,3,0.2575440493680494,-0.8208457906336315
CUST00052,75,5,29846.08,3,3,3,333,9,Loyal Customers,3,0.1061227631312961,-0.2450403567347545
CUST00053,8,4,29717.44,5,2,3,523,10,Recent Customers,3,-0.003845895924202365,-0.8311304135431037
CUST00054,201,5,37730.58,1,3,4,134,8,About To Sleep,4,0.03830782273439175,0.8171139625870822
CUST00056,106,6,36193.88,2,4,4,244,10,At Risk,3,0.5603518006624537,0.19562866515735206
CUST00057,120,3,9000.470000000001,2,1,1,211,4,Needs Attention,1,-1.4292315872886765,-0.5013498994881268
CUST00058,14,1,13975.54,5,1,1,511,7,Recent Customers,1,-1.5307765361454775,-1.37256824309864
CUST00059,380,6,28668.66,1,4,3,143,8,At Risk,4,-0.53321291871255,2.045131913047667
CUST00060,84,7,54407.9,3,4,5,345,12,Loyal Customers,0,1.6253423663732112,0.4727678507752698
CUST00061,401,6,21736.079999999998,1,4,2,142,7,At Risk,4,-0.860763560936902,2.0683075497819843
CUST00062,165,4,38773.08,2,2,4,224,8,About To Sleep,4,-0.11782394464223898,0.4780067397109151
CUST00063,67,6,28711.95,3,4,3,343,10,Loyal Customers,3,0.3880079772132133,-0.2271876175850109
CUST00064,128,5,53727.78,2,3,5,235,10,About To Sleep,3,0.8662446076004972,0.5854041142504179
CUST00065,64,5,20871.29,3,3,2,332,8,Loyal Customers,3,-0.2057312086527845,-0.4923606579840724
CUST00066,25,4,11111.6,4,2,1,421,7,Recent Customers,1,-0.7672983656437918,-1.05478113357829
CUST00067,2,8,42332.200000000004,5,5,4,554,14,Champions,0,1.7050376257166042,-0.250922423133921
CUST00068,28,3,19643.78,4,1,2,412,7,Recent Customers,1,-0.7507891077720837,-0.9709274894000836
CUST00069,137,6,60143.5,2,4,5,245,11,At Risk,0,1.3877119486933904,0.8675677390182195
CUST00070,22,4,29897.52,4,2,3,423,9,Recent Customers,3,-0.038070590880948205,-0.726097414935814
CUST00071,10,4,12179.9,5,2,1,521,8,Recent Customers,1,-0.682262127522842,-1.1437866917091783
CUST00072,27,4,19329.01,4,2,2,422,8,Recent Customers,1,-0.4580478261855076,-0.8869520276646855
CUST00073,6,5,22342.079999999998,5,3,2,532,10,Loyal Customers,3,0.021069402032355466,-0.8861399901657239
CUST00074,2,7,41046.26,5,4,4,544,13,Champions,3,1.3538492197079786,-0.37202318213566504
CUST00075,331,2,12436.529999999999,1,1,1,111,3,Lost Customers,4,-2.2192334217705345,0.9980068338384047
CUST00076,18,6,41408.61,4,4,4,444,12,Champions,3,1.018864157236324,-0.34617518353547905
CUST00077,48,4,14319.71,3,2,1,321,6,Needs Attention,1,-0.7118433360008134,-0.8278956018202059
CUST00078,67,6,41232.18,3,4,4,344,11,Loyal Customers,3,0.8681415102618129,0.00639029735234758
CUST00079,48,4,13563.380000000001,3,2,1,321,6,Needs Attention,1,-0.7408475471894774,-0.8420057247496228
CUST00080,132,5,44353.33,2,3,5,235,10,About To Sleep,3,0.49499581846310586,0.4395635458910554
CUST00081,11,7,51085.32,5,4,5,545,14,Champions,0,1.7123922642474902,-0.11937259104477933
CUST00082,6,8,31026.39,5,5,3,553,13,Loyal Customers,3,1.2597238473267194,-0.4327945214087418
CUST00083,250,5,41438.2,1,3,4,134,8,About To Sleep,4,0.03653313031322451,1.2421404366445588
CUST00084,176,5,28546.51,2,3,3,233,8,About To Sleep,4,-0.24044123377470752,0.4642159063548991
CUST00085,342,4,31592.41,1,2,3,123,6,About To Sleep,4,-0.9131999409733226,1.6294863811936893
CUST00086,34,6,44626.26,4,4,5,445,13,Champions,3,1.0952502898614465,-0.16994838259200526
CUST00087,85,7,28678.48,3,4,3,343,10,Loyal Customers,3,0.6357167416862166,2.1142466083278995e-05
CUST00088,236,5,23182.88,1,3,2,132,6,About To Sleep,4,-0.6224026711347576,0.7998950328983587
CUST00089,63,4,22963.17,3,2,2,322,7,Needs Attention,1,-0.4244469877459484,-0.5577070581393685
CUST00090,396,2,11592.37,1,1,1,111,3,Lost Customers,2,-2.4425688943368544,1.4543133099665102
CUST00091,97,5,44923.37,2,3,5,235,10,About To Sleep,3,0.6196823511468705,0.19601468788711512
CUST00092,81,5,45617.28,3,3,5,335,11,Loyal Customers,3,0.6932991435903433,0.0927621077808284
CUST00093,138,6,28793.170000000002,2,4,3,243,9,At Risk,3,0.18253218664244936,0.2899571074543844
CUST00094,9,5,36487.24,5,3,4,534,12,Loyal Customers,3,0.5547030753025016,-0.6004601545415971
CUST00095,6,6,20010.33,5,4,2,542,11,Loyal Customers,3,0.23352439170800723,-0.8325310014501273
CUST00096,20,6,11095.97,4,4,1,441,9,Loyal Customers,1,-0.14945951999623502,-0.8971642416198338
CUST00097,14,7,63032.08,5,4,5,545,14,Champions,0,2.1617203329836907,0.12529380567301032
CUST00098,39,4,36237.34,4,2,4,424,10,Recent Customers,3,0.15510855639285046,-0.48436089771287777
CUST00099,54,7,67164.16,3,4,5,345,12,Loyal Customers,0,2.2026641403975713,0.4928775390149817
CUST00100,177,1,3266.82,2,1,1,211,4,Needs Attention,1,-2.420317864271777,-0.3885814633305288
CUST00101,82,6,39394.630000000005,3,4,4,344,11,Loyal Customers,3,0.7536055967916376,0.08104469651366725
CUST00102,21,10,57720.83,4,5,5,455,14,Champions,0,2.8430991196536923,0.3683742530553704
CUST00103,53,5,34089.53,3,3,4,334,10,Loyal Customers,3,0.3334868767820169,-0.3256468980745902
CUST00104,112,3,17143.69,2,1,2,212,5,Needs Attention,1,-1.0934471930993994,-0.4075287558280633
CUST00105,32,10,57126.31,4,5,5,455,14,Champions,0,2.7879832658724837,0.43716912168969524
CUST00106,44,2,12865.380000000001,3,1,1,311,5,Needs Attention,1,-1.3596120730711456,-1.0782976102824424
CUST00107,201,3,7041.01,1,1,1,111,3,Lost Customers,4,-1.7423435769593858,0.05034768794134267
CUST00108,186,1,7449.0199999999995,1,1,1,111,3,Lost Customers,1,-2.286377313805539,-0.24519668819350451
CUST00109,234,6,23873.48,1,4,3,143,8,At Risk,4,-0.2881689443451286,0.8953643307667133
CUST00110,418,7,38412.44,1,4,4,144,9,At Risk,4,0.030682005625602644,2.5999931839786874
CUST00111,141,1,9277.1,2,1,1,211,4,Needs Attention,1,-2.0840677453826584,-0.5378993719361617
CUST00112,17,5,19099.53,4,3,2,432,9,Loyal Customers,1,-0.13559474595101062,-0.8667468758195848
CUST00113,10,10,67960.47,5,5,5,555,15,Champions,0,3.2680920078246607,0.4795191314481061
CUST00114,7,6,33130.88,5,4,4,544,13,Champions,3,0.7337414739786406,-0.5804911053615567
CUST00115,72,5,46927.22,3,3,5,335,11,Loyal Customers,3,0.7699745787887086,0.05183891759424565
CUST00116,11,3,24625.21,5,1,3,513,9,Recent Customers,1,-0.5098139494918744,-1.0014543108359162
CUST00117,36,2,19385.11,4,1,2,412,7,Recent Customers,1,-1.0860862787294008,-1.0147643614231652
CUST00118,3,4,18917.54,5,2,2,522,9,Recent Customers,1,-0.403317679442063,-1.0689257180542988
CUST00119,103,7,34711.55,2,4,4,244,10,At Risk,3,0.8141945561293721,0.24329730640210806
CUST00120,162,3,13478.52,2,1,1,211,4,Needs Attention,1,-1.3808960958353078,-0.11278696177226093
CUST00121,311,4,20808.16,1,2,2,122,5,About To Sleep,4,-1.2356863277401258,1.203160980083151
CUST00122,41,6,37280.86,4,4,4,444,12,Champions,3,0.7929990849522691,-0.2561477512749577
CUST00123,47,2,3186.48,3,1,1,311,5,Needs Attention,1,-1.7395982054564723,-1.2370803971614586
CUST00124,339,7,33671.21,1,4,4,144,9,At Risk,4,0.08095599809254489,1.9378120282685771
CUST00125,396,4,15724.07,1,2,2,122,5,About To Sleep,2,-1.6803751390589872,1.7256148926874666
CUST00126,153,3,5418.639999999999,2,1,1,211,4,Needs Attention,1,-1.6635403201503407,-0.32851389110248247
CUST00127,135,3,15633.89,2,1,2,212,5,Needs Attention,1,-1.2189174976479908,-0.2686607429703598
CUST00128,55,2,19862.27,3,1,2,312,6,Needs Attention,1,-1.1236078352789185,-0.8678770910622565
CUST00129,311,1,3450.24,1,1,1,111,3,Lost Customers,4,-2.806961740347843,0.5880002939715501
CUST00130,21,6,55510.93,4,4,5,445,13,Champions,0,1.5508549756582921,-0.061294572676066306
CUST00131,245,2,3935.85,1,1,1,111,3,Lost Customers,4,-2.292563888745209,0.21485251813628461
CUST00132,9,8,53494.14,5,5,5,555,15,Champions,0,2.112517355585116,0.00815188831813787
CUST00133,8,4,11917.13,5,2,1,521,8,Recent Customers,1,-0.6864632064416863,-1.1632137135334881
CUST00134,324,4,10556.550000000001,1,2,1,121,4,About To Sleep,4,-1.6670140366418387,1.1063175630138486
CUST00135,64,2,14519.810000000001,3,1,1,311,5,Needs Attention,1,-1.3549248445289694,-0.9021847563426417
CUST00136,214,6,58114.85,1,4,5,145,10,At Risk,0,1.0836981935744874,1.3889249667714614
CUST00137,92,3,23303.12,2,1,3,213,6,Needs Attention,1,-0.7984836797185332,-0.43786592302629207
CUST00138,110,3,10779.810000000001,2,1,1,211,4,Needs Attention,1,-1.3316174163405239,-0.5407783314396012
CUST00139,131,9,45991.99,2,5,5,255,12,At Risk,0,1.7682715910839275,0.8513129081220242
CUST00140,2,6,45535.0,5,4,5,545,14,Champions,3,1.2241118182436057,-0.38539127857206773
CUST00141,146,5,35110.39,2,3,4,234,9,About To Sleep,3,0.0994113174494731,0.36880030401290437
CUST00142,107,6,35310.64,2,4,4,244,10,At Risk,3,0.5235428723270003,0.18641329122128003
CUST00143,33,2,972.0,4,1,1,411,6,Recent Customers,1,-1.783389941478556,-1.3800672440725383
CUST00144,30,3,20173.8,4,1,2,412,7,Recent Customers,1,-0.736339360361747,-0.9465146408164402
CUST00145,92,5,22225.4,2,3,2,232,7,About To Sleep,3,-0.23606398847415694,-0.26375148955363
CUST00146,16,5,27166.75,5,3,3,533,11,Loyal Customers,3,0.17670989602153095,-0.7235068817805526
CUST00147,16,8,44051.22,5,5,4,554,14,Champions,0,1.7298291548507745,-0.11717889792977994
CUST00148,69,7,44208.07,3,4,5,345,12,Loyal Customers,3,1.2782613775941025,0.17354360571585883
CUST00149,39,7,44469.979999999996,4,4,5,445,13,Champions,3,1.3764420808357554,-0.03944180265987375
CUST00150,84,7,53903.12,3,4,5,345,12,Loyal Customers,0,1.605984750353995,0.4633506547731133
CUST00151,1,7,24362.56,5,4,3,543,12,Loyal Customers,3,0.7169902547976398,-0.6905373480746336
CUST00152,304,2,4543.9,1,1,1,111,3,Lost Customers,4,-2.4425817496917896,0.6546771601135251
CUST00153,17,6,36766.0,4,4,4,444,12,Champions,3,0.8437643679526438,-0.44005028966699367
CUST00154,2,2,11493.44,5,1,1,511,7,Recent Customers,1,-1.2888325348215783,-1.4089128347880813
CUST00155,2,7,38388.1,5,4,4,544,13,Champions,3,1.2519124539929345,-0.4216139221116791
CUST00156,5,3,13505.380000000001,5,1,1,511,7,Recent Customers,1,-0.9186167128834825,-1.252480629369981
CUST00157,719,3,7448.9,1,1,1,111,3,Lost Customers,2,-3.2485305880992263,3.8198737986654883
CUST00158,36,3,12913.27,4,1,1,411,6,Recent Customers,1,-1.032398024076922,-1.0383930584252439
CUST00159,81,3,19228.98,3,1,2,312,6,Needs Attention,1,-0.9224044906313982,-0.5937595005782206
CUST00160,42,3,23253.25,3,1,3,313,7,Potential Loyalists,1,-0.6535014313984677,-0.8019156528874977
CUST00161,36,2,9728.369999999999,4,1,1,411,6,Recent Customers,1,-1.456408924074713,-1.1949208916380405
CUST00162,142,4,13041.51,2,2,1,221,5,About To Sleep,1,-1.037022565759081,-0.16907736858889363
CUST00163,2,5,50889.68,5,3,5,535,13,Loyal Customers,3,1.1275820201226303,-0.38260436350621707
CUST00164,156,7,46375.39,2,4,5,245,11,At Risk,0,1.1057783395491225,0.8458048893431667
CUST00165,38,5,23648.440000000002,4,3,3,433,10,Loyal Customers,3,-0.022846099874574994,-0.6293720994069918
CUST00166,44,8,52665.96,3,5,5,355,13,Loyal Customers,0,1.977931510331122,0.24688487608950824
CUST00167,142,3,20057.74,2,1,2,212,5,Needs Attention,1,-1.0698342155843064,-0.1352925098299824
CUST00168,6,6,43047.33,5,4,4,544,13,Champions,3,1.1169615331056164,-0.4027518019935735
CUST00169,18,8,43590.59,4,5,4,454,13,Champions,0,1.7062888426124787,-0.11124765562914385
CUST00170,31,4,15769.56,4,2,2,422,8,Recent Customers,1,-0.6062993944509496,-0.9243077219154462
CUST00171,20,9,54303.54,4,5,5,455,14,Champions,0,2.413114277910293,0.20024855558401472
CUST00172,174,4,17561.7,2,2,2,222,6,About To Sleep,4,-0.9576921246987037,0.14764786403681127
CUST00173,248,6,43884.67,1,4,4,144,9,At Risk,4,0.43810204716518036,1.3703673159232435
CUST00174,4,3,12125.34,5,1,1,511,7,Recent Customers,1,-0.9686014474981693,-1.2854890982322782
CUST00175,3,3,19565.71,5,1,2,512,8,Recent Customers,1,-0.6803356374952894,-1.1539436430298713
CUST00176,102,5,36200.11,2,3,4,234,9,About To Sleep,3,0.2704679054921761,0.06958513344696196
CUST00177,91,5,31077.92,2,3,3,233,8,About To Sleep,3,0.10635582418638818,-0.10586090709886516
CUST00178,9,3,52214.92,5,1,5,515,11,Recent Customers,3,0.554089121957562,-0.5012643444551788
CUST00179,28,7,52434.65,4,4,5,445,13,Champions,0,1.7141930106976857,0.02926114382386026
CUST00180,26,4,22311.440000000002,4,2,2,422,8,Recent Customers,1,-0.34073785983076127,-0.8385740805764147
CUST00181,148,8,36015.5,2,5,4,254,11,At Risk,3,1.033868396205142,0.6915414785090455
CUST00182,142,8,40424.39,2,5,4,254,11,At Risk,0,1.2205706033550054,0.73021958547244
CUST00183,38,9,86844.49,4,5,5,455,14,Champions,0,3.6081326892936256,0.9380567959922536
CUST00184,26,4,17901.11,4,2,2,422,8,Recent Customers,1,-0.5098679257169495,-0.920853374613799
CUST00185,3,7,51253.35,5,4,5,545,14,Champions,0,1.7423391337719758,-0.17433691310134167
CUST00186,239,3,18581.010000000002,1,1,2,112,4,Lost Customers,4,-1.4114404783576855,0.5416091009166328
CUST00187,149,5,13823.41,2,3,1,231,6,About To Sleep,4,-0.7257286549460442,-0.006543290680828687
CUST00188,66,2,13584.18,3,1,1,311,5,Needs Attention,1,-1.3966807509055583,-0.9051151331652362
CUST00189,6,2,10008.01,5,1,1,511,7,Recent Customers,1,-1.357548299813961,-1.4075755284199731
CUST00190,17,7,35526.57,4,4,4,444,12,Champions,3,1.0981083213949072,-0.3660629350552135
CUST00191,66,7,52848.78,3,4,5,345,12,Loyal Customers,0,1.6184343569721982,0.31295787815793447
CUST00192,46,5,29718.83,3,3,3,333,9,Loyal Customers,3,0.18644182383085964,-0.45802356267517863
CUST00193,242,2,16869.030000000002,1,1,2,112,4,Lost Customers,4,-1.7877806117443762,0.4343472837107681
CUST00194,31,1,3435.9,4,1,1,411,6,Recent Customers,1,-1.9849013733633785,-1.4457356111931894
CUST00195,6,7,30939.43,5,4,3,543,12,Loyal Customers,3,0.9545146688126854,-0.531527061260231
CUST00196,186,3,6066.820000000001,1,1,1,111,3,Lost Customers,1,-1.7356340101469052,-0.07676264585903453
CUST00197,109,6,10822.18,2,4,1,241,7,At Risk,1,-0.4214315437089997,-0.2559196303048914
CUST00198,3,5,45344.27,5,3,5,535,13,Loyal Customers,3,0.9119853096319614,-0.47879736865860906
CUST00199,289,3,16466.99,1,1,2,112,4,Lost Customers,4,-1.6394049203617755,0.8652892118208542
CUST00200,183,4,30242.82,1,2,3,123,6,About To Sleep,4,-0.497829727213888,0.449588832855534
CUST00201,8,4,18372.99,5,2,2,522,9,Recent Customers,1,-0.4388898894445438,-1.0427729294642263
CUST00202,41,3,28805.3,4,1,3,413,8,Recent Customers,1,-0.4376500860760553,-0.7055987716277832
CUST00203,26,3,17466.15,4,1,2,412,7,Recent Customers,1,-0.8284224237259857,-1.026078216475571
CUST00204,7,3,21876.68,5,1,2,512,8,Recent Customers,1,-0.6034647044105836,-1.0817805454208524
CUST00205,52,4,20579.94,3,2,2,322,7,Needs Attention,1,-0.4835237349022204,-0.6820549506562195
CUST00206,116,5,29000.82,2,3,3,233,8,About To Sleep,3,-0.04674543981467083,0.03694830824500081
CUST00207,289,5,29368.39,1,3,3,133,7,About To Sleep,4,-0.5409052789479265,1.3001986708049587
CUST00208,273,3,27640.510000000002,1,1,3,113,5,Lost Customers,4,-1.163909554260196,0.9575446577777225
CUST00209,381,1,2534.42,1,1,1,111,3,Lost Customers,2,-3.047734744364943,1.0792818135680111
CUST00210,12,4,20340.94,5,2,2,522,9,Recent Customers,1,-0.3751732997310327,-0.977009226784998
CUST00211,127,10,62016.08,2,5,5,255,12,At Risk,0,2.6963992752395534,1.2183196386226507
CUST00212,64,8,39109.97,3,5,4,354,12,Loyal Customers,0,1.3993201338354448,0.13923152214642676
CUST00213,53,9,37902.77,3,5,4,354,12,Loyal Customers,0,1.687216895947293,0.13393390324640547
CUST00214,8,8,21256.39,5,5,2,552,12,Loyal Customers,3,0.879182049607994,-0.6005392606180616
CUST00215,95,8,42319.09,2,5,4,254,11,At Risk,0,1.4313107445500155,0.4242349930065276
CUST00216,323,3,13474.55,1,1,1,111,3,Lost Customers,4,-1.854049254409683,1.0563832908376751
CUST00217,16,5,43264.51,5,3,4,534,12,Loyal Customers,3,0.7940367648544858,-0.42318642313386545
CUST00218,298,1,4391.65,1,1,1,111,3,Lost Customers,4,-2.7326673462805275,0.5111522450174809
CUST00219,384,4,22123.38,1,2,2,122,5,About To Sleep,4,-1.399715709929025,1.7578520329280252
CUST00220,78,5,22073.52,3,3,2,332,8,Loyal Customers,3,-0.20075786245488506,-0.36825838782560355
CUST00221,69,4,18400.45,3,2,2,322,7,Needs Attention,1,-0.6170483629932723,-0.5992550237758717
CUST00222,100,4,20902.08,2,2,2,222,6,About To Sleep,1,-0.6121890169037563,-0.32745051483891674
CUST00223,62,12,44634.369999999995,3,5,5,355,13,Loyal Customers,0,2.824546564055353,0.6162110191924147
CUST00224,79,9,57184.47,3,5,5,355,13,Loyal Customers,0,2.3502582266585423,0.6824761383461145
CUST00225,141,5,13802.68,2,3,1,231,6,About To Sleep,1,-0.7030204707890201,-0.06502912689676156
CUST00226,19,5,29354.47,4,3,3,433,10,Loyal Customers,3,0.25179225566431984,-0.6609055281961781
CUST00227,315,3,12533.050000000001,1,1,1,111,3,Lost Customers,4,-1.866651328388904,0.9807195324320644
CUST00228,54,7,42128.17,3,4,4,344,11,Loyal Customers,3,1.2425684926283678,0.02580510164022423
CUST00229,19,5,10218.42,4,3,1,431,8,Loyal Customers,1,-0.48204883951481475,-1.0179084474026974
CUST00230,54,5,27097.06,3,3,3,333,9,Loyal Customers,3,0.06239741333606664,-0.4488363128447969
CUST00231,33,5,46073.9,4,3,5,435,12,Loyal Customers,3,0.8518287963100634,-0.24731375012403836
CUST00232,15,2,14385.73,5,1,1,511,7,Recent Customers,1,-1.216109827314209,-1.260543124291425
CUST00233,414,5,28990.559999999998,1,3,3,133,7,About To Sleep,4,-0.9226312726585391,2.200948241947407
CUST00234,14,8,35064.0,5,5,4,554,14,Champions,3,1.391057464816491,-0.29936961019549846
CUST00235,3,6,36030.01,5,4,4,544,13,Champions,3,0.8566706819885084,-0.5554543676149046
CUST00236,136,4,11156.13,2,2,1,221,5,About To Sleep,1,-1.0916969222236088,-0.24782541614923928
CUST00237,35,6,34533.35,4,4,4,444,12,Champions,3,0.7052632333836427,-0.35097973082416817
CUST00238,14,9,75050.16,5,5,5,555,15,Champions,0,3.2263458720517773,0.5437240111751527
CUST00239,25,6,31094.59,4,4,3,443,11,Loyal Customers,3,0.602770474283314,-0.48775724645338875
CUST00240,6,5,45693.649999999994,5,3,5,535,13,Loyal Customers,3,0.9165698685838235,-0.4504921601247604
CUST00241,31,10,50766.2,4,5,5,455,14,Champions,0,2.5470197230466587,0.31125226641260456
CUST00242,195,4,30353.5,1,2,3,123,6,About To Sleep,4,-0.528840028587327,0.5388023281434804
CUST00243,117,5,27925.239999999998,2,3,3,233,8,About To Sleep,3,-0.09093034157445982,0.024144631525429384
CUST00244,18,3,29285.94,4,1,3,413,8,Recent Customers,1,-0.35164664650297134,-0.8636668348788845
CUST00245,193,8,52494.87,1,5,5,155,11,At Risk,0,1.5336242570603646,1.3257886864992559
CUST00246,51,4,10072.64,3,2,1,321,6,Needs Attention,1,-0.8835262879478114,-0.8853419495368272
CUST00247,10,4,52418.200000000004,5,2,5,525,12,Recent Customers,3,0.8608211179821902,-0.3930993469380428
CUST00248,15,8,30953.15,5,5,3,553,13,Loyal Customers,3,1.2304741495406226,-0.36879940623331836
CUST00249,192,5,36634.74,1,3,4,134,8,About To Sleep,4,0.022724916741128448,0.7313084438651611
CUST00250,69,4,22609.41,3,2,2,322,7,Needs Attention,1,-0.4556405585631432,-0.5207324965655293
CUST00251,18,5,56004.26,4,3,5,435,12,Loyal Customers,3,1.2767127990398641,-0.1709883601134175
CUST00252,375,4,15264.140000000001,1,2,2,122,5,About To Sleep,4,-1.6363170480415303,1.5645242917748894
CUST00253,6,4,15364.35,5,2,2,522,9,Recent Customers,1,-0.5483912914718422,-1.1134270125557049
CUST00254,22,3,16610.75,4,1,2,412,7,Recent Customers,1,-0.8494742571056899,-1.0710861415641673
CUST00255,28,5,52283.36,4,3,5,435,12,Loyal Customers,3,1.1046424829229853,-0.16778174968804743
CUST00256,252,2,8337.51,1,1,1,111,3,Lost Customers,4,-2.144331562542427,0.3478067737433054
CUST00257,6,12,52093.04,5,5,5,555,15,Champions,0,3.2750983171479375,0.3486665914847546
CUST00258,233,3,17721.84,1,1,2,112,4,Lost Customers,4,-1.4267610982734595,0.48200606843091975
CUST00259,1,9,59336.39,5,5,5,555,15,Champions,0,2.6619371099502063,0.15615625361298346
CUST00260,77,6,53125.04,3,4,5,345,12,Loyal Customers,0,1.294837331266449,0.3008878429388393
CUST00261,5,2,10965.4,5,1,1,511,7,Recent Customers,1,-1.3178958213619718,-1.396976809098664
CUST00262,25,7,51887.2,4,4,5,445,13,Champions,0,1.7020127407332513,-0.0027392666041744043
CUST00263,24,2,15506.45,4,1,2,412,7,Recent Customers,1,-1.1995728076742915,-1.1742734432878492
CUST00264,2,5,52082.04,5,3,5,535,13,Loyal Customers,3,1.173307379757863,-0.3603596473424797
CUST00265,41,4,15319.76,4,2,2,422,8,Recent Customers,1,-0.6529275421767304,-0.8600753381974457
CUST00266,132,4,43216.42,2,2,4,224,8,About To Sleep,3,0.1495225071795958,0.32124309656917455
CUST00267,75,3,13288.92,3,1,1,311,5,Needs Attention,1,-1.132570226549937,-0.7481518214576832
CUST00268,105,7,44149.09,2,4,5,245,11,At Risk,3,1.170235396379142,0.4338892067174542
CUST00269,157,5,22715.3,2,3,2,232,7,About To Sleep,4,-0.40824010205914696,0.2174432636429742
CUST00270,208,3,8342.32,1,1,1,111,3,Lost Customers,4,-1.713005392412726,0.12546168913003058
CUST00271,25,3,22532.75,4,1,2,412,7,Recent Customers,1,-0.6311874156129093,-0.938817909959798
CUST00272,125,4,7662.700000000001,2,2,1,221,5,About To Sleep,1,-1.1933483064584771,-0.39288524456211255
CUST00273,126,5,18136.02,2,3,2,232,7,About To Sleep,1,-0.49277445690955796,-0.09312196733899128
CUST00274,19,5,17417.35,4,3,2,432,9,Loyal Customers,1,-0.20597981402011095,-0.8836049194978587
CUST00275,18,4,23690.690000000002,4,2,3,423,9,Recent Customers,1,-0.26434237571220465,-0.8709418335499468
CUST00276,389,5,23865.04,1,3,3,133,7,About To Sleep,4,-1.0457405405571736,1.9237666579101445
CUST00277,185,3,29402.9,1,1,3,113,5,Lost Customers,4,-0.8377896698282118,0.351333815055641
CUST00278,31,7,32123.94,4,4,4,444,12,Champions,3,0.9264916448061506,-0.32786911844579647
CUST00279,63,2,34870.68,3,1,4,314,8,Potential Loyalists,1,-0.5715591858472757,-0.5297804933708277
CUST00280,86,2,15248.48,3,1,2,312,6,Needs Attention,1,-1.3916150214914984,-0.7288181441080751
CUST00281,168,7,20125.83,2,4,2,242,8,At Risk,3,0.06388923137988044,0.4432406859428017
CUST00282,117,8,23854.69,2,5,3,253,10,At Risk,3,0.6585928341393723,0.23953491861898224
CUST00283,38,3,11954.710000000001,4,1,1,411,6,Recent Customers,1,-1.07503326429265,-1.0417512182509872
CUST00284,10,8,80385.54,5,5,5,555,15,Champions,0,3.1408275210964174,0.5171013164133187
CUST00285,43,6,18139.52,3,4,2,342,9,Loyal Customers,3,0.05307933781890326,-0.5987245868091107
CUST00286,130,5,19506.86,2,3,2,232,7,About To Sleep,1,-0.45195621122955487,-0.03849797285907296
CUST00287,101,6,33210.2,2,4,4,244,10,At Risk,3,0.4606212618090381,0.10365307564274077
CUST00288,2,10,44088.07,5,5,4,554,14,Champions,0,2.3761215809490364,-0.02394442054253269
CUST00289,276,4,17041.09,1,2,2,122,5,About To Sleep,4,-1.2773219750419054,0.878698823309622
CUST00290,133,8,71209.75,2,5,5,255,12,At Risk,0,2.4275876970286028,1.2391910174695484
CUST00291,2,7,59871.22,5,4,5,545,14,Champions,0,2.075760442928204,-0.020823970493452675
CUST00292,124,4,18672.56,2,2,2,222,6,About To Sleep,1,-0.7681974835699197,-0.1947472402140629
CUST00293,4,7,47242.11,5,4,5,545,14,Champions,0,1.5855757244584558,-0.24190838096891956
CUST00294,26,7,71428.83,4,4,5,445,13,Champions,0,2.4484693750239117,0.369092556473435
CUST00295,164,3,17216.51,2,1,2,212,5,Needs Attention,1,-1.2434251283664006,-0.028526095717565002
CUST00296,129,5,46821.18,2,3,5,235,10,About To Sleep,3,0.598448140088558,0.4638166936572886
CUST00297,236,4,32692.35,1,2,4,124,7,About To Sleep,4,-0.5596020095297544,0.8801938774736983
CUST00298,74,4,17090.329999999998,3,2,2,322,7,Needs Attention,1,-0.6819791254261811,-0.5873847399272131
CUST00299,289,4,27462.27,1,2,3,123,6,About To Sleep,4,-0.9158767316358926,1.1675278087551197
CUST00300,115,6,48844.51,2,4,5,245,11,At Risk,3,1.0190449487466873,0.4970008113085649
CUST00301,125,3,20363.05,2,1,2,212,5,Needs Attention,1,-1.0081818026976899,-0.25305721424375405
CUST00302,54,4,19069.65,3,2,2,322,7,Needs Attention,1,-0.5473170588104127,-0.6957062075742995
CUST00303,1,3,23373.67,5,1,3,513,9,Recent Customers,1,-0.5284298416213442,-1.0974269620889003
CUST00304,329,3,27430.32,1,1,3,113,5,Lost Customers,4,-1.336492107774808,1.360317020185076
CUST00305,465,3,20591.989999999998,1,1,2,112,4,Lost Customers,2,-1.9982861887473573,2.2204255009208214
CUST00306,21,8,46132.14,4,5,5,455,14,Champions,0,1.7949400942004305,-0.04204523531977417
CUST00307,475,5,27673.43,1,3,3,133,7,About To Sleep,2,-1.1523529161491786,2.6193814224633303
CUST00308,90,2,18860.05,3,1,2,312,6,Needs Attention,1,-1.2648678742251835,-0.6323910005376379
CUST00309,246,3,6727.71,1,1,1,111,3,Lost Customers,4,-1.886563423932153,0.37131016834818326
CUST00310,5,5,26106.41,5,3,3,533,11,Loyal Customers,3,0.16836415376969455,-0.8231748851986025
CUST00311,62,7,43745.1,3,4,4,344,11,Loyal Customers,3,1.2810723744998571,0.1140697093182638
CUST00312,122,3,17580.649999999998,2,1,2,212,5,Needs Attention,1,-1.1060693192292372,-0.326752941849608
CUST00313,53,4,11811.94,3,2,1,321,6,Needs Attention,1,-0.8227023222647264,-0.838368724588257
CUST00314,211,4,23097.84,1,2,2,122,5,About To Sleep,4,-0.8540908733191085,0.5196386360774338
CUST00315,67,9,44772.63,3,5,5,355,13,Loyal Customers,0,1.9095360269999624,0.3637717068604435
CUST00316,36,9,43886.96,4,5,4,454,13,Champions,0,1.966646515655113,0.12211461274112174
CUST00317,102,8,21463.45,2,5,2,252,9,At Risk,3,0.6109604900599191,0.08598804296897582
CUST00318,146,6,58988.99,2,4,5,245,11,At Risk,0,1.316997039383267,0.9113906375423257
CUST00319,430,2,20602.82,1,1,2,112,4,Lost Customers,2,-2.196918970013014,1.8693337880528744
CUST00320,20,5,44856.75,4,3,5,435,12,Loyal Customers,3,0.8433453948338955,-0.36443198134050875
CUST00321,34,4,31008.559999999998,4,2,3,423,9,Recent Customers,3,-0.030718467512949186,-0.6182211632139416
CUST00322,21,5,27998.87,4,3,3,433,10,Loyal Customers,3,0.1939310796661328,-0.6716708822465265
CUST00323,148,4,33048.91,2,2,4,224,8,About To Sleep,4,-0.2873937644818476,0.2477558136736986
CUST00324,59,7,33608.340000000004,3,4,4,344,11,Loyal Customers,3,0.9011553065853641,-0.0968292545299524
CUST00325,126,4,36914.09,2,2,4,224,8,About To Sleep,3,-0.0745357830304791,0.1600922519849272
CUST00326,508,1,403.03,1,1,1,111,3,Lost Customers,2,-3.502583130585901,1.9618416728784667
CUST00327,46,3,29617.18,3,1,3,313,7,Potential Loyalists,1,-0.42120507848484096,-0.654140370348608
CUST00328,287,8,85119.98,1,5,5,155,11,At Risk,0,2.508590153417345,2.617108436018599
CUST00329,74,6,59480.22,3,4,5,345,12,Loyal Customers,0,1.5473633909163473,0.39766317568677345
CUST00330,26,7,57450.56,4,4,5,445,13,Champions,0,1.9124220211807916,0.10831338859621303
CUST00331,119,4,22765.73,2,2,2,222,6,About To Sleep,1,-0.5965405963652691,-0.1546968312187071
CUST00332,779,3,9863.83,1,1,1,111,3,Lost Customers,2,-3.332194989795354,4.300670053729362
CUST00333,37,6,26095.28,4,4,3,443,11,Loyal Customers,3,0.3757991120872691,-0.49387593033074173
CUST00335,176,2,9522.51,2,1,1,211,4,Needs Attention,1,-1.8756085139233252,-0.1820272353121377
CUST00336,4,4,23042.89,5,2,2,522,9,Recent Customers,1,-0.24805409694569586,-0.9847006353073784
CUST00337,145,4,22773.1,2,2,2,222,6,About To Sleep,4,-0.6726432079014562,0.03426272742740812
CUST00338,25,3,19137.3,4,1,2,412,7,Recent Customers,1,-0.7613982348063161,-1.002163561858689
CUST00339,19,5,40038.36,4,3,4,434,11,Loyal Customers,3,0.6615046852604697,-0.46158644622882644
CUST00340,65,8,45617.74,3,5,5,355,13,Loyal Customers,0,1.6459462337780282,0.26790312832822505
CUST00341,163,7,56616.33,2,4,5,245,11,At Risk,0,1.4779389910989646,1.087696987716288
CUST00342,27,3,13223.53,4,1,1,411,6,Recent Customers,1,-0.994058936558913,-1.0979663189383764
CUST00343,171,2,7198.13,2,1,1,211,4,Needs Attention,1,-1.9500558081127894,-0.26170289748370495
CUST00344,90,6,13567.32,3,4,1,341,8,Loyal Customers,3,-0.2603392313872237,-0.34269154213782976
CUST00345,409,1,7036.58,1,1,1,111,3,Lost Customers,2,-2.957344153392517,1.3666211295371613
CUST00346,212,3,12408.92,1,1,1,111,3,Lost Customers,4,-1.5688084729343108,0.23037789069971756
CUST00347,20,2,3636.37,4,1,1,411,6,Recent Customers,1,-1.643022410408053,-1.4247716819012148
CUST00348,2,4,40744.52,5,2,4,524,11,Recent Customers,3,0.43665475958379124,-0.6689830874951334
CUST00349,21,5,29062.74,4,3,3,433,10,Loyal Customers,3,0.23472902521540906,-0.6518232806957237
CUST00350,41,3,23287.21,4,1,3,413,8,Recent Customers,1,-0.649261218409898,-0.8085444808229568
CUST00351,243,3,11606.56,1,1,1,111,3,Lost Customers,4,-1.6906525813226474,0.4405430291799089
CUST00352,20,6,30337.21,4,4,3,443,11,Loyal Customers,3,0.5884154664405985,-0.5381988935384248
CUST00353,27,1,8194.439999999999,4,1,1,411,6,Recent Customers,1,-1.7906663592552288,-1.3860096456277455
CUST00354,93,3,15162.64,2,1,2,212,5,Needs Attention,1,-1.1135977415364882,-0.5824726585747303
CUST00355,255,7,23045.04,1,4,2,142,7,At Risk,4,-0.07975986334585473,1.1295292596807744
CUST00356,35,5,32382.95,4,3,4,434,11,Loyal Customers,3,0.320923979988093,-0.48820789038858153
CUST00357,7,7,53923.42,5,4,5,545,14,Champions,0,1.8329810560252313,-0.09547443143516048
CUST00358,6,9,41812.51,5,5,4,554,14,Champions,0,1.9752310388526753,-0.13445802185513922
CUST00359,21,7,41313.05,4,4,4,444,12,Champions,3,1.3082602641292551,-0.22906058296413317
CUST00360,115,7,52850.53,2,4,5,245,11,At Risk,0,1.4745446669736053,0.6688474922991869
CUST00361,2,11,63395.29,5,5,5,555,15,Champions,0,3.41840119186828,0.4333620636657227
CUST00362,186,2,21159.82,1,1,2,112,4,Lost Customers,4,-1.458712682565091,0.10770275918605599
CUST00363,183,4,7823.58,1,2,1,121,4,About To Sleep,4,-1.357576625590714,0.03133458882964751
CUST00364,168,6,41796.03,2,4,4,244,10,At Risk,3,0.5930370974172381,0.7504105989822336
CUST00365,147,7,32978.1,2,4,4,244,10,At Risk,3,0.6184518114242614,0.5305030241718458
CUST00366,110,5,25114.9,2,3,3,233,8,About To Sleep,3,-0.17813774301061192,-0.07912189409595043
CUST00367,9,7,44242.5,5,4,5,545,14,Champions,3,1.4558553533082728,-0.2615572905781701
CUST00368,239,4,13172.46,1,2,1,121,4,About To Sleep,4,-1.3169765203550887,0.5378171849620065
CUST00369,415,5,31939.75,1,3,3,133,7,About To Sleep,4,-0.8124718021657406,2.263230836382793
CUST00370,79,10,46321.4,3,5,5,355,13,Loyal Customers,0,2.2355488740522884,0.5769244776756067
CUST00371,7,6,42273.25,5,4,4,544,13,Champions,3,1.084338740046239,-0.40993068257492593
CUST00372,155,3,9767.76,2,1,1,211,4,Needs Attention,1,-1.5026333610062013,-0.23285175916403925
CUST00373,401,3,6110.02,1,1,1,111,3,Lost Customers,2,-2.365624533830209,1.4854565135540843
CUST00374,49,7,27699.36,3,4,3,343,10,Loyal Customers,3,0.7039330212696773,-0.2796912939288293
CUST00375,14,9,55021.61,5,5,5,555,15,Champions,0,2.4582786342022707,0.17007057603708958
CUST00376,2,9,40660.08,5,5,4,554,14,Champions,0,1.9427885151005557,-0.1850073505819948
CUST00377,15,5,10768.16,5,3,1,531,9,Loyal Customers,1,-0.4492154940577157,-1.0367020240811542
CUST00378,243,3,27024.21,1,1,3,113,5,Lost Customers,4,-1.0994069919199974,0.7281753282857533
CUST00379,16,7,30385.79,5,4,3,543,12,Loyal Customers,3,0.9039044004651775,-0.4692319207627699
CUST00380,40,10,62880.89,4,5,5,455,14,Champions,0,2.985160312136204,0.602625894347177
CUST00381,4,6,22624.57,5,4,2,542,11,Loyal Customers,3,0.3396526738245554,-0.7982844088876463
CUST00382,241,4,15070.72,1,2,2,122,5,About To Sleep,4,-1.25005665815785,0.587755974070216
CUST00383,150,3,10450.39,2,1,1,211,4,Needs Attention,1,-1.4617659736592665,-0.2564285217150895
CUST00384,5,8,36043.82,5,5,4,554,14,Champions,3,1.4550732538318383,-0.3464515323925252
CUST00385,9,4,25189.14,5,2,3,523,10,Recent Customers,1,-0.1804378423011877,-0.908348173587224
CUST00386,179,5,32401.23,2,3,4,234,9,About To Sleep,4,-0.1014317258613185,0.557916879051748
CUST00387,111,8,37929.92,2,5,4,254,11,At Risk,0,1.2159858333792375,0.4585486537837426
CUST00388,31,6,36200.52,4,4,4,444,12,Champions,3,0.7809484764364325,-0.3489264884355269
CUST00389,189,8,51721.520000000004,1,5,5,155,11,At Risk,0,1.5157189278891803,1.282311489513946
CUST00390,5,4,10497.85,5,2,1,521,8,Recent Customers,1,-0.7320769531168329,-1.211479019540904
CUST00391,38,4,13488.019999999999,4,2,1,421,7,Recent Customers,1,-0.7143585603429938,-0.9160355145702671
CUST00392,90,4,21030.3,3,2,2,322,7,Needs Attention,1,-0.5778930181526963,-0.39768230798354587
CUST00393,18,7,47617.45,4,4,5,445,13,Champions,0,1.5588389808942218,-0.13323260394057324
CUST00394,71,5,41887.46,3,3,4,334,10,Loyal Customers,3,0.5796446353744531,-0.049445434926302885
CUST00395,56,6,35769.42,3,4,4,344,11,Loyal Customers,3,0.6909690397019648,-0.1754094308246345
CUST00396,426,4,23522.96,1,2,3,123,6,About To Sleep,2,-1.4694352923428395,2.0889829103864352
CUST00397,41,8,23003.63,4,5,2,452,11,Loyal Customers,3,0.8492357930717089,-0.3282839077670816
CUST00398,3,10,54439.37,5,5,5,555,15,Champions,0,2.77014174939342,0.1764322360576036
CUST00399,40,6,24498.89,4,4,3,443,11,Loyal Customers,3,0.30576607818341095,-0.5018710852524895
CUST00400,211,6,36204.01,1,4,4,144,9,At Risk,3,0.2522614148562108,0.9583682924254624
CUST00401,5,8,36509.05,5,5,4,554,14,Champions,3,1.4729141819601714,-0.3377721827826292
CUST00402,55,4,7345.62,3,2,1,321,6,Needs Attention,1,-0.9998553151005387,-0.9071677961944283
CUST00403,133,4,34219.94,2,2,4,224,8,About To Sleep,3,-0.19841797270652556,0.1606667905586619
CUST00404,37,9,56863.44,4,5,5,455,14,Champions,0,2.4613387123520543,0.3714667331095157
CUST00405,116,4,27034.19,2,2,3,223,7,About To Sleep,1,-0.4240373674527593,-0.09685143080093657
CUST00406,36,4,23825.59,4,2,3,423,9,Recent Customers,1,-0.31205123680306585,-0.7377021665909009
CUST00407,70,8,42680.04,3,5,4,354,12,Loyal Customers,0,1.518600025644902,0.24940921417143613
CUST00408,12,5,44787.79,5,3,5,535,13,Loyal Customers,3,0.8642040250850461,-0.423817598378154
CUST00409,2,4,27601.64,5,2,3,523,10,Recent Customers,1,-0.067356541233668,-0.9141771859000277
CUST00410,126,6,31451.21,2,4,3,243,9,At Risk,3,0.31971907707394226,0.2523969639535349
CUST00411,109,2,21367.71,2,1,2,212,5,Needs Attention,1,-1.2245225594109017,-0.4476226404299509
CUST00412,190,5,16050.449999999999,1,3,2,132,6,About To Sleep,4,-0.7607783950055296,0.33276232678798207
CUST00413,5,5,31636.24,5,3,3,533,11,Loyal Customers,3,0.38042549889339744,-0.7200101540907831
CUST00414,139,6,33873.5,2,4,4,244,10,At Risk,3,0.374417933539211,0.391998335528258
CUST00415,187,8,46413.8,1,5,5,155,11,At Risk,0,1.3180509823430029,1.1687656773828106
CUST00416,7,5,23588.58,5,3,3,533,11,Loyal Customers,3,0.06593306203393146,-0.8556228489196714
CUST00417,38,3,27932.350000000002,4,1,3,413,8,Recent Customers,1,-0.4623128316026252,-0.743671723160263
CUST00418,138,5,15449.960000000001,2,3,2,232,7,About To Sleep,1,-0.631035875652114,-0.0560845660862111
CUST00419,56,10,76155.51,3,5,5,355,13,Loyal Customers,0,3.447217357984468,0.9664759324985587
CUST00420,7,9,80905.85,5,5,5,555,15,Champions,0,3.4714687553951507,0.6021312901232255
CUST00421,82,8,44331.9,3,5,5,355,13,Loyal Customers,0,1.546691849269473,0.36737502558641505
CUST00422,23,5,34056.53,4,3,4,434,11,Loyal Customers,3,0.42035818872404,-0.544134159283232
CUST00423,41,8,45327.59,4,5,5,455,14,Champions,0,1.7053288350074893,0.08819278874288611
CUST00424,5,7,32381.879999999997,5,4,4,544,13,Champions,3,1.0127685285125074,-0.5118790430506815
CUST00425,138,7,44379.2,2,4,5,245,11,At Risk,0,1.082109299137533,0.677840921209641
CUST00426,218,7,68714.58,1,4,5,145,10,At Risk,0,1.7803060104436579,1.7128337152317856
CUST00427,11,4,28582.36,5,2,3,523,10,Recent Customers,3,-0.05618832828714232,-0.8305193505327726
CUST00428,273,3,18238.57,1,1,2,112,4,Lost Customers,4,-1.524460971423535,0.7821416866209506
CUST00429,62,6,16622.57,3,4,2,342,9,Loyal Customers,3,-0.06091358384032438,-0.4890395128899395
CUST00430,125,1,5707.8,2,1,1,211,4,Needs Attention,1,-2.1739391699630035,-0.7206865694368647
CUST00431,1,7,40439.5,5,4,4,544,13,Champions,3,1.3335187053780486,-0.3906053081861479
CUST00432,102,3,18898.94,2,1,2,212,5,Needs Attention,1,-0.9967568403887026,-0.44740661178938734
CUST00433,35,8,56982.73,4,5,5,455,14,Champions,0,2.169914724314423,0.2620572274361958
CUST00434,153,7,48356.79,2,4,5,245,11,At Risk,0,1.1905759753460003,0.8609828063251989
CUST00435,92,3,3732.75,2,1,1,211,4,Needs Attention,1,-1.5489803472053383,-0.8029715336382882
CUST00436,202,8,45816.05,1,5,5,155,11,At Risk,0,1.251059687004735,1.2665498352577749
CUST00437,1,4,30972.95,5,2,3,523,10,Recent Customers,3,0.06486643617055098,-0.8585442778756686
CUST00438,29,5,33255.8,4,3,4,434,11,Loyal Customers,3,0.3720239355658074,-0.5154982880241514
CUST00439,28,3,12573.16,4,1,1,411,6,Recent Customers,1,-1.021937621932294,-1.1028372607792345
CUST00440,9,8,47450.97,5,5,5,555,15,Champions,0,1.8807701302615156,-0.10458973449645866
CUST00441,102,5,13203.11,2,3,1,231,6,About To Sleep,1,-0.6114352911358927,-0.3594478243992145
CUST00442,106,4,9309.97,2,2,1,221,5,About To Sleep,1,-1.074357792740087,-0.5001390633146744
CUST00443,160,4,29607.64,2,2,3,223,7,About To Sleep,4,-0.45461644395952083,0.27070398676215235
CUST00444,72,4,15363.91,3,2,2,322,7,Needs Attention,1,-0.742309160893474,-0.6341176750772418
CUST00445,80,5,19932.809999999998,3,3,2,332,8,Loyal Customers,1,-0.2887269229034205,-0.39367078564403535
CUST00446,120,6,33528.53,2,4,4,244,10,At Risk,3,0.4170087940658676,0.24757720712924378
CUST00447,14,7,48527.82,5,4,5,545,14,Champions,0,1.6055019889073057,-0.14529825282027067
CUST00448,27,6,30799.8,4,4,3,443,11,Loyal Customers,3,0.5855898970595332,-0.47873208643612825
CUST00449,20,4,31581.940000000002,4,2,3,423,9,Recent Customers,3,0.03240037809524645,-0.7091975817273589
CUST00450,19,5,16978.64,4,3,2,432,9,Loyal Customers,1,-0.22280373676623869,-0.8917895109200745
CUST00451,164,4,36336.02,2,2,4,224,8,About To Sleep,4,-0.2083439367644184,0.4252784631735923
CUST00452,1,6,32909.79,5,4,4,544,13,Champions,3,0.7428903410265769,-0.6281900916785308
CUST00453,132,4,22920.53,2,2,2,222,6,About To Sleep,1,-0.6287968505371349,-0.05739784437184529
CUST00454,14,6,18106.24,5,4,2,542,11,Loyal Customers,3,0.13700201826830988,-0.8099546846463558
CUST00455,17,5,39320.71,4,3,4,434,11,Loyal Customers,3,0.6398595864224108,-0.48949972764634714
CUST00456,159,4,22079.93,2,2,2,222,6,About To Sleep,4,-0.740355834608233,0.12300433887814805
CUST00457,317,3,13475.51,1,1,1,111,3,Lost Customers,4,-1.836385076459835,1.012826878260308
CUST00458,53,11,39288.13,3,5,4,354,12,Loyal Customers,0,2.344092304265664,0.35399965636127134
CUST00459,8,8,45724.78,5,5,5,555,15,Champions,0,1.8175110210974175,-0.1440559916945584
CUST00460,67,8,36357.15,3,5,4,354,12,Loyal Customers,3,1.2849396061855938,0.10966196258746291
CUST00461,161,3,16260.41,2,1,2,212,5,Needs Attention,1,-1.271276561582653,-0.06815029699761674
CUST00462,202,6,40801.03,1,4,4,144,9,At Risk,3,0.45499182938110494,0.978768999054856
CUST00463,6,5,30433.29,5,3,3,533,11,Loyal Customers,3,0.3313561335011992,-0.7351900506581984
CUST00464,83,4,19549.08,3,2,2,322,7,Needs Attention,1,-0.6141305027865569,-0.47615271737530834
CUST00465,41,3,18298.329999999998,4,1,2,412,7,Recent Customers,1,-0.8405778779565276,-0.901617226952436
CUST00466,170,4,24611.850000000002,2,2,3,223,7,About To Sleep,4,-0.6755770312573864,0.25012619802117414
CUST00467,23,4,33315.87,4,2,4,424,10,Recent Customers,3,0.0900805178137908,-0.6550621526523124
CUST00468,368,5,26436.39,1,3,3,133,7,About To Sleep,4,-0.8854370470143992,1.819227738715181
CUST00469,80,3,24505.4,3,1,3,313,7,Potential Loyalists,1,-0.7171231752296969,-0.5025847836952134
CUST00470,62,5,30133.18,3,3,3,333,9,Loyal Customers,3,0.15532527214466033,-0.3340952393909729
CUST00471,45,6,41624.83,3,4,4,344,11,Loyal Customers,3,0.9478327609488705,-0.14605692381851193
CUST00472,103,4,32176.95,2,2,4,224,8,About To Sleep,3,-0.18862700194771992,-0.09531892501103743
CUST00473,172,5,11405.92,2,3,1,231,6,About To Sleep,4,-0.8860076176912409,0.11539082099379021
CUST00474,21,2,33665.56,4,1,4,414,9,Recent Customers,1,-0.49438233093634004,-0.8572835172403882
CUST00475,26,4,26355.42,4,2,3,423,9,Recent Customers,1,-0.1856568106026022,-0.7631294268880737
CUST00476,84,6,37289.19,3,4,4,344,11,Loyal Customers,3,0.6669890921436444,0.05629029723518569
CUST00477,31,7,63169.87,4,4,5,445,13,Champions,0,2.1170601932816586,0.2513250015257366
CUST00478,71,5,36093.01,3,3,4,334,10,Loyal Customers,3,0.3574354786278553,-0.1575469274075733
CUST00479,316,4,7914.69,1,2,1,121,4,About To Sleep,4,-1.7448225688294567,0.9989318199927086
CUST00480,38,4,19437.14,4,2,2,422,8,Recent Customers,1,-0.48621802265877506,-0.8050484923420702
CUST00481,6,6,24669.33,5,4,3,543,12,Loyal Customers,3,0.41219060874023633,-0.7456125098814297
CUST00482,31,3,11312.83,4,1,1,411,6,Recent Customers,1,-1.0790832188548576,-1.1045628668113971
CUST00483,73,4,22993.44,3,2,2,322,7,Needs Attention,1,-0.4526651138338966,-0.48451846917402197
CUST00484,5,5,31530.34,5,3,3,533,11,Loyal Customers,3,0.3763643801160389,-0.721985828754257
CUST00486,210,3,21773.63,1,1,2,112,4,Lost Customers,4,-1.203808987106762,0.39056152335229183
CUST00487,56,3,25048.36,3,1,3,313,7,Potential Loyalists,1,-0.625791955826439,-0.6667525895800163
CUST00488,250,6,40038.16,1,4,4,144,9,At Risk,4,0.28471791201959074,1.3131314446302718
CUST00489,7,4,20241.239999999998,5,2,2,522,9,Recent Customers,1,-0.3643071876729635,-1.0151811693122104
CUST00490,27,6,29125.05,4,4,3,443,11,Loyal Customers,3,0.5213655469898346,-0.5099762898606133
CUST00491,32,6,67217.5,4,4,5,445,13,Champions,0,1.9674689385057558,0.23698992623316495
CUST00492,84,5,36506.89,3,3,4,334,10,Loyal Customers,3,0.3351145847283033,-0.05541453365029765
CUST00493,9,5,22015.93,5,3,2,532,10,Loyal Customers,3,-0.00025168176997464743,-0.8704374965083298
CUST00494,67,6,35227.1,3,4,4,344,11,Loyal Customers,3,0.637854983845007,-0.10564071688876725
CUST00495,13,2,3145.25,5,1,1,511,7,Recent Customers,1,-1.641290927133863,-1.484770745832113
CUST00496,75,2,13797.35,3,1,1,311,5,Needs Attention,1,-1.414947020655553,-0.8357767414991087
CUST00497,58,6,30395.37,3,4,3,343,10,Loyal Customers,3,0.4790058547247779,-0.26114314985550074
CUST00498,131,1,12082.38,2,1,1,211,4,Needs Attention,1,-1.9471101920129466,-0.5581878259438735
CUST00499,100,3,35041.78,2,1,4,214,7,Needs Attention,1,-0.3718254280420162,-0.16076991297314366
CUST00500,43,6,30862.280000000002,3,4,3,343,10,Loyal Customers,3,0.5409796167218789,-0.36136826403800926
CUST00501,180,8,59042.229999999996,2,5,5,255,12,At Risk,0,1.822899093147818,1.353525466437554
CUST00502,11,5,18485.82,5,3,2,532,10,Loyal Customers,1,-0.14150231378849917,-0.9217705966632175
CUST00503,63,6,34098.24,3,4,4,344,11,Loyal Customers,3,0.6063163370483391,-0.15575032274670794
CUST00504,914,2,2034.8400000000001,1,1,1,111,3,Lost Customers,2,-4.330916002608551,5.037924143968499
CUST00505,57,3,16524.47,3,1,2,312,6,Needs Attention,1,-0.9556092617466319,-0.8185122375243237
CUST00506,70,6,47301.48,3,4,5,345,12,Loyal Customers,3,1.0920771033684267,0.1414065636869313
CUST00507,20,2,2324.36,4,1,1,411,6,Recent Customers,1,-1.6933361823351738,-1.4492485932819934
CUST00508,32,5,14276.859999999999,4,3,1,431,8,Loyal Customers,1,-0.364605889682454,-0.8477829955575034
CUST00509,124,3,30451.83,2,1,3,213,6,Needs Attention,1,-0.618353126017341,-0.07210291545786272
CUST00510,626,1,5963.7,1,1,1,111,3,Lost Customers,2,-3.6360105917939993,2.9225434296628707
CUST00511,1,10,59343.590000000004,5,5,5,555,15,Champions,0,2.9640876025937763,0.25340078769338054
CUST00512,11,8,60018.91,5,5,5,555,15,Champions,0,2.356857488175525,0.1444030342470161
CUST00513,10,2,7500.84,5,1,1,511,7,Recent Customers,1,-1.4654463830271012,-1.425299844626538
CUST00514,49,3,19097.8,3,1,2,312,6,Needs Attention,1,-0.8334224583677525,-0.8286031859448723
CUST00515,14,9,70275.51,5,5,5,555,15,Champions,0,3.043244637204614,0.4546479485504517
CUST00516,12,5,22496.34,5,3,2,532,10,Loyal Customers,3,0.009357696760709683,-0.8396877870192876
CUST00517,13,6,36948.37,5,4,4,544,13,Champions,3,0.8625095811600907,-0.4656975358555584
CUST00518,713,2,13240.15,1,1,1,111,3,Lost Customers,2,-3.3106911662438656,3.7872310588513836
CUST00520,302,4,29353.39,1,2,3,123,6,About To Sleep,4,-0.8815475112515445,1.2972196514252399
CUST00521,188,5,29868.13,1,3,3,133,7,About To Sleep,4,-0.22501365816746235,0.576020747034603
CUST00522,140,6,40466.95,2,4,4,244,10,At Risk,3,0.6243297431781504,0.5222683912394847
CUST00523,156,3,17601.489999999998,2,1,2,212,5,Needs Attention,1,-1.20515852589812,-0.07944298983984337
CUST00524,111,8,37810.78,2,5,4,254,11,At Risk,0,1.211416978883161,0.45632597314723383
CUST00525,31,2,7210.5,4,1,1,411,6,Recent Customers,1,-1.5382762926006368,-1.2782063110394053
CUST00526,419,1,10393.94,1,1,1,111,3,Lost Customers,2,-2.857972971898203,1.501880043489264
CUST00527,29,7,25982.94,4,5,3,453,12,Loyal Customers,3,0.6968685618209058,-0.45696063580431207
CUST00528,329,5,47755.92,1,3,5,135,9,About To Sleep,4,0.04671535258960453,1.9337326532632617
CUST00529,168,2,12853.55,2,1,1,211,4,Needs Attention,1,-1.7243645782612325,-0.17798231546771148
CUST00530,240,7,24365.38,1,5,3,153,9,At Risk,4,0.014941760767969778,1.0452257699368734
CUST00531,361,5,44724.46,1,3,5,135,9,About To Sleep,4,-0.16354955682252975,2.1095739994638207
CUST00532,14,5,36074.81,5,3,4,534,12,Loyal Customers,3,0.5241974848738129,-0.5718425299124482
CUST00533,61,7,30481.07,3,5,3,353,11,Loyal Customers,3,0.7753530323408819,-0.14064695542673017
CUST00534,3,2,14640.17,5,1,1,511,7,Recent Customers,1,-1.1710976780844042,-1.342944926159847
CUST00535,25,5,21431.65,4,3,2,432,9,Loyal Customers,3,-0.06966431508632943,-0.7651396547084014
CUST00536,33,11,73896.06,4,5,5,455,14,Champions,0,3.730016512053349,0.8543988504835169
CUST00537,7,9,27392.399999999998,5,5,3,553,13,Loyal Customers,3,1.419301837205981,-0.3962177874979197
CUST00538,58,3,16946.96,3,1,2,312,6,Needs Attention,1,-0.9423452474837827,-0.8033678600124466
CUST00539,27,5,16070.09,4,3,2,432,9,Loyal Customers,1,-0.2811485258092274,-0.8506403597964274
CUST00540,61,5,25405.690000000002,3,3,3,333,9,Loyal Customers,3,-0.02302954793998461,-0.4295538702197083
CUST00541,7,3,15684.34,5,1,2,512,8,Recent Customers,1,-0.8409323932659932,-1.1973050897609487
CUST00542,22,7,45193.9,4,5,5,455,14,Champions,3,1.454147609221806,-0.14939690206064413
CUST00543,56,4,22419.36,3,2,2,322,7,Needs Attention,1,-0.4247360932194351,-0.6186891088315362
CUST00544,137,10,34849.07,2,5,4,254,11,At Risk,0,1.6252030141083975,0.7841146769609303
CUST00545,20,6,47006.909999999996,4,4,5,445,13,Champions,3,1.227675444560828,-0.22720829922575767
CUST00546,21,3,37848.07,4,1,4,414,9,Recent Customers,3,-0.032114464900016855,-0.6821442317043788
CUST00547,448,5,15606.57,1,3,2,132,6,About To Sleep,2,-1.5357772009544093,2.1981771458063184
CUST00548,188,3,32120.42,1,1,4,114,6,Lost Customers,4,-0.7423902117128591,0.4238191387694629
CUST00549,56,7,31294.08,3,5,3,353,11,Loyal Customers,3,0.821220312664134,-0.16179134344875548
CUST00550,150,5,50048.74,2,3,5,235,10,About To Sleep,3,0.6605248381341849,0.67654031127308
CUST00551,497,4,13944.029999999999,1,2,1,121,4,About To Sleep,2,-2.0453644970505187,2.425907488113671
CUST00552,101,1,4983.0,2,1,1,211,4,Needs Attention,1,-2.1312247960855624,-0.9085057569209661
CUST00553,47,4,17384.43,3,2,2,322,7,Needs Attention,1,-0.5913776617689299,-0.7779824491789864
CUST00554,338,1,640.2,1,1,1,111,3,Lost Customers,2,-2.9940460290920368,0.7316605252930061
CUST00555,51,7,49577.92,3,5,5,355,13,Loyal Customers,0,1.5370698004381647,0.14300077637492578
CUST00556,46,6,19952.920000000002,3,4,2,342,9,Loyal Customers,3,0.11380704230833219,-0.5431065622146471
CUST00557,5,2,6072.54,5,1,1,511,7,Recent Customers,1,-1.5055302464893194,-1.4882582022424327
CUST00558,118,10,66894.94,2,5,5,255,12,At Risk,0,2.90993786461063,1.2439783636387631
CUST00559,5,3,38904.28,5,1,4,514,10,Recent Customers,3,0.05539603229356908,-0.7786377284246729
CUST00560,80,4,17948.0,3,2,2,322,7,Needs Attention,1,-0.6667160284392649,-0.5278096915018892
CUST00561,19,6,54486.24,4,4,5,445,13,Champions,0,1.5174353167692405,-0.09493600469484324
CUST00562,77,4,17292.9,3,2,2,322,7,Needs Attention,1,-0.6830245272647251,-0.5618184246638517
CUST00563,5,7,34740.020000000004,5,5,4,554,14,Champions,3,1.1031999414836131,-0.46788548827330256
CUST00564,78,4,5314.4,3,2,1,321,6,Needs Attention,1,-1.1453213566924751,-0.7780274158487982
CUST00565,191,6,37438.590000000004,1,4,4,144,9,At Risk,3,0.3583637307802895,0.8361529253555658
CUST00566,11,5,22137.36,5,3,2,532,10,Loyal Customers,3,-0.0014707966943016879,-0.8536473194142882
CUST00567,23,2,9554.5,4,1,1,411,6,Recent Customers,1,-1.4248839780717255,-1.2925756491726497
CUST00568,23,4,19312.08,4,2,2,422,8,Recent Customers,1,-0.44694549279229634,-0.916317422676955
CUST00569,309,6,44825.25,1,4,5,145,10,At Risk,4,0.29496046481552246,1.8309204250932916
CUST00570,246,7,68473.67,1,5,5,155,11,At Risk,0,1.6888064159644731,1.9116861263276275
CUST00571,733,1,7345.68,1,1,1,111,3,Lost Customers,2,-3.8973682120563486,3.725401119886223
CUST00572,111,3,32811.15,2,1,4,214,7,Needs Attention,1,-0.48968384124554665,-0.12249837836767931
CUST00573,20,6,42111.950000000004,4,4,4,444,12,Champions,3,1.0399604873330797,-0.3185288700540708
CUST00574,90,4,28224.239999999998,3,2,3,323,8,Potential Loyalists,1,-0.3020153522679928,-0.2634718737196018
CUST00575,7,3,25134.65,5,1,3,513,9,Recent Customers,1,-0.4785260533900874,-1.0209997259368282
CUST00576,67,6,15030.89,3,4,2,342,9,Loyal Customers,3,-0.1366417835060287,-0.4824220237367269
CUST00577,52,7,52500.77,3,5,5,355,13,Loyal Customers,0,1.6462191683002207,0.2047919707098783
CUST00578,349,5,24157.4,1,3,3,133,7,About To Sleep,4,-0.9170131830674102,1.6387254553336184
CUST00579,48,7,35393.87,3,5,4,354,12,Loyal Customers,3,1.0019447493658329,-0.1434045926548902
CUST00580,350,5,26183.57,1,3,3,133,7,About To Sleep,4,-0.8422502551041433,1.6837881514887425
CUST00581,39,7,35998.08,4,5,4,454,13,Champions,3,1.0515564135090028,-0.19749391013376252
CUST00582,91,5,38483.2,2,3,4,234,9,About To Sleep,3,0.3903380872609589,0.03229229471350745
CUST00583,98,6,29743.34,2,4,3,243,9,At Risk,3,0.3364856493534986,0.01718803472091552
CUST00584,126,5,18144.96,2,3,2,232,7,About To Sleep,1,-0.49243162025356574,-0.09295518233907199
CUST00585,229,4,10905.68,1,2,1,121,4,About To Sleep,4,-1.3745254646802658,0.4229041753960358
CUST00586,35,6,18537.37,4,4,2,442,10,Loyal Customers,3,0.09183948701678375,-0.6494013776932502
CUST00587,1,6,36642.39,5,4,4,544,13,Champions,3,0.8860303971962481,-0.5585545558061719
CUST00588,247,5,26012.36,1,3,3,133,7,About To Sleep,4,-0.5462128526432996,0.9325681833809817
CUST00589,82,3,19149.64,3,1,2,312,6,Needs Attention,1,-0.9283849639610116,-0.5879772837497346
CUST00590,193,4,27071.16,1,2,3,123,6,About To Sleep,4,-0.6488374477002061,0.4630420868329949
CUST00591,22,6,17539.82,4,4,2,442,10,Loyal Customers,3,0.09177744232539324,-0.762422742468749
CUST00592,246,6,55665.37,1,4,5,145,10,At Risk,0,0.8957514135867826,1.5756237552822052
CUST00593,429,3,39379.03,1,1,4,114,6,Lost Customers,2,-1.1720649655163833,2.309471341260299
CUST00594,52,4,16301.869999999999,3,2,2,322,7,Needs Attention,1,-0.6475818124079229,-0.7618667968088911
CUST00595,10,2,4594.01,5,1,1,511,7,Recent Customers,1,-1.576919299888186,-1.479529782133865
CUST00596,41,2,6890.36,4,1,1,411,6,Recent Customers,1,-1.5799321583559522,-1.2115549851413667
CUST00597,16,6,34289.0,5,4,4,544,13,Champions,3,0.7517127319780784,-0.49352368845227823
CUST00598,47,9,52203.16,3,5,5,355,13,Loyal Customers,0,2.2532444702949017,0.3571482324359799
CUST00599,108,6,17430.8,2,4,2,242,8,At Risk,3,-0.16506219775775235,-0.13989133658826786
CUST00600,421,2,16679.71,1,1,2,112,4,Lost Customers,2,-2.320923776720746,1.730782606386667
CUST00601,13,4,9542.25,5,2,1,521,8,Recent Customers,1,-0.7922260446949936,-1.1712076351114633
CUST00602,47,4,26561.7,3,2,3,323,8,Potential Loyalists,1,-0.23944202888990757,-0.6067709305873014
CUST00603,118,8,53614.94,2,5,5,255,12,At Risk,0,1.7969194359530802,0.8020057278124371
CUST00604,2,3,20520.25,5,1,2,512,8,Recent Customers,1,-0.6407924526081299,-1.1433980934233017
CUST00605,256,3,12754.54,1,1,1,111,3,Lost Customers,4,-1.6848217538392074,0.5563708220916344
CUST00606,2,8,49335.07,5,5,5,555,15,Champions,0,1.9735880209234051,-0.12027659848234677
CUST00607,64,2,20201.61,3,1,2,312,6,Needs Attention,1,-1.1370356597395899,-0.7961848667965964
CUST00608,30,11,65004.35,4,5,5,455,14,Champions,0,3.397845392521766,0.6667275895603076
CUST00609,82,5,51334.51,3,3,5,335,11,Loyal Customers,3,0.9096091260801136,0.20668536789593484
CUST00610,8,5,24245.39,5,3,3,533,11,Loyal Customers,3,0.0881829247567489,-0.836106988054204
CUST00611,262,6,32699.02,1,4,4,144,9,At Risk,4,-0.031982699929302603,1.26336079807269
CUST00612,5,3,9817.599999999999,5,1,1,511,7,Recent Customers,1,-1.0600379839388836,-1.3212800015179123
CUST00613,17,3,14985.86,4,1,1,411,6,Recent Customers,1,-0.8970970756240074,-1.1377120901346638
CUST00614,10,4,12040.17,5,2,1,521,8,Recent Customers,1,-0.6876205800890395,-1.1463935002146288
CUST00615,1,6,50910.43,5,4,5,545,14,Champions,3,1.433190030436112,-0.29236942714297415
CUST00616,53,3,15429.130000000001,3,1,2,312,6,Needs Attention,1,-0.9858624628264248,-0.8679964929127683
CUST00617,26,4,24359.43,4,2,3,423,9,Recent Customers,1,-0.2622002711164804,-0.800366696685499
CUST00618,4,8,41740.17,5,5,4,554,14,Champions,0,1.676458304910368,-0.2474425845233744
CUST00619,39,3,35120.55,4,1,4,414,9,Recent Customers,1,-0.1895931806715804,-0.6023059875047386
CUST00620,67,3,19520.5,3,1,2,312,6,Needs Attention,1,-0.8700945868417698,-0.6899943105991616
CUST00621,39,2,9364.44,4,1,1,411,6,Recent Customers,1,-1.4791788187118737,-1.1799232231816477
CUST00622,71,7,23479.62,3,5,3,353,11,Loyal Customers,3,0.47747815338110144,-0.19864241787444262
CUST00623,209,2,7237.320000000001,1,1,1,111,3,Lost Customers,4,-2.060192893135565,0.01499894111549771
CUST00624,76,1,1716.48,3,1,1,311,5,Needs Attention,1,-2.1830439808198028,-1.1510057621159426
CUST00625,5,1,8060.04,5,1,1,511,7,Recent Customers,1,-1.7311867483378292,-1.548289532817339
CUST00626,288,3,16143.44,1,1,2,112,4,Lost Customers,4,-1.6488747222371665,0.8519906629322453
CUST00627,18,9,36408.53,4,5,4,454,13,Champions,0,1.7327411409093816,-0.1481262455442768
CUST00628,119,4,29593.9,2,2,3,223,7,About To Sleep,3,-0.3346897049394361,-0.027310216800455693
CUST00629,29,5,27053.0,4,3,3,433,10,Loyal Customers,3,0.13415512015316275,-0.6312179745453614
CUST00630,2,9,56362.18,5,5,5,555,15,Champions,0,2.5449423692456006,0.10793165917564518
CUST00631,68,4,17994.77,3,2,2,322,7,Needs Attention,1,-0.6296677369667222,-0.6140857932509878
CUST00632,178,4,15870.65,2,2,2,222,6,About To Sleep,4,-1.034293132778909,0.1451491154067748
CUST00633,166,3,5587.049999999999,2,1,1,211,4,Needs Attention,1,-1.6952746496143702,-0.23096099554768973
CUST00634,14,10,94754.83,5,5,5,555,15,Champions,0,4.2838671416873675,1.0084453385845198
CUST00635,33,6,27584.4,4,4,3,443,11,Loyal Customers,3,0.44465638348464187,-0.49514439591029236
CUST00636,75,4,26006.97,3,2,3,323,8,Potential Loyalists,1,-0.34297618705852195,-0.41377315804567466
CUST00637,57,1,917.59,3,1,1,311,5,Needs Attention,1,-2.157860325537891,-1.3038952403095185
CUST00638,192,5,26249.35,1,3,3,133,7,About To Sleep,4,-0.37554045001232544,0.5375581899152502
CUST00639,93,1,2035.5600000000002,2,1,1,211,4,Needs Attention,1,-2.2207518993400845,-1.0215924127245837
CUST00640,10,5,32431.690000000002,5,3,4,534,12,Loyal Customers,3,0.39624043867052317,-0.6688582715530704
CUST00641,190,4,11520.93,1,2,1,121,4,About To Sleep,4,-1.2363536154038086,0.15114920872154705
CUST00642,37,6,41483.03,4,4,4,444,12,Champions,3,0.9658980777746877,-0.2068014468286544
CUST00643,24,7,31047.59,4,5,3,453,12,Loyal Customers,3,0.9057803656433866,-0.3987862568177225
CUST00644,11,7,23461.12,5,5,3,553,13,Loyal Customers,3,0.653042336678977,-0.6347307783794033
CUST00645,87,5,21643.05,3,3,2,332,8,Loyal Customers,3,-0.2437068374915557,-0.31092776991205745
CUST00646,22,3,22309.63,4,1,2,412,7,Recent Customers,1,-0.6309300778997167,-0.9647676068504908
CUST00647,26,2,12141.400000000001,4,1,1,411,6,Recent Customers,1,-1.334493616601307,-1.2225271774375148
CUST00648,210,8,43588.45,1,5,4,154,10,At Risk,0,1.1421311517551864,1.283090736477217
CUST00649,1,3,10743.01,5,1,1,511,7,Recent Customers,1,-1.0127982126924526,-1.333065063552108
CUST00650,23,8,42040.56,4,5,4,454,13,Champions,0,1.6321578629380584,-0.10385314239912563
CUST00651,623,3,30802.79,1,1,3,113,5,Lost Customers,2,-2.070903340345064,3.5583757527035957
CUST00652,144,6,27043.739999999998,2,4,3,243,9,At Risk,3,0.09781659841263973,0.3008939933193409
CUST00653,4,7,35870.27,5,5,4,554,14,Champions,3,1.1494813622571713,-0.45406188583274815
CUST00654,285,7,59433.26,1,5,5,155,11,At Risk,0,1.2275413138244717,2.0262609688499533
CUST00655,264,2,7377.22,1,1,1,111,3,Lost Customers,4,-2.216412084661736,0.41704020959460675
CUST00656,213,4,18148.879999999997,1,2,2,122,5,About To Sleep,4,-1.0497524437441965,0.4418354132004498
CUST00657,403,1,3438.0699999999997,1,1,1,111,3,Lost Customers,2,-3.077714679933117,1.2559128597271736
CUST00658,230,4,9422.36,1,2,1,121,4,About To Sleep,4,-1.4343466324483658,0.40249368482108316
CUST00659,287,1,2549.42,1,1,1,111,3,Lost Customers,4,-2.7709974904287646,0.39689727028098304
CUST00660,4,4,20316.34,5,2,2,522,9,Recent Customers,1,-0.35261352473046165,-1.0355672618767349
CUST00661,17,6,50801.93,4,4,5,445,13,Champions,3,1.3820229031810567,-0.1781954145084128
CUST00662,11,6,35952.78,5,4,4,544,13,Champions,3,0.8302058670908795,-0.4987960771027859
CUST00663,104,6,40675.82,2,4,4,244,10,At Risk,3,0.7381037989307714,0.2647191441123757
CUST00664,43,4,17828.45,3,2,2,322,7,Needs Attention,1,-0.5625985323377265,-0.7987483424336705
CUST00665,72,2,12160.59,3,1,1,311,5,Needs Attention,1,-1.4689008250426911,-0.8880993631421461
CUST00666,132,7,43485.59,2,5,4,254,11,At Risk,3,1.0654679527751845,0.6175953746973931
CUST00667,25,6,34841.92,4,4,4,444,12,Champions,3,0.7464754056143684,-0.4178469071080084
CUST00668,10,6,21424.23,5,4,2,542,11,Loyal Customers,3,0.2759939289324206,-0.7771036778766378
CUST00669,51,5,10683.16,3,3,1,331,7,Loyal Customers,1,-0.5582393063452621,-0.7768418532471093
CUST00670,23,7,67990.24,4,5,5,455,14,Champions,0,2.325417878034245,0.28315492180974405
CUST00671,127,3,4846.66,2,1,1,211,4,Needs Attention,1,-1.6090897225224101,-0.528006836639476
CUST00672,11,2,14580.17,5,1,1,511,7,Recent Customers,1,-1.1969017462725533,-1.2859651920740582
CUST00673,2,4,16363.310000000001,5,2,2,522,9,Recent Customers,1,-0.4983309792804186,-1.1238399228288192
CUST00674,38,5,29582.48,4,3,3,433,10,Loyal Customers,3,0.2047161406315268,-0.5186664102659071
CUST00675,112,4,14937.470000000001,2,2,1,221,5,About To Sleep,1,-0.8761783012507373,-0.3515778743787001
CUST00676,175,4,30540.59,2,2,3,223,7,About To Sleep,4,-0.46290750782939777,0.39704494546223046
CUST00677,404,1,724.77,1,1,1,111,3,Lost Customers,2,-3.1847038823922027,1.212555812753924
CUST00678,25,3,11606.57,4,1,1,411,6,Recent Customers,1,-1.0501913321643583,-1.1426571639216077
CUST00679,61,5,64400.42,3,3,5,335,11,Loyal Customers,0,1.4723645051386105,0.2979333825660042
CUST00680,196,4,31193.64,1,2,3,123,6,About To Sleep,4,-0.4995597134995131,0.5617384008697097
CUST00681,6,8,45971.99,5,5,5,555,15,Champions,0,1.8328669710178298,-0.15396880610736272
CUST00682,53,2,8704.630000000001,3,1,1,311,5,Needs Attention,1,-1.545612135480854,-1.090559246227853
CUST00683,21,3,27066.04,4,1,3,413,8,Recent Customers,1,-0.4455904279882343,-0.8832942174627911
CUST00684,95,3,21820.79,2,1,2,212,5,Needs Attention,1,-0.8641426701120466,-0.44373316999604906
CUST00685,41,6,64242.3,4,4,5,445,13,Champions,0,1.8269330816342662,0.24684595881732468
CUST00686,184,7,35340.92,1,5,4,154,10,At Risk,3,0.6003606224019005,0.8432922105364049
CUST00687,15,3,7032.5199999999995,5,1,1,511,7,Recent Customers,1,-1.1962208951999775,-1.3006146954969597
CUST00688,22,10,42636.6,4,5,4,454,13,Champions,0,2.261701832998317,0.09422463795549535
CUST00689,33,9,45220.06,4,5,5,455,14,Champions,0,2.0265827415996633,0.12519781882296357
CUST00690,6,10,54300.8,5,5,5,555,15,Champions,0,2.75601409958785,0.19563422974686207
CUST00691,28,3,17448.79,4,1,2,412,7,Recent Customers,1,-0.8349639435144258,-1.011877311209136
CUST00692,25,5,26140.69,4,3,3,433,10,Loyal Customers,3,0.11092086685259472,-0.677287614885122
CUST00693,304,5,41804.69,1,3,4,134,8,About To Sleep,4,-0.10805875370046218,1.6411465902233837
CUST00694,4,3,6211.74,5,1,1,511,7,Recent Customers,1,-1.195379842227036,-1.39581345791046
CUST00695,124,4,23850.72,2,2,3,223,7,About To Sleep,1,-0.5696221973738246,-0.09814327878427827
CUST00696,13,7,46899.66,5,5,5,555,15,Champions,0,1.5460021948871592,-0.18293565839173814
CUST00697,111,5,32228.8,2,3,4,234,9,About To Sleep,3,0.0917326055110113,0.06085769776829797
CUST00698,125,7,61108.0,2,5,5,255,12,At Risk,0,1.761828301084746,0.8955230556869392
CUST00699,5,2,27013.39,5,1,3,513,9,Recent Customers,1,-0.702477563308518,-1.097584861575689
CUST00700,104,1,3738.6000000000004,2,1,1,211,4,Needs Attention,1,-2.1877594995036564,-0.9099341722317964
CUST00701,61,1,11199.0,3,1,1,311,5,Needs Attention,1,-1.7753340237297772,-1.083035293175106
CUST00702,53,5,46932.07,3,3,5,335,11,Loyal Customers,3,0.8259805532973815,-0.08605595480121378
CUST00703,252,5,37104.12,1,3,4,134,8,About To Sleep,4,-0.13554864111448656,1.175808439802295
CUST00704,17,5,29122.300000000003,4,3,3,433,10,Loyal Customers,3,0.2487646444941741,-0.6797616751885492
CUST00705,265,4,28058.489999999998,1,2,3,123,6,About To Sleep,4,-0.8225030647719915,1.0043536235745343
CUST00706,60,3,23017.73,3,1,2,312,6,Needs Attention,1,-0.7154153880276586,-0.6755865563613509
CUST00707,6,10,43916.34,5,5,4,554,14,Champions,0,2.3577843970502874,0.0019013259143922645
CUST00708,216,4,18004.59,1,2,2,122,5,About To Sleep,4,-1.0640994476518106,0.4609306943394243
CUST00709,91,4,10003.869999999999,2,2,1,221,5,About To Sleep,1,-1.003679277662036,-0.5961294429186943
CUST00710,14,3,21577.84,5,1,2,512,8,Recent Customers,1,-0.6354900629384292,-1.036519007053296
CUST00711,411,2,13046.28,1,1,1,111,3,Lost Customers,2,-2.430881861528236,1.5903733194001424
CUST00712,148,6,36507.79,2,4,4,244,10,At Risk,3,0.44899827279996357,0.5065052393873035
CUST00713,48,7,54940.38,3,5,5,355,13,Loyal Customers,0,1.751526418797607,0.22125588483651581
CUST00714,15,4,31948.829999999998,5,2,3,523,10,Recent Customers,3,0.06115957240381304,-0.7386648024299223
CUST00715,246,5,26613.13,1,3,3,133,7,About To Sleep,4,-0.5202362587841487,0.9365137856249719
CUST00716,19,3,20641.58,4,1,2,412,7,Recent Customers,1,-0.6860838105828279,-1.0176739759932456
CUST00717,69,6,17230.16,3,4,2,342,9,Loyal Customers,3,-0.05817860343180518,-0.42686757995002533
CUST00718,47,5,14379.09,3,3,1,331,7,Loyal Customers,1,-0.40475391852614784,-0.7369399826217411
CUST00719,18,7,35863.31,4,5,4,454,13,Champions,3,1.1080839415580541,-0.35251831299558284
CUST00720,102,3,12043.720000000001,2,1,1,211,4,Needs Attention,1,-1.2596450619649373,-0.5752978720966563
CUST00721,4,5,31269.59,5,3,3,533,11,Loyal Customers,3,0.3693028715288266,-0.7341127783145734
CUST00722,83,2,12774.960000000001,3,1,1,311,5,Needs Attention,1,-1.477657416512654,-0.7967513939985954
CUST00723,84,3,45187.14,3,1,5,315,9,Potential Loyalists,3,0.06424142170329453,-0.08769586136941401
CUST00724,1,3,27268.260000000002,5,1,3,513,9,Recent Customers,1,-0.3790776926212262,-1.0247693342549158
CUST00725,28,6,42989.38,4,4,4,444,12,Champions,3,1.050105565277689,-0.24406040414788185
CUST00726,26,9,42045.69,4,5,4,454,13,Champions,0,1.9254152923021155,0.015139934865942305
CUST00727,24,3,21117.3,4,1,2,412,7,Recent Customers,1,-0.6825300748348317,-0.9724869892076816
CUST00728,227,1,6951.75,1,1,1,111,3,Lost Customers,4,-2.425900580742696,0.04328409223613082
CUST00730,34,3,9218.36,4,1,1,411,6,Recent Customers,1,-1.1682169330290342,-1.1218502222655635
CUST00731,115,8,52912.34,2,5,5,255,12,At Risk,0,1.7787893777137904,0.7671108327381515
CUST00732,1,6,29611.42,5,4,3,543,12,Loyal Customers,3,0.6164024057888448,-0.6897246151890363
CUST00733,123,2,15373.25,2,1,2,212,5,Needs Attention,1,-1.4955323378006118,-0.4577821086461396
CUST00734,244,4,24465.12,1,2,3,123,6,About To Sleep,4,-0.8986080712212589,0.7848054398714398
CUST00735,136,3,18841.489999999998,2,1,2,212,5,Needs Attention,1,-1.0988483604577683,-0.20155724117153373
CUST00736,83,3,14431.32,3,1,1,311,5,Needs Attention,1,-1.112263914965699,-0.6687400645639523
CUST00737,34,2,2140.0,4,1,1,411,6,Recent Customers,1,-1.7415366480872032,-1.3510146019868514
CUST00738,1,11,59910.12,5,5,5,555,15,Champions,0,3.2876876284360237,0.3610802047720859
CUST00739,1,5,20209.649999999998,5,3,2,532,10,Loyal Customers,3,-0.04601687469427646,-0.9622346254094929
CUST00740,149,7,50096.07,2,5,5,255,12,At Risk,0,1.2690265373320793,0.8643813357769476
CUST00741,234,5,37422.32,1,3,4,134,8,About To Sleep,4,-0.07046402064665558,1.051021824684798
CUST00742,139,8,33880.89,2,5,4,254,11,At Risk,3,0.9784500950054893,0.5863566248468334
CUST00743,1,5,46093.1,5,3,5,535,13,Loyal Customers,3,0.9465776939347964,-0.4793519401564767
CUST00744,77,3,45489.5,3,1,5,315,9,Potential Loyalists,3,0.0964017673708598,-0.13289173047525735
CUST00745,694,3,21638.87,1,1,2,112,4,Lost Customers,2,-2.6309174845825685,3.903042773698899
CUST00746,5,8,30998.82,5,5,3,553,13,Loyal Customers,3,1.2616044697735433,-0.4405712555013637
CUST00747,21,3,24860.71,4,1,3,413,8,Recent Customers,1,-0.5301617884535028,-0.9244369427281262
CUST00748,14,4,25335.35,5,2,3,523,10,Recent Customers,1,-0.18952036007847387,-0.8693085386275455
CUST00749,41,5,36391.21,4,3,4,434,11,Loyal Customers,3,0.4570078532616737,-0.36985530808229117
CUST00750,162,4,21894.12,2,2,2,222,6,About To Sleep,4,-0.7562950731866304,0.14132502122555088
CUST00751,303,2,5535.75,1,1,1,111,3,Lost Customers,4,-2.401607777820842,0.6659187665821741
CUST00752,418,6,21019.8,1,4,2,142,7,At Risk,4,-0.9381761058719701,2.1784051813303367
CUST00753,352,2,16665.25,1,1,2,112,4,Lost Customers,4,-2.118763620088078,1.22940813272033
CUST00754,85,13,116070.36,3,5,5,355,13,Loyal Customers,0,5.798320967854297,2.2130688376367784
CUST00755,16,4,18757.43,5,2,2,522,9,Recent Customers,1,-0.4476502972983286,-0.9775017048455351
CUST00756,56,2,10381.41,3,1,1,311,5,Needs Attention,1,-1.4901236193517906,-1.0374900098536333
CUST00757,4,4,32742.239999999998,5,2,4,524,11,Recent Customers,3,0.123902583065369,-0.8037491712170487
CUST00758,26,5,56881.020000000004,4,3,5,435,12,Loyal Customers,3,1.2868321834095837,-0.09653239375420233
CUST00759,38,4,16588.83,4,2,2,422,8,Recent Customers,1,-0.5954467783220221,-0.8581866783734152
CUST00760,207,3,13062.85,1,1,1,111,3,Lost Customers,4,-1.5290416909595212,0.20626569979322162
CUST00761,57,4,15858.47,3,2,2,322,7,Needs Attention,1,-0.6792750595744284,-0.7338269497465769
CUST00762,37,4,22133.29,4,2,2,422,8,Recent Customers,1,-0.37988649901963006,-0.7620113964592699
CUST00763,408,1,2061.6,1,1,1,111,3,Lost Customers,2,-3.145189873252501,1.266545315304619
CUST00764,29,8,41165.08,4,5,4,454,13,Champions,0,1.580957050491747,-0.07661181014943766
CUST00765,28,7,27523.01,4,5,3,453,12,Loyal Customers,3,0.7588660137307914,-0.4354914149446367
CUST00766,16,7,39582.0,5,5,4,554,14,Champions,3,1.2565663561925773,-0.2976670567685713
CUST00767,44,7,26702.69,3,5,3,353,11,Loyal Customers,3,0.6804015723293781,-0.33459714488754505
CUST00768,10,4,45268.54,5,2,5,525,12,Recent Customers,3,0.5866415289573678,-0.5264836917392993
CUST00769,199,4,26673.379999999997,1,2,3,123,6,About To Sleep,4,-0.6817191247362806,0.4991954095146139
CUST00770,87,5,33490.7,3,3,4,334,10,Loyal Customers,3,0.2106341812296052,-0.0898975345323883
CUST00771,12,7,32850.38,5,5,4,554,14,Champions,3,1.010169599471142,-0.45230197875045186
CUST00772,85,5,30647.83,3,3,3,333,9,Loyal Customers,3,0.10748982981347535,-0.15745900583006067
CUST00773,49,4,27298.57,3,2,3,323,8,Potential Loyalists,1,-0.21705986959008464,-0.5784990800759944
CUST00774,318,3,4467.34,1,1,1,111,3,Lost Customers,4,-2.184773851704855,0.8520324831391624
CUST00775,14,3,10083.38,5,1,1,511,7,Recent Customers,1,-1.0762867328307402,-1.250960115573736
CUST00776,19,10,51770.57,4,5,5,455,14,Champions,0,2.6207906523020013,0.242841188815939
CUST00777,210,5,31142.84,1,3,3,133,7,About To Sleep,4,-0.240763955080994,0.7595743034924304
CUST00778,54,6,33010.71,3,4,4,344,11,Loyal Customers,3,0.591052108080948,-0.2414008097740731
CUST00779,115,6,26831.2,2,4,3,243,9,At Risk,3,0.17486490537735067,0.08631961370518987
CUST00780,1,13,77428.83,5,5,5,555,15,Champions,0,4.5632547329460476,0.8821303850064721
CUST00781,1,4,5028.0599999999995,5,2,1,521,8,Recent Customers,1,-0.9300842716245361,-1.3425731902422244
CUST00782,30,5,33955.72,4,3,4,434,11,Loyal Customers,3,0.3959270072639971,-0.4951781652631
CUST00783,219,3,17629.67,1,1,2,112,4,Lost Customers,4,-1.3891651761994561,0.3786131223228368
CUST00784,237,2,15308.150000000001,1,1,2,112,4,Lost Customers,4,-1.832948735145236,0.3689155082772776
CUST00785,4,9,53501.42,5,5,5,555,15,Champions,0,2.429360385514374,0.06908597956840885
CUST00786,60,3,31431.819999999996,3,1,3,313,7,Potential Loyalists,1,-0.39274665437908424,-0.5186129545748599
CUST00787,98,7,31173.55,2,5,3,253,10,At Risk,3,0.6932066106596642,0.14098030065088793
CUST00788,100,6,30802.199999999997,2,4,3,243,9,At Risk,3,0.3712156805619301,0.0514669436353572
CUST00789,28,6,37618.56,4,4,4,444,12,Champions,3,0.844142034099102,-0.34425863829404885
CUST00790,8,4,15528.130000000001,5,2,2,522,9,Recent Customers,1,-0.5479863423714181,-1.0958467521566762
CUST00791,265,2,10208.62,1,1,1,111,3,Lost Customers,4,-2.1107696980290416,0.4771253090478343
CUST00792,31,3,14320.19,4,1,1,411,6,Recent Customers,1,-0.9637551153017251,-1.0484574375767894
CUST00793,74,3,21013.21,3,1,2,312,6,Needs Attention,1,-0.8334164765728586,-0.6113095433048182
CUST00794,92,4,20477.239999999998,2,2,2,222,6,About To Sleep,1,-0.6049778932672076,-0.3934754434840891
CUST00795,14,7,38293.25,5,5,4,554,14,Champions,3,1.2130203609074042,-0.336234802778254
CUST00796,409,5,26832.09,1,3,3,133,7,About To Sleep,4,-0.9907161474301417,2.124367803415282
CUST00797,145,2,13569.66,2,1,1,211,4,Needs Attention,1,-1.6293311893160558,-0.33165744091892424
CUST00798,78,5,23600.36,3,3,3,333,9,Loyal Customers,3,-0.14220565665675483,-0.3397735993158912
CUST00799,2,5,27113.95,5,3,3,533,11,Loyal Customers,3,0.21581560323495474,-0.8261653395836216
CUST00800,55,5,13516.789999999999,3,3,1,331,7,Loyal Customers,1,-0.46132508392935556,-0.6949279896360953
CUST00801,140,3,16342.98,2,1,2,212,5,Needs Attention,1,-1.206414344628303,-0.2191199960694518
CUST00802,22,4,26536.620000000003,4,2,3,423,9,Recent Customers,1,-0.16695646527966432,-0.7887985006437418
CUST00803,15,8,37036.8,5,5,4,554,14,Champions,3,1.4637737269709983,-0.2553025869090199
CUST00804,22,3,6402.37,4,1,1,411,6,Recent Customers,1,-1.240951534767735,-1.261534089827756
CUST00805,6,6,25099.72,5,4,3,543,12,Loyal Customers,3,0.42869547097429966,-0.7375831367141724
CUST00806,90,3,16793.86,3,1,2,312,6,Needs Attention,1,-1.0422290252245525,-0.5738277137707464
CUST00807,119,2,4360.219999999999,2,1,1,211,4,Needs Attention,1,-1.9061152564160064,-0.6922911879551583
CUST00808,150,8,72067.45999999999,2,5,5,255,12,At Risk,0,2.4105354952887605,1.3786530698258455
CUST00809,190,4,16568.54,1,2,2,122,5,About To Sleep,4,-1.0427847414493014,0.2453176240954627
CUST00810,23,5,39482.53,4,3,4,434,11,Loyal Customers,3,0.6284377967122081,-0.4429064848355496
CUST00811,259,6,34481.01,1,4,4,144,9,At Risk,4,0.045167837705223514,1.2748185140665886
CUST00812,15,4,22493.74,5,2,2,522,9,Recent Customers,1,-0.3014300738720527,-0.9150593421264829
CUST00813,140,4,34018.01,2,2,4,224,8,About To Sleep,3,-0.226726966543967,0.20773628578776007
CUST00814,264,4,27025.83,1,2,3,123,6,About To Sleep,4,-0.8591662560356037,0.977825889977559
CUST00815,15,6,53417.05,5,4,5,545,14,Champions,0,1.4881849320825349,-0.1439324046305035
CUST00816,33,5,23078.43,4,3,2,432,9,Loyal Customers,3,-0.03001572693057052,-0.6763181642286179
CUST00817,62,2,10512.11,3,1,1,311,5,Needs Attention,1,-1.5027388180926957,-0.9914773430157093
CUST00818,111,1,14257.83,2,1,1,211,4,Needs Attention,1,-1.8049268107059286,-0.6628502844148774
CUST00819,73,8,31208.54,3,5,3,353,11,Loyal Customers,3,1.0698701584126178,0.057183609523360684
CUST00820,79,3,7822.53,3,1,1,311,5,Needs Attention,1,-1.353950310786068,-0.8210834651207667
CUST00821,10,5,47811.24,5,3,5,535,13,Loyal Customers,3,0.9860249456801857,-0.38193676758111067
CUST00822,48,5,45415.71,3,3,5,335,11,Loyal Customers,3,0.7825197104250199,-0.1506571633223541
CUST00823,8,6,58260.2,5,4,5,545,14,Champions,0,1.6944783045021443,-0.10441511268671717
CUST00824,52,5,26402.6,3,3,3,333,9,Loyal Customers,3,0.04164161897814886,-0.4763169606887014
CUST00825,139,6,15929.539999999999,2,4,2,242,8,At Risk,3,-0.31370815613188535,0.05723509535460598
CUST00826,5,6,25201.24,5,4,3,543,12,Loyal Customers,3,0.43552651667862324,-0.7429515625697042
CUST00827,103,3,12495.009999999998,2,1,1,211,4,Needs Attention,1,-1.2452766074680188,-0.5596162006253076
CUST00828,46,3,10661.04,3,1,1,311,5,Needs Attention,1,-1.1481468735767746,-1.0077868813520527
CUST00829,74,4,14526.57,3,2,1,321,6,Needs Attention,1,-0.7802957814851096,-0.6352143497027365
CUST00830,39,9,38150.22,4,5,4,454,13,Champions,0,1.7378367760870803,0.03687692153123124
CUST00831,37,4,19772.59,4,2,2,422,8,Recent Customers,1,-0.47041608445598626,-0.8060527106997128
CUST00832,3,9,54743.35,5,5,5,555,15,Champions,0,2.47992458008449,0.08499308858513688
CUST00833,16,4,22919.36,5,2,2,522,9,Recent Customers,1,-0.28804602843098687,-0.8998565712085939
CUST00834,96,8,41972.24,2,5,4,254,11,At Risk,0,1.4150716320879078,0.4250265325052127
CUST00835,279,5,31727.96,1,3,3,133,7,About To Sleep,4,-0.421040088659012,1.271595033093215
CUST00836,44,6,25202.97,3,4,3,343,10,Loyal Customers,3,0.32101499849994364,-0.4596861921759506
CUST00837,110,5,18776.28,2,3,2,232,7,About To Sleep,1,-0.42121506788823126,-0.19737544400519652
CUST00838,185,3,15025.59,1,1,2,112,4,Lost Customers,4,-1.389139656692268,0.08311014087329495
CUST00839,10,8,57911.38,5,5,5,555,15,Champions,0,2.2789745165510125,0.09782248265638419
CUST00840,75,6,18548.81,3,4,2,342,9,Loyal Customers,3,-0.025237559948319648,-0.3586924700859081
CUST00841,142,2,9254.48,2,1,1,211,4,Needs Attention,1,-1.7859987024440103,-0.43394877391363157
CUST00842,13,2,2144.3,5,1,1,511,7,Recent Customers,1,-1.6796759775606518,-1.5034445093297923
CUST00843,97,4,17413.84,2,2,2,222,6,About To Sleep,1,-0.7371445228386154,-0.4143144219014888
CUST00844,28,3,10423.35,4,1,1,411,6,Recent Customers,1,-1.1043798670574403,-1.1429442026893657
CUST00845,18,3,13398.87,4,1,1,411,6,Recent Customers,1,-0.9608938447485639,-1.1600566524033118
CUST00846,9,4,38129.25,5,2,4,524,11,Recent Customers,3,0.3157975089932785,-0.6669369604657347
CUST00847,140,7,38356.22,2,5,4,254,11,At Risk,3,0.8452605446778982,0.5800007379732212
CUST00848,333,5,40439.96,1,3,4,134,8,About To Sleep,4,-0.2455931873315015,1.826295357217539
CUST00849,33,3,11819.83,4,1,1,411,6,Recent Customers,1,-1.0655162566593914,-1.080579480274526
CUST00850,16,3,6883.42,5,1,1,511,7,Recent Customers,1,-1.2048765682076696,-1.296133924036972
CUST00851,2,3,12003.67,5,1,1,511,7,Recent Customers,1,-0.9673915362424597,-1.302283752775982
CUST00852,1,4,13832.23,5,2,1,521,8,Recent Customers,1,-0.5924565085834027,-1.1783222402713338
CUST00853,153,5,15189.34,2,3,2,232,7,About To Sleep,4,-0.6850987009865023,0.04798910264141581
CUST00854,106,5,29431.8,2,3,3,233,8,About To Sleep,3,-0.0008390131029587713,-0.02763518215068238
CUST00855,55,4,14371.66,3,2,1,321,6,Needs Attention,1,-0.7304163823859813,-0.7760897110900429
CUST00856,25,12,48852.9,4,5,5,455,14,Champions,0,3.0950234383030977,0.42620376338927374
CUST00857,13,5,26909.03,5,3,3,533,11,Loyal Customers,3,0.17564037150907094,-0.7501020776642217
CUST00858,132,8,37867.74,2,5,4,254,11,At Risk,0,1.1519055447711608,0.6098987495164676
CUST00859,119,2,17029.920000000002,2,1,2,212,5,Needs Attention,1,-1.4202497552498263,-0.4559247546802224
CUST00860,168,3,10619.779999999999,2,1,1,211,4,Needs Attention,1,-1.5081521908725914,-0.12254540792749578
CUST00861,310,3,10524.22,1,1,1,111,3,Lost Customers,4,-1.9289977157776554,0.906930783764361
CUST00862,1,7,46010.22,5,5,5,555,15,Champions,0,1.5471481255424142,-0.28667773159212034
CUST00863,61,2,17242.77,3,1,2,312,6,Needs Attention,1,-1.2416894066495805,-0.8731722661458247
CUST00864,213,4,15018.78,1,2,1,121,4,About To Sleep,4,-1.1697874568226638,0.3834401415843992
CUST00865,40,7,53981.159999999996,4,5,5,455,14,Champions,0,1.7382448072854795,0.14526154139750777
CUST00866,48,5,17739.3,3,3,2,332,8,Loyal Customers,1,-0.2788323985539361,-0.666989382518923
CUST00868,5,8,76571.95,5,5,5,555,15,Champions,0,3.0092710796507682,0.4096428925270016
CUST00869,148,3,22003.510000000002,2,1,2,212,5,Needs Attention,1,-1.012843986003965,-0.05541782399836969
CUST00870,27,7,41655.1,4,5,4,454,13,Champions,3,1.3037500460644094,-0.17910496201737816
CUST00871,21,6,44033.13,4,4,4,444,12,Champions,3,1.1106971937624948,-0.2754248715657843
CUST00872,16,4,16648.65,5,2,2,522,9,Recent Customers,1,-0.5285190985761187,-1.0168431894238217
CUST00873,17,6,33887.340000000004,4,4,4,444,12,Champions,3,0.7333717316955078,-0.4937546865202125
CUST00874,135,4,30157.25,2,2,3,223,7,About To Sleep,4,-0.36009231235909706,0.09939785648240544
CUST00875,570,3,28261.14,1,1,3,113,5,Lost Customers,2,-2.0126637328334493,3.1260521136567325
CUST00876,271,3,31292.1,1,1,3,113,5,Lost Customers,4,-1.0180003319765774,1.011144093703326
CUST00877,297,7,33387.66,1,5,4,154,10,At Risk,4,0.19347379003511653,1.6275018514209023
CUST00878,178,6,38803.64,2,4,4,244,10,At Risk,3,0.44890413390180806,0.767208321297003
CUST00879,225,2,10089.1,1,1,1,111,3,Lost Customers,4,-1.9978373698312368,0.18440005660925265
CUST00880,30,6,16548.08,4,4,2,442,10,Loyal Customers,3,0.030242431647952612,-0.7228255873342839
CUST00881,234,5,48589.43,1,3,5,135,9,About To Sleep,4,0.3577792287379283,1.2593558784263128
CUST00882,19,6,35197.61,4,4,4,444,12,Champions,3,0.7777429892666938,-0.4547854625241468
CUST00883,23,6,21310.7,4,4,2,442,10,Loyal Customers,3,0.23344758976028498,-0.6848106663125895
CUST00884,10,3,18213.28,5,1,2,512,8,Recent Customers,1,-0.7527647177666392,-1.1283379221192507
CUST00885,150,2,2045.25,2,1,1,211,4,Needs Attention,1,-2.085965869750709,-0.5103453625317875
CUST00886,93,7,51003.75,2,5,5,255,12,At Risk,0,1.4683568692793612,0.4746213748901457
CUST00887,150,6,36483.72,2,4,4,244,10,At Risk,3,0.44219943377643295,0.5205809626235977
CUST00888,120,7,53475.34,2,5,5,255,12,At Risk,0,1.4838157983638711,0.7168159081270298
CUST00889,129,4,23782.16,2,2,3,223,7,About To Sleep,1,-0.5869408481049659,-0.06311040159111822
CUST00890,286,5,26578.67,1,3,3,133,7,About To Sleep,4,-0.6390735073722998,1.2263663809844059
CUST00891,5,8,33478.33,5,5,4,554,14,Champions,3,1.3566902546616273,-0.3943134171176974
CUST00892,113,7,54337.68,2,5,5,255,12,At Risk,0,1.5374506038326186,0.6820670484456637
CUST00893,10,5,35256.13,5,3,4,534,12,Loyal Customers,3,0.5045538127925469,-0.6161654052027181
CUST00894,3,3,10696.8,5,1,1,511,7,Recent Customers,1,-1.020446090145924,-1.3194023850471577
CUST00895,234,4,43950.01,1,2,4,124,7,About To Sleep,4,-0.12201050491466349,1.075692461535366
CUST00896,360,1,6086.43,1,1,1,111,3,Lost Customers,2,-2.8498242938797294,0.9930381268138627
CUST00897,25,7,40097.34,4,5,4,454,13,Champions,3,1.249887888717884,-0.22269136941725096
CUST00898,47,12,83624.17,3,5,5,355,13,Loyal Customers,0,4.36381996662955,1.234670491759608
CUST00899,22,4,36195.88,4,2,4,424,10,Recent Customers,3,0.20346281858612839,-0.6085949572074129
CUST00900,240,3,23869.489999999998,1,1,3,113,5,Lost Customers,4,-1.2115724663664276,0.6475335837705073
CUST00901,19,3,15370.609999999999,4,1,2,412,7,Recent Customers,1,-0.8882182321304494,-1.1160094045195081
CUST00902,10,3,12587.39,5,1,1,511,7,Recent Customers,1,-0.9685098312543935,-1.2332947524543911
CUST00903,135,10,59286.8,2,5,5,255,12,At Risk,0,2.568232004690428,1.2255011775647409
CUST00904,83,4,14923.3,3,2,1,321,6,Needs Attention,1,-0.7915227786876827,-0.5624514552865875
CUST00905,34,6,50421.46,4,4,5,445,13,Champions,3,1.3174882080724732,-0.06183289808054028
CUST00906,72,7,30913.82,3,5,3,353,11,Loyal Customers,3,0.7596315646448203,-0.05268729631509782
CUST00907,1,5,35651.31,5,3,4,534,12,Loyal Customers,3,0.5461494650562904,-0.6741543947770197
CUST00908,135,6,24078.77,2,4,3,243,9,At Risk,3,0.010555137742096042,0.1802179100673063
CUST00909,39,4,23906.850000000002,4,2,3,423,9,Recent Customers,1,-0.31774870964143365,-0.7143990155714113
CUST00910,151,5,29642.239999999998,2,3,3,233,8,About To Sleep,3,-0.12497415423574736,0.3030982127816335
CUST00911,40,1,9854.48,4,1,1,411,6,Recent Customers,1,-1.7651987378045162,-1.260628840740775
CUST00912,25,6,25930.57,4,4,3,443,11,Loyal Customers,3,0.40473743756325137,-0.5840974114739049
CUST00913,679,2,30055.33,1,1,3,113,5,Lost Customers,2,-2.565963839103004,3.854014573770235
CUST00914,260,4,25041.64,1,2,3,123,6,About To Sleep,4,-0.9235056273255485,0.9117592132045176
CUST00915,49,11,37487.85,3,5,4,354,12,Loyal Customers,0,2.2868056275398745,0.29136401195234224
CUST00916,2,5,17212.71,5,3,2,532,10,Loyal Customers,1,-0.16388327951417345,-1.010883271641928
CUST00917,176,2,11623.22,2,1,1,211,4,Needs Attention,1,-1.79504918600279,-0.1428363049787446
CUST00918,87,5,15322.18,3,3,2,332,8,Loyal Customers,1,-0.4861034743776913,-0.42885017510669854
CUST00919,4,7,35547.35,5,5,4,554,14,Champions,3,1.137097826132671,-0.46008629435332415
CUST00920,96,5,35293.1,2,3,4,234,9,About To Sleep,3,0.2533126876320317,0.009089595995237612
CUST00921,27,3,7906.969999999999,4,1,1,411,6,Recent Customers,1,-1.1979416716576181,-1.1971522763400666
CUST00922,62,9,82251.23,3,5,5,355,13,Loyal Customers,0,3.361478057388621,1.0266620420142756
CUST00923,182,1,9200.85,2,1,1,211,4,Needs Attention,1,-2.207445476648017,-0.24156402543649985
CUST00924,3,7,64216.89,5,5,5,555,15,Champions,0,2.2394729932152004,0.06751141104342595
CUST00925,8,4,20774.350000000002,5,2,2,522,9,Recent Customers,1,-0.3468010491499498,-0.9979730606268347
CUST00926,2,6,39052.56,5,4,4,544,13,Champions,3,0.9755191949471035,-0.5063279401914254
CUST00927,90,4,26380.23,3,2,3,323,8,Potential Loyalists,1,-0.37273058963000194,-0.29787379851839846
CUST00928,245,7,50184.3,1,5,5,155,11,At Risk,0,0.9903722236014324,1.5632165162252953
CUST00929,7,5,40589.95,5,3,4,534,12,Loyal Customers,3,0.7179121266969982,-0.5384446057341582
CUST00930,86,6,34168.21,3,4,4,344,11,Loyal Customers,3,0.5414280307141724,0.01258994283163972
CUST00931,17,5,16917.21,4,3,2,432,9,Loyal Customers,1,-0.2192837046876009,-0.9074603255985502
CUST00932,57,4,36948.659999999996,3,2,4,324,9,Potential Loyalists,3,0.1295046064034526,-0.3403675160274897
CUST00933,167,4,33540.96,2,2,4,224,8,About To Sleep,4,-0.32434431009090403,0.39492087247407015
CUST00934,32,3,33393.48,4,1,4,414,9,Recent Customers,1,-0.23525867334522937,-0.6853629843942827
CUST00935,16,6,26205.59,5,4,3,543,12,Loyal Customers,3,0.44172511973929524,-0.64432811084578
CUST00936,152,3,16690.96,2,1,2,212,5,Needs Attention,1,-1.228324518656443,-0.12547942242794208
CUST00937,213,6,49925.63,1,4,5,145,10,At Risk,3,0.772590807813307,1.2288841616954396
CUST00938,261,10,68590.4,1,5,5,155,11,At Risk,0,2.5548375898548965,2.3141302836187383
CUST00939,88,6,39133.63,3,4,4,344,11,Loyal Customers,3,0.7259692438950067,0.11974979238197127
CUST00940,95,5,28124.41,2,3,3,233,8,About To Sleep,3,-0.018658781737669612,-0.13191216031482514
CUST00941,6,9,44500.11,5,5,5,555,15,Champions,0,2.078296787918101,-0.08431804805388762
CUST00942,3,7,32808.29,5,5,4,554,14,Champions,3,1.034996551000461,-0.5184486950489955
CUST00943,80,3,24509.34,3,1,3,313,7,Potential Loyalists,1,-0.7169720816698972,-0.5025112788965912
CUST00944,3,4,17154.73,5,2,2,522,9,Recent Customers,1,-0.470919008921905,-1.1018127723840296
CUST00945,50,10,58619.909999999996,3,5,5,355,13,Loyal Customers,0,2.7923786737409895,0.5957567505492325
CUST00946,4,3,24419.63,5,1,3,513,9,Recent Customers,1,-0.4971324014803191,-1.0561263290311358
CUST00947,11,3,16061.900000000001,5,1,2,512,8,Recent Customers,1,-0.8382050641032197,-1.1612117669499198
CUST00948,15,8,55967.14,5,5,5,555,15,Champions,0,2.1897261276865785,0.09786259825573146
CUST00949,3,6,28577.34,5,4,3,543,12,Loyal Customers,3,0.5708710778482243,-0.6944916791751717
CUST00950,550,5,13293.619999999999,1,3,1,131,5,About To Sleep,2,-1.9241408155035664,2.8957901378805375
CUST00951,28,5,41478.46,4,3,4,434,11,Loyal Customers,3,0.690289486912783,-0.36935839908719315
CUST00952,1,4,22659.09,5,2,2,522,9,Recent Customers,1,-0.25395861537174746,-1.0136479847469566
CUST00953,3,5,35427.49,5,3,4,534,12,Loyal Customers,3,0.5316904893398668,-0.6638052155825471
CUST00954,36,2,11926.92,4,1,1,411,6,Recent Customers,1,-1.3720975672478815,-1.1539046543256646
CUST00955,101,2,8216.63,2,1,1,211,4,Needs Attention,1,-1.7053451678722786,-0.7510688148663275
CUST00956,112,2,10092.39,2,1,1,211,4,Needs Attention,1,-1.6657291945209745,-0.6361883030999308
CUST00957,376,5,22596.9,1,3,2,132,6,About To Sleep,4,-1.0561793381283133,1.805697155200846
CUST00958,76,9,67029.5,3,5,5,355,13,Loyal Customers,0,2.736615215157963,0.8443582531934303
CUST00959,14,7,44892.23,5,5,5,555,15,Champions,3,1.4660821322899624,-0.213123966227062
CUST00960,46,5,50840.5,3,3,5,335,11,Loyal Customers,3,0.996428704342369,-0.0639768368087243
CUST00961,73,5,41177.64,3,3,4,334,10,Loyal Customers,3,0.5465482307081128,-0.04816309129791472
CUST00962,152,6,42782.46,2,4,4,244,10,At Risk,3,0.6778716279603606,0.6526152837726362
CUST00963,1,5,20676.48,5,3,2,532,10,Loyal Customers,3,-0.028114588775161653,-0.9535254261351819
CUST00964,152,1,1822.5,2,1,1,211,4,Needs Attention,1,-2.4022581950296003,-0.5970864319647665
CUST00965,536,5,24051.85,1,3,3,133,7,About To Sleep,2,-1.4704470352440082,2.994822691003405
CUST00966,65,10,67796.38,3,5,5,355,13,Loyal Customers,0,3.1002152195361745,0.8758891502487504
CUST00967,550,3,18349.53,1,1,2,112,4,Lost Customers,2,-2.3340024131794848,2.7958929772075485
CUST00968,106,5,45041.71,2,3,5,235,10,About To Sleep,3,0.5977794818344877,0.2635839272554405
CUST00969,206,3,39475.1,1,1,4,114,6,Lost Customers,4,-0.5132304785978935,0.6917513120727566
CUST00970,17,5,23640.54,4,3,3,433,10,Loyal Customers,3,0.03854671749726651,-0.7820296104410976
CUST00971,14,8,40752.92,5,5,4,554,14,Champions,0,1.6092196917748487,-0.19323688964280594
CUST00972,168,3,47931.130000000005,2,1,5,215,8,Needs Attention,4,-0.07731343644772298,0.573536639806293
CUST00973,224,5,19128.62,1,3,2,132,6,About To Sleep,4,-0.7426232176179312,0.6371099503641183
CUST00974,697,3,11514.58,1,1,1,111,3,Lost Customers,2,-3.027983708490536,3.7359507730487334
CUST00975,56,10,63403.53,3,5,5,355,13,Loyal Customers,0,2.958196532427343,0.7285744802310766
CUST00976,8,7,34715.96,5,5,4,554,14,Champions,3,1.093463592067045,-0.44654719141393656
CUST00977,57,11,56035.04,3,5,5,355,13,Loyal Customers,0,2.9745616037603804,0.6954802317930469
CUST00978,44,5,17398.27,3,3,2,332,8,Loyal Customers,1,-0.2801588526559267,-0.7024012001792749
CUST00979,218,8,56717.32,1,5,5,155,11,At Risk,0,1.6221020373832757,1.5861225602594315
CUST00980,13,7,44896.99,5,5,5,555,15,Champions,3,1.4692025655967675,-0.22029755053809655
CUST00981,117,9,76944.1,2,5,5,255,12,At Risk,0,2.996372786411696,1.3270832995190465
CUST00982,90,6,30339.039999999997,3,4,3,343,10,Loyal Customers,3,0.3828330728677187,-0.02979765859789524
CUST00983,30,9,14456.74,4,5,1,451,10,Loyal Customers,3,0.8556655780448407,-0.4705110787988592
CUST00984,11,6,37072.92,5,4,4,544,13,Champions,3,0.8731616894447067,-0.4778987001665848
CUST00985,4,4,30496.87,5,2,3,523,10,Recent Customers,3,0.037795743885790524,-0.8456388843343714
CUST00986,86,5,20789.64,3,3,2,332,8,Loyal Customers,3,-0.2734960387566647,-0.3341114082925294
CUST00987,40,6,56178.89,4,4,5,445,13,Champions,0,1.5206503356594825,0.08915227016634208
CUST00988,224,3,20128.87,1,1,2,112,4,Lost Customers,4,-1.3080137763947148,0.461550233452558
CUST00989,58,6,38964.270000000004,3,4,4,344,11,Loyal Customers,3,0.8076113381176667,-0.10128140647644676
CUST00990,26,6,42677.83,4,4,4,444,12,Champions,3,1.0440338407123901,-0.2643974676160469
CUST00991,96,7,33172.88,2,5,4,254,11,At Risk,3,0.7757539433202587,0.163755107497441
CUST00992,9,3,11934.99,5,1,1,511,7,Recent Customers,1,-0.9905905765663693,-1.2527283401823144
CUST00993,30,9,30654.309999999998,4,5,3,453,12,Loyal Customers,3,1.4768200225639914,-0.16832856077387803
CUST00994,16,7,43048.29,5,5,4,554,14,Champions,3,1.3894937915728403,-0.2329998109777019
CUST00995,28,6,51731.22,4,4,5,445,13,Champions,3,1.385343058881686,-0.08097228516636162
CUST00996,64,4,18727.0,3,2,2,322,7,Needs Attention,1,-0.589836151984787,-0.6294748291425006
CUST00997,197,1,15877.69,1,1,2,112,4,Lost Customers,4,-1.9954662899599949,-0.00806482365066816
CUST00998,380,2,10167.68,1,1,1,111,3,Lost Customers,2,-2.450197486612094,1.3115360429665892
CUST00999,9,4,30271.27,5,2,3,523,10,Recent Customers,3,0.014454825989433179,-0.8135357517035526
CUST01000,20,5,40155.37,4,3,4,434,11,Loyal Customers,3,0.6630539633183383,-0.45214111589540096
CUST01001,4,4,12661.24,5,2,1,521,8,Recent Customers,1,-0.6461760398631978,-1.178381115666719
CUST01002,6,7,36326.6,5,5,4,554,14,Champions,3,1.161105199915822,-0.4310238008558224
CUST01003,163,4,26288.56,2,2,3,223,7,About To Sleep,4,-0.5907122607393718,0.2305702578458822
CUST01004,58,2,11357.21,3,1,1,311,5,Needs Attention,1,-1.45857882445731,-1.00476067164314
CUST01005,61,8,48333.63,3,5,5,355,13,Loyal Customers,0,1.761848440798631,0.2895213332577387
CUST01006,131,6,22086.69,2,4,2,242,8,At Risk,3,-0.05408680415364052,0.11400403713661794
CUST01007,6,4,47979.18,5,2,5,525,12,Recent Customers,3,0.702342405726968,-0.5049634310211477
CUST01008,30,3,31502.61,4,1,3,413,8,Recent Customers,1,-0.3018951392462957,-0.7351639053649751
CUST01009,227,5,31840.47,1,3,3,133,7,About To Sleep,4,-0.26395500378853715,0.8960498969239976
CUST01010,88,6,38502.45,3,4,4,344,11,Loyal Customers,3,0.7017643624040425,0.10797447289102247
CUST01011,8,4,30658.829999999998,5,2,3,523,10,Recent Customers,3,0.032255110740740764,-0.8135678038032762
CUST01012,62,6,30725.98,3,4,3,343,10,Loyal Customers,3,0.4799327162143032,-0.22592572813465214
CUST01013,46,4,18606.26,3,2,2,322,7,Needs Attention,1,-0.5415842744455086,-0.7624503265714729
CUST01014,38,6,34978.4,4,4,4,444,12,Champions,3,0.7135166047380533,-0.3208896989186994
CUST01015,59,5,12875.98,3,3,1,331,7,Loyal Customers,1,-0.4976508381405058,-0.677833418544065
CUST01016,176,3,22461.35,2,1,2,212,5,Needs Attention,4,-1.0775474827902392,0.15647049522875092
CUST01017,115,3,16928.06,2,1,2,212,5,Needs Attention,1,-1.1105299875034893,-0.3897643966011967
CUST01018,289,4,18682.350000000002,1,2,2,122,5,About To Sleep,4,-1.252574540660492,1.0037292677605203
CUST01019,245,4,16808.66,1,2,2,122,5,About To Sleep,4,-1.1951606343553889,0.6492286009293721
CUST01020,9,5,10226.78,5,3,1,531,9,Loyal Customers,1,-0.4523493062656828,-1.0903763535328221
CUST01021,66,6,35343.92,3,4,4,344,11,Loyal Customers,3,0.6452727634236798,-0.11072370532832966
CUST01022,16,6,31583.11,5,4,3,543,12,Loyal Customers,3,0.6479455866667803,-0.5440048812298748
CUST01023,26,3,22918.8,4,1,2,412,7,Recent Customers,1,-0.6193208250351113,-0.9243533585549747
CUST01024,164,4,11917.62,2,2,1,221,5,About To Sleep,4,-1.1447558607781085,-0.03027219029734187
CUST01025,12,5,17402.52,5,3,2,532,10,Loyal Customers,1,-0.18598326688880937,-0.9347182980135916
CUST01026,27,4,9546.31,4,2,1,421,7,Recent Customers,1,-0.8332008636101025,-1.0694584727106389
CUST01027,40,4,33265.85,4,2,4,424,10,Recent Customers,3,0.038218123932573594,-0.5325347477207103
CUST01028,85,3,6629.36,3,1,1,311,5,Needs Attention,1,-1.4173340960782626,-0.7997689703010981
CUST01029,14,8,46631.54,5,5,5,555,15,Champions,0,1.8346566518027523,-0.08356511825289896
CUST01030,4,6,30097.83,5,4,3,543,12,Loyal Customers,3,0.6262418760349604,-0.6588629694584374
CUST01031,14,4,16024.81,5,2,2,522,9,Recent Customers,1,-0.5465667134434127,-1.043006347704605
CUST01032,117,8,59161.94,2,5,5,255,12,At Risk,0,2.0125771207483383,0.8982283960688416
CUST01033,180,5,28041.579999999998,2,3,3,233,8,About To Sleep,4,-0.2715561776037288,0.48384546019738106
CUST01034,327,6,24617.13,1,4,3,143,8,At Risk,4,-0.5328751244167804,1.5846398919338907
CUST01035,69,3,26872.39,3,1,3,313,7,Potential Loyalists,1,-0.5940355443068027,-0.5383123806509015
CUST01036,107,5,32165.760000000002,2,3,4,234,9,About To Sleep,3,0.1010666840711348,0.030632072739665967
CUST01037,141,9,34813.01,2,5,4,254,11,At Risk,0,1.3101942047966848,0.7153812778093236
CUST01038,29,4,50371.13,4,2,5,425,11,Recent Customers,3,0.726498826292242,-0.29330421308120236
CUST01039,14,7,36969.28,5,5,4,554,14,Champions,3,1.162247939494191,-0.3609348404005353
CUST01040,106,3,6156.44,2,1,1,211,4,Needs Attention,1,-1.4971656965523656,-0.6560816565445325
CUST01041,13,9,62383.229999999996,5,5,5,555,15,Champions,0,2.7435244904401177,0.30014686806906593
CUST01042,108,5,11160.93,2,3,1,231,6,About To Sleep,1,-0.7073774376477767,-0.35397249432020694
CUST01043,26,5,21638.27,4,3,2,432,9,Loyal Customers,3,-0.06467861725849784,-0.7540225566073282
CUST01044,169,6,35628.71,2,4,4,244,10,At Risk,3,0.35359099713594616,0.6426152158320978
CUST01045,39,6,25423.4,4,4,3,443,11,Loyal Customers,3,0.3441576540348379,-0.4918857765349106
CUST01046,165,5,35921.85,2,3,4,234,9,About To Sleep,3,0.07470970431139005,0.5219242886325415
CUST01047,92,4,41328.17,2,2,4,224,8,About To Sleep,3,0.19462648207166688,-0.004479653957473622
CUST01048,182,2,22343.2,2,1,2,212,5,Needs Attention,4,-1.4015801180137009,0.10073039585758609
CUST01049,174,4,30710.12,2,2,3,223,7,About To Sleep,4,-0.453468372530663,0.3929453169047428
CUST01050,40,5,26282.97,4,3,3,433,10,Loyal Customers,3,0.07230870020940335,-0.5656974275369696
CUST01051,46,5,27922.43,3,3,3,333,9,Loyal Customers,3,0.11755236423079599,-0.49153727339722375
CUST01052,43,4,8256.17,3,2,1,321,6,Needs Attention,1,-0.9296822533021536,-0.977329183488234
CUST01053,141,7,35430.46,2,5,4,254,11,At Risk,3,0.7301237945753983,0.5326800286864523
CUST01054,27,6,29829.15,4,4,3,443,11,Loyal Customers,3,0.5483668097956713,-0.49684057191394665
CUST01055,74,6,31063.56,3,4,3,343,10,Loyal Customers,3,0.45762371654608275,-0.13247917731184058
CUST01056,125,6,34434.15,2,4,4,244,10,At Risk,3,0.43704860122450023,0.3007844256223381
CUST01057,39,7,37573.39,4,5,4,454,13,Champions,3,1.1119673768816234,-0.16810486335267544
CUST01058,362,3,18205.11,1,1,2,112,4,Lost Customers,4,-1.787216671474708,1.4278699040914424
CUST01059,100,4,18460.78,2,2,2,222,6,About To Sleep,1,-0.7058095010507367,-0.37299550592427017
CUST01060,309,6,26034.3,1,4,3,143,8,At Risk,4,-0.42564652186440144,1.4803557053803025
CUST01061,112,9,63743.26,2,5,5,255,12,At Risk,0,2.5048282690193213,1.0444959617073686
CUST01062,43,4,32192.7,3,2,4,324,9,Potential Loyalists,3,-0.011749378440925237,-0.5307683161371127
CUST01063,280,5,24622.29,1,3,3,133,7,About To Sleep,4,-0.6964706158027618,1.1462937545656406
CUST01064,5,3,5100.72,5,1,1,511,7,Recent Customers,1,-1.240923819052638,-1.4092783046968258
CUST01065,463,2,7009.63,1,1,1,111,3,Lost Customers,2,-2.815149535574351,1.8553974612268436
CUST01066,59,6,15576.74,3,4,2,342,9,Loyal Customers,3,-0.09220603866084834,-0.5303377206624702
CUST01067,70,8,49445.67,3,5,5,355,13,Loyal Customers,0,1.7780525944235581,0.37562907983186244
CUST01068,8,5,43107.01,5,3,4,534,12,Loyal Customers,3,0.8115000083582585,-0.4842238459760809
CUST01069,365,2,6826.599999999999,1,1,1,111,3,Lost Customers,2,-2.5342548831890555,1.1402689140365627
CUST01070,513,3,6990.22,1,1,1,111,3,Lost Customers,2,-2.660914193650208,2.315264911209405
CUST01071,220,7,38285.52,1,5,4,154,10,At Risk,3,0.6075177869593511,1.1596727209404274
CUST01072,36,8,46710.840000000004,4,5,5,455,14,Champions,0,1.7730640319653108,0.07768682111839996
CUST01073,201,4,37375.759999999995,1,2,4,124,7,About To Sleep,4,-0.27717341692887026,0.7133842157917012
CUST01074,482,1,189.36,1,1,1,111,3,Lost Customers,2,-3.4343918391986192,1.7690333731268302
CUST01075,41,6,17458.85,4,4,2,442,10,Loyal Customers,3,0.032852370920284625,-0.6259479678578376
CUST01076,186,3,5679.110000000001,1,1,1,111,3,Lost Customers,1,-1.7505021533118688,-0.08399577922801921
CUST01077,51,4,28197.289999999997,3,2,3,323,8,Potential Loyalists,1,-0.1884709862665085,-0.5472077494486983
CUST01078,47,6,29040.230000000003,3,4,3,343,10,Loyal Customers,3,0.4593549395214282,-0.3663109539420313
CUST01079,101,5,21166.43,2,3,2,232,7,About To Sleep,3,-0.30311507070223265,-0.21814619294313733
CUST01080,130,3,15110.96,2,2,2,222,6,About To Sleep,1,-1.2242816717102372,-0.3147284814165718
CUST01081,6,5,36885.770000000004,5,3,4,534,12,Loyal Customers,3,0.5787998321653155,-0.6148123240050133
CUST01082,57,3,15339.65,3,2,2,322,7,Needs Attention,1,-1.0010454727928062,-0.8406162871445049
CUST01083,52,5,28831.12,3,3,3,333,9,Loyal Customers,3,0.13477200777126092,-0.4310103937978636
CUST01084,1,7,24681.43,5,5,3,553,13,Loyal Customers,3,0.7292184790142241,-0.6845884965171083
CUST01085,209,3,13914.4,1,2,1,121,4,About To Sleep,4,-1.5022617120054258,0.23667702500148033
CUST01086,9,9,46389.4,5,5,5,555,15,Champions,0,2.1419347691215407,-0.027284216564135735
CUST01087,41,9,67764.12,4,5,5,455,14,Champions,0,2.867613163596002,0.6038798062953873
CUST01088,39,7,38685.94,4,5,4,454,13,Champions,3,1.1546321332154306,-0.1473490857620434
CUST01089,53,3,15730.99,3,2,2,322,7,Needs Attention,1,-0.9742865486230876,-0.8623649806000558
CUST01090,35,6,22267.550000000003,4,4,2,442,10,Loyal Customers,3,0.2348867395278979,-0.5798109894383191
CUST01091,21,6,16560.95,4,4,2,442,10,Loyal Customers,3,0.057177023290620375,-0.7879469676601693
CUST01092,29,7,46107.56,4,5,5,455,14,Champions,0,1.4686199515206564,-0.08151491487852525
CUST01093,68,5,33663.3,3,3,4,334,10,Loyal Customers,3,0.2730731366155389,-0.22466285617432782
CUST01094,458,2,8112.64,1,1,1,111,3,Lost Customers,2,-2.7581611556719308,1.8396633248800538
CUST01095,50,4,36741.31,3,2,4,324,9,Potential Loyalists,3,0.1421182773589557,-0.3950725554139685
CUST01096,179,1,14469.18,2,1,1,211,4,Needs Attention,1,-1.9965986138174956,-0.1650650100445302
CUST01097,59,7,37362.33,3,5,4,354,12,Loyal Customers,3,1.045115639720547,-0.026794665956444252
CUST01098,31,3,24747.42,4,2,3,423,9,Recent Customers,1,-0.5638852423193319,-0.8539266149024238
CUST01099,65,8,67066.56,3,5,5,355,13,Loyal Customers,0,2.468478865073417,0.6680531777655528
CUST01100,86,4,28258.7,3,2,3,323,8,Potential Loyalists,1,-0.28894228333211436,-0.29187853482293913
CUST01101,167,10,37621.840000000004,2,5,4,254,11,At Risk,0,1.6433980986974737,1.0537151975911585
CUST01102,119,3,6526.91,2,2,1,221,5,About To Sleep,1,-1.5211513040130613,-0.5547591214949188
CUST01103,21,3,16231.39,4,2,2,422,8,Recent Customers,1,-0.8610842954207824,-1.085425884059655
CUST01104,213,3,9911.66,1,2,1,121,4,About To Sleep,4,-1.667512839693108,0.1910512946641156
CUST01105,23,4,11593.85,4,2,1,421,7,Recent Customers,1,-0.7429289562575596,-1.0603090322885171
CUST01106,16,3,25684.65,5,2,3,523,10,Recent Customers,1,-0.4838753577219738,-0.945377420230116
CUST01107,7,2,16118.18,5,1,2,512,8,Recent Customers,1,-1.1261696108806099,-1.2863215638453254
CUST01108,216,10,57093.630000000005,1,5,5,155,11,At Risk,0,2.246157559217486,1.7728386618251784
CUST01109,10,6,44583.22,5,4,5,545,14,Champions,3,1.164109218390936,-0.34504862806883585
CUST01110,206,4,10731.56,1,2,1,121,4,About To Sleep,4,-1.3136311670397902,0.25262088322466814
CUST01111,85,5,20778.48,3,3,2,332,8,Loyal Customers,3,-0.2709861154681367,-0.34158199676449397
CUST01112,51,6,31600.79,3,4,3,343,10,Loyal Customers,3,0.5457973044818741,-0.28949149524466067
CUST01113,93,2,21149.190000000002,2,1,2,212,5,Needs Attention,1,-1.1858961976192246,-0.5678975513501517
CUST01114,37,8,62255.32,4,5,5,455,14,Champions,0,2.3662354828667516,0.3749476528730173
CUST01115,2,7,38359.380000000005,5,5,4,554,14,Champions,3,1.2508110816484046,-0.42214972358792985
CUST01116,328,4,23677.78,1,2,3,123,6,About To Sleep,4,-1.1755845589478124,1.3801573063978037
CUST01117,83,5,37808.62,3,3,4,334,10,Loyal Customers,3,0.3879720267288819,-0.038391793426055455
CUST01118,78,7,38112.51,3,5,4,354,12,Loyal Customers,3,1.018064023195528,0.1251860765160948
CUST01119,128,6,14810.26,2,4,1,241,7,At Risk,3,-0.32431416600163954,-0.043532495076334846
CUST01120,266,8,73778.03,1,5,5,155,11,At Risk,0,2.135337802908926,2.2530024318820687
CUST01121,4,3,25204.09,5,2,3,523,10,Recent Customers,1,-0.46704944363247575,-1.041491411689221
CUST01122,155,4,28094.0,2,2,3,223,7,About To Sleep,4,-0.4979729785875537,0.20615352267051779
CUST01123,210,5,32272.62,1,3,4,134,8,About To Sleep,4,-0.19743845203770755,0.7806515246567324
CUST01124,265,4,11445.14,1,2,1,121,4,About To Sleep,4,-1.4596020981981308,0.6944142971304861
CUST01125,323,5,20844.38,1,3,2,132,6,About To Sleep,4,-0.9676776847170115,1.388095557203909
CUST01126,14,6,34376.08,5,4,4,544,13,Champions,3,0.7609279174998278,-0.5064238945918255
CUST01127,273,4,10970.84,1,2,1,121,4,About To Sleep,4,-1.5012939993367957,0.7436648337367919
CUST01128,11,4,26436.370000000003,5,2,3,523,10,Recent Customers,1,-0.1384840816867974,-0.8705550263691127
CUST01129,27,6,40883.66,4,4,4,444,12,Champions,3,0.9722920046539987,-0.29060718830564397
CUST01130,380,2,7949.48,1,1,1,111,3,Lost Customers,2,-2.535262393806962,1.2701532144631154
CUST01131,52,5,21407.84,3,3,2,332,8,Loyal Customers,3,-0.1499005304496031,-0.569499404334906
CUST01132,169,8,54791.83,2,5,5,255,12,At Risk,0,1.692218954607973,1.1943435752294982
CUST01133,205,3,10610.27,1,2,1,121,4,About To Sleep,4,-1.6172189597730524,0.1459854944484032
CUST01134,193,4,29578.93,1,2,3,123,6,About To Sleep,4,-0.552667930832442,0.5098271449143928
CUST01135,193,7,38535.08,1,5,4,154,10,At Risk,3,0.6964112031157191,0.9682440716554991
CUST01136,20,5,44814.74,4,3,5,435,12,Loyal Customers,3,0.8417343693396855,-0.36521572159180754
CUST01137,25,6,31506.15,4,4,3,443,11,Loyal Customers,3,0.6185532320171162,-0.48007916652421656
CUST01138,328,6,34017.13,1,4,4,144,9,At Risk,4,-0.17533599745399414,1.7672690574352283
CUST01139,64,5,26364.75,3,3,3,333,9,Loyal Customers,3,0.004935397189213589,-0.3898744470604886
CUST01140,27,1,1319.44,4,1,1,411,6,Recent Customers,1,-2.0543131165200013,-1.514269922411346
CUST01141,162,5,26287.28,2,3,3,233,8,About To Sleep,4,-0.28594907050771456,0.3203942016422098
CUST01142,327,4,28383.739999999998,1,2,3,123,6,About To Sleep,4,-0.9921795968769133,1.4606894985544148
CUST01143,41,6,62380.1,4,4,5,445,13,Champions,0,1.755520282888308,0.21210468064620877
CUST01144,154,4,33693.38,2,2,4,224,8,About To Sleep,4,-0.2803065931165827,0.3033533943157113
CUST01145,300,7,52636.92,1,5,5,155,11,At Risk,0,0.9228426507605534,2.0084039821332
CUST01146,50,5,49543.99,3,3,5,335,11,Loyal Customers,3,0.9349577604965261,-0.05911503131480411
CUST01147,127,7,51419.65,2,5,5,255,12,At Risk,0,1.3844176681268452,0.729301582164802
CUST01148,14,8,71768.54000000001,5,5,5,555,15,Champions,0,2.798625893601238,0.38539176574846384
CUST01149,152,7,39579.47,2,5,4,254,11,At Risk,3,0.8569157666106508,0.6899703839726046
CUST01150,912,3,20541.8,1,2,2,122,5,About To Sleep,2,-3.3134494699626598,5.4657761712734025
CUST01151,80,6,29088.649999999998,3,4,3,343,10,Loyal Customers,3,0.3642612816503733,-0.12574885540458097
CUST01152,288,2,16103.29,1,1,2,112,4,Lost Customers,4,-1.9522888018846456,0.7541314123253003
CUST01153,25,8,67918.14,4,5,5,455,14,Champions,0,2.618651537413742,0.3934448060229066
CUST01154,285,3,13784.01,1,2,1,121,4,About To Sleep,4,-1.7305419232894004,0.7861858806749237
CUST01155,4,7,52669.13,5,5,5,555,15,Champions,0,1.793694448038247,-0.14066167736017257
CUST01156,40,2,7094.16,4,1,1,411,6,Recent Customers,1,-1.5691788158759135,-1.2150152711991635
CUST01157,15,5,44652.369999999995,5,3,5,535,13,Loyal Customers,3,0.8501971734300771,-0.4045568381620783
CUST01158,6,6,47738.94,5,4,5,545,14,Champions,3,1.2968782986112135,-0.31522493695201587
CUST01159,3,7,49506.99,5,5,5,555,15,Champions,0,1.6753686390786073,-0.20691707556880481
CUST01160,70,4,21663.62,3,2,2,322,7,Needs Attention,1,-0.4948481930319657,-0.531114805819829
CUST01161,144,2,11794.14,2,1,1,211,4,Needs Attention,1,-1.6944820358671897,-0.37204400058302173
CUST01162,2,4,34420.42,5,2,4,524,11,Recent Customers,3,0.19413425665751527,-0.7869657516998124
CUST01163,1,8,41385.85,5,5,4,554,14,Champions,0,1.6716843037794678,-0.2758399538961047
CUST01164,124,1,4240.78,2,1,1,211,4,Needs Attention,1,-2.2272594674790565,-0.7553177406809273
CUST01165,68,6,15086.730000000001,3,4,2,342,9,Loyal Customers,3,-0.13743829048697992,-0.4741178833859708
CUST01166,194,6,38152.08,1,4,4,144,9,At Risk,3,0.37691140548308616,0.8712509847082767
CUST01167,518,6,47724.81,1,4,5,145,10,At Risk,2,-0.20786523354428543,3.4028536292858282
CUST01168,18,6,19740.22,4,4,2,442,10,Loyal Customers,3,0.18791131961473512,-0.7504215397325704
CUST01169,155,6,48044.76,2,4,5,245,11,At Risk,3,0.8708598853414949,0.7725761256178577
CUST01170,14,6,47468.72,5,4,5,545,14,Champions,3,1.2630125836867443,-0.26216707564956504
CUST01171,63,6,47028.81,3,4,5,345,12,Loyal Customers,3,1.1021858425152697,0.08548291175070621
CUST01172,181,11,93531.61,2,5,5,255,12,At Risk,0,4.048204448416111,2.2955537470746874
CUST01173,37,8,44365.38,4,5,5,455,14,Champions,0,1.6801809856069196,0.04119221199417979
CUST01174,19,5,28875.670000000002,4,3,3,433,10,Loyal Customers,3,0.23343093677292015,-0.6698380402723945
CUST01175,21,8,55792.58,4,5,5,455,14,Champions,0,2.165404629436925,0.13818032224406104
CUST01176,17,8,49826.020000000004,4,5,5,455,14,Champions,0,1.9483468673501059,-0.002181609576937804
CUST01177,7,3,12185.6,5,2,1,521,8,Recent Customers,1,-0.975104241340546,-1.2625777240582365
CUST01178,24,2,3310.75,4,1,1,411,6,Recent Customers,1,-1.6672610633214169,-1.401796913479814
CUST01179,141,6,43673.19,2,4,4,244,10,At Risk,3,0.7443467262462087,0.589346520823558
CUST01180,53,5,66850.55,3,3,5,335,11,Loyal Customers,0,1.5898267586273054,0.28554400998549356
CUST01181,271,3,8516.57,1,2,1,121,4,About To Sleep,4,-1.8914104599018926,0.5862428890934062
CUST01182,159,4,43858.15,2,2,4,224,8,About To Sleep,3,0.0948088318643218,0.529299687976933
CUST01183,50,8,67321.35,3,5,5,355,13,Loyal Customers,0,2.522318117957645,0.5638707443232136
CUST01184,85,6,25572.44,3,4,3,343,10,Loyal Customers,3,0.21473001380157478,-0.15503547541185445
CUST01185,5,5,24200.44,5,3,3,533,11,Loyal Customers,3,0.0952728359596671,-0.8587327382518737
CUST01186,32,6,40909.34,4,4,4,444,12,Champions,3,0.9585873277998944,-0.25381616587843514
CUST01187,5,8,53844.8,5,5,5,555,15,Champions,0,2.137716257924212,-0.01435573285516676
CUST01188,318,3,23023.73,1,2,2,122,5,About To Sleep,4,-1.4731619171535164,1.198221242048899
CUST01189,175,4,24552.95,2,2,3,223,7,About To Sleep,4,-0.6925252343266839,0.2853392925632402
CUST01190,33,5,46168.26,4,3,5,435,12,Loyal Customers,3,0.8554473720214094,-0.24555336616515824
CUST01191,447,2,3818.21,1,1,1,111,3,Lost Customers,2,-2.890529783916848,1.6796600082193753
CUST01192,8,8,40398.77,5,5,4,554,14,Champions,0,1.6132658915469082,-0.2434182486767002
CUST01193,380,5,16210.74,1,3,2,132,6,About To Sleep,4,-1.3128313318814508,1.7156062453883443
CUST01194,29,7,47192.05,4,5,5,455,14,Champions,0,1.510208645598631,-0.06128262577757288
CUST01195,99,5,35042.479999999996,2,3,4,234,9,About To Sleep,3,0.23488807504078626,0.02620118037342659
CUST01196,154,4,39789.57,2,2,4,224,8,About To Sleep,3,-0.046526124000955904,0.417084160384863
CUST01197,24,6,18525.91,4,4,2,442,10,Loyal Customers,3,0.12371684451183826,-0.7295014336039862
CUST01198,250,4,23927.2,1,2,3,123,6,About To Sleep,4,-0.9368639237574181,0.8183443050711019
CUST01199,1,9,59716.03,5,5,5,555,15,Champions,0,2.676495779757915,0.1632388327370746
CUST01200,199,6,25656.64,1,4,3,143,8,At Risk,4,-0.11696093469073982,0.6744474883222963
CUST01201,109,5,24834.350000000002,2,3,3,233,8,About To Sleep,3,-0.18595855425874674,-0.09161823325340365
CUST01202,14,3,11458.32,5,2,1,521,8,Recent Customers,1,-1.02355968229494,-1.2253091795794315
CUST01203,7,5,57617.4,5,3,5,535,13,Loyal Customers,3,1.3708913233498057,-0.22077981301867888
CUST01204,66,3,8340.58,3,2,1,321,6,Needs Attention,1,-1.295891188159569,-0.9058297352790692
CUST01205,5,5,25881.379999999997,5,3,3,533,11,Loyal Customers,3,0.159734563982452,-0.8273730539381826
CUST01206,127,8,35154.29,2,5,4,254,11,At Risk,3,1.0625379532945687,0.5229645817611629
CUST01207,52,6,18503.96,3,4,2,342,9,Loyal Customers,3,0.04061406370111837,-0.5265640959329387
CUST01208,179,5,15941.67,2,3,2,232,7,About To Sleep,4,-0.7326331251347671,0.250846665039198
CUST01209,7,6,34918.72,5,4,4,544,13,Champions,3,0.8023026693980227,-0.5471370903441323
CUST01210,36,3,11292.8,4,2,1,421,7,Recent Customers,1,-1.094540811094354,-1.068624611984447
CUST01211,23,6,27939.48,4,4,3,443,11,Loyal Customers,3,0.48765214999615086,-0.5611438797616665
CUST01212,288,3,13323.400000000001,1,2,1,121,4,About To Sleep,4,-1.757019362434541,0.7993798831590344
CUST01213,16,6,51369.29,5,4,5,545,14,Champions,3,1.4067182696714489,-0.17487311056949048
CUST01214,150,3,19033.41,2,2,2,222,6,About To Sleep,1,-1.1326190077627303,-0.09630335504757241
CUST01215,89,3,27860.04,3,2,3,323,8,Potential Loyalists,1,-0.614918408100482,-0.37463900123528554
CUST01216,95,5,60283.81,2,3,5,235,10,About To Sleep,0,1.2146098038013449,0.4680549008043785
CUST01217,35,8,36990.49,4,5,4,454,13,Champions,3,1.4032399248294667,-0.11091880688004735
CUST01218,99,6,33708.33,2,4,4,244,10,At Risk,3,0.485599647268778,0.09842143485183343
CUST01219,322,1,8490.04,1,1,1,111,3,Lost Customers,4,-2.646009201781116,0.7619092633604023
CUST01220,23,4,16889.77,4,2,2,422,8,Recent Customers,1,-0.5398377366599373,-0.9615081355577818
CUST01221,2,5,19006.54,5,3,2,532,10,Loyal Customers,1,-0.09509237586555278,-0.9774175069433497
CUST01222,1,4,40781.87,5,2,4,524,11,Recent Customers,3,0.4410249743915798,-0.6755486714541128
CUST01223,69,5,16499.25,3,3,2,332,8,Loyal Customers,1,-0.38808237530447914,-0.5376136769265764
CUST01224,127,5,11678.98,2,3,1,231,6,About To Sleep,1,-0.7433309191566316,-0.20632237847308998
CUST01225,77,2,3288.88,3,1,1,311,5,Needs Attention,1,-1.8238081232233425,-1.017298406758812
CUST01226,2,3,17345.75,5,2,2,522,9,Recent Customers,1,-0.7625301443807874,-1.2026216932268712
CUST01227,21,8,71556.03,4,5,5,455,14,Champions,0,2.769911171372253,0.4322638800716172
CUST01228,83,4,14612.289999999999,3,2,1,321,6,Needs Attention,1,-0.8034495827570526,-0.5682536703676737
CUST01229,113,4,35440.68,2,2,4,224,8,About To Sleep,3,-0.092846401672708,0.038193223891574764
CUST01230,94,3,23438.74,2,2,3,223,7,About To Sleep,1,-0.7991586277358657,-0.4208110167209691
CUST01231,66,10,55157.54,3,5,5,355,13,Loyal Customers,0,2.6125952628804647,0.6473608294388897
CUST01232,905,2,14134.58,1,1,1,111,3,Lost Customers,2,-3.840466635550485,5.198295896973144
CUST01233,9,5,29749.51,5,3,3,533,11,Loyal Customers,3,0.2963204330005997,-0.7261595166787854
CUST01234,31,7,43029.68,4,5,4,454,13,Champions,3,1.3447117155803645,-0.12441119394688954
CUST01235,80,4,13173.52,3,2,1,321,6,Needs Attention,1,-0.8498107440211574,-0.6168825825997459
CUST01236,22,3,8753.119999999999,4,2,1,421,7,Recent Customers,1,-1.1508035180928018,-1.2176784031878942
CUST01237,148,6,29918.08,2,4,3,243,9,At Risk,3,0.19629199311774628,0.3835673443293165
CUST01238,327,2,3988.45,1,1,1,111,3,Lost Customers,4,-2.5314540494701068,0.8113495649928182
CUST01239,8,10,38516.28,5,5,4,554,14,Champions,0,2.144823764486707,-0.08431763672362175
CUST01240,26,6,29383.11,4,4,3,443,11,Loyal Customers,3,0.534199685549755,-0.5124242991739335
CUST01241,11,4,19745.47,5,2,2,522,9,Recent Customers,1,-0.3950708581497598,-0.9953807261409519
CUST01242,33,4,16174.0,4,2,2,422,8,Recent Customers,1,-0.5966654666445853,-0.9022376988675825
CUST01243,185,5,42979.94,1,3,4,134,8,About To Sleep,3,0.28661983268794594,0.7988480410806288
CUST01244,68,9,60672.9,3,5,5,355,13,Loyal Customers,0,2.516351533140274,0.6676701711789648
CUST01245,18,2,8326.64,4,1,1,411,6,Recent Customers,1,-1.4572812442937761,-1.3517945900789436
CUST01246,35,6,44474.29,4,4,5,445,13,Champions,3,1.0864845563165397,-0.16552115396756206
CUST01247,6,5,31701.4,5,3,3,533,11,Loyal Customers,3,0.37998640104374914,-0.7115321394448091
CUST01248,464,5,26884.579999999998,1,3,3,133,7,About To Sleep,2,-1.1502873917639516,2.524778347415314
CUST01249,73,4,22671.7,3,2,2,322,7,Needs Attention,1,-0.4650033985876955,-0.49052086356709185
CUST01250,178,8,55699.21,2,5,5,255,12,At Risk,0,1.700574679819546,1.2766331766041263
CUST01251,116,8,44472.22,2,5,5,255,12,At Risk,0,1.452184535627208,0.6169140012863769
CUST01252,102,1,1033.36,2,1,1,211,4,Needs Attention,1,-2.28562593045399,-0.9749280127085631
CUST01253,56,2,17719.690000000002,3,1,2,312,6,Needs Attention,1,-1.2087107137662,-0.9005867627386427
CUST01254,315,1,11482.59,1,1,1,111,3,Lost Customers,4,-2.5106837841242973,0.7669016872000827
CUST01255,30,5,22268.190000000002,4,3,2,432,9,Loyal Customers,3,-0.05227363054469326,-0.7132211954764287
CUST01256,90,5,57533.58,3,3,5,335,11,Loyal Customers,3,1.12383175010916,0.38043456388833186
CUST01257,173,8,66773.01,2,5,5,255,12,At Risk,0,2.139929088939133,1.4469144999156864
CUST01258,24,6,34941.57,4,4,4,444,12,Champions,3,0.7532347394007161,-0.4232502197588254
CUST01259,372,2,1423.0700000000002,1,1,1,111,3,Lost Customers,2,-2.762038054857543,1.0902971502521956
CUST01260,202,6,46377.53,1,4,5,145,10,At Risk,3,0.6688429045646691,1.082804407561583
CUST01261,21,8,52976.46,4,5,5,455,14,Champions,0,2.0574103158269654,0.08564267414866703
CUST01262,25,8,47063.96,4,5,5,455,14,Champions,0,1.8189225290623419,0.004388384365447917
CUST01263,12,7,46633.76,5,5,5,555,15,Champions,0,1.5387431909108686,-0.19515868655939067
CUST01264,270,4,50539.46,1,2,5,125,8,About To Sleep,4,0.024921624474278717,1.4600714402789823
CUST01265,86,5,14312.73,3,3,1,331,7,Loyal Customers,1,-0.5218765941887779,-0.45494490200925236
CUST01266,69,7,47957.1,3,5,5,355,13,Loyal Customers,0,1.4220315015778624,0.2434856603296802
CUST01267,206,2,11045.21,1,1,1,111,3,Lost Customers,4,-1.9053518877857363,0.06425192907098123
CUST01268,216,10,66303.24,1,5,5,155,11,At Risk,0,2.599333386442682,1.9446535167588535
CUST01269,59,6,27202.14,3,4,3,343,10,Loyal Customers,3,0.35361199943455324,-0.31345379023046005
CUST01270,32,11,66530.51,4,5,5,455,14,Champions,0,3.4504957335003543,0.7097244660879822
CUST01271,245,5,37724.770000000004,1,3,4,134,8,About To Sleep,4,-0.09118231342949512,1.1365506017506264
CUST01272,3,8,51826.69,5,5,5,555,15,Champions,0,2.0662003137112377,-0.06653044838846942
CUST01273,233,2,24022.73,1,1,3,113,5,Lost Customers,4,-1.487005049384762,0.5024455153506484
CUST01274,55,7,48511.4,3,5,5,355,13,Loyal Customers,0,1.4844186555309873,0.152153284568113
CUST01275,61,7,55518.92,3,5,5,355,13,Loyal Customers,0,1.7355200085418685,0.3264601821829097
CUST01276,4,13,86712.79,5,5,5,555,15,Champions,0,4.910468098373937,1.077119477721444
CUST01277,74,2,4833.3,3,1,1,311,5,Needs Attention,1,-1.75576806706131,-1.010272806249347
CUST01278,206,4,28848.670000000002,1,2,3,123,6,About To Sleep,4,-0.6188650139475453,0.5906144167692411
CUST01279,67,3,17942.87,3,2,2,322,7,Needs Attention,1,-0.9305945190110241,-0.7194266393936507
CUST01280,166,3,8954.279999999999,2,2,1,221,5,About To Sleep,1,-1.5661460284558744,-0.16814181710491982
CUST01281,18,4,31984.539999999997,4,2,3,423,9,Recent Customers,3,0.05371531995913094,-0.71621143404425
CUST01282,90,5,25264.649999999998,3,3,3,333,9,Loyal Customers,3,-0.1136371596950488,-0.22157589332048752
CUST01283,91,4,32629.8,2,2,4,224,8,About To Sleep,3,-0.13600610317480202,-0.17401918193158555
CUST01284,35,5,29425.56,4,3,3,433,10,Loyal Customers,3,0.20751215693830893,-0.5433810772914255
CUST01285,8,4,7836.96,5,2,1,521,8,Recent Customers,1,-0.8429320922000874,-1.2393335293188181
CUST01286,205,5,36293.66,1,3,4,134,8,About To Sleep,4,-0.02854765073873056,0.8193562734681754
CUST01287,236,2,16129.0,1,1,2,112,4,Lost Customers,4,-1.7985323771640735,0.37696693186156366
CUST01288,49,6,29068.96,3,4,3,343,10,Loyal Customers,3,0.4545809075936909,-0.3512501917800392
CUST01289,109,4,21432.02,2,2,2,222,6,About To Sleep,1,-0.6183075945375675,-0.2522024492998088
CUST01290,10,6,40916.03,5,4,4,544,13,Champions,3,1.0234775454056557,-0.41346387234782533
CUST01291,69,3,5511.950000000001,3,2,1,321,6,Needs Attention,1,-1.4131789246338917,-0.9368136092501005
CUST01292,225,3,23723.33,1,2,3,123,6,About To Sleep,4,-1.1731090923658816,0.5358710109861484
CUST01293,477,2,3490.75,1,1,1,111,3,Lost Customers,2,-2.991224239149585,1.8914225131561015
CUST01294,4,1,7109.8,5,1,1,511,7,Recent Customers,1,-1.7646892464038033,-1.5732796355761318
CUST01295,211,5,26818.43,1,3,3,133,7,About To Sleep,4,-0.409537001481439,0.6861603234968059
CUST01296,235,3,28751.47,1,2,3,123,6,About To Sleep,4,-1.009665804820246,0.7023000638829064
CUST01297,66,7,55331.9,3,5,5,355,13,Loyal Customers,0,1.7136585803757332,0.35928306484693734
CUST01298,13,6,37062.82,5,4,4,544,13,Champions,3,0.8668985806319383,-0.4635623520478664
CUST01299,326,3,15345.58,1,2,2,122,5,About To Sleep,4,-1.7911115189935385,1.1130764630322896
CUST01300,218,3,23845.31,1,2,3,123,6,About To Sleep,4,-1.147866070636559,0.48730996533830845
CUST01301,32,4,28149.77,4,2,3,423,9,Recent Customers,1,-0.13447332894735625,-0.6860796386725442
CUST01302,21,3,28701.39,4,2,3,423,9,Recent Customers,1,-0.38287701351653314,-0.8527850620245278
CUST01303,142,6,46500.71,2,4,5,245,11,At Risk,3,0.8498403202362573,0.6493592348405788
CUST01304,95,3,14037.8,2,2,1,221,5,About To Sleep,1,-1.162609590159196,-0.5889329447748121
CUST01305,44,3,10375.94,3,2,1,321,6,Needs Attention,1,-1.153204277163215,-1.0276304925553557
CUST01306,7,6,35171.38,5,4,4,544,13,Champions,3,0.8119918315348251,-0.542423455212184
CUST01307,60,4,8382.5,3,2,1,321,6,Needs Attention,1,-0.9747818681806589,-0.8515117858568807
CUST01308,114,4,16352.09,2,2,2,222,6,About To Sleep,1,-0.8278053652620125,-0.3106618925815625
CUST01309,44,5,23869.29,3,3,3,333,9,Loyal Customers,3,-0.03200417059112842,-0.5816775905396799
CUST01310,158,4,13678.51,2,2,1,221,5,About To Sleep,1,-1.0596007973718256,-0.04099527794092533
CUST01311,131,8,62196.740000000005,2,5,5,255,12,At Risk,0,2.0878269961041585,1.0565191659255393
CUST01312,290,4,17755.62,1,2,2,122,5,About To Sleep,4,-1.2910512504466285,0.9937025426335654
CUST01313,16,9,65225.78,5,5,5,555,15,Champions,0,2.8437186764188613,0.3749647564965247
CUST01314,17,8,49048.4,4,5,5,455,14,Champions,0,1.9185262140578538,-0.016688919603477965
CUST01315,163,10,57101.26,2,5,5,255,12,At Risk,0,2.402158534781455,1.388074493090882
CUST01316,62,6,37806.39,3,4,4,344,11,Loyal Customers,3,0.7514566633568586,-0.09383331412136145
CUST01317,1,7,25129.71,5,5,3,553,13,Loyal Customers,3,0.7464093980464644,-0.6762253667896098
CUST01318,297,4,7373.880000000001,1,2,1,121,4,About To Sleep,4,-1.7097419018944702,0.850857092669287
CUST01319,36,6,19200.19,4,4,2,442,10,Loyal Customers,3,0.11431982494122464,-0.6297733940258236
CUST01320,241,3,21283.74,1,2,2,122,5,About To Sleep,4,-1.3136703024416407,0.6065561147323483
CUST01321,109,3,20596.82,2,2,2,222,6,About To Sleep,1,-0.9522107439106259,-0.3648941847150161
CUST01322,1,11,67197.09,5,5,5,555,15,Champions,0,3.567132866368486,0.4970262104613649
CUST01323,25,3,18734.010000000002,4,2,2,422,8,Recent Customers,1,-0.7768638494590157,-1.0096873563349158
CUST01324,28,4,11727.59,4,2,1,421,7,Recent Customers,1,-0.75248968131675,-1.021502038150874
CUST01325,61,7,46652.15,3,5,5,355,13,Loyal Customers,0,1.3954916219364044,0.16104136409177866
CUST01326,14,2,11344.73,5,1,1,511,7,Recent Customers,1,-1.3297900845392951,-1.3245385297830294
CUST01327,103,4,38017.200000000004,2,2,4,224,8,About To Sleep,3,0.03533852156000204,0.013637014114115125
CUST01328,220,4,18051.35,1,2,2,122,5,About To Sleep,4,-1.074057841733137,0.4908525990326328
CUST01329,114,6,33635.19,2,4,4,244,10,At Risk,3,0.4387264210692262,0.20599273800729884
CUST01330,581,3,15280.0,1,2,2,122,5,About To Sleep,2,-2.5427893606467995,2.9637617008927615
CUST01331,219,4,18442.37,1,2,2,122,5,About To Sleep,4,-1.056124870759264,0.4908850968322069
CUST01332,65,6,11197.39,3,4,1,341,8,Loyal Customers,1,-0.27777542759840623,-0.5684647281966012
CUST01333,225,5,31720.370000000003,1,3,3,133,7,About To Sleep,4,-0.26268488520062283,0.879284532363501
CUST01334,148,3,12831.73,2,2,1,221,5,About To Sleep,1,-1.364569084963368,-0.2265269209290304
CUST01335,190,6,41176.659999999996,1,4,4,144,9,At Risk,3,0.5046514477764249,0.8986281227054745
CUST01336,16,5,20958.23,5,3,2,532,10,Loyal Customers,3,-0.06137827349315782,-0.8393332808520464
CUST01337,83,4,33018.840000000004,3,2,4,324,9,Potential Loyalists,3,-0.09758380531241259,-0.22486033253041057
CUST01338,159,2,16465.8,2,1,2,212,5,Needs Attention,1,-1.5593987335038482,-0.17595351760459949
CUST01339,130,7,33137.01,2,5,4,254,11,At Risk,3,0.6744899864543602,0.41000707546409326
CUST01340,23,4,25227.91,4,2,3,423,9,Recent Customers,1,-0.22008158064252778,-0.8059514600289946
CUST01341,737,3,37817.11,1,2,4,124,7,About To Sleep,2,-2.1368337556801795,4.517147314160447
CUST01342,34,7,43041.65,4,5,4,454,13,Champions,3,1.3363570669149603,-0.10240071995697608
CUST01343,182,2,12422.99,2,1,1,211,4,Needs Attention,1,-1.7820064740697836,-0.08434144128444196
CUST01344,53,3,27402.27,3,2,3,323,8,Potential Loyalists,1,-0.526709075877023,-0.6446251110409429
CUST01345,2,6,42487.88,5,4,4,544,13,Champions,3,1.10725897358955,-0.44223847196739063
CUST01346,95,6,61304.51,2,4,5,245,11,At Risk,0,1.5556266220431472,0.5842073316877107
CUST01347,2,9,97603.36,5,5,5,555,15,Champions,0,4.1264846780125515,0.8773287736021605
CUST01348,5,8,65483.38,5,5,5,555,15,Champions,0,2.584039730821177,0.20277408418746273
CUST01349,32,4,20050.63,4,2,2,422,8,Recent Customers,1,-0.4450641649667612,-0.8371775205793268
CUST01350,4,5,25328.719999999998,5,3,3,533,11,Loyal Customers,3,0.14147870995332562,-0.8449458882106301
CUST01351,384,6,30088.16,1,4,3,143,8,At Risk,4,-0.4905286292204009,2.1006637104466086
CUST01352,7,10,44440.06,5,5,5,555,15,Champions,0,2.3749304420386514,0.018934254381731793
CUST01353,452,4,36892.62,1,2,4,124,7,About To Sleep,2,-1.033112532514445,2.5272298892307674
CUST01354,13,6,27946.79,5,4,3,543,12,Loyal Customers,3,0.5173114171950824,-0.6336313747340636
CUST01355,8,3,11575.27,5,2,1,521,8,Recent Customers,1,-1.001447447999617,-1.266701678047107
CUST01356,290,2,6321.75,1,1,1,111,3,Lost Customers,4,-2.3332731426693836,0.5861713824113866
CUST01357,20,4,26652.31,4,2,3,423,9,Recent Customers,1,-0.15664412576150127,-0.8011649574714667
CUST01358,8,7,52475.4,5,5,5,555,15,Champions,0,1.7745135945162511,-0.11522636378895498
CUST01359,48,8,18118.53,3,5,2,352,10,Loyal Customers,3,0.6413336960750435,-0.3685838205997513
CUST01360,12,7,35903.41,5,5,4,554,14,Champions,3,1.1272490844648975,-0.3953445281571956
CUST01361,78,6,38357.659999999996,3,4,4,344,11,Loyal Customers,3,0.7255908046167964,0.03264939419516565
CUST01362,4,8,31392.7,5,5,3,553,13,Loyal Customers,3,1.2796471177984385,-0.44048540142664766
CUST01363,118,3,26351.86,2,2,3,223,7,About To Sleep,1,-0.7579539511612858,-0.19216644321634566
CUST01364,35,7,66655.95999999999,4,5,5,455,14,Champions,0,2.238995355805925,0.3454111851644199
CUST01365,7,5,29303.64,5,3,3,533,11,Loyal Customers,3,0.2850977218991838,-0.7490024594745973
CUST01366,103,3,18240.22,2,2,2,222,6,About To Sleep,1,-1.024955736732725,-0.4524333315664116
CUST01367,49,4,18753.66,3,2,2,322,7,Needs Attention,1,-0.5447453696074412,-0.7379132650492244
CUST01368,29,2,5638.29,4,1,1,411,6,Recent Customers,1,-1.5926925874951587,-1.3220622982210268
CUST01369,1,6,54205.1,5,4,5,545,14,Champions,0,1.5595360757826615,-0.2309039309814286
CUST01370,127,2,10719.61,2,1,1,211,4,Needs Attention,1,-1.6857445817506418,-0.5155510555883691
CUST01371,162,5,37536.409999999996,2,3,4,234,9,About To Sleep,3,0.1454395326268119,0.5302584238058032
CUST01372,573,1,24945.41,1,1,3,113,5,Lost Customers,2,-2.7523798469089575,2.891760461294273
CUST01373,134,6,34234.950000000004,2,4,4,244,10,At Risk,3,0.4029685113591205,0.3624296259666834
CUST01374,31,8,47262.72,4,5,5,455,14,Champions,0,1.80891733734681,0.05167078130342891
CUST01375,232,3,14834.12,1,2,1,121,4,About To Sleep,4,-1.5345632791416666,0.42087026079028095
CUST01376,72,5,27310.09,3,3,3,333,9,Loyal Customers,3,0.01768472986631046,-0.31413904946028165
CUST01377,172,4,29944.87,2,2,3,223,7,About To Sleep,4,-0.47693886564447496,0.36414400797087315
CUST01378,77,5,23714.97,3,3,3,333,9,Loyal Customers,3,-0.1348726275265991,-0.34489781760442695
CUST01379,69,3,31834.63,3,2,3,323,8,Potential Loyalists,1,-0.4037404919766871,-0.4457366314339336
CUST01380,122,3,29064.84,2,2,3,223,7,About To Sleep,1,-0.6656664896565058,-0.11250343086263219
CUST01381,34,6,51215.0,4,4,5,445,13,Champions,3,1.3479193713830022,-0.04702858389306997
CUST01382,130,7,19217.89,2,5,2,252,9,At Risk,3,0.14071095343919784,0.15033141236821673
CUST01383,43,5,12348.43,3,3,1,331,7,Loyal Customers,1,-0.4708753501521062,-0.8038736055856385
CUST01384,49,6,49870.85,3,4,5,345,12,Loyal Customers,3,1.2523046666451088,0.036830705532253746
CUST01385,160,2,12782.58,2,1,1,211,4,Needs Attention,1,-1.7035830287347513,-0.23740543114627824
CUST01386,277,4,7168.360000000001,1,2,1,121,4,About To Sleep,4,-1.6588654325357732,0.7017751620217813
CUST01387,1,6,53261.85,5,4,5,545,14,Champions,0,1.5233637406859346,-0.24850124095613862
CUST01388,290,3,17479.57,1,2,2,122,5,About To Sleep,4,-1.6035117693724728,0.89144233212942
CUST01389,2,7,43325.12,5,5,4,554,14,Champions,3,1.441240354145855,-0.32950867823005403
CUST01390,73,1,3909.74,3,1,1,311,5,Needs Attention,1,-2.090121806551054,-1.131875376444547
CUST01391,60,6,19567.8,3,4,2,342,9,Loyal Customers,3,0.057907707757978974,-0.4486179575619889
CUST01392,13,11,91989.05,5,5,5,555,15,Champions,0,4.482615574034157,1.0466946590836452
CUST01393,723,1,731.96,1,1,1,111,3,Lost Customers,2,-4.121616303294185,3.5293914226749132
CUST01394,156,5,27990.42,2,3,3,233,8,About To Sleep,3,-0.20300863986245585,0.308593727673644
CUST01395,20,2,17103.55,4,1,2,412,7,Recent Customers,1,-1.1265746523715443,-1.1735274296401865
CUST01396,296,7,47555.380000000005,1,5,5,155,11,At Risk,0,0.7397241836722026,1.8845530190626043
CUST01397,4,1,10032.05,5,1,1,511,7,Recent Customers,1,-1.6526249938340607,-1.5187620219280042
CUST01398,352,4,11856.83,1,2,1,121,4,About To Sleep,4,-1.6994111226368203,1.3339224767971258
CUST01399,40,8,59054.6,4,5,5,455,14,Champions,0,2.2346786086599706,0.33702205288185366
CUST01400,140,2,6453.96,2,1,1,211,4,Needs Attention,1,-1.8875189898353892,-0.5007201619063171
CUST01401,6,6,53427.659999999996,5,4,5,545,14,Champions,0,1.5150328558457233,-0.20909594760737532
CUST01402,29,5,48176.659999999996,4,3,5,435,12,Loyal Customers,3,0.9442183144169566,-0.23713412315879095
CUST01403,338,2,17766.829999999998,1,1,2,112,4,Lost Customers,4,-2.035389033798101,1.148285834671945
CUST01404,189,4,15087.22,1,2,2,122,5,About To Sleep,4,-1.0966534242204649,0.21041967147569018
CUST01405,258,5,47011.91,1,3,5,135,9,About To Sleep,4,0.22677406181527504,1.404222891300317
CUST01406,88,6,41840.68,3,4,4,344,11,Loyal Customers,3,0.8297808736046218,0.17025262616626893
CUST01407,33,3,14155.33,4,2,1,421,7,Recent Customers,1,-0.9759530564278459,-1.0370082982486208
CUST01408,185,4,32178.14,1,2,4,124,7,About To Sleep,4,-0.4294886651876698,0.5002190148157583
CUST01409,9,7,35426.43,5,5,4,554,14,Champions,3,1.117771241698201,-0.426030247428148
CUST01410,16,5,21595.79,5,3,2,532,10,Loyal Customers,3,-0.036928727811451845,-0.8274389358242424
CUST01411,3,3,17102.85,5,2,2,522,9,Recent Customers,1,-0.774782917873052,-1.1998908583432182
CUST01412,129,3,9218.35,2,2,1,221,5,About To Sleep,1,-1.4473172350420578,-0.43192363787237753
CUST01413,25,7,41114.3,4,5,4,454,13,Champions,3,1.2888869005386816,-0.20371892271501804
CUST01414,99,5,18102.97,2,3,2,232,7,About To Sleep,1,-0.4147187440361861,-0.2898230001616381
CUST01415,429,3,10167.470000000001,1,2,1,121,4,About To Sleep,2,-2.292287957319341,1.764499301859462
CUST01416,53,3,21820.17,3,2,2,322,7,Needs Attention,1,-0.7407749033283229,-0.7487649933731227
CUST01417,123,5,50954.41,2,3,5,235,10,About To Sleep,3,0.7745791668591332,0.497352076562768
CUST01418,24,5,21891.46,4,3,2,432,9,Loyal Customers,3,-0.04909334259503932,-0.7638238078993811
CUST01419,88,6,16699.47,3,4,2,342,9,Loyal Customers,3,-0.13434981588085756,-0.29878279976458594
CUST01420,240,4,35941.98,1,2,4,124,7,About To Sleep,4,-0.44673476151062647,0.9698686538326365
CUST01421,41,2,15218.380000000001,4,1,2,412,7,Recent Customers,1,-1.2605640903652364,-1.056187108740005
CUST01422,5,5,16001.67,5,3,2,532,10,Loyal Customers,1,-0.21913867299447087,-1.0116893214497036
CUST01423,33,5,40682.59,4,3,4,434,11,Loyal Customers,3,0.6450795019232791,-0.34789424653512124
CUST01424,191,5,52335.54,1,3,5,135,9,About To Sleep,3,0.6277668115603933,1.0169608137077943
CUST01425,35,7,60525.68,4,5,5,455,14,Champions,0,2.0039075822604575,0.23104443468282426
CUST01426,273,3,16683.92,1,2,2,122,5,About To Sleep,4,-1.5840796523226883,0.7531380736316234
CUST01427,146,9,52852.72,2,5,5,255,12,At Risk,0,1.9873027053637196,1.0882427691511631
CUST01428,69,7,55174.01,3,5,5,355,13,Loyal Customers,0,1.698790035246475,0.3781246238383836
CUST01429,541,4,18887.6,1,2,2,122,5,About To Sleep,2,-1.9850527441276973,2.837679959816447
CUST01430,62,2,18050.37,3,1,2,312,6,Needs Attention,1,-1.2136569556317878,-0.8508432609696374
CUST01431,107,4,38392.65,2,2,4,224,8,About To Sleep,3,0.03798493513618218,0.049690972680196566
CUST01432,43,6,21680.559999999998,3,4,2,342,9,Loyal Customers,3,0.18887333248724497,-0.5326628020088487
CUST01433,115,5,28777.300000000003,2,3,3,233,8,About To Sleep,3,-0.05237922930763319,0.025515923063543094
CUST01434,7,3,6705.82,5,2,1,521,8,Recent Customers,1,-1.1852462380713613,-1.3648087203510715
CUST01435,170,6,52977.43,2,4,5,245,11,At Risk,0,1.0159525608122806,0.9735360216643945
CUST01436,9,7,30642.28,5,5,3,553,13,Loyal Customers,3,0.9343056949682721,-0.5152835424353135
CUST01437,235,1,2794.35,1,1,1,111,3,Lost Customers,4,-2.608834281398726,0.02382256696291957
CUST01438,8,8,54250.5,5,5,5,555,15,Champions,0,2.144460611111587,0.015000183866093135
CUST01439,152,6,25205.95,2,4,3,243,9,At Risk,3,0.0038367384284557888,0.3247072055923128
CUST01440,204,4,47014.03,1,2,5,125,8,About To Sleep,4,0.083627247781417,0.9149833301309929
CUST01441,125,6,60991.89,2,4,5,245,11,At Risk,0,1.4555012603199093,0.7962466922618874
CUST01442,281,6,22051.35,1,4,2,142,7,At Risk,4,-0.4961261262419998,1.2027027920742528
CUST01443,48,2,11149.65,3,1,1,311,5,Needs Attention,1,-1.4371595250741576,-1.0812567899860814
CUST01444,51,5,31268.75,3,3,3,333,9,Loyal Customers,3,0.23118964636486564,-0.39279625744293173
CUST01445,203,2,6128.7,1,1,1,111,3,Lost Customers,4,-2.085079576120385,-0.04925784061293078
CUST01446,18,5,37669.32,4,3,4,434,11,Loyal Customers,3,0.5735931662188941,-0.5130457389077026
CUST01447,211,9,41234.75,1,5,4,154,10,At Risk,0,1.3508064953593228,1.3435526121717885
CUST01448,70,3,4257.63,3,2,1,321,6,Needs Attention,1,-1.4642182585963723,-0.9529518666056429
CUST01449,19,8,89505.82,4,5,5,455,14,Champions,0,3.4641366212519693,0.7526111108346432
CUST01450,43,4,10108.87,3,2,1,321,6,Needs Attention,1,-0.8586337664389617,-0.9427651376995828
CUST01451,40,3,9761.8,4,2,1,421,7,Recent Customers,1,-1.1650041226654357,-1.068137461370961
CUST01452,66,9,47469.57,3,5,5,355,13,Loyal Customers,0,2.015897846048306,0.4068235410150489
CUST01453,26,6,45438.68,4,4,5,445,13,Champions,3,1.149908626137037,-0.2128909388657918
CUST01454,15,4,13643.4,5,2,1,521,8,Recent Customers,1,-0.6408283926634283,-1.0801716414761515
CUST01455,21,5,23809.0,4,3,3,433,10,Loyal Customers,3,0.033255350377267054,-0.7498372656483162
CUST01456,28,3,28556.11,4,2,3,423,9,Recent Customers,1,-0.40901355807411277,-0.8046587021147327
CUST01457,14,5,28676.34,5,3,3,533,11,Loyal Customers,3,0.24047637589625642,-0.7098686840906541
CUST01458,72,3,27122.36,3,2,3,323,8,Potential Loyalists,1,-0.5932632215934411,-0.511861769079243
CUST01459,77,4,9719.630000000001,3,2,1,321,6,Needs Attention,1,-0.9734489748851735,-0.7031056546794063
CUST01460,179,5,46384.25,2,3,5,235,10,About To Sleep,3,0.43479778392318463,0.8187846631202023
CUST01461,28,8,35547.48,4,5,4,454,13,Champions,3,1.3684677409367096,-0.18867636897349677
CUST01462,7,7,39101.98,5,5,4,554,14,Champions,3,1.264599296898775,-0.37198381277792836
CUST01463,156,4,51017.39,2,2,5,225,9,About To Sleep,3,0.37816948229913844,0.6410755964558668
CUST01464,228,6,31457.96,1,4,3,143,8,At Risk,4,0.0203127545723625,0.9932863726175603
CUST01465,32,3,23245.32,4,2,2,422,8,Recent Customers,1,-0.6244265971567311,-0.8746874659134485
CUST01466,183,4,20956.08,1,2,2,122,5,About To Sleep,4,-0.8539633834409502,0.27633503753664895
CUST01467,11,7,37327.119999999995,5,5,4,554,14,Champions,3,1.1847842910401893,-0.37604612414210803
CUST01468,104,4,18777.07,2,2,2,222,6,About To Sleep,1,-0.7054317917887067,-0.3380452386999367
CUST01469,393,4,20416.05,1,2,2,122,5,About To Sleep,4,-1.4916305029265826,1.7913614992759122
CUST01470,171,5,26407.43,2,3,3,233,8,About To Sleep,4,-0.3077825288192755,0.38799720844340485
CUST01471,82,2,9150.32,3,1,1,311,5,Needs Attention,1,-1.6137194618701056,-0.8716352108272153
CUST01472,4,6,40470.68,5,4,4,544,13,Champions,3,1.0240263511031633,-0.4653466622533798
CUST01473,375,8,55350.55,1,5,5,155,11,At Risk,0,1.1084389560275754,2.7008188129531354
CUST01474,191,5,48644.63,1,3,5,135,9,About To Sleep,3,0.4862255093267755,0.9481030481538512
CUST01475,222,6,30633.98,1,4,3,143,8,At Risk,4,0.006341622567591881,0.9343398461885767
CUST01476,52,5,71184.79,3,3,5,335,11,Loyal Customers,0,1.7589767719548648,0.3591413788568682
CUST01477,97,5,22958.89,2,3,2,232,7,About To Sleep,3,-0.22262512914504962,-0.21375553527039182
CUST01478,23,6,21077.8,4,4,2,442,10,Loyal Customers,3,0.2245161963396354,-0.6891556580890114
CUST01479,35,2,6194.450000000001,4,1,1,411,6,Recent Customers,1,-1.5889919826948464,-1.2681122324943248
CUST01480,164,4,18786.74,2,2,2,222,6,About To Sleep,4,-0.8813345933944584,0.09787838896953328
CUST01481,39,4,16135.490000000002,4,2,2,422,8,Recent Customers,1,-0.615769635246839,-0.8593818206019571
CUST01482,130,6,26333.11,2,4,3,243,9,At Risk,3,0.11169543343239302,0.1859630325524093
CUST01483,235,4,36776.37,1,2,4,124,7,About To Sleep,4,-0.40004758770805515,0.9491231319513579
CUST01484,46,3,12430.36,3,2,1,321,6,Needs Attention,1,-1.08029589458569,-0.974778376200233
CUST01485,18,5,22989.46,4,3,2,432,9,Loyal Customers,3,0.010640804604226018,-0.78691379807054
CUST01486,31,3,11413.93,4,2,1,421,7,Recent Customers,1,-1.075206173449844,-1.1026767411411686
CUST01487,73,2,5261.599999999999,3,1,1,311,5,Needs Attention,1,-1.7364054595622254,-1.0095448112689012
CUST01488,10,6,26987.24,5,4,3,543,12,Loyal Customers,3,0.48932768124245735,-0.6733199393530104
CUST01489,66,5,44363.16,3,3,5,335,11,Loyal Customers,3,0.6892737814193873,-0.03957061136937175
CUST01490,5,8,47326.8,5,5,5,555,15,Champions,0,1.8877599577275885,-0.13595580326614984
CUST01491,229,5,38308.89,1,3,4,134,8,About To Sleep,4,-0.021775815892218706,1.0312497749842566
CUST01492,29,3,16711.36,4,2,2,422,8,Recent Customers,1,-0.866181259678712,-1.01837244791498
CUST01493,26,7,39341.67,4,5,4,454,13,Champions,3,1.2179710937386874,-0.22952679229742728
CUST01494,18,11,67896.86,4,5,5,455,14,Champions,0,3.5440238837061133,0.6335417278190872
CUST01495,27,5,41297.6,4,3,4,434,11,Loyal Customers,3,0.6862916495165355,-0.3799949175911835
CUST01496,40,6,59333.049999999996,4,4,5,445,13,Champions,0,1.6416080165168285,0.14799640611103462
CUST01497,132,6,31142.96,2,4,3,243,9,At Risk,3,0.290270751918292,0.2902205619195809
CUST01498,234,5,21159.36,1,3,2,132,6,About To Sleep,4,-0.6941260813778126,0.7476193881872525
CUST01499,303,5,17819.690000000002,1,3,2,132,6,About To Sleep,4,-1.0249124922569512,1.1864190775382182
CUST01500,201,5,34453.54,1,3,4,134,8,About To Sleep,4,-0.08736213645498282,0.7559773724153105
CUST01501,22,7,46898.11,4,5,5,455,14,Champions,0,1.5195017096142711,-0.11760309169011615
CUST01502,2,3,7161.64,5,2,1,521,8,Recent Customers,1,-1.1530767010539136,-1.3926168593933634
CUST01503,39,6,18806.04,4,4,2,442,10,Loyal Customers,3,0.0903910350306757,-0.6153395111060709
CUST01504,37,4,13846.76,4,2,1,421,7,Recent Customers,1,-0.6976634827981399,-0.9166052337502677
CUST01505,38,7,34515.67,4,5,4,454,13,Champions,3,0.9976459307428692,-0.2324121978374177
CUST01506,223,4,26484.49,1,2,3,123,6,About To Sleep,4,-0.7594722485257582,0.6699687595740742
CUST01507,105,4,24224.96,2,2,3,223,7,About To Sleep,1,-0.4994506264046375,-0.22914679646830588
CUST01508,55,6,48681.39,3,4,5,345,12,Loyal Customers,3,1.189063154730289,0.05821441426128489
CUST01509,111,5,8889.029999999999,2,3,1,231,6,About To Sleep,1,-0.8033153473334425,-0.3745699909976043
CUST01510,45,6,26582.22,3,4,3,343,10,Loyal Customers,3,0.370969437705432,-0.4266924615854586
CUST01511,108,8,38184.229999999996,2,5,4,254,11,At Risk,0,1.2345519523754729,0.44150591019411084
CUST01512,47,8,53258.840000000004,3,5,5,355,13,Loyal Customers,0,1.991853958067562,0.27973283042652897
CUST01513,258,6,24599.760000000002,1,4,3,143,8,At Risk,4,-0.330826562266097,1.083211129190399
CUST01514,169,3,14793.47,2,2,1,221,5,About To Sleep,1,-1.3510348361222346,-0.03741849219443425
CUST01515,23,4,23967.44,4,2,3,423,9,Recent Customers,1,-0.2684188647340955,-0.829466839094802
CUST01516,11,3,8051.15,5,2,1,521,8,Recent Customers,1,-1.1454062656681325,-1.3106606414581712
CUST01517,161,7,28465.37,2,5,3,253,10,At Risk,3,0.4042643326188323,0.5479867704892665
CUST01518,35,10,32701.93,4,5,4,454,13,Champions,0,1.842528335478058,0.0032940662860175465
CUST01519,19,4,24922.94,4,2,3,423,9,Recent Customers,1,-0.22002518353477774,-0.8406905408775913
CUST01520,2,9,72254.25,5,5,5,555,15,Champions,0,3.1543813105873855,0.4044147569013696
CUST01521,131,1,690.57,2,1,1,211,4,Needs Attention,1,-2.383970376140424,-0.7707138919316828
CUST01522,21,10,56668.63,4,5,5,455,14,Champions,0,2.8027487024909292,0.34874436749439514
CUST01523,13,6,16941.64,5,4,2,542,11,Loyal Customers,3,0.0952791101823681,-0.8389438961951606
CUST01524,16,7,29063.43,5,5,3,553,13,Loyal Customers,3,0.8531937203289383,-0.49390192216023354
CUST01525,57,11,44512.22,3,5,5,355,13,Loyal Customers,0,2.5326773670264653,0.4805100379708492
CUST01526,868,1,6717.7,1,1,1,111,3,Lost Customers,2,-4.318066051661773,4.694107753184467
CUST01527,182,10,54343.39,2,5,5,255,12,At Risk,0,2.240578044536773,1.4746089135313176
CUST01528,317,4,32318.3,1,3,4,134,8,About To Sleep,4,-0.8119157147735339,1.4614689376908752
CUST01529,17,5,37457.73,4,3,4,434,11,Loyal Customers,3,0.5684168757534472,-0.5242555575288651
CUST01530,14,3,15412.369999999999,5,2,2,522,9,Recent Customers,1,-0.8719273243949002,-1.1515422635916213
CUST01531,23,6,38899.22,4,4,4,444,12,Champions,3,0.9079430462092444,-0.3566785290887503
CUST01532,294,1,9395.380000000001,1,1,1,111,3,Lost Customers,4,-2.5290296342212866,0.5754524850941353
CUST01533,6,4,16106.15,5,3,2,532,10,Loyal Customers,1,-0.5199442857207137,-1.0995879618912576
CUST01534,112,5,40442.38,2,3,4,234,9,About To Sleep,3,0.40377416363684177,0.22135296398503948
CUST01535,56,6,18127.989999999998,3,4,2,342,9,Loyal Customers,3,0.014444557809095706,-0.5045286591386003
CUST01536,19,6,44414.81,4,4,5,445,13,Champions,3,1.13120988251191,-0.2828290082449027
CUST01537,729,1,1271.6,1,1,1,111,3,Lost Customers,2,-4.118549217683693,3.5830332906165308
CUST01538,36,5,36143.770000000004,4,3,4,434,11,Loyal Customers,3,0.4622083403134454,-0.41078349399743186
CUST01539,116,3,24364.92,2,2,3,223,7,About To Sleep,1,-0.828274568912596,-0.24375964997476185
CUST01540,133,5,24394.53,2,3,3,233,8,About To Sleep,3,-0.27333449707374463,0.07447375662375705
CUST01541,19,5,29089.190000000002,4,3,3,433,10,Loyal Customers,3,0.24161913395272733,-0.6658546025562003
CUST01542,102,6,22156.84,2,4,2,242,8,At Risk,3,0.03380227398360539,-0.09529646645659412
CUST01543,200,3,24986.760000000002,1,2,3,123,6,About To Sleep,4,-1.0512109493806228,0.37788193536438974
CUST01544,382,3,22723.57,1,2,2,122,5,About To Sleep,4,-1.6726978469748555,1.6574142170154664
CUST01545,30,6,29890.649999999998,4,4,3,443,11,Loyal Customers,3,0.5419115682411503,-0.47390606424998355
CUST01546,114,3,18982.07,2,2,2,222,6,About To Sleep,1,-1.0288236462221627,-0.3587070904105885
CUST01547,21,6,43611.87,4,4,4,444,12,Champions,3,1.0945424544220792,-0.2832839150854729
CUST01548,115,3,34517.05,2,2,4,224,8,About To Sleep,1,-0.4360165072034876,-0.06162349103843545
CUST01549,322,2,11157.33,1,1,1,111,3,Lost Customers,4,-2.241847930587371,0.9087805435745139
CUST01550,106,7,56642.66,2,5,5,255,12,At Risk,0,1.6464086613596136,0.6742321386841658
CUST01551,396,3,14041.9,1,2,1,121,4,About To Sleep,2,-2.0467584184684884,1.5971220508537274
CUST01552,30,8,58609.37,4,5,5,455,14,Champions,0,2.2469835917087058,0.25609195345045294
CUST01553,124,5,19220.05,2,3,2,232,7,About To Sleep,1,-0.44532761543797383,-0.08742303414189705
CUST01554,33,6,15329.84,4,4,2,442,10,Loyal Customers,3,-0.025289071890862217,-0.7237659606319273
CUST01555,179,4,24066.79,2,3,3,233,8,About To Sleep,4,-0.7229203745725983,0.3053190202813918
CUST01556,106,7,35706.46,2,5,4,254,11,At Risk,3,0.843534299258271,0.2836455486046283
CUST01557,28,7,25651.64,4,5,3,453,12,Loyal Customers,3,0.6871015581464166,-0.47040376900493147
CUST01558,11,6,29101.21,5,4,3,543,12,Loyal Customers,3,0.5674576179748654,-0.6266192428631079
CUST01559,23,6,36235.840000000004,4,4,4,444,12,Champions,3,0.8058061007017755,-0.4063666535949184
CUST01560,371,3,23832.379999999997,1,2,3,123,6,About To Sleep,4,-1.5978596818054729,1.5982139633261652
CUST01561,153,4,13794.34,2,3,1,231,6,About To Sleep,1,-1.0404694074092797,-0.07514628411102196
CUST01562,10,8,58391.58,5,5,5,555,15,Champions,0,2.2973895235093464,0.10678111318896395
CUST01563,48,5,32419.97,3,3,4,334,10,Loyal Customers,3,0.2841510254423153,-0.3931062119634755
CUST01564,13,5,22092.75,5,3,2,532,10,Loyal Customers,3,-0.00905731635699134,-0.8399547912449228
CUST01565,298,4,7118.65,1,3,1,131,5,About To Sleep,4,-1.7224675138619456,0.8533578985765412
CUST01566,44,3,23558.46,3,2,3,323,8,Potential Loyalists,1,-0.647672837079141,-0.7816968687145774
CUST01567,164,6,18947.2,2,4,2,242,8,At Risk,4,-0.27143240878134106,0.29509235837061987
CUST01568,33,6,60670.29,4,4,5,445,13,Champions,0,1.7134545812619455,0.1221072999488732
CUST01569,40,7,45020.65,4,5,5,455,14,Champions,3,1.3946216211125972,-0.021906093907542442
CUST01570,102,7,38511.79,2,5,4,254,11,At Risk,3,0.962866406783566,0.3069323497749456
CUST01571,178,5,35784.66,2,3,4,234,9,About To Sleep,3,0.03125603680807133,0.6137758982840515
CUST01572,56,3,13973.68,3,2,1,321,6,Needs Attention,1,-1.050490642334807,-0.8733622655203517
CUST01573,47,5,34515.78,3,3,4,334,10,Loyal Customers,3,0.3674603390078116,-0.361269083290023
CUST01574,177,5,25928.45,2,3,3,233,8,About To Sleep,4,-0.3437781137375169,0.42263566065595776
CUST01575,129,2,17252.78,2,1,2,212,5,Needs Attention,1,-1.4410823207586296,-0.3791431989213117
CUST01576,161,4,42630.1,2,3,4,234,9,About To Sleep,3,0.041839022250007,0.5209139118616752
CUST01577,187,9,30214.18,1,5,3,153,9,At Risk,0,0.998692305739466,0.9636551250658264
CUST01578,23,2,24056.7,4,1,3,413,8,Recent Customers,1,-0.8687446321509714,-1.022022022122303
CUST01579,5,8,61113.53,5,5,5,555,15,Champions,0,2.416462017041764,0.12124998665978029
CUST01580,40,7,51009.6,4,5,5,455,14,Champions,0,1.6242895843010858,0.08982399840418771
CUST01581,21,3,23687.25,4,2,3,423,9,Recent Customers,1,-0.5751623591851275,-0.9463290597309602
CUST01582,27,11,64018.590000000004,4,5,5,455,14,Champions,0,3.3688565392589,0.6265500501261612
CUST01583,134,9,49602.46,2,5,5,255,12,At Risk,0,1.8979144487483102,0.9404571429855068
CUST01584,2,7,39111.8,5,5,4,554,14,Champions,3,1.2796653497358461,-0.4081125457759275
CUST01585,43,6,40819.11,3,4,4,344,11,Loyal Customers,3,0.9228102992144758,-0.17561324270168086
CUST01586,19,2,3370.7799999999997,4,1,1,411,6,Recent Customers,1,-1.6502695263123799,-1.436988926696387
CUST01587,11,7,49644.0,5,5,5,555,15,Champions,0,1.6571196323666377,-0.14626191499150504
CUST01588,251,5,23599.57,1,3,3,133,7,About To Sleep,4,-0.650491593172709,0.9166046242541023
CUST01589,42,4,8298.880000000001,3,3,1,331,7,Loyal Customers,1,-0.9251064898952469,-0.9837947710714229
CUST01590,49,3,11645.8,3,2,1,321,6,Needs Attention,1,-1.1191963689331468,-0.9676279979581657
CUST01591,43,2,8515.279999999999,3,1,1,311,5,Needs Attention,1,-1.5234945077413684,-1.1667156380776704
CUST01592,172,4,22656.26,2,3,2,232,7,About To Sleep,4,-0.7564469953124886,0.22816740637556854
CUST01593,296,4,15357.890000000001,1,3,2,132,6,About To Sleep,4,-1.4006282485287653,0.9925447175983317
CUST01594,5,3,16094.41,5,2,2,522,9,Recent Customers,1,-0.8193309872163969,-1.2041795814571017
CUST01595,45,4,8067.74,3,3,1,331,7,Loyal Customers,1,-0.9427840713837261,-0.9663197670289803
CUST01596,40,7,60130.79,4,5,5,455,14,Champions,0,1.9740746266132125,0.2599892862581237
CUST01597,5,4,17886.84,5,3,2,532,10,Loyal Customers,1,-0.4487193890496573,-1.0736297246243576
CUST01598,35,4,16613.27,4,3,2,432,9,Loyal Customers,1,-0.5856958564301434,-0.8795178859374828
CUST01599,11,3,14358.240000000002,5,2,1,521,8,Recent Customers,1,-0.9035380727551037,-1.1929953164983051
CUST01600,105,7,33445.0,2,5,4,254,11,At Risk,3,0.7597483246743746,0.23419327273686208
CUST01601,27,5,53283.5,4,3,5,435,12,Loyal Customers,3,1.145934364847421,-0.1563854846456477
CUST01602,479,3,22708.629999999997,1,2,2,122,5,About To Sleep,2,-1.9582464816315697,2.3615870408529176
CUST01603,107,3,14474.61,2,2,1,221,5,About To Sleep,1,-1.181113256340379,-0.493635155077057
CUST01604,178,5,21362.88,2,3,2,232,7,About To Sleep,4,-0.5217993131535216,0.34472258999136846
CUST01605,313,3,25380.66,1,2,3,123,6,About To Sleep,4,-1.3680874366155404,1.2058802877042172
CUST01606,24,4,32562.239999999998,4,3,4,434,11,Loyal Customers,3,0.05824195401784073,-0.6618595172103596
CUST01607,343,2,6356.28,1,1,1,111,3,Lost Customers,4,-2.487657340446257,0.9717220898030206
CUST01608,79,5,30969.68,3,3,3,333,9,Loyal Customers,3,0.13745969619076928,-0.19502888164857834
CUST01609,23,8,36347.48,4,5,4,454,13,Champions,3,1.4138361057236686,-0.2100634720792973
CUST01610,291,4,10675.43,1,3,1,131,5,About To Sleep,4,-1.5655046547721811,0.8688766200118014
CUST01611,14,9,36736.96,5,5,4,554,14,Champions,0,1.7570875534428054,-0.17104859049254867
CUST01612,75,4,20188.53,3,3,2,332,8,Loyal Customers,1,-0.5661053271806519,-0.5223222089327689
CUST01613,68,4,18443.65,3,3,2,332,8,Loyal Customers,1,-0.6124538087629386,-0.6057114698993336
CUST01614,173,6,39463.130000000005,2,4,4,244,10,At Risk,3,0.4888841341995638,0.7431998579743497
CUST01615,32,5,36464.66,4,3,4,434,11,Loyal Customers,3,0.4862656042578108,-0.4338465054892599
CUST01616,607,2,3228.31,1,1,1,111,3,Lost Customers,2,-3.3832146550824143,2.830636740097432
CUST01617,24,7,47655.9,4,5,5,455,14,Champions,0,1.542686122028564,-0.08894095681658185
CUST01618,3,5,12390.78,5,3,1,531,9,Loyal Customers,1,-0.3517355309581632,-1.0935790047874256
CUST01619,55,3,18189.93,3,2,2,322,7,Needs Attention,1,-0.8858653825911995,-0.8019661228391874
CUST01620,29,5,23432.22,4,3,3,433,10,Loyal Customers,3,-0.0046967934132579785,-0.6987673919959105
CUST01621,84,4,18132.98,3,3,2,332,8,Loyal Customers,1,-0.6713738763694442,-0.4953091489240219
CUST01622,8,6,41433.64,5,4,4,544,13,Champions,3,1.049202961968162,-0.41833209347447897
CUST01623,281,8,48255.95,1,5,5,155,11,At Risk,0,1.112532866625627,1.885797285837644
CUST01624,262,1,827.16,1,1,1,111,3,Lost Customers,4,-2.7635964364177394,0.18320704181703856
CUST01625,54,5,28987.63,3,3,3,333,9,Loyal Customers,3,0.13489816240982094,-0.413565762811521
CUST01626,71,6,45891.79,3,4,5,345,12,Loyal Customers,3,1.0350795444348582,0.12236971735628074
CUST01627,111,2,13493.85,2,1,1,211,4,Needs Attention,1,-1.5323500062467144,-0.5799929154617498
CUST01628,65,5,26345.4,3,3,3,333,9,Loyal Customers,3,0.001255457527718646,-0.3829730543768393
CUST01629,6,12,48007.36,5,5,5,555,15,Champions,0,3.1184181304975325,0.27244398091759514
CUST01630,15,5,28516.61,5,3,3,533,11,Loyal Customers,3,0.23141305706605905,-0.7055862263386239
CUST01631,63,7,60135.35,3,5,5,355,13,Loyal Customers,0,1.9066779370946545,0.4271092602431018
CUST01632,160,8,60793.29,2,5,5,255,12,At Risk,0,1.9488077039362037,1.2409455710408495
CUST01633,558,2,7728.73,1,1,1,111,3,Lost Customers,2,-3.0666729620067685,2.5587397907309906
CUST01634,355,3,7654.57,1,2,1,121,4,About To Sleep,4,-2.1712500555407934,1.1802018956540006
CUST01635,28,8,27215.64,4,5,3,453,12,Loyal Customers,3,1.0489531812205029,-0.3441155114486496
CUST01637,97,5,50368.24,2,3,5,235,10,About To Sleep,3,0.8284855975800692,0.297594401814493
CUST01638,16,8,72735.81,5,5,5,555,15,Champions,0,2.8298435747736135,0.41796196793554385
CUST01639,32,3,22064.53,4,2,2,422,8,Recent Customers,1,-0.6697082632673742,-0.8967163316913842
CUST01640,8,6,29305.550000000003,5,4,3,543,12,Loyal Customers,3,0.5841074564677526,-0.6445942287845033
CUST01641,584,3,35827.13,1,2,4,124,7,About To Sleep,2,-1.7636489774702746,3.3688769465765693
CUST01642,44,6,38545.520000000004,3,4,4,344,11,Loyal Customers,3,0.8326833681207568,-0.21076704221245524
CUST01643,292,5,27774.16,1,3,3,133,7,About To Sleep,4,-0.6108554798342296,1.2922438129301712
CUST01644,57,3,18168.01,3,2,2,322,7,Needs Attention,1,-0.8925817720833673,-0.7878502891163356
CUST01645,32,6,70349.0,4,4,5,445,13,Champions,0,2.0875576396511573,0.2954113163055788
CUST01646,68,5,32293.739999999998,3,3,4,334,10,Loyal Customers,3,0.2205524016512417,-0.2502134226720368
CUST01647,227,2,3345.87,1,1,1,111,3,Lost Customers,4,-2.26230671729741,0.07312286037597623
CUST01648,478,3,11651.99,1,2,1,121,4,About To Sleep,2,-2.379315465169645,2.1480515328161935
CUST01649,71,9,56542.36,3,5,5,355,13,Loyal Customers,0,2.3491373457931397,0.6123978118337752
CUST01650,138,6,32722.2,2,4,4,244,10,At Risk,3,0.3332050620891415,0.3632572493149037
CUST01651,19,4,6355.26,4,3,1,431,8,Loyal Customers,1,-0.9320700739973189,-1.1870899264818568
CUST01652,288,5,21933.45,1,3,2,132,6,About To Sleep,4,-0.8230870681898818,1.154229743775822
CUST01653,71,8,60923.51,3,5,5,355,13,Loyal Customers,0,2.215274016384895,0.5970225120258603
CUST01654,12,11,51824.340000000004,5,5,5,555,15,Champions,0,2.9452922972981175,0.2901178252525321
CUST01655,31,6,20420.89,4,4,2,442,10,Loyal Customers,3,0.17582145384182574,-0.6433119009944807
CUST01656,116,8,50261.99,2,5,5,255,12,At Risk,0,1.6742142208357698,0.724928183499233
CUST01657,32,9,39590.76,4,5,4,454,13,Champions,0,1.8136447531995357,0.012914984327869111
CUST01658,68,2,9863.02,3,1,1,311,5,Needs Attention,1,-1.5452578866296005,-0.9600124698116885
CUST01659,35,6,52507.19,4,4,5,445,13,Champions,0,1.3945351797975858,-0.01565904816756417
CUST01660,88,5,18961.23,3,3,2,332,8,Loyal Customers,1,-0.34948882541701276,-0.35369752473794025
CUST01661,31,4,42805.49,4,3,4,434,11,Loyal Customers,3,0.4304911908781238,-0.4199243233842389
CUST01662,403,5,23933.53,1,3,3,133,7,About To Sleep,4,-1.0842445579347453,2.0267178289848844
CUST01663,386,2,13556.04,1,1,1,111,3,Lost Customers,2,-2.3378859224044666,1.4183237459160571
CUST01664,10,7,41606.11,5,5,4,554,14,Champions,3,1.3518155431548213,-0.3034795014950668
CUST01665,255,4,18196.690000000002,1,3,2,132,6,About To Sleep,4,-1.1713105391860545,0.7477476151173663
CUST01666,7,7,30874.55,5,5,3,553,13,Loyal Customers,3,0.9490887165172609,-0.5254750780895937
CUST01667,77,8,37371.37,3,5,4,354,12,Loyal Customers,3,1.2944546039973799,0.20120716236607844
CUST01668,199,4,21609.15,1,3,2,132,6,About To Sleep,4,-0.8759253527425318,0.40471693075158655
CUST01669,10,3,12888.539999999999,5,2,1,521,8,Recent Customers,1,-0.9569611445707155,-1.227676485930263
CUST01670,29,5,15795.76,4,3,2,432,9,Loyal Customers,1,-0.29754449028338814,-0.8412334971954588
CUST01671,186,4,20443.41,1,3,2,132,6,About To Sleep,4,-0.8824372517036478,0.28855780656485364
CUST01672,148,5,32113.39,2,3,4,234,9,About To Sleep,3,-0.021395282166808072,0.3274129254807229
CUST01673,33,6,38763.85,4,4,4,444,12,Champions,3,0.8733728548306288,-0.28658012663197624
CUST01674,141,4,23632.02,2,3,3,233,8,About To Sleep,1,-0.6279532363481938,0.021237225276362758
CUST01675,40,8,48874.05,4,5,5,455,14,Champions,0,1.8442685730713337,0.14709330221868502
CUST01676,48,4,35562.31,3,3,4,334,10,Loyal Customers,3,0.10278104303520927,-0.4315928010051785
CUST01677,86,6,16775.47,3,4,2,342,9,Loyal Customers,3,-0.125559533060271,-0.3118897148302078
CUST01678,6,6,42743.69,5,4,4,544,13,Champions,3,1.1053173583600346,-0.40841652205794765
CUST01679,64,5,32167.829999999998,3,3,4,334,10,Loyal Customers,3,0.22747550251983983,-0.28161195295177927
CUST01680,65,10,39203.82,3,5,4,354,12,Loyal Customers,0,2.003730023041855,0.34246519976850187
CUST01681,309,3,14277.42,1,2,1,121,4,About To Sleep,4,-1.782129784172441,0.9696882470033948
CUST01682,155,3,9435.25,2,2,1,221,5,About To Sleep,1,-1.5153846603891992,-0.2390550791107033
CUST01683,127,5,30852.68,2,3,3,233,8,About To Sleep,3,-0.008045998463167123,0.151382940649197
CUST01684,8,7,53405.67,5,5,5,555,15,Champions,0,1.8101881645352618,-0.0978712092168125
CUST01685,129,6,30274.08,2,4,3,243,9,At Risk,3,0.2657640852720229,0.25222354047095685
CUST01686,37,7,38639.62,4,5,4,454,13,Champions,3,1.1587316129307623,-0.16273800767219915
CUST01687,203,8,25899.79,1,5,3,153,9,At Risk,3,0.4843607217302911,0.9022536739431128
CUST01688,82,5,29688.09,3,3,3,333,9,Loyal Customers,3,0.07949880762319483,-0.19715111509665684
CUST01689,476,5,17984.0,1,3,2,132,6,About To Sleep,2,-1.5268670717366275,2.4458774133550443
CUST01690,53,4,14208.07,3,3,1,331,7,Loyal Customers,1,-0.7308140452487499,-0.7936664268414223
CUST01691,11,4,29737.95,5,3,3,533,11,Loyal Customers,3,-0.011873047381309816,-0.8089606169693746
CUST01692,240,4,15202.47,1,3,2,132,6,About To Sleep,4,-1.2420663336939461,0.582951520311727
CUST01693,13,4,28433.940000000002,5,3,3,533,11,Loyal Customers,3,-0.06775581811298184,-0.8187635059027388
CUST01694,23,5,19256.420000000002,4,3,2,432,9,Loyal Customers,1,-0.14720559435405908,-0.8202456072872661
CUST01695,8,3,18892.22,5,2,2,522,9,Recent Customers,1,-0.720852518462384,-1.13019636427085
CUST01696,520,2,10863.93,1,1,1,111,3,Lost Customers,2,-2.834802403559452,2.341259499770929
CUST01697,24,8,19973.75,4,5,2,452,11,Loyal Customers,3,0.7829882745602318,-0.5082700510937109
CUST01698,38,5,20804.38,4,3,2,432,9,Loyal Customers,3,-0.13191187390605852,-0.6824309972672343
CUST01699,129,4,25252.510000000002,2,3,3,233,8,About To Sleep,1,-0.5305549558076192,-0.03567949279566114
CUST01700,10,4,24585.78,5,3,3,533,11,Loyal Customers,1,-0.2065137590841663,-0.9123420949754859
CUST01701,118,5,32542.53,2,3,4,234,9,About To Sleep,3,0.08319846067010117,0.1175473667175753
CUST01702,56,4,39754.56,3,3,4,334,10,Loyal Customers,3,0.24004489100402426,-0.2952829197262165
CUST01703,98,1,3728.35,2,1,1,211,4,Needs Attention,1,-2.1705252095754726,-0.9536997190204717
CUST01704,103,1,13903.349999999999,2,1,1,211,4,Needs Attention,1,-1.795017478219758,-0.727562574067396
CUST01705,16,3,6234.05,5,2,1,521,8,Recent Customers,1,-1.2297790110825824,-1.3082485969002398
CUST01706,35,4,19536.23,4,3,2,432,9,Loyal Customers,1,-0.47360437634074143,-0.8249870265007712
CUST01707,192,4,31199.010000000002,1,3,3,133,7,About To Sleep,4,-0.487602205897283,0.5327890355552255
CUST01708,50,7,37870.17,3,5,4,354,12,Loyal Customers,3,1.0910316474277013,-0.08268186603511811
CUST01710,26,5,33246.6,4,3,4,434,11,Loyal Customers,3,0.3804848099065023,-0.5374570847825465
CUST01711,360,1,90.7,1,1,1,111,3,Lost Customers,2,-3.079752260706655,0.8811815465491737
CUST01712,444,4,29813.02,1,3,3,133,7,About To Sleep,2,-1.281102266241579,2.337053490108732
CUST01713,269,11,41108.76,1,5,4,154,10,At Risk,0,1.77932587299624,1.9566410084753831
CUST01714,178,3,25920.989999999998,2,2,3,223,7,About To Sleep,4,-0.9507508534863718,0.23553845247723376
CUST01715,36,5,35969.28,4,4,4,444,12,Champions,3,0.45551688974251714,-0.4140387864623004
CUST01716,31,14,96960.8,4,5,5,455,14,Champions,0,5.526016379662253,1.5615014261431157
CUST01717,102,6,31070.37,2,4,3,243,9,At Risk,3,0.3756238420246624,0.07099470807706805
CUST01718,302,4,34380.93,1,3,4,134,8,About To Sleep,4,-0.688748294085154,1.3910136400711486
CUST01719,42,6,61703.84,3,4,5,345,12,Loyal Customers,0,1.7266487517628417,0.20675073392303409
CUST01720,1,7,36791.909999999996,5,5,4,554,14,Champions,3,1.1936386653298432,-0.45865489407605253
CUST01721,164,4,25185.23,2,3,3,233,8,About To Sleep,4,-0.6359613366830296,0.21724887600911152
CUST01722,197,3,22775.44,1,2,2,122,5,About To Sleep,4,-1.1271983364374405,0.31484029922989254
CUST01723,81,5,12259.390000000001,3,4,1,341,8,Loyal Customers,1,-0.5859298786198357,-0.5295640310289028
CUST01724,6,8,44410.42,5,5,5,555,15,Champions,0,1.772982917673546,-0.18310151889528523
CUST01725,193,4,47212.33,1,3,5,135,9,About To Sleep,4,0.12354861164794191,0.8387965652250754
CUST01726,5,3,28309.809999999998,5,2,3,523,10,Recent Customers,1,-0.3508872637702731,-0.9762885872720262
CUST01727,46,7,56497.94,3,5,5,355,13,Loyal Customers,0,1.8171324819372041,0.23578901277765937
CUST01728,154,12,98748.03,2,5,5,255,12,At Risk,0,4.629444470108528,2.2938972485032547
CUST01729,8,6,33617.93,5,4,4,544,13,Champions,3,0.7494812750995284,-0.5641422938905305
CUST01730,68,5,34216.79,3,4,4,344,11,Loyal Customers,3,0.294298713877863,-0.21433692445113442
CUST01731,130,8,41042.69,2,5,4,254,11,At Risk,0,1.2795362811809354,0.6546059704128152
CUST01732,5,3,24087.04,5,2,3,523,10,Recent Customers,1,-0.5128246626320858,-1.0550687543983512
CUST01733,90,7,35442.67,3,5,4,354,12,Loyal Customers,3,0.8804246190570205,0.1625260787418829
CUST01734,6,7,31056.29,5,5,3,553,13,Loyal Customers,3,0.9589960884568981,-0.5293469163955137
CUST01735,364,4,22313.79,1,3,2,132,6,About To Sleep,4,-1.3336558717552238,1.6161565883004365
CUST01736,27,7,36143.7,4,5,4,454,13,Champions,3,1.0923954659932724,-0.28192586230321626
CUST01737,184,4,19374.16,1,3,2,132,6,About To Sleep,4,-0.9175657250659676,0.25408506139211634
CUST01738,397,3,19523.27,1,2,2,122,5,About To Sleep,2,-1.8394933413123136,1.706645097313244
CUST01739,181,8,64226.09,2,5,5,255,12,At Risk,0,2.018755072594343,1.457498154359487
CUST01740,79,4,14921.26,3,3,1,331,7,Loyal Customers,1,-0.7798494343540101,-0.5915390618593941
CUST01741,176,8,66020.38,2,5,5,255,12,At Risk,0,2.1022530860039623,1.4546605655232379
CUST01742,127,10,44597.71,2,5,5,255,12,At Risk,0,2.028428836354027,0.8933618266489539
CUST01743,286,2,16711.84,1,1,2,112,4,Lost Customers,4,-1.9230759618885893,0.7509597714998393
CUST01744,107,11,80601.77,2,5,5,255,12,At Risk,0,3.769767084504229,1.5169174888491306
CUST01745,220,3,16209.529999999999,1,2,2,122,5,About To Sleep,4,-1.4465634782040668,0.3593813203714752
CUST01746,212,3,29967.559999999998,1,2,3,123,6,About To Sleep,4,-0.8954588732281982,0.557952585440605
CUST01747,18,6,62259.0,4,4,5,445,13,Champions,0,1.8184478243208098,0.042810531729396334
CUST01748,18,5,44873.450000000004,4,4,5,445,13,Champions,3,0.8498616045336383,-0.37864519959351484
CUST01749,170,5,25269.739999999998,2,4,3,243,9,At Risk,4,-0.34847347556150887,0.35951003093798134
CUST01750,263,7,47148.01,1,5,5,155,11,At Risk,0,0.8210526046675932,1.6372943348740308
CUST01751,89,4,31108.0,3,3,3,333,9,Loyal Customers,3,-0.1884892441735105,-0.21693471812372908
CUST01752,198,7,25496.6,1,5,3,153,9,At Risk,3,0.1817140287506113,0.7613095991670363
CUST01753,444,3,33862.11,1,2,4,124,7,About To Sleep,2,-1.4276996381541638,2.3154832655722695
CUST01754,15,7,57999.69,5,5,5,555,15,Champions,0,1.9657972311347638,0.038671722294512684
CUST01755,51,6,19597.21,3,4,2,342,9,Loyal Customers,3,0.08547658556285188,-0.5134307669819832
CUST01756,108,4,30929.93,2,3,3,233,8,About To Sleep,3,-0.25113796650667863,-0.08227144502200856
CUST01757,40,7,30411.21,4,5,3,453,12,Loyal Customers,3,0.8343697692647052,-0.29446039471531066
CUST01758,139,5,19447.61,2,4,2,242,8,At Risk,4,-0.48066941183250494,0.02575814031957982
CUST01759,11,4,18931.97,5,3,2,532,10,Loyal Customers,1,-0.4262674599002896,-1.0105574148920005
CUST01760,34,2,9623.63,4,1,1,411,6,Recent Customers,1,-1.454549770695295,-1.2113996994201524
CUST01761,155,4,20966.65,2,3,2,232,7,About To Sleep,4,-0.7712970099171648,0.07318539412744933
CUST01762,114,8,35211.9,2,5,4,254,11,At Risk,3,1.1029398376788868,0.4296283244258072
CUST01763,47,6,43416.13,3,4,4,344,11,Loyal Customers,3,1.0106508548323578,-0.09811358477645117
CUST01764,61,7,42138.1,3,5,4,354,12,Loyal Customers,3,1.2223840372627977,0.07682706555868592
CUST01765,42,2,2306.0,3,1,1,311,5,Needs Attention,1,-1.7586739283274486,-1.2898186028024308
CUST01766,4,10,62983.18,5,5,5,555,15,Champions,0,3.0948471720503843,0.3430882864492176
CUST01767,73,4,28078.21,3,3,3,333,9,Loyal Customers,1,-0.2576712051884861,-0.3896567953440658
CUST01768,61,7,53986.09,3,5,5,355,13,Loyal Customers,0,1.6767380945144996,0.29786364399204324
CUST01769,6,6,38999.22,5,4,4,544,13,Champions,3,0.9617221040800022,-0.4782735051281861
CUST01770,20,6,55080.49,4,4,5,445,13,Champions,0,1.5372860898724967,-0.07658726570800604
CUST01771,28,5,28164.63,4,4,3,443,11,Loyal Customers,3,0.17972248963650012,-0.6177417475744374
CUST01772,7,7,39473.54,5,5,4,554,14,Champions,3,1.2788481098630364,-0.3650519744591335
CUST01773,125,6,17275.62,2,4,2,242,8,At Risk,3,-0.2209573324380914,-0.01932580085034766
CUST01774,9,6,25137.61,5,4,3,543,12,Loyal Customers,3,0.4213348185195575,-0.7150890981607345
CUST01775,38,4,36359.77,4,3,4,434,11,Loyal Customers,3,0.1627414717254513,-0.48933922576658473
CUST01776,293,4,14000.32,1,3,1,131,5,About To Sleep,4,-1.4438755019107032,0.9454306758353255
CUST01777,9,6,30358.43,5,4,3,543,12,Loyal Customers,3,0.6215460568123676,-0.6176892700534825
CUST01778,49,2,11834.080000000002,3,1,1,311,5,Needs Attention,1,-1.4138504734879722,-1.0612256492886485
CUST01779,257,5,11219.8,1,4,1,141,6,At Risk,4,-1.142866042438446,0.7292214591075995
CUST01780,15,4,14046.87,5,3,1,531,9,Loyal Customers,1,-0.6253558752592656,-1.072644488912678
CUST01781,44,4,24657.55,3,3,3,333,9,Loyal Customers,1,-0.3036498705752316,-0.6640819908353084
CUST01782,81,3,25313.93,3,2,3,323,8,Potential Loyalists,1,-0.6890550599960124,-0.48023842840158487
CUST01783,7,6,30758.1,5,4,3,543,12,Loyal Customers,3,0.6427486372218834,-0.6247577845683336
CUST01784,85,10,46795.39,3,5,5,355,13,Loyal Customers,0,2.2360983728097725,0.6293415765741913
CUST01785,49,5,38936.07,3,4,4,344,11,Loyal Customers,3,0.5310965693831557,-0.264279200966316
CUST01786,225,3,16661.61,1,2,2,122,5,About To Sleep,4,-1.443916303814869,0.4041272783653065
CUST01787,90,5,41424.09,3,4,4,344,11,Loyal Customers,3,0.5060550519725374,0.07989526988940149
CUST01788,33,9,36620.84,4,5,4,454,13,Champions,0,1.6968145280714628,-0.03522957569675633
CUST01789,35,3,6876.27,4,2,1,421,7,Recent Customers,1,-1.2609707445405913,-1.1582819605341093
CUST01790,68,5,47436.479999999996,3,4,5,345,12,Loyal Customers,3,0.8012555721390323,0.03229014440608687
CUST01791,2,3,27214.36,5,2,3,523,10,Recent Customers,1,-0.3840825770774119,-1.01851250776223
CUST01792,238,7,46563.15,1,5,5,155,11,At Risk,0,0.872071378200502,1.4448234866011649
CUST01793,211,5,25702.15,1,4,3,143,8,At Risk,4,-0.45234479816500556,0.6653349588760062
CUST01794,47,5,10815.54,3,4,1,341,8,Loyal Customers,1,-0.5414111406135486,-0.803421714888243
CUST01795,222,4,43339.520000000004,1,3,4,134,8,About To Sleep,4,-0.11016722692282531,0.9771544907653528
CUST01796,32,8,40101.69,4,5,4,454,13,Champions,0,1.5313638306420159,-0.07466329561290788
CUST01797,16,4,37207.44,5,3,4,534,12,Loyal Customers,3,0.2598821111384169,-0.633297575498597
CUST01798,73,4,15890.96,3,3,2,332,8,Loyal Customers,1,-0.7250354150030459,-0.6170226219958383
CUST01799,13,2,11325.82,5,1,1,511,7,Recent Customers,1,-1.3275773630498657,-1.3321537025670047
CUST01800,307,6,22289.29,1,4,2,142,7,At Risk,4,-0.563386696640363,1.3959638739229856
CUST01801,140,5,15666.439999999999,2,4,2,242,8,At Risk,1,-0.6286099543178206,-0.037521132365510454
CUST01802,101,5,26067.78,2,4,3,243,9,At Risk,3,-0.11515506579755012,-0.12670641001756633
CUST01803,189,2,4572.7,1,1,1,111,3,Lost Customers,1,-2.1036195133462936,-0.1799600581339793
CUST01804,138,8,46477.2,2,5,5,255,12,At Risk,0,1.4644390848849846,0.8140915042644602
CUST01805,178,4,26702.03,2,3,3,233,8,About To Sleep,4,-0.6189246653312712,0.3472197767519901
CUST01806,15,4,12028.82,5,3,1,531,9,Loyal Customers,1,-0.7027453063135455,-1.1102933109582265
CUST01807,70,6,26478.41,3,4,3,343,10,Loyal Customers,3,0.2935411205615369,-0.24706946855805645
CUST01808,13,4,21094.06,5,3,2,532,10,Loyal Customers,1,-0.34923008148935397,-0.9556966026821446
CUST01809,75,5,25158.98,3,4,3,343,10,Loyal Customers,3,-0.07362105010153529,-0.3324830830347421
CUST01810,58,2,7960.3,3,1,1,311,5,Needs Attention,1,-1.588845632634805,-1.06813356136081
CUST01811,31,5,24679.730000000003,4,4,3,443,11,Loyal Customers,3,0.03726770481451907,-0.6609690210865268
CUST01812,12,5,13544.87,5,4,1,541,10,Loyal Customers,1,-0.33391881789425654,-1.0066867717203927
CUST01813,7,6,34512.75,5,4,4,544,13,Champions,3,0.7867342804457638,-0.5547108830082542
CUST01814,4,5,17144.5,5,4,2,542,11,Loyal Customers,1,-0.17237482659089193,-0.9976310260226853
CUST01815,52,5,33205.130000000005,3,4,4,344,11,Loyal Customers,3,0.30250925180670657,-0.3494086871427018
CUST01816,70,1,6506.0,3,1,1,311,5,Needs Attention,1,-1.9817451387291842,-1.1052266065486
CUST01817,96,4,17596.09,2,3,2,232,7,About To Sleep,1,-0.7272175931031667,-0.4181767456268765
CUST01818,27,3,17838.19,4,2,2,422,8,Recent Customers,1,-0.8170930973037195,-1.0118750361947821
CUST01819,136,5,26312.76,2,4,3,243,9,At Risk,3,-0.20858670682954247,0.13204749391861695
CUST01820,15,9,43674.66,5,5,4,554,14,Champions,0,2.020200875254603,-0.03435619292201213
CUST01821,105,1,4434.74,2,1,1,211,4,Needs Attention,1,-2.164001385586188,-0.8896845693029254
CUST01822,431,3,24514.5,1,2,3,123,6,About To Sleep,2,-1.747974954404287,2.046682845268091
CUST01823,49,8,35721.17,3,5,4,354,12,Loyal Customers,3,1.313432741148421,-0.03292587302477954
CUST01824,45,6,41934.18,3,4,4,344,11,Loyal Customers,3,0.9596959063103042,-0.1402856777642564
CUST01825,126,6,40596.869999999995,2,4,4,244,10,At Risk,3,0.670442510098835,0.42301876511261916
CUST01826,32,3,13125.25,4,2,1,421,7,Recent Customers,1,-1.0125173082538228,-1.0634878992617267
CUST01827,359,3,24276.04,1,2,3,123,6,About To Sleep,4,-1.5455912068433568,1.5193422573956328
CUST01828,25,1,5889.2,4,1,1,411,6,Recent Customers,1,-1.8731933425101575,-1.4435410700007392
CUST01829,20,4,17067.2,4,3,2,432,9,Loyal Customers,1,-0.5242198595107586,-0.9799851555225588
CUST01830,8,6,33201.950000000004,5,4,4,544,13,Champions,3,0.7335290164686923,-0.5719028335176494
CUST01831,29,8,34019.270000000004,4,5,4,454,13,Champions,3,1.306925103650993,-0.20992432919569523
CUST01832,9,6,50613.56,5,4,5,545,14,Champions,3,1.3983023248089363,-0.23980874931343715
CUST01833,27,4,8827.24,4,3,1,431,8,Loyal Customers,1,-0.8607762052459396,-1.0828734715799893
CUST01834,105,8,55859.23,2,5,5,255,12,At Risk,0,1.9211774790538685,0.749464260591578
CUST01835,26,3,11288.43,4,2,1,421,7,Recent Customers,1,-1.0653294557681283,-1.1413300095070744
CUST01836,49,3,15021.75,3,2,2,322,7,Needs Attention,1,-0.9897333478148909,-0.9046461388443334
CUST01837,36,6,34318.94,4,4,4,444,12,Champions,3,0.6941030120534836,-0.34771738535352364
CUST01838,38,5,27350.11,4,4,3,443,11,Loyal Customers,3,0.119107833502049,-0.5603135948598571
CUST01839,11,8,44842.66,5,5,5,555,15,Champions,0,1.7748692554570518,-0.13872569674020113
CUST01840,17,4,17172.45,4,3,2,432,9,Loyal Customers,1,-0.5113699856982158,-0.9998087684732614
CUST01841,26,6,51384.18,4,4,5,445,13,Champions,3,1.3779103418196124,-0.10197145150333399
CUST01842,114,5,51059.11,2,4,5,245,11,At Risk,3,0.8050353122064736,0.43394388041390636
CUST01843,45,7,54618.270000000004,3,5,5,355,13,Loyal Customers,0,1.7479876266923795,0.1934594265205419
CUST01844,14,8,36836.19,5,5,4,554,14,Champions,3,1.4590185043447903,-0.2663075622081342
CUST01845,126,3,18001.36,2,2,2,222,6,About To Sleep,1,-1.1016872471463217,-0.28985461090138454
CUST01846,61,2,9355.34,3,1,1,311,5,Needs Attention,1,-1.54416145649,-1.0203204777692827
CUST01847,269,5,22710.07,1,4,2,142,7,At Risk,4,-0.7374847798115021,1.030733043571385
CUST01848,285,4,24500.58,1,3,3,133,7,About To Sleep,4,-1.017701878231483,1.0832248526284827
CUST01849,760,2,20757.54,1,1,2,112,4,Lost Customers,2,-3.160490651790266,4.268807981282701
CUST01850,313,3,18170.010000000002,1,2,2,122,5,About To Sleep,4,-1.6446059079277195,1.0713581110075379
CUST01851,94,4,46030.15,2,3,5,235,10,About To Sleep,3,0.36906513500030774,0.09776544834691306
CUST01852,208,2,3256.29,1,1,1,111,3,Lost Customers,4,-2.2099220029034297,-0.06653370190118148
CUST01853,147,5,51689.57,2,4,5,245,11,At Risk,3,0.7322620846770027,0.6853645406239571
CUST01854,32,10,54422.54,4,5,5,455,14,Champions,0,2.6842974196339715,0.3867274797174486
CUST01855,164,5,43320.72,2,4,4,244,10,At Risk,3,0.3613840466158719,0.6526955181641818
CUST01856,54,2,7288.66,3,1,1,311,5,Needs Attention,1,-1.6028505237432402,-1.109713252491333
CUST01857,46,4,19013.02,3,3,2,332,8,Loyal Customers,1,-0.5259855900840513,-0.754861795635546
CUST01858,19,5,30386.55,4,4,3,443,11,Loyal Customers,3,0.2913710986080036,-0.6416510021652226
CUST01859,498,1,11445.439999999999,1,1,1,111,3,Lost Customers,2,-3.049743015228062,2.095225447772936
CUST01860,113,9,59657.71,2,5,5,255,12,At Risk,0,2.345215173810187,0.9755381634881122
CUST01861,19,5,21152.72,4,4,2,442,10,Loyal Customers,3,-0.06273353217514895,-0.8139177063939812
CUST01862,64,3,3266.62,3,2,1,321,6,Needs Attention,1,-1.4845947604725516,-1.0150145114391596
CUST01863,70,5,44155.65,3,4,5,345,12,Loyal Customers,3,0.6695644839242845,-0.014392378032929259
CUST01864,72,4,11063.02,3,3,1,331,7,Loyal Customers,1,-0.9072423538901994,-0.7143552520686337
CUST01865,163,8,44280.46,2,5,5,255,12,At Risk,0,1.30674979207823,0.9546687109516875
CUST01866,2,6,47158.65,5,4,5,545,14,Champions,3,1.2863765538702163,-0.3551003988048396
CUST01867,46,8,45078.96,3,5,5,355,13,Loyal Customers,0,1.681104748410069,0.11986627276653017
CUST01868,36,7,53088.74,4,5,5,455,14,Champions,0,1.7157733080215658,0.09956296969850742
CUST01869,98,7,22817.46,2,5,2,252,9,At Risk,3,0.3727620969269234,-0.014911250800556018
CUST01870,132,5,29787.83,2,4,3,243,9,At Risk,3,-0.06357099505544597,0.16782899149228678
CUST01871,315,2,15634.16,1,1,2,112,4,Lost Customers,4,-2.0496024243672135,0.9414637548504653
CUST01872,128,5,28594.06,2,4,3,243,9,At Risk,3,-0.09759885072688568,0.11650842206110622
CUST01873,196,4,18868.02,1,3,2,132,6,About To Sleep,4,-0.9722302217581058,0.3317911379272394
CUST01874,97,3,32916.04,2,2,4,224,8,About To Sleep,1,-0.4445309402644019,-0.22221496518223838
CUST01875,3,4,34315.17,5,3,4,534,12,Loyal Customers,3,0.187160170603432,-0.7816669128744484
CUST01876,186,3,15717.300000000001,1,2,2,122,5,About To Sleep,4,-1.3655514271580265,0.10327709754381671
CUST01877,16,6,41259.36,5,4,4,544,13,Champions,3,1.0190164135734354,-0.3634843716695381
CUST01878,8,5,27300.98,5,4,3,543,12,Loyal Customers,3,0.20536058221575487,-0.7791017779978837
CUST01879,465,3,25059.31,1,2,3,123,6,About To Sleep,2,-1.8269706350507662,2.303768002692591
CUST01880,5,6,58129.11,5,4,5,545,14,Champions,0,1.6982648656438573,-0.12864789419233422
CUST01881,377,3,9289.53,1,2,1,121,4,About To Sleep,2,-2.1731852623736514,1.370476290615289
CUST01882,252,5,26332.41,1,4,3,143,8,At Risk,4,-0.5486288464521627,0.9748509843793599
CUST01883,70,3,15246.81,3,2,2,322,7,Needs Attention,1,-1.042798379032897,-0.747937282107489
CUST01884,1,5,27330.25,5,4,3,543,12,Loyal Customers,3,0.22704830345547475,-0.8293924251381756
CUST01885,312,3,31954.07,1,2,3,123,6,About To Sleep,4,-1.113068345547681,1.3212517022433061
CUST01887,295,4,15543.960000000001,1,3,2,132,6,About To Sleep,4,-1.3905548270678256,0.9887536599467353
CUST01888,26,4,22523.420000000002,4,3,2,432,9,Loyal Customers,1,-0.33260871952458143,-0.8346193731622201
CUST01889,61,8,59997.77,3,5,5,355,13,Loyal Customers,0,2.2091521044033327,0.5071279986893994
CUST01890,159,11,75357.24,2,5,5,255,12,At Risk,0,3.415876118729324,1.7967194532861337
CUST01891,85,4,36687.02,3,3,4,334,10,Loyal Customers,3,0.037210045047453816,-0.1419018446462257
CUST01892,5,5,34344.85,5,4,4,544,13,Champions,3,0.48429695244902426,-0.6694782168836808
CUST01893,195,6,27592.25,1,4,3,143,8,At Risk,4,-0.030981388289563646,0.6815087581581795
CUST01894,250,4,21531.899999999998,1,3,2,132,6,About To Sleep,4,-1.0287203714194268,0.7736574918376825
CUST01895,348,3,5916.94,1,2,1,121,4,About To Sleep,4,-2.2173205096336015,1.0969478909793169
CUST01896,120,3,30678.89,2,2,3,223,7,About To Sleep,1,-0.5978941130161254,-0.09691642320723338
CUST01897,53,4,26591.11,3,3,3,333,9,Loyal Customers,1,-0.2559415592734817,-0.5626479340672553
CUST01898,14,7,28595.58,5,5,3,553,13,Loyal Customers,3,0.8411281065766599,-0.5171549247209478
CUST01899,157,3,14314.82,2,2,1,221,5,About To Sleep,1,-1.334135676169991,-0.133496850616644
CUST01900,22,4,24283.0,4,3,3,433,10,Loyal Customers,1,-0.2533796805679607,-0.8308421260932047
CUST01901,201,10,55798.29,1,5,5,155,11,At Risk,0,2.2405514669615183,1.6397369406954843
CUST01902,285,1,10725.96,1,1,1,111,3,Lost Customers,4,-2.4515626835218387,0.5349143555785072
CUST01903,9,7,39566.04,5,5,4,554,14,Champions,3,1.2765195693841394,-0.3488015166097973
CUST01904,116,1,10517.34,2,1,1,211,4,Needs Attention,1,-1.9630589068775408,-0.6963210811315365
CUST01905,317,5,34796.77,1,4,4,144,9,At Risk,4,-0.41499542986440535,1.6048175843832007
CUST01906,152,4,12975.400000000001,2,3,1,231,6,About To Sleep,1,-1.0689367317692373,-0.09768684878375121
CUST01907,3,3,16695.739999999998,5,2,2,522,9,Recent Customers,1,-0.7903950242512428,-1.2074859188932359
CUST01908,31,4,18352.78,4,3,2,432,9,Loyal Customers,1,-0.5072364742616398,-0.8761150655964742
CUST01909,11,6,30457.35,5,4,3,543,12,Loyal Customers,3,0.6194637144689815,-0.6013190404256807
CUST01910,99,5,24301.6,2,4,3,243,9,At Risk,3,-0.1770098423657663,-0.1741811093283101
CUST01911,58,6,19577.760000000002,3,4,2,342,9,Loyal Customers,3,0.06416544776405429,-0.4629569175263437
CUST01912,156,4,24395.22,2,3,3,233,8,About To Sleep,4,-0.6427539783338082,0.14441132114240224
CUST01913,49,7,42336.66,3,5,4,354,12,Loyal Customers,3,1.2652532656495543,-0.006617235839433277
CUST01914,31,6,43971.45,4,4,4,444,12,Champions,3,1.0789529121355652,-0.20395170550229264
CUST01915,30,10,57028.92,4,5,5,455,14,Champions,0,2.7901242816033047,0.4208274358034903
CUST01916,131,5,39741.01,2,4,4,244,10,At Risk,3,0.32105760885616036,0.34625353121899893
CUST01917,166,1,22126.42,2,1,2,212,5,Needs Attention,1,-1.664761412209602,-0.11662226414309247
CUST01918,12,3,23151.64,5,2,2,522,9,Recent Customers,1,-0.5692612182223988,-1.0216829050183394
CUST01919,74,4,27417.25,3,3,3,333,9,Loyal Customers,1,-0.285956002439603,-0.39472530465127115
CUST01920,338,7,76990.31999999999,1,5,5,155,11,At Risk,0,1.7451219471130075,2.7387127013687063
CUST01921,137,5,49819.01,2,4,5,245,11,At Risk,3,0.6899076302665091,0.577843427329579
CUST01922,494,5,41157.64,1,4,4,144,9,At Risk,2,-0.6910720648324042,3.008928741280695
CUST01923,1,5,26819.15,5,4,3,543,12,Loyal Customers,3,0.20744832416267117,-0.8389275273147717
CUST01924,113,7,41688.25,2,5,4,254,11,At Risk,3,1.052362429178403,0.44607877310678645
CUST01925,1,5,27829.25,5,4,3,543,12,Loyal Customers,3,0.24618426445549244,-0.8200830610487186
CUST01926,54,4,23592.22,3,3,3,333,9,Loyal Customers,1,-0.3738827439008939,-0.6113329595781964
CUST01927,266,4,19421.61,1,3,2,132,6,About To Sleep,4,-1.156653381179944,0.8504860296413135
CUST01928,134,4,22765.91,2,3,2,232,7,About To Sleep,1,-0.6406021018022532,-0.04575766719142007
CUST01929,112,6,66374.69,2,4,5,245,11,At Risk,0,1.7001168283869614,0.8022573939556609
CUST01930,473,2,9881.95,1,1,1,111,3,Lost Customers,2,-2.734378968355485,1.9816074494115117
CUST01931,88,3,14957.48,3,2,1,321,6,Needs Attention,1,-1.1067758748633123,-0.6226120671077023
CUST01932,9,5,31151.21,5,4,3,543,12,Loyal Customers,3,0.3500736925872225,-0.7000093450471384
CUST01933,28,6,65013.25,4,4,5,445,13,Champions,0,1.8946905700661845,0.16681780124063283
CUST01934,33,3,29852.69,4,2,3,423,9,Recent Customers,1,-0.3739809747379916,-0.7441577181218105
CUST01935,23,4,30460.57,4,3,3,433,10,Loyal Customers,3,-0.019416294697933677,-0.7083307444050709
CUST01936,4,7,34515.28,5,5,4,554,14,Champions,3,1.0975193666751795,-0.479340633823877
CUST01937,428,2,12011.49,1,1,1,111,3,Lost Customers,2,-2.5205088251769627,1.6945288155654628
CUST01938,77,4,26118.41,3,3,3,333,9,Loyal Customers,1,-0.34457840468904183,-0.3971693547938248
CUST01939,339,4,20373.81,1,3,2,132,6,About To Sleep,4,-1.334604079124808,1.3984045667512082
CUST01940,8,7,60680.1,5,5,5,555,15,Champions,0,2.0891525107824735,0.03784084972761338
CUST01941,192,2,15053.73,1,1,2,112,4,Lost Customers,4,-1.7105001662865575,0.03736162069435196
CUST01942,47,5,15838.35,3,4,2,342,9,Loyal Customers,1,-0.3487933124161563,-0.7097159693127612
CUST01943,30,6,16581.84,4,4,2,442,10,Loyal Customers,3,0.0315370810334447,-0.7221957594151255
CUST01944,67,4,14702.34,3,3,1,331,7,Loyal Customers,1,-0.7529899875269476,-0.6827718869450214
CUST01945,179,3,31178.739999999998,2,2,3,223,7,About To Sleep,4,-0.7520612945643133,0.34088963521393595
CUST01946,467,1,11115.32,1,1,1,111,3,Lost Customers,2,-2.9713279511549557,1.8639327168197424
CUST01947,39,4,26211.65,4,3,3,433,10,Loyal Customers,1,-0.22936281202051037,-0.6714005739814706
CUST01948,8,6,50649.97,5,4,5,545,14,Champions,3,1.4026364919146406,-0.24639186995026047
CUST01949,156,3,13049.789999999999,2,2,1,221,5,About To Sleep,1,-1.3797099360860563,-0.16435968828870362
CUST01950,46,6,27514.16,3,4,3,343,10,Loyal Customers,3,0.40377015603934135,-0.4020437643634134
CUST01951,27,4,24427.7,4,3,3,433,10,Loyal Customers,1,-0.2625201047602969,-0.7918306617543179
CUST01952,100,4,21604.68,2,3,2,232,7,About To Sleep,1,-0.5852452770267776,-0.3143427809526393
CUST01953,208,3,10365.69,1,2,1,121,4,About To Sleep,4,-1.635411946704097,0.1632097613097592
CUST01954,22,7,51602.95,4,5,5,455,14,Champions,0,1.6999258273523936,-0.029829407235926354
CUST01955,22,9,46118.88,4,5,5,455,14,Champions,0,2.093368080215151,0.062079983239583955
CUST01956,669,2,27449.47,1,1,3,113,5,Lost Customers,2,-2.636516033239576,3.732775674073096
CUST01957,145,3,9318.37,2,2,1,221,5,About To Sleep,1,-1.4904879082134983,-0.3138594677229194
CUST01958,99,4,38473.42,2,3,4,234,9,About To Sleep,3,0.0645855041459151,-0.006901275449403962
CUST01959,80,2,2792.84,3,1,1,311,5,Needs Attention,1,-1.8516442539481037,-1.004765387781093
CUST01960,13,4,26818.99,5,3,3,533,11,Loyal Customers,1,-0.12968692075221744,-0.8488920781197099
CUST01961,69,6,32144.29,3,4,4,344,11,Loyal Customers,3,0.5137576892118693,-0.14862897023561056
CUST01962,64,7,41554.98,3,5,4,354,12,Loyal Customers,3,1.191208508774747,0.08773551655061358
CUST01963,21,1,60.13,4,1,1,411,6,Recent Customers,1,-2.0849785529378733,-1.5813379828464684
CUST01964,69,3,21677.16,3,2,2,322,7,Needs Attention,1,-0.7932654414332992,-0.6352348006879146
CUST01965,57,5,33624.22,3,4,4,344,11,Loyal Customers,3,0.3038913052472256,-0.3052781919170294
CUST01966,2,7,46421.44,5,5,5,555,15,Champions,0,1.5599799508664456,-0.271743607653967
CUST01967,18,5,35639.18,4,4,4,444,12,Champions,3,0.4957401003580207,-0.5509201124799875
CUST01968,15,8,49338.6,5,5,5,555,15,Champions,0,1.9355307711193295,-0.025799710845529365
CUST01969,32,3,10729.23,4,2,1,421,7,Recent Customers,1,-1.1044013669216832,-1.1081881448441329
CUST01970,53,14,57596.32,3,5,5,355,13,Loyal Customers,0,3.951809259277162,0.9868886178502035
CUST01971,192,1,6375.23,1,1,1,111,3,Lost Customers,1,-2.34518304093304,-0.22165503528766484
CUST01972,16,5,22467.05,5,4,2,542,11,Loyal Customers,3,-0.003517109813705608,-0.811184674187809
CUST01973,46,6,39845.189999999995,3,4,4,344,11,Loyal Customers,3,0.8766481303280143,-0.17199557224313966
CUST01974,198,1,273.83,1,1,1,111,3,Lost Customers,1,-2.5967906696302783,-0.29190867695055206
CUST01975,6,9,44807.68,5,5,5,555,15,Champions,0,2.09009167273729,-0.07858000975129387
CUST01976,18,3,27071.89,4,2,3,423,9,Recent Customers,1,-0.4365524069279996,-0.9049722408152817
CUST01977,3,8,51667.55,5,5,5,555,15,Champions,0,2.0600975144456206,-0.06949937063535555
CUST01978,84,3,31158.61,3,2,3,323,8,Potential Loyalists,1,-0.4737333337427533,-0.34941268183007507
CUST01979,21,5,34776.82,4,4,4,444,12,Champions,3,0.4538561034338077,-0.5452211741701039
CUST01980,1,5,33734.36,5,4,4,544,13,Champions,3,0.4726370794070242,-0.7099170911523393
CUST01981,47,6,54030.3,3,4,5,345,12,Loyal Customers,0,1.4176896186951988,0.09990479806401291
CUST01982,86,2,3700.6400000000003,3,1,1,311,5,Needs Attention,1,-1.834458740678761,-0.9442551120575637
CUST01983,18,2,16722.92,4,1,2,412,7,Recent Customers,1,-1.1352954995538398,-1.1951532523694732
CUST01984,586,4,35344.09,1,3,4,134,8,About To Sleep,2,-1.4861742996806522,3.471500317605521
CUST01985,170,5,21297.98,2,4,2,242,8,At Risk,4,-0.5007849875082627,0.2854127164771765
CUST01986,62,4,27971.33,3,3,3,333,9,Loyal Customers,1,-0.2294530729411704,-0.4715370106163568
CUST01987,19,7,26966.27,4,5,3,453,12,Loyal Customers,3,0.7639568483690103,-0.5112394623626975
CUST01988,70,2,15770.009999999998,3,1,2,312,6,Needs Attention,1,-1.3246087640323603,-0.8352866524342828
CUST01989,32,4,20085.66,4,3,2,432,9,Loyal Customers,1,-0.4437208128348362,-0.8365239994890389
CUST01990,145,5,37945.07,2,4,4,244,10,At Risk,3,0.2110552753117291,0.41442182115284404
CUST01991,48,5,28231.350000000002,3,4,3,343,10,Loyal Customers,3,0.1235232319274977,-0.471249275314941
CUST01992,35,4,34459.99,4,3,4,434,11,Loyal Customers,3,0.09870121350619979,-0.5465687591186581
CUST01993,79,1,13302.460000000001,3,1,1,311,5,Needs Attention,1,-1.7475513269324725,-0.913070091602951
CUST01994,44,6,41089.99,3,4,4,344,11,Loyal Customers,3,0.9302602793145741,-0.16329730745353632
CUST01995,259,7,55981.049999999996,1,5,5,155,11,At Risk,0,1.1715390678630615,1.7730343364765335
CUST01996,5,7,46573.63,5,5,5,555,15,Champions,0,1.557002545590665,-0.24711718369887592
CUST01997,8,5,22655.41,5,4,2,542,11,Loyal Customers,3,0.027209387139899018,-0.865769718945897
CUST01998,1,4,34573.28,5,3,4,534,12,Loyal Customers,3,0.20293412047354412,-0.7913763764484248
CUST01999,202,3,14407.4,1,2,1,121,4,About To Sleep,4,-1.4627905855662307,0.19503774341069524
CUST02000,20,6,49373.03,4,4,5,445,13,Champions,3,1.3184128795134569,-0.18306586924710844
