order_id,customer_id,order_date,status,payment_method,discount_pct,shipping_cost
ORD0000001,CUST00720,2024-07-13,Delivered,Net Banking,0.1,3.87
ORD0000002,CUST00010,2024-04-08,Delivered,Net Banking,0.0,8.45
ORD0000003,CUST01787,2024-06-26,Cancelled,Net Banking,0.05,2.65
ORD0000004,CUST00063,2024-10-25,Delivered,Credit Card,0.05,12.11
ORD0000005,CUST00715,2023-08-06,Delivered,Credit Card,0.0,7.46
ORD0000006,CUST01606,2024-11-10,Cancelled,Credit Card,0.1,5.08
ORD0000007,CUST00386,2024-07-05,Delivered,UPI,0.0,12.16
ORD0000008,CUST01069,2023-10-01,Delivered,PayPal,0.05,4.8
ORD0000009,CUST00892,2023-10-04,Delivered,Credit Card,0.0,4.82
ORD0000010,CUST01579,2024-12-02,Delivered,Credit Card,0.05,2.82
ORD0000011,CUST00356,2023-11-27,Delivered,Credit Card,0.05,14.5
ORD0000012,CUST00108,2024-06-28,Delivered,Debit Card,0.05,7.63
ORD0000013,CUST01946,2023-06-26,Cancelled,Credit Card,0.1,10.71
ORD0000014,CUST00422,2022-12-30,Cancelled,Debit Card,0.0,9.89
ORD0000015,CUST00291,2023-09-22,Delivered,UPI,0.0,10.21
ORD0000016,CUST01687,2024-05-20,Delivered,Debit Card,0.1,12.25
ORD0000017,CUST00264,2024-12-23,Delivered,Credit Card,0.0,1.73
ORD0000018,CUST00584,2024-08-27,Delivered,PayPal,0.15,1.63
ORD0000019,CUST01137,2024-12-06,Delivered,Credit Card,0.0,7.03
ORD0000020,CUST01707,2024-06-22,Delivered,Credit Card,0.1,3.63
ORD0000021,CUST01576,2024-02-13,Delivered,Debit Card,0.05,11.53
ORD0000022,CUST01888,2024-05-03,Delivered,Wallet,0.0,0.85
ORD0000023,CUST00131,2024-04-30,Delivered,Wallet,0.0,10.82
ORD0000024,CUST01728,2023-08-11,Delivered,Debit Card,0.0,2.15
ORD0000025,CUST00759,2024-09-21,Delivered,Debit Card,0.0,0.09
ORD0000026,CUST01575,2024-04-20,Delivered,Wallet,0.0,0.53
ORD0000027,CUST00579,2024-08-24,Delivered,Wallet,0.1,7.36
ORD0000028,CUST01883,2024-03-17,Delivered,Debit Card,0.15,2.17
ORD0000029,CUST00754,2022-03-14,Delivered,Credit Card,0.0,6.9
ORD0000030,CUST01929,2024-06-26,Delivered,Wallet,0.05,6.78
ORD0000031,CUST01460,2023-03-26,Delivered,Wallet,0.15,9.89
ORD0000032,CUST01319,2024-08-20,Delivered,Credit Card,0.0,8.14
ORD0000033,CUST00692,2024-09-17,Cancelled,Net Banking,0.1,6.48
ORD0000034,CUST01314,2024-06-24,Delivered,Debit Card,0.1,6.17
ORD0000035,CUST01911,2024-11-03,Delivered,Credit Card,0.1,10.14
ORD0000036,CUST00642,2024-01-15,Delivered,Debit Card,0.0,4.61
ORD0000037,CUST01853,2024-05-31,Delivered,PayPal,0.1,4.55
ORD0000038,CUST01865,2024-03-27,Delivered,Wallet,0.05,7.04
ORD0000039,CUST00977,2023-09-24,Delivered,PayPal,0.05,13.96
ORD0000040,CUST01939,2024-04-02,Cancelled,PayPal,0.2,1.03
ORD0000041,CUST01878,2024-08-29,Delivered,Wallet,0.15,2.96
ORD0000042,CUST01638,2024-09-09,Delivered,UPI,0.15,14.88
ORD0000043,CUST01052,2023-10-01,Processing,Credit Card,0.15,7.34
ORD0000044,CUST00559,2024-12-26,Delivered,Net Banking,0.0,0.47
ORD0000045,CUST00796,2022-05-26,Delivered,UPI,0.0,5.03
ORD0000046,CUST01132,2023-03-07,Delivered,UPI,0.0,13.78
ORD0000047,CUST01835,2024-04-03,Delivered,Credit Card,0.0,3.64
ORD0000048,CUST01172,2023-06-29,Delivered,Credit Card,0.15,10.85
ORD0000049,CUST01610,2023-11-21,Delivered,Debit Card,0.0,2.99
ORD0000050,CUST01622,2024-04-13,Delivered,UPI,0.1,4.81
ORD0000051,CUST01447,2023-09-03,Delivered,Net Banking,0.1,12.98
ORD0000052,CUST00013,2022-06-22,Delivered,Debit Card,0.0,13.17
ORD0000053,CUST00384,2024-09-29,Delivered,UPI,0.0,9.53
ORD0000054,CUST00874,2023-10-03,Returned,Net Banking,0.1,0.1
ORD0000055,CUST01849,2022-05-30,Delivered,Credit Card,0.1,10.11
ORD0000056,CUST01166,2023-07-06,Delivered,PayPal,0.0,11.13
ORD0000057,CUST01119,2023-04-16,Delivered,Wallet,0.0,5.29
ORD0000058,CUST01780,2024-12-16,Delivered,Wallet,0.0,11.26
ORD0000059,CUST01783,2024-12-17,Delivered,UPI,0.0,11.87
ORD0000060,CUST00445,2024-01-16,Delivered,PayPal,0.05,5.06
ORD0000061,CUST00622,2024-09-14,Delivered,Net Banking,0.0,10.86
ORD0000062,CUST01970,2022-12-04,Delivered,UPI,0.0,9.12
ORD0000063,CUST01646,2024-09-20,Delivered,PayPal,0.0,9.47
ORD0000064,CUST00879,2024-05-20,Delivered,PayPal,0.0,5.12
ORD0000065,CUST01158,2024-11-30,Delivered,UPI,0.05,3.69
ORD0000066,CUST01431,2023-06-10,Cancelled,Wallet,0.2,8.58
ORD0000067,CUST01804,2023-02-06,Delivered,PayPal,0.0,1.22
ORD0000068,CUST01593,2023-10-04,Returned,Debit Card,0.0,5.46
ORD0000069,CUST01690,2024-11-08,Delivered,PayPal,0.1,7.27
ORD0000070,CUST01688,2023-06-29,Processing,Credit Card,0.05,4.43
ORD0000071,CUST01637,2024-06-20,Delivered,UPI,0.1,10.51
ORD0000072,CUST00162,2023-09-19,Delivered,Debit Card,0.15,6.7
ORD0000073,CUST00910,2024-02-12,Delivered,PayPal,0.0,2.97
ORD0000074,CUST00662,2022-02-03,Delivered,Net Banking,0.15,7.16
ORD0000075,CUST00053,2024-12-05,Delivered,PayPal,0.0,9.2
ORD0000076,CUST00115,2024-10-20,Delivered,Credit Card,0.0,13.9
ORD0000077,CUST00335,2024-05-25,Delivered,PayPal,0.0,5.07
ORD0000078,CUST00128,2024-11-04,Delivered,Wallet,0.1,2.32
ORD0000079,CUST00491,2022-08-17,Delivered,Credit Card,0.05,9.64
ORD0000080,CUST01554,2024-09-10,Cancelled,Debit Card,0.2,7.51
ORD0000081,CUST01045,2023-05-09,Delivered,Wallet,0.1,6.22
ORD0000082,CUST00074,2023-06-11,Delivered,PayPal,0.05,10.53
ORD0000083,CUST00436,2023-01-19,Delivered,Wallet,0.15,9.34
ORD0000084,CUST00796,2022-12-05,Returned,PayPal,0.1,5.02
ORD0000085,CUST00245,2024-06-21,Delivered,Net Banking,0.0,14.52
ORD0000086,CUST00086,2024-08-08,Returned,Debit Card,0.1,3.0
ORD0000087,CUST00740,2024-08-04,Delivered,Net Banking,0.05,13.35
ORD0000088,CUST01699,2024-02-26,Returned,Wallet,0.0,5.83
ORD0000089,CUST01544,2023-12-27,Cancelled,Net Banking,0.05,4.28
ORD0000090,CUST00622,2024-08-04,Delivered,Debit Card,0.05,1.46
ORD0000091,CUST01520,2024-09-27,Delivered,Wallet,0.0,0.34
ORD0000092,CUST00247,2024-09-24,Cancelled,Debit Card,0.15,0.22
ORD0000093,CUST01782,2024-10-11,Delivered,Credit Card,0.0,10.54
ORD0000094,CUST01389,2024-06-09,Delivered,UPI,0.05,6.19
ORD0000095,CUST01973,2024-04-25,Delivered,Credit Card,0.05,14.94
ORD0000096,CUST01145,2024-11-02,Returned,Wallet,0.1,0.71
ORD0000097,CUST01681,2023-12-10,Delivered,PayPal,0.0,10.89
ORD0000098,CUST01189,2024-01-30,Delivered,PayPal,0.2,2.21
ORD0000099,CUST01969,2024-11-16,Delivered,Debit Card,0.0,4.99
ORD0000100,CUST01544,2024-10-12,Returned,Credit Card,0.0,5.15
ORD0000101,CUST00168,2024-12-22,Delivered,Net Banking,0.0,8.16
ORD0000102,CUST01362,2023-06-03,Delivered,PayPal,0.1,7.34
ORD0000103,CUST01919,2024-06-18,Delivered,Debit Card,0.1,8.66
ORD0000104,CUST01830,2024-10-24,Returned,Credit Card,0.05,10.42
ORD0000105,CUST01691,2024-11-19,Delivered,Debit Card,0.0,0.35
ORD0000106,CUST00381,2024-12-07,Delivered,PayPal,0.0,6.79
ORD0000107,CUST00022,2024-11-16,Delivered,PayPal,0.0,6.43
ORD0000108,CUST01024,2023-11-23,Delivered,UPI,0.0,12.92
ORD0000109,CUST00866,2024-09-14,Delivered,Wallet,0.0,7.35
ORD0000110,CUST01555,2024-02-12,Delivered,Credit Card,0.05,3.68
ORD0000111,CUST00962,2023-01-12,Delivered,Wallet,0.05,12.82
ORD0000112,CUST00022,2024-10-13,Delivered,Credit Card,0.1,14.03
ORD0000113,CUST01428,2024-08-12,Delivered,Wallet,0.15,10.86
ORD0000114,CUST01006,2023-07-12,Cancelled,Debit Card,0.0,0.6
ORD0000115,CUST00408,2024-09-07,Delivered,Wallet,0.0,12.1
ORD0000116,CUST00469,2024-08-07,Returned,Credit Card,0.15,1.52
ORD0000117,CUST00898,2024-04-05,Delivered,Credit Card,0.1,10.63
ORD0000118,CUST01142,2024-02-08,Delivered,Wallet,0.0,5.36
ORD0000119,CUST00332,2022-11-13,Delivered,UPI,0.1,9.9
ORD0000120,CUST01989,2024-11-13,Delivered,Credit Card,0.05,8.39
ORD0000121,CUST00273,2024-07-07,Delivered,Credit Card,0.0,1.69
ORD0000122,CUST01804,2024-08-15,Delivered,UPI,0.15,12.02
ORD0000123,CUST00981,2023-09-03,Delivered,Wallet,0.0,9.41
ORD0000124,CUST00149,2024-11-22,Delivered,UPI,0.05,12.6
ORD0000125,CUST00833,2023-03-07,Delivered,PayPal,0.0,11.71
ORD0000126,CUST00922,2023-09-11,Delivered,Net Banking,0.0,14.24
ORD0000127,CUST01068,2024-08-28,Delivered,Net Banking,0.0,0.46
ORD0000128,CUST01583,2022-06-12,Delivered,UPI,0.0,9.75
ORD0000129,CUST01424,2024-07-12,Cancelled,Wallet,0.05,11.79
ORD0000130,CUST01417,2024-08-30,Processing,Net Banking,0.05,9.47
ORD0000131,CUST01792,2023-07-29,Delivered,PayPal,0.0,13.61
ORD0000132,CUST01061,2023-11-21,Delivered,Wallet,0.05,9.89
ORD0000133,CUST00658,2023-04-27,Returned,Debit Card,0.05,1.76
ORD0000134,CUST01818,2024-07-30,Returned,UPI,0.0,7.27
ORD0000135,CUST01101,2024-07-17,Delivered,PayPal,0.05,1.87
ORD0000136,CUST00007,2024-01-09,Delivered,UPI,0.15,6.82
ORD0000137,CUST01220,2024-08-03,Delivered,Credit Card,0.0,2.1
ORD0000138,CUST01736,2023-02-07,Delivered,PayPal,0.05,1.91
ORD0000139,CUST00082,2024-10-30,Delivered,PayPal,0.0,14.65
ORD0000140,CUST01237,2024-05-23,Delivered,PayPal,0.15,12.61
ORD0000141,CUST00649,2024-12-30,Delivered,UPI,0.1,3.05
ORD0000142,CUST01995,2023-11-06,Returned,Debit Card,0.0,12.68
ORD0000143,CUST00340,2024-10-27,Delivered,Credit Card,0.0,0.05
ORD0000144,CUST00914,2023-05-15,Delivered,UPI,0.1,10.69
ORD0000145,CUST01567,2023-04-26,Delivered,UPI,0.1,11.84
ORD0000146,CUST01261,2024-07-31,Returned,PayPal,0.05,2.17
ORD0000147,CUST01614,2024-02-11,Delivered,UPI,0.0,4.11
ORD0000148,CUST01322,2024-09-13,Delivered,Credit Card,0.1,5.83
ORD0000149,CUST01006,2024-08-22,Delivered,Credit Card,0.15,6.56
ORD0000150,CUST01867,2023-09-24,Delivered,Net Banking,0.0,9.68
ORD0000151,CUST00099,2023-12-09,Delivered,Credit Card,0.15,9.23
ORD0000152,CUST00928,2022-10-10,Delivered,PayPal,0.15,13.07
ORD0000153,CUST00342,2024-10-05,Delivered,Credit Card,0.0,8.59
ORD0000154,CUST00484,2023-08-15,Returned,Wallet,0.0,1.16
ORD0000155,CUST01559,2024-05-27,Delivered,Debit Card,0.0,3.68
ORD0000156,CUST01052,2024-11-18,Delivered,Credit Card,0.05,5.91
ORD0000157,CUST01734,2024-02-23,Delivered,PayPal,0.05,8.61
ORD0000158,CUST00359,2024-06-29,Delivered,Net Banking,0.0,11.32
ORD0000159,CUST00002,2024-11-30,Delivered,Wallet,0.1,11.31
ORD0000160,CUST00725,2024-12-03,Delivered,UPI,0.1,11.27
ORD0000161,CUST00259,2024-12-20,Delivered,PayPal,0.0,12.63
ORD0000162,CUST00770,2024-07-02,Delivered,Debit Card,0.0,11.25
ORD0000163,CUST01772,2024-11-28,Returned,Wallet,0.1,11.91
ORD0000164,CUST01845,2024-01-21,Cancelled,UPI,0.0,7.0
ORD0000165,CUST01966,2024-04-06,Delivered,Wallet,0.0,13.84
ORD0000166,CUST00953,2024-11-29,Cancelled,Credit Card,0.15,8.97
ORD0000167,CUST00978,2023-04-02,Cancelled,UPI,0.15,1.02
ORD0000168,CUST00340,2022-12-13,Processing,Wallet,0.0,8.42
ORD0000169,CUST01292,2024-05-20,Delivered,Net Banking,0.05,6.9
ORD0000170,CUST01200,2022-09-14,Cancelled,UPI,0.1,11.45
ORD0000171,CUST01037,2022-08-29,Processing,UPI,0.0,4.95
ORD0000172,CUST00565,2024-06-23,Delivered,Credit Card,0.0,14.3
ORD0000173,CUST00856,2024-06-25,Delivered,Debit Card,0.05,0.01
ORD0000174,CUST01490,2024-11-18,Returned,Debit Card,0.0,13.87
ORD0000175,CUST01491,2023-11-05,Returned,PayPal,0.2,8.66
ORD0000176,CUST01368,2024-11-27,Returned,Wallet,0.05,4.18
ORD0000177,CUST00990,2024-06-23,Delivered,UPI,0.05,14.59
ORD0000178,CUST01854,2024-04-08,Cancelled,Net Banking,0.1,5.44
ORD0000179,CUST00333,2024-09-11,Cancelled,PayPal,0.1,13.89
ORD0000180,CUST00316,2024-06-23,Delivered,PayPal,0.0,1.77
ORD0000181,CUST01206,2023-07-01,Delivered,PayPal,0.1,3.65
ORD0000182,CUST00207,2023-05-28,Delivered,Debit Card,0.1,8.11
ORD0000183,CUST00966,2024-01-14,Delivered,PayPal,0.0,10.18
ORD0000184,CUST00080,2024-08-21,Delivered,Credit Card,0.0,12.32
ORD0000185,CUST01688,2024-10-10,Delivered,Net Banking,0.05,12.55
ORD0000186,CUST00134,2023-12-21,Delivered,Wallet,0.0,11.64
ORD0000187,CUST00806,2024-10-02,Delivered,UPI,0.0,12.15
ORD0000188,CUST00602,2024-05-20,Delivered,PayPal,0.15,9.99
ORD0000189,CUST01441,2023-06-13,Delivered,Credit Card,0.0,2.22
ORD0000190,CUST00840,2024-05-10,Cancelled,Wallet,0.1,8.28
ORD0000191,CUST00321,2024-11-16,Delivered,Credit Card,0.0,12.62
ORD0000192,CUST00921,2024-09-23,Returned,Wallet,0.1,6.34
ORD0000193,CUST00016,2024-12-10,Returned,UPI,0.2,1.4
ORD0000194,CUST01961,2024-08-22,Cancelled,UPI,0.1,0.58
ORD0000195,CUST01639,2024-11-29,Delivered,UPI,0.0,11.57
ORD0000196,CUST01255,2024-05-14,Delivered,Wallet,0.1,12.0
ORD0000197,CUST00092,2024-08-05,Delivered,Wallet,0.05,14.48
ORD0000198,CUST01873,2023-08-03,Cancelled,Debit Card,0.1,6.74
ORD0000199,CUST01369,2024-12-30,Delivered,Net Banking,0.0,3.44
ORD0000200,CUST00814,2023-04-20,Delivered,PayPal,0.2,8.03
ORD0000201,CUST00438,2024-08-25,Delivered,Credit Card,0.0,12.83
ORD0000202,CUST00164,2024-07-28,Delivered,Credit Card,0.15,1.49
ORD0000203,CUST01494,2024-02-29,Delivered,PayPal,0.1,4.64
ORD0000204,CUST01789,2023-10-19,Returned,Debit Card,0.0,0.99
ORD0000205,CUST01025,2024-12-08,Delivered,Net Banking,0.05,4.17
ORD0000206,CUST00362,2024-06-11,Returned,PayPal,0.05,10.88
ORD0000207,CUST00398,2024-07-18,Processing,PayPal,0.1,0.45
ORD0000208,CUST01306,2024-05-26,Delivered,Credit Card,0.1,14.64
ORD0000209,CUST00408,2024-03-20,Delivered,Net Banking,0.0,5.33
ORD0000210,CUST01067,2024-10-22,Delivered,UPI,0.05,7.42
ORD0000211,CUST01759,2023-05-17,Delivered,Debit Card,0.0,10.44
ORD0000212,CUST00746,2024-07-12,Delivered,UPI,0.1,0.34
ORD0000213,CUST00195,2023-05-05,Delivered,Credit Card,0.0,2.74
ORD0000214,CUST00101,2024-05-08,Delivered,Net Banking,0.1,13.69
ORD0000215,CUST01783,2024-12-23,Delivered,Wallet,0.15,4.46
ORD0000216,CUST00141,2022-09-12,Cancelled,Credit Card,0.05,13.37
ORD0000217,CUST01110,2023-07-20,Delivered,Net Banking,0.05,13.43
ORD0000218,CUST00380,2024-07-04,Delivered,Debit Card,0.0,10.93
ORD0000219,CUST00836,2023-03-16,Delivered,Net Banking,0.15,11.92
ORD0000220,CUST00433,2024-10-29,Delivered,Net Banking,0.0,4.39
ORD0000221,CUST00590,2023-09-21,Delivered,Credit Card,0.15,10.6
ORD0000222,CUST00235,2024-12-05,Delivered,Wallet,0.1,1.92
ORD0000223,CUST01981,2023-05-02,Delivered,Debit Card,0.0,11.17
ORD0000224,CUST00006,2023-04-16,Delivered,Credit Card,0.1,6.2
ORD0000225,CUST00302,2024-11-07,Delivered,PayPal,0.0,4.88
ORD0000226,CUST01757,2024-11-21,Delivered,Debit Card,0.0,13.05
ORD0000227,CUST00950,2022-10-10,Delivered,Credit Card,0.15,11.22
ORD0000228,CUST00289,2023-10-21,Delivered,Credit Card,0.05,7.1
ORD0000229,CUST00412,2024-12-11,Returned,UPI,0.1,4.04
ORD0000230,CUST01322,2024-06-23,Delivered,Net Banking,0.2,7.65
ORD0000231,CUST01638,2024-04-18,Delivered,Net Banking,0.0,14.36
ORD0000232,CUST01659,2024-02-27,Delivered,Net Banking,0.1,12.84
ORD0000233,CUST00007,2024-02-10,Processing,Wallet,0.0,11.55
ORD0000234,CUST00384,2024-08-19,Delivered,UPI,0.1,3.77
ORD0000235,CUST00779,2024-09-07,Delivered,PayPal,0.15,0.69
ORD0000236,CUST01091,2024-08-29,Delivered,Net Banking,0.05,0.25
ORD0000237,CUST00474,2023-12-11,Returned,UPI,0.0,8.02
ORD0000238,CUST00448,2023-10-14,Delivered,Net Banking,0.0,6.14
ORD0000239,CUST01100,2023-06-06,Delivered,Net Banking,0.1,2.51
ORD0000240,CUST00182,2024-08-05,Delivered,PayPal,0.15,0.0
ORD0000241,CUST00056,2023-01-17,Processing,Wallet,0.05,4.13
ORD0000242,CUST01511,2022-11-15,Delivered,Debit Card,0.0,2.96
ORD0000243,CUST00463,2024-12-25,Delivered,Wallet,0.0,3.06
ORD0000244,CUST01708,2024-05-18,Delivered,PayPal,0.0,0.53
ORD0000245,CUST00174,2024-06-19,Delivered,Credit Card,0.0,6.52
ORD0000246,CUST01811,2024-10-07,Cancelled,Net Banking,0.15,14.77
ORD0000247,CUST01714,2024-05-07,Delivered,Debit Card,0.0,13.89
ORD0000248,CUST00953,2024-10-31,Returned,Wallet,0.0,1.9
ORD0000249,CUST01148,2024-02-21,Delivered,Wallet,0.05,11.06
ORD0000250,CUST01104,2023-10-12,Returned,Credit Card,0.0,7.63
ORD0000251,CUST00172,2024-01-03,Delivered,PayPal,0.0,4.98
ORD0000252,CUST00876,2024-11-06,Returned,Debit Card,0.0,10.48
ORD0000253,CUST00906,2022-10-13,Delivered,Credit Card,0.05,11.07
ORD0000254,CUST01736,2023-09-03,Delivered,Credit Card,0.1,11.63
ORD0000255,CUST01552,2024-10-14,Returned,Credit Card,0.05,10.32
ORD0000256,CUST00118,2023-10-29,Delivered,PayPal,0.2,5.69
ORD0000257,CUST01542,2024-05-19,Delivered,Debit Card,0.0,9.01
ORD0000258,CUST01865,2024-07-21,Delivered,PayPal,0.0,7.52
ORD0000259,CUST00958,2023-02-27,Delivered,Wallet,0.0,3.92
ORD0000260,CUST00182,2024-04-16,Delivered,Debit Card,0.0,6.08
ORD0000261,CUST01048,2023-08-29,Processing,Credit Card,0.0,5.49
ORD0000262,CUST00109,2024-05-11,Delivered,Net Banking,0.05,8.37
ORD0000263,CUST00133,2024-01-24,Delivered,Credit Card,0.0,12.98
ORD0000264,CUST01824,2023-11-29,Delivered,Wallet,0.1,2.66
ORD0000265,CUST00819,2024-08-30,Delivered,Debit Card,0.1,10.45
ORD0000266,CUST01322,2024-09-03,Delivered,PayPal,0.0,2.38
ORD0000267,CUST00755,2024-11-28,Delivered,PayPal,0.0,1.23
ORD0000268,CUST00826,2024-07-25,Delivered,PayPal,0.1,8.15
ORD0000269,CUST01370,2023-03-18,Delivered,PayPal,0.0,12.95
ORD0000270,CUST01497,2024-01-04,Delivered,Net Banking,0.05,7.78
ORD0000271,CUST01380,2024-08-31,Delivered,Wallet,0.0,0.86
ORD0000272,CUST01203,2024-06-08,Cancelled,Wallet,0.0,3.33
ORD0000273,CUST00194,2024-11-30,Delivered,Wallet,0.05,13.18
ORD0000274,CUST01999,2023-09-01,Delivered,Wallet,0.0,2.97
ORD0000275,CUST00463,2022-07-08,Cancelled,Wallet,0.15,1.15
ORD0000276,CUST01554,2024-09-28,Processing,Net Banking,0.0,12.88
ORD0000277,CUST01201,2023-02-13,Delivered,Net Banking,0.05,1.92
ORD0000278,CUST00968,2024-09-16,Delivered,Net Banking,0.0,1.8
ORD0000279,CUST01623,2024-03-25,Delivered,PayPal,0.0,9.06
ORD0000280,CUST00463,2023-05-03,Delivered,Credit Card,0.05,8.8
ORD0000281,CUST01233,2024-12-22,Delivered,PayPal,0.0,5.03
ORD0000282,CUST00267,2024-10-17,Delivered,Credit Card,0.15,12.44
ORD0000283,CUST00878,2024-05-06,Processing,Net Banking,0.1,10.41
ORD0000284,CUST01599,2023-07-14,Cancelled,Credit Card,0.15,7.8
ORD0000285,CUST01812,2024-11-12,Returned,UPI,0.1,2.31
ORD0000286,CUST01573,2024-05-09,Delivered,Credit Card,0.0,12.26
ORD0000287,CUST00995,2024-12-03,Delivered,Debit Card,0.05,9.32
ORD0000288,CUST01598,2024-05-04,Delivered,Wallet,0.0,13.69
ORD0000289,CUST01322,2024-05-11,Delivered,Credit Card,0.0,10.01
ORD0000290,CUST01157,2024-12-16,Delivered,PayPal,0.1,8.61
ORD0000291,CUST01931,2024-05-22,Delivered,UPI,0.05,13.04
ORD0000292,CUST00606,2024-08-09,Delivered,UPI,0.0,9.55
ORD0000293,CUST00603,2022-11-11,Delivered,Net Banking,0.15,9.28
ORD0000294,CUST01155,2024-12-14,Processing,Net Banking,0.0,10.5
ORD0000295,CUST00634,2024-12-12,Cancelled,Net Banking,0.1,9.1
ORD0000296,CUST01841,2024-12-05,Delivered,Credit Card,0.15,12.54
ORD0000297,CUST01125,2022-10-08,Delivered,Net Banking,0.1,10.15
ORD0000298,CUST01174,2024-11-08,Delivered,Debit Card,0.05,0.22
ORD0000299,CUST01654,2024-08-12,Delivered,Credit Card,0.0,3.78
ORD0000300,CUST01109,2024-08-19,Delivered,PayPal,0.1,12.75
ORD0000301,CUST01706,2024-04-12,Delivered,Credit Card,0.0,10.02
ORD0000302,CUST00240,2024-12-25,Processing,Debit Card,0.0,1.13
ORD0000303,CUST00769,2024-06-15,Delivered,Credit Card,0.05,4.4
ORD0000304,CUST01585,2023-04-14,Returned,Net Banking,0.05,14.24
ORD0000305,CUST01306,2023-07-15,Delivered,UPI,0.15,6.64
ORD0000306,CUST01463,2024-06-12,Cancelled,UPI,0.1,10.07
ORD0000307,CUST01528,2024-02-18,Delivered,UPI,0.1,13.85
ORD0000308,CUST00407,2024-02-17,Delivered,Debit Card,0.0,14.31
ORD0000309,CUST00707,2024-06-05,Delivered,Credit Card,0.05,6.96
ORD0000310,CUST00161,2024-11-25,Delivered,Debit Card,0.0,11.26
ORD0000311,CUST00272,2024-04-08,Delivered,PayPal,0.05,5.64
ORD0000312,CUST01826,2024-11-29,Delivered,Credit Card,0.0,10.89
ORD0000313,CUST00098,2022-10-09,Returned,Credit Card,0.0,14.6
ORD0000314,CUST00109,2023-12-31,Delivered,Credit Card,0.1,5.98
ORD0000315,CUST00349,2024-12-10,Delivered,Debit Card,0.0,9.59
ORD0000316,CUST01173,2024-09-04,Delivered,Wallet,0.1,10.3
ORD0000317,CUST01796,2023-01-11,Returned,Wallet,0.0,14.94
ORD0000318,CUST01966,2024-12-29,Delivered,Net Banking,0.1,8.17
ORD0000319,CUST01434,2024-10-11,Delivered,Debit Card,0.15,13.5
ORD0000320,CUST00771,2024-08-08,Delivered,Debit Card,0.1,2.71
ORD0000321,CUST01391,2024-09-17,Delivered,Net Banking,0.1,14.83
ORD0000322,CUST01169,2023-05-09,Delivered,UPI,0.0,11.32
ORD0000323,CUST01778,2023-06-03,Processing,Credit Card,0.0,12.76
ORD0000324,CUST01985,2023-07-31,Delivered,Net Banking,0.0,5.07
ORD0000325,CUST00926,2024-12-29,Delivered,Credit Card,0.1,10.43
ORD0000326,CUST00823,2024-11-20,Delivered,Wallet,0.0,2.8
ORD0000327,CUST01251,2024-03-06,Delivered,Net Banking,0.05,8.62
ORD0000328,CUST01058,2023-07-26,Delivered,Wallet,0.1,7.98
ORD0000329,CUST00756,2023-12-30,Delivered,Wallet,0.15,13.42
ORD0000330,CUST01491,2024-05-15,Delivered,Credit Card,0.05,0.46
ORD0000331,CUST00361,2024-12-25,Delivered,PayPal,0.15,3.77
ORD0000332,CUST01308,2024-06-30,Delivered,Net Banking,0.0,11.09
ORD0000333,CUST00697,2024-06-15,Delivered,Wallet,0.0,13.74
ORD0000334,CUST00365,2024-07-03,Delivered,Debit Card,0.2,6.05
ORD0000335,CUST01601,2024-08-22,Delivered,Net Banking,0.15,1.59
ORD0000336,CUST01959,2024-07-24,Cancelled,Credit Card,0.05,9.15
ORD0000337,CUST01287,2024-02-23,Returned,Net Banking,0.15,1.12
ORD0000338,CUST01192,2024-01-13,Delivered,PayPal,0.0,3.15
ORD0000339,CUST00930,2022-11-01,Delivered,Credit Card,0.0,3.25
ORD0000340,CUST00975,2024-12-01,Returned,Debit Card,0.05,11.98
ORD0000341,CUST00545,2024-10-28,Delivered,Credit Card,0.05,4.25
ORD0000342,CUST01261,2024-11-18,Cancelled,Net Banking,0.0,7.86
ORD0000343,CUST00740,2023-03-04,Delivered,Net Banking,0.05,12.85
ORD0000344,CUST01916,2024-02-24,Delivered,UPI,0.15,6.24
ORD0000345,CUST01010,2023-08-11,Delivered,Wallet,0.2,4.19
ORD0000346,CUST00590,2023-07-12,Delivered,Net Banking,0.0,13.66
ORD0000347,CUST01310,2024-03-04,Delivered,Credit Card,0.15,14.38
ORD0000348,CUST01779,2023-06-16,Delivered,PayPal,0.0,7.21
ORD0000349,CUST00582,2023-12-12,Delivered,Net Banking,0.05,5.75
ORD0000350,CUST00867,2024-12-15,Cancelled,Wallet,0.1,14.24
ORD0000351,CUST01733,2024-09-05,Processing,PayPal,0.1,4.32
ORD0000352,CUST01713,2022-09-10,Delivered,Wallet,0.05,0.11
ORD0000353,CUST00773,2024-10-13,Delivered,Debit Card,0.0,6.23
ORD0000354,CUST00050,2024-04-19,Delivered,Net Banking,0.05,10.59
ORD0000355,CUST00951,2024-11-19,Delivered,Net Banking,0.2,9.42
ORD0000356,CUST00667,2024-10-28,Delivered,Wallet,0.05,11.13
ORD0000357,CUST01495,2024-05-04,Delivered,Debit Card,0.05,10.77
ORD0000358,CUST01980,2024-10-22,Processing,PayPal,0.15,2.73
ORD0000359,CUST00439,2024-11-29,Cancelled,Wallet,0.2,6.41
ORD0000360,CUST01312,2024-02-21,Delivered,Debit Card,0.05,13.45
ORD0000361,CUST01617,2024-11-21,Returned,PayPal,0.05,8.34
ORD0000362,CUST01002,2024-05-21,Delivered,Debit Card,0.15,2.42
ORD0000363,CUST01170,2024-07-15,Delivered,UPI,0.0,9.17
ORD0000364,CUST01170,2024-05-14,Delivered,PayPal,0.0,3.7
ORD0000365,CUST01187,2024-09-16,Delivered,Wallet,0.0,11.29
ORD0000366,CUST01494,2023-12-06,Delivered,Credit Card,0.0,3.98
ORD0000367,CUST01769,2024-06-21,Delivered,Wallet,0.1,11.1
ORD0000368,CUST00808,2022-12-03,Returned,Credit Card,0.15,3.03
ORD0000369,CUST01890,2024-01-13,Delivered,Net Banking,0.1,4.81
ORD0000370,CUST01841,2024-10-25,Delivered,Net Banking,0.0,2.51
ORD0000371,CUST00395,2024-09-08,Delivered,Credit Card,0.0,8.65
ORD0000372,CUST00237,2024-01-02,Delivered,Wallet,0.15,14.4
ORD0000373,CUST01580,2023-10-15,Delivered,Credit Card,0.0,1.94
ORD0000374,CUST01478,2024-08-20,Delivered,Wallet,0.1,11.14
ORD0000375,CUST01530,2024-12-17,Delivered,Debit Card,0.0,6.47
ORD0000376,CUST01353,2022-10-12,Delivered,PayPal,0.15,11.65
ORD0000377,CUST00206,2023-11-15,Delivered,Wallet,0.1,5.92
ORD0000378,CUST00276,2023-03-04,Delivered,Credit Card,0.0,12.6
ORD0000379,CUST01660,2024-10-04,Delivered,Debit Card,0.0,10.74
ORD0000380,CUST01687,2022-09-12,Delivered,UPI,0.0,1.78
ORD0000381,CUST01126,2024-06-28,Delivered,Debit Card,0.0,3.18
ORD0000382,CUST00053,2024-10-09,Processing,UPI,0.15,1.85
ORD0000383,CUST00570,2023-03-24,Delivered,UPI,0.05,10.78
ORD0000384,CUST00702,2023-11-20,Delivered,Wallet,0.15,9.48
ORD0000385,CUST00512,2022-11-08,Delivered,UPI,0.05,14.35
ORD0000386,CUST01276,2024-09-10,Delivered,PayPal,0.05,5.58
ORD0000387,CUST01724,2024-11-09,Delivered,UPI,0.1,6.51
ORD0000388,CUST01576,2024-03-15,Returned,Credit Card,0.05,3.11
ORD0000389,CUST00566,2024-10-31,Delivered,Credit Card,0.05,8.17
ORD0000390,CUST01214,2024-04-25,Returned,PayPal,0.0,10.56
ORD0000391,CUST00928,2022-07-28,Delivered,Debit Card,0.05,4.98
ORD0000392,CUST01442,2023-02-09,Delivered,Debit Card,0.05,5.23
ORD0000393,CUST01150,2022-03-05,Delivered,Debit Card,0.2,9.1
ORD0000394,CUST01717,2024-02-09,Cancelled,Debit Card,0.05,1.18
ORD0000395,CUST00039,2022-02-22,Delivered,UPI,0.0,6.38
ORD0000396,CUST00052,2023-08-08,Returned,Net Banking,0.0,7.28
ORD0000397,CUST01200,2023-03-08,Delivered,Credit Card,0.15,12.31
ORD0000398,CUST00511,2024-11-13,Processing,Debit Card,0.0,0.63
ORD0000399,CUST01325,2024-09-21,Delivered,UPI,0.05,11.75
ORD0000400,CUST00949,2024-12-28,Delivered,UPI,0.0,5.73
ORD0000401,CUST01957,2024-07-09,Delivered,Credit Card,0.05,7.28
ORD0000402,CUST00895,2023-10-03,Delivered,Net Banking,0.1,10.05
ORD0000403,CUST00914,2022-07-10,Delivered,PayPal,0.1,2.48
ORD0000404,CUST00105,2024-11-29,Delivered,Debit Card,0.15,1.59
ORD0000405,CUST01741,2024-12-25,Cancelled,Credit Card,0.05,3.53
ORD0000406,CUST01813,2024-08-20,Delivered,Credit Card,0.0,1.25
ORD0000407,CUST01976,2024-12-09,Cancelled,Credit Card,0.05,14.56
ORD0000408,CUST01069,2024-01-01,Delivered,UPI,0.0,14.59
ORD0000409,CUST00354,2023-09-24,Returned,Credit Card,0.0,6.28
ORD0000410,CUST01725,2023-04-02,Delivered,Net Banking,0.0,6.05
ORD0000411,CUST01621,2024-04-06,Delivered,Net Banking,0.05,2.26
ORD0000412,CUST01206,2024-02-04,Delivered,Credit Card,0.0,11.85
ORD0000413,CUST01843,2024-10-19,Delivered,PayPal,0.0,10.11
ORD0000414,CUST00220,2024-07-18,Delivered,Wallet,0.15,10.05
ORD0000415,CUST01813,2024-09-04,Cancelled,PayPal,0.1,12.53
ORD0000416,CUST01476,2023-06-20,Cancelled,PayPal,0.05,6.8
ORD0000417,CUST00024,2023-08-19,Delivered,Debit Card,0.0,2.4
ORD0000418,CUST01030,2024-05-08,Delivered,Wallet,0.05,7.53
ORD0000419,CUST00983,2024-09-04,Processing,UPI,0.1,9.03
ORD0000420,CUST01707,2024-02-17,Delivered,Credit Card,0.0,8.8
ORD0000421,CUST00477,2024-06-02,Delivered,Credit Card,0.05,5.13
ORD0000422,CUST00738,2024-04-18,Delivered,PayPal,0.05,1.87
ORD0000423,CUST01788,2023-06-09,Delivered,Net Banking,0.0,6.25
ORD0000424,CUST01218,2024-08-26,Delivered,Credit Card,0.05,8.2
ORD0000425,CUST00848,2024-03-31,Returned,Debit Card,0.0,12.6
ORD0000426,CUST00865,2024-11-17,Delivered,Debit Card,0.05,10.48
ORD0000427,CUST00781,2024-12-07,Delivered,Credit Card,0.15,4.91
ORD0000428,CUST01257,2023-02-05,Delivered,Credit Card,0.1,12.67
ORD0000429,CUST00145,2024-01-01,Delivered,Credit Card,0.1,3.41
ORD0000430,CUST00644,2024-07-28,Delivered,Debit Card,0.1,1.5
ORD0000431,CUST00777,2024-04-21,Delivered,Wallet,0.0,9.77
ORD0000432,CUST01087,2024-11-20,Delivered,UPI,0.0,14.98
ORD0000433,CUST00884,2024-12-13,Delivered,UPI,0.0,3.93
ORD0000434,CUST00868,2024-07-18,Delivered,Net Banking,0.05,13.39
ORD0000435,CUST01601,2024-12-06,Returned,Debit Card,0.0,3.64
ORD0000436,CUST00690,2024-12-04,Delivered,Wallet,0.0,5.01
ORD0000437,CUST00329,2024-01-11,Delivered,Debit Card,0.0,14.45
ORD0000438,CUST01565,2024-03-08,Delivered,Credit Card,0.0,1.19
ORD0000439,CUST00763,2024-03-06,Returned,Net Banking,0.0,9.59
ORD0000440,CUST01145,2023-04-22,Delivered,Net Banking,0.0,8.93
ORD0000441,CUST01308,2024-09-08,Delivered,Debit Card,0.1,0.8
ORD0000442,CUST00881,2024-03-20,Delivered,Net Banking,0.1,0.72
ORD0000443,CUST00359,2024-09-15,Delivered,Wallet,0.1,11.27
ORD0000444,CUST00065,2024-11-23,Cancelled,Wallet,0.0,5.51
ORD0000445,CUST00229,2023-11-25,Cancelled,Wallet,0.0,14.77
ORD0000446,CUST01568,2024-07-20,Delivered,Net Banking,0.05,11.0
ORD0000447,CUST00393,2024-12-13,Delivered,Credit Card,0.1,13.47
ORD0000448,CUST00125,2022-08-03,Delivered,Debit Card,0.0,12.4
ORD0000449,CUST00792,2024-09-20,Processing,PayPal,0.2,10.79
ORD0000450,CUST00678,2024-05-21,Cancelled,Wallet,0.0,11.82
ORD0000451,CUST00587,2024-05-23,Cancelled,PayPal,0.1,14.83
ORD0000452,CUST00536,2024-07-21,Delivered,Debit Card,0.1,12.29
ORD0000453,CUST00494,2024-10-14,Delivered,UPI,0.0,14.41
ORD0000454,CUST01164,2024-08-29,Processing,Debit Card,0.05,13.27
ORD0000455,CUST01716,2024-11-21,Delivered,Wallet,0.1,2.06
ORD0000456,CUST01766,2024-12-27,Delivered,PayPal,0.0,2.63
ORD0000457,CUST01329,2024-05-26,Delivered,Debit Card,0.0,3.57
ORD0000458,CUST01885,2023-05-22,Cancelled,Debit Card,0.05,7.76
ORD0000459,CUST00344,2024-06-09,Delivered,Credit Card,0.1,2.78
ORD0000460,CUST00130,2024-12-10,Delivered,UPI,0.05,1.72
ORD0000461,CUST01675,2024-09-06,Delivered,Credit Card,0.0,4.33
ORD0000462,CUST01547,2023-05-09,Returned,Net Banking,0.0,9.62
ORD0000463,CUST01775,2024-08-07,Delivered,Credit Card,0.1,0.52
ORD0000464,CUST01711,2024-05-05,Cancelled,PayPal,0.0,14.15
ORD0000465,CUST00551,2022-08-18,Delivered,UPI,0.15,13.74
ORD0000466,CUST01442,2023-03-25,Processing,UPI,0.0,8.12
ORD0000467,CUST00962,2023-01-18,Delivered,Net Banking,0.0,11.4
ORD0000468,CUST00289,2024-03-16,Delivered,Net Banking,0.05,6.08
ORD0000469,CUST01082,2024-10-08,Delivered,Net Banking,0.05,13.47
ORD0000470,CUST00149,2024-06-18,Delivered,UPI,0.1,2.71
ORD0000471,CUST00048,2023-07-27,Delivered,Debit Card,0.15,6.47
ORD0000472,CUST00779,2023-09-18,Delivered,Credit Card,0.0,11.42
ORD0000473,CUST00944,2024-12-13,Delivered,Wallet,0.1,11.22
ORD0000474,CUST01110,2024-10-01,Returned,Debit Card,0.05,4.2
ORD0000475,CUST00363,2024-02-26,Delivered,PayPal,0.15,7.68
ORD0000476,CUST01477,2023-09-17,Delivered,Net Banking,0.0,5.2
ORD0000477,CUST00654,2024-03-21,Delivered,Net Banking,0.0,2.12
ORD0000478,CUST00130,2024-11-17,Delivered,PayPal,0.15,6.15
ORD0000479,CUST01252,2024-11-16,Cancelled,PayPal,0.15,0.08
ORD0000480,CUST00375,2023-01-07,Delivered,Debit Card,0.1,1.35
ORD0000481,CUST01314,2023-10-01,Delivered,Credit Card,0.05,9.16
ORD0000482,CUST01531,2024-05-10,Delivered,UPI,0.0,0.8
ORD0000483,CUST00146,2024-07-22,Delivered,Credit Card,0.1,14.35
ORD0000484,CUST01176,2023-05-28,Delivered,PayPal,0.0,3.41
ORD0000485,CUST01215,2024-10-03,Delivered,UPI,0.15,5.17
ORD0000486,CUST01713,2022-10-19,Processing,Net Banking,0.1,13.89
ORD0000487,CUST00315,2023-12-26,Delivered,UPI,0.1,3.33
ORD0000488,CUST00437,2024-02-05,Delivered,Debit Card,0.05,5.06
ORD0000489,CUST01527,2024-05-21,Delivered,Debit Card,0.05,14.85
ORD0000490,CUST01887,2024-10-30,Cancelled,PayPal,0.2,6.09
ORD0000491,CUST00685,2024-02-08,Delivered,PayPal,0.05,10.57
ORD0000492,CUST00688,2024-06-03,Delivered,Debit Card,0.2,3.09
ORD0000493,CUST00070,2024-12-14,Cancelled,PayPal,0.15,1.61
ORD0000494,CUST01822,2023-09-27,Delivered,Credit Card,0.0,6.94
ORD0000495,CUST00292,2023-10-12,Returned,UPI,0.1,10.23
ORD0000496,CUST01299,2022-11-10,Delivered,Debit Card,0.05,4.73
ORD0000497,CUST01846,2023-09-09,Returned,PayPal,0.15,13.08
ORD0000498,CUST01556,2022-11-18,Delivered,Debit Card,0.0,12.94
ORD0000499,CUST01958,2024-09-23,Delivered,Wallet,0.1,2.87
ORD0000500,CUST01907,2024-08-09,Delivered,PayPal,0.05,9.66
ORD0000501,CUST01583,2022-04-29,Delivered,Credit Card,0.15,0.05
ORD0000502,CUST00878,2023-07-08,Delivered,PayPal,0.1,0.97
ORD0000503,CUST01263,2023-11-23,Processing,Debit Card,0.0,13.64
ORD0000504,CUST00795,2022-08-22,Delivered,UPI,0.05,8.54
ORD0000505,CUST01932,2024-12-22,Delivered,UPI,0.0,10.76
ORD0000506,CUST00547,2022-09-28,Delivered,Wallet,0.2,2.91
ORD0000507,CUST00805,2024-04-02,Delivered,Debit Card,0.1,5.01
ORD0000508,CUST01697,2023-08-16,Delivered,UPI,0.0,4.7
ORD0000509,CUST00586,2022-12-22,Delivered,Net Banking,0.0,0.92
ORD0000510,CUST00449,2024-12-11,Delivered,Credit Card,0.0,1.05
ORD0000511,CUST00501,2022-08-10,Delivered,Net Banking,0.2,13.7
ORD0000512,CUST00182,2024-05-04,Delivered,Debit Card,0.0,9.24
ORD0000513,CUST00685,2024-11-06,Returned,Net Banking,0.05,6.77
ORD0000514,CUST00473,2024-12-30,Returned,Debit Card,0.05,11.96
ORD0000515,CUST00947,2024-12-23,Cancelled,Debit Card,0.1,0.02
ORD0000516,CUST01462,2024-12-02,Delivered,UPI,0.0,10.51
ORD0000517,CUST00723,2024-11-30,Cancelled,Net Banking,0.1,8.59
ORD0000518,CUST00889,2022-08-12,Delivered,Debit Card,0.05,8.03
ORD0000519,CUST01496,2024-06-25,Delivered,UPI,0.05,2.51
ORD0000520,CUST01452,2023-10-23,Delivered,Debit Card,0.1,7.18
ORD0000521,CUST01042,2024-09-14,Delivered,Net Banking,0.0,4.14
ORD0000522,CUST00364,2024-07-16,Delivered,Debit Card,0.0,9.38
ORD0000523,CUST00569,2023-11-14,Delivered,Debit Card,0.0,10.97
ORD0000524,CUST01436,2022-10-10,Delivered,Wallet,0.1,0.2
ORD0000525,CUST00568,2024-12-08,Delivered,Debit Card,0.0,1.96
ORD0000526,CUST00764,2024-01-01,Delivered,Debit Card,0.1,7.55
ORD0000527,CUST00404,2023-09-17,Delivered,PayPal,0.1,10.73
ORD0000528,CUST00815,2024-11-09,Delivered,Debit Card,0.05,1.98
ORD0000529,CUST01226,2023-01-27,Delivered,Wallet,0.15,14.67
ORD0000530,CUST01772,2024-12-02,Delivered,Net Banking,0.15,11.24
ORD0000531,CUST01725,2024-09-30,Returned,UPI,0.0,5.88
ORD0000532,CUST01923,2024-10-05,Delivered,Credit Card,0.0,5.5
ORD0000533,CUST01954,2024-12-13,Returned,Debit Card,0.0,10.51
ORD0000534,CUST01191,2023-10-11,Delivered,PayPal,0.1,9.84
ORD0000535,CUST01239,2023-01-10,Delivered,PayPal,0.05,0.13
ORD0000536,CUST00266,2023-05-16,Delivered,Credit Card,0.05,1.33
ORD0000537,CUST01391,2024-05-27,Returned,Credit Card,0.05,8.01
ORD0000538,CUST01484,2023-10-17,Cancelled,Wallet,0.1,9.01
ORD0000539,CUST00694,2024-11-13,Cancelled,PayPal,0.1,14.21
ORD0000540,CUST01657,2024-11-29,Delivered,PayPal,0.0,12.73
ORD0000541,CUST00758,2024-10-30,Delivered,Wallet,0.0,8.46
ORD0000542,CUST00823,2024-12-17,Delivered,PayPal,0.1,10.83
ORD0000543,CUST01756,2024-01-19,Delivered,Net Banking,0.15,11.65
ORD0000544,CUST00428,2023-11-02,Delivered,PayPal,0.0,5.55
ORD0000545,CUST01879,2023-09-23,Delivered,Debit Card,0.1,11.41
ORD0000546,CUST00814,2023-12-09,Returned,Debit Card,0.0,0.2
ORD0000547,CUST00789,2023-08-17,Cancelled,Wallet,0.0,14.3
ORD0000548,CUST01928,2023-12-15,Returned,PayPal,0.0,13.29
ORD0000549,CUST01161,2024-02-19,Delivered,Debit Card,0.1,1.56
ORD0000550,CUST00291,2023-03-10,Delivered,UPI,0.1,1.39
ORD0000551,CUST01822,2024-04-25,Returned,Wallet,0.0,9.76
ORD0000552,CUST01317,2024-12-30,Delivered,Wallet,0.05,0.38
ORD0000553,CUST00948,2024-10-22,Delivered,Wallet,0.05,4.86
ORD0000554,CUST00229,2024-03-12,Cancelled,Credit Card,0.05,13.88
ORD0000555,CUST00129,2022-03-12,Cancelled,Wallet,0.0,7.79
ORD0000556,CUST00949,2024-12-09,Delivered,PayPal,0.0,3.4
ORD0000557,CUST01651,2024-12-12,Delivered,Debit Card,0.05,13.63
ORD0000558,CUST01275,2024-07-15,Delivered,UPI,0.0,2.64
ORD0000559,CUST01473,2023-10-02,Processing,Wallet,0.0,10.24
ORD0000560,CUST01236,2024-12-09,Delivered,UPI,0.0,10.37
ORD0000561,CUST00875,2022-12-03,Delivered,UPI,0.2,5.96
ORD0000562,CUST01614,2022-11-28,Delivered,Debit Card,0.1,5.72
ORD0000563,CUST00320,2024-06-10,Delivered,Net Banking,0.05,3.33
ORD0000564,CUST00411,2023-12-25,Delivered,Debit Card,0.0,3.15
ORD0000565,CUST00316,2024-05-28,Delivered,Wallet,0.1,8.49
ORD0000566,CUST00375,2024-12-17,Processing,PayPal,0.0,9.84
ORD0000567,CUST01401,2024-12-25,Delivered,Debit Card,0.0,0.09
ORD0000568,CUST01338,2024-07-25,Delivered,Wallet,0.0,1.08
ORD0000569,CUST00470,2024-10-30,Delivered,PayPal,0.0,10.96
ORD0000570,CUST01637,2023-10-08,Cancelled,PayPal,0.1,1.3
ORD0000571,CUST01912,2024-04-30,Delivered,Net Banking,0.1,14.77
ORD0000572,CUST01649,2023-12-18,Delivered,Debit Card,0.1,0.27
ORD0000573,CUST00146,2024-12-18,Returned,Debit Card,0.05,10.93
ORD0000574,CUST01927,2023-05-17,Delivered,UPI,0.1,13.59
ORD0000575,CUST00832,2022-12-12,Delivered,Debit Card,0.05,1.11
ORD0000576,CUST01578,2024-12-03,Delivered,Wallet,0.1,11.47
ORD0000577,CUST01274,2024-11-06,Delivered,Debit Card,0.05,12.61
ORD0000578,CUST00633,2023-08-28,Delivered,Wallet,0.05,11.78
ORD0000579,CUST00094,2024-11-20,Delivered,Credit Card,0.0,11.62
ORD0000580,CUST01311,2024-01-20,Returned,Credit Card,0.0,10.66
ORD0000581,CUST00951,2024-12-03,Delivered,UPI,0.05,7.45
ORD0000582,CUST00922,2024-01-20,Cancelled,Debit Card,0.0,5.78
ORD0000583,CUST01757,2024-07-26,Delivered,PayPal,0.05,4.72
ORD0000584,CUST01206,2024-03-24,Processing,Net Banking,0.05,2.8
ORD0000585,CUST00282,2024-08-24,Delivered,Debit Card,0.0,0.74
ORD0000586,CUST00368,2024-05-06,Delivered,Debit Card,0.0,6.94
ORD0000587,CUST01748,2024-03-25,Delivered,Net Banking,0.15,12.75
ORD0000588,CUST00508,2024-09-02,Processing,PayPal,0.1,11.18
ORD0000589,CUST01622,2024-06-08,Delivered,Net Banking,0.0,8.84
ORD0000590,CUST00464,2024-10-12,Cancelled,PayPal,0.15,0.26
ORD0000591,CUST00673,2024-12-06,Delivered,UPI,0.05,10.85
ORD0000592,CUST01316,2024-08-21,Delivered,Credit Card,0.15,3.74
ORD0000593,CUST00913,2022-12-18,Delivered,UPI,0.0,11.43
ORD0000594,CUST00588,2024-03-31,Delivered,Net Banking,0.05,1.98
ORD0000595,CUST01161,2024-03-21,Returned,Credit Card,0.0,2.23
ORD0000596,CUST01838,2024-07-10,Delivered,Debit Card,0.1,11.01
ORD0000597,CUST00803,2024-09-08,Delivered,Wallet,0.0,12.59
ORD0000598,CUST00388,2024-03-17,Delivered,Debit Card,0.0,1.27
ORD0000599,CUST00760,2023-07-31,Cancelled,Debit Card,0.0,2.86
ORD0000600,CUST00635,2024-08-28,Delivered,Debit Card,0.0,9.84
ORD0000601,CUST01463,2024-04-21,Delivered,Wallet,0.1,5.94
ORD0000602,CUST01763,2024-08-30,Delivered,Credit Card,0.05,2.29
ORD0000603,CUST00540,2023-06-06,Processing,PayPal,0.0,0.88
ORD0000604,CUST00335,2024-03-29,Returned,PayPal,0.05,6.33
ORD0000605,CUST01495,2024-05-26,Delivered,Debit Card,0.0,9.35
ORD0000606,CUST00276,2023-12-08,Delivered,Debit Card,0.2,3.07
ORD0000607,CUST00405,2024-07-21,Delivered,Wallet,0.05,10.38
ORD0000608,CUST00897,2024-08-21,Delivered,Net Banking,0.05,5.21
ORD0000609,CUST00115,2024-02-13,Cancelled,Debit Card,0.0,11.02
ORD0000610,CUST00060,2023-08-06,Delivered,Debit Card,0.15,0.7
ORD0000611,CUST00187,2024-05-02,Delivered,Wallet,0.2,11.96
ORD0000612,CUST00900,2024-07-05,Cancelled,Net Banking,0.0,6.94
ORD0000613,CUST00217,2024-12-24,Returned,Debit Card,0.05,13.88
ORD0000614,CUST00466,2024-03-06,Returned,Wallet,0.05,7.04
ORD0000615,CUST00369,2022-11-13,Delivered,Net Banking,0.0,11.73
ORD0000616,CUST00578,2023-10-04,Cancelled,Debit Card,0.1,14.21
ORD0000617,CUST01627,2023-05-01,Delivered,Credit Card,0.0,1.79
ORD0000618,CUST01410,2024-11-15,Returned,Credit Card,0.1,10.04
ORD0000619,CUST00310,2024-08-10,Delivered,Net Banking,0.2,3.78
ORD0000620,CUST01012,2024-07-09,Delivered,UPI,0.0,14.18
ORD0000621,CUST00044,2024-09-20,Returned,Credit Card,0.0,5.64
ORD0000622,CUST01211,2024-08-31,Delivered,Debit Card,0.2,11.1
ORD0000623,CUST00415,2024-06-06,Delivered,Credit Card,0.05,4.57
ORD0000624,CUST00952,2024-10-05,Returned,PayPal,0.0,9.21
ORD0000625,CUST00147,2024-09-17,Delivered,Wallet,0.0,6.72
ORD0000626,CUST00875,2023-06-10,Delivered,Wallet,0.15,4.75
ORD0000627,CUST01887,2024-03-11,Delivered,Debit Card,0.1,13.68
ORD0000628,CUST00716,2024-12-09,Delivered,Debit Card,0.1,0.42
ORD0000629,CUST01214,2024-08-03,Delivered,UPI,0.0,3.28
ORD0000630,CUST01552,2024-09-14,Delivered,UPI,0.05,3.67
ORD0000631,CUST01481,2024-11-14,Delivered,Credit Card,0.2,6.47
ORD0000632,CUST01054,2022-07-21,Delivered,Credit Card,0.05,2.92
ORD0000633,CUST01095,2024-11-25,Returned,Debit Card,0.1,0.96
ORD0000634,CUST01602,2022-09-12,Delivered,Wallet,0.0,13.68
ORD0000635,CUST00315,2024-02-29,Delivered,UPI,0.05,4.47
ORD0000636,CUST01088,2024-08-21,Delivered,UPI,0.05,4.64
ORD0000637,CUST00088,2024-05-09,Delivered,UPI,0.15,6.63
ORD0000638,CUST01590,2024-04-23,Delivered,UPI,0.0,11.23
ORD0000639,CUST00229,2024-11-25,Delivered,Debit Card,0.15,2.69
ORD0000640,CUST01414,2023-01-27,Delivered,PayPal,0.0,7.98
ORD0000641,CUST00185,2024-12-04,Returned,UPI,0.05,8.82
ORD0000642,CUST01335,2023-05-11,Delivered,Wallet,0.0,8.24
ORD0000643,CUST00840,2024-04-01,Delivered,Wallet,0.1,0.03
ORD0000644,CUST01105,2023-11-09,Delivered,Credit Card,0.0,0.06
ORD0000645,CUST01816,2024-12-12,Cancelled,Credit Card,0.05,14.03
ORD0000646,CUST01352,2024-10-04,Delivered,Wallet,0.0,6.48
ORD0000647,CUST01807,2024-09-25,Delivered,Debit Card,0.0,3.22
ORD0000648,CUST01809,2024-10-17,Processing,UPI,0.15,2.66
ORD0000649,CUST01977,2024-10-07,Delivered,Debit Card,0.0,9.96
ORD0000650,CUST01498,2023-11-04,Delivered,Wallet,0.0,9.0
ORD0000651,CUST00195,2024-12-25,Delivered,Wallet,0.1,5.55
ORD0000652,CUST01754,2024-06-14,Delivered,Debit Card,0.0,7.01
ORD0000653,CUST01423,2023-03-02,Delivered,Net Banking,0.05,12.8
ORD0000654,CUST00365,2023-10-23,Processing,Debit Card,0.1,10.52
ORD0000655,CUST00788,2023-12-22,Delivered,Credit Card,0.0,2.08
ORD0000656,CUST01825,2023-03-05,Delivered,PayPal,0.0,10.07
ORD0000657,CUST01187,2024-06-22,Delivered,Debit Card,0.05,11.47
ORD0000658,CUST01268,2024-05-29,Delivered,Net Banking,0.05,11.73
ORD0000659,CUST01405,2024-05-15,Returned,PayPal,0.0,1.13
ORD0000660,CUST00947,2024-12-02,Delivered,Wallet,0.05,5.15
ORD0000661,CUST01656,2024-01-15,Delivered,Net Banking,0.0,8.01
ORD0000662,CUST01623,2023-06-20,Delivered,UPI,0.05,13.14
ORD0000663,CUST01712,2022-11-10,Delivered,UPI,0.0,0.59
ORD0000664,CUST00367,2024-05-17,Delivered,Net Banking,0.0,1.57
ORD0000665,CUST01174,2024-12-12,Delivered,Credit Card,0.1,4.95
ORD0000666,CUST00486,2024-06-04,Delivered,Wallet,0.05,14.92
ORD0000667,CUST01896,2024-08-16,Returned,Credit Card,0.15,0.01
ORD0000668,CUST01557,2024-07-24,Delivered,Net Banking,0.15,5.34
ORD0000669,CUST00600,2023-08-31,Delivered,Debit Card,0.1,12.38
ORD0000670,CUST00967,2023-06-30,Delivered,Credit Card,0.05,0.47
ORD0000671,CUST00098,2023-02-26,Delivered,PayPal,0.0,1.97
ORD0000672,CUST01363,2024-01-09,Processing,UPI,0.05,12.28
ORD0000673,CUST00774,2023-05-12,Returned,PayPal,0.0,13.65
ORD0000674,CUST01910,2024-09-02,Delivered,Debit Card,0.0,1.87
ORD0000675,CUST01909,2024-12-20,Delivered,Credit Card,0.0,3.88
ORD0000676,CUST01109,2024-09-16,Delivered,Net Banking,0.0,3.34
ORD0000677,CUST00462,2024-05-10,Delivered,Debit Card,0.1,4.31
ORD0000678,CUST01518,2024-01-16,Delivered,Credit Card,0.1,13.96
ORD0000679,CUST01891,2024-10-07,Delivered,UPI,0.2,2.36
ORD0000680,CUST00658,2023-10-26,Delivered,Net Banking,0.0,10.03
ORD0000681,CUST01460,2023-10-01,Delivered,Net Banking,0.0,4.92
ORD0000682,CUST00137,2024-09-15,Delivered,Wallet,0.0,0.71
ORD0000683,CUST00918,2024-06-05,Delivered,PayPal,0.05,9.58
ORD0000684,CUST00898,2024-04-30,Delivered,PayPal,0.15,1.68
ORD0000685,CUST00941,2024-11-01,Delivered,Net Banking,0.1,3.05
ORD0000686,CUST01095,2024-01-11,Delivered,Debit Card,0.0,6.32
ORD0000687,CUST01051,2024-10-19,Delivered,Net Banking,0.15,1.02
ORD0000688,CUST01695,2024-12-23,Delivered,Credit Card,0.0,4.7
ORD0000689,CUST00670,2024-11-02,Cancelled,UPI,0.1,12.18
ORD0000690,CUST00871,2024-11-06,Delivered,UPI,0.0,7.45
ORD0000691,CUST01910,2023-02-21,Processing,UPI,0.0,2.05
ORD0000692,CUST01990,2023-10-06,Delivered,Net Banking,0.05,11.85
ORD0000693,CUST01135,2024-01-30,Delivered,Net Banking,0.05,13.59
ORD0000694,CUST00839,2024-10-23,Delivered,Wallet,0.0,4.42
ORD0000695,CUST00610,2024-12-13,Delivered,Wallet,0.15,9.23
ORD0000696,CUST01866,2024-12-22,Delivered,UPI,0.1,4.93
ORD0000697,CUST00106,2024-07-20,Delivered,Net Banking,0.05,6.94
ORD0000698,CUST01107,2024-12-09,Delivered,UPI,0.15,13.48
ORD0000699,CUST01876,2023-11-18,Cancelled,PayPal,0.1,11.92
ORD0000700,CUST01072,2024-02-27,Processing,Debit Card,0.0,10.89
ORD0000701,CUST01541,2024-04-18,Returned,Credit Card,0.0,8.67
ORD0000702,CUST01936,2024-11-12,Delivered,Credit Card,0.15,11.07
ORD0000703,CUST00959,2024-07-14,Delivered,Net Banking,0.0,12.92
ORD0000704,CUST01538,2024-02-23,Delivered,Wallet,0.05,0.18
ORD0000705,CUST00250,2024-10-23,Delivered,Credit Card,0.05,3.73
ORD0000706,CUST00499,2024-09-22,Delivered,Wallet,0.05,7.97
ORD0000707,CUST00125,2022-11-17,Delivered,Debit Card,0.1,6.01
ORD0000708,CUST00445,2024-09-04,Delivered,UPI,0.1,8.53
ORD0000709,CUST00124,2022-11-15,Delivered,UPI,0.05,1.36
ORD0000710,CUST01333,2023-11-23,Returned,Debit Card,0.1,8.77
ORD0000711,CUST00778,2024-11-05,Delivered,Net Banking,0.2,0.64
ORD0000712,CUST00966,2024-09-10,Delivered,Debit Card,0.0,8.17
ORD0000713,CUST01873,2023-09-01,Delivered,UPI,0.05,12.11
ORD0000714,CUST00072,2024-12-04,Delivered,UPI,0.2,14.38
ORD0000715,CUST01097,2024-10-24,Cancelled,PayPal,0.05,0.64
ORD0000716,CUST00387,2024-09-11,Delivered,Debit Card,0.0,0.12
ORD0000717,CUST00865,2024-08-16,Cancelled,Credit Card,0.05,3.95
ORD0000718,CUST00238,2024-10-21,Delivered,PayPal,0.0,11.91
ORD0000719,CUST01284,2024-08-19,Delivered,Net Banking,0.0,11.45
ORD0000720,CUST01568,2023-07-23,Returned,PayPal,0.1,1.68
ORD0000721,CUST00929,2023-06-22,Cancelled,UPI,0.0,12.09
ORD0000722,CUST01557,2024-10-25,Cancelled,Debit Card,0.05,8.23
ORD0000723,CUST00440,2024-10-17,Delivered,Credit Card,0.05,12.44
ORD0000724,CUST00026,2024-06-16,Cancelled,Net Banking,0.0,12.39
ORD0000725,CUST01613,2024-10-03,Processing,Credit Card,0.15,9.83
ORD0000726,CUST01252,2024-09-20,Delivered,UPI,0.0,2.01
ORD0000727,CUST00041,2024-05-13,Delivered,Net Banking,0.05,12.58
ORD0000728,CUST00327,2024-09-28,Delivered,Net Banking,0.1,9.65
ORD0000729,CUST00634,2024-11-19,Processing,Debit Card,0.15,11.26
ORD0000730,CUST00973,2023-05-17,Delivered,Net Banking,0.2,6.1
ORD0000731,CUST01016,2024-04-17,Returned,Credit Card,0.0,3.98
ORD0000732,CUST00073,2024-11-07,Delivered,Credit Card,0.05,10.31
ORD0000733,CUST00306,2024-12-04,Delivered,Debit Card,0.1,0.84
ORD0000734,CUST00739,2023-04-06,Delivered,Credit Card,0.05,0.15
ORD0000735,CUST01014,2024-07-01,Delivered,Net Banking,0.2,14.49
ORD0000736,CUST01261,2024-09-26,Delivered,Credit Card,0.1,9.82
ORD0000737,CUST00419,2024-04-06,Returned,Wallet,0.05,7.64
ORD0000738,CUST01783,2024-12-24,Delivered,Credit Card,0.1,14.98
ORD0000739,CUST01655,2024-06-12,Delivered,PayPal,0.0,4.6
ORD0000740,CUST01755,2024-05-19,Delivered,Wallet,0.0,5.96
ORD0000741,CUST01867,2024-06-05,Delivered,Wallet,0.0,13.71
ORD0000742,CUST01520,2024-08-17,Delivered,Debit Card,0.1,5.64
ORD0000743,CUST01314,2024-12-14,Delivered,Debit Card,0.0,7.05
ORD0000744,CUST01676,2023-09-28,Delivered,Wallet,0.0,2.01
ORD0000745,CUST00217,2024-11-29,Delivered,Net Banking,0.0,8.72
ORD0000746,CUST01644,2024-10-24,Cancelled,Net Banking,0.0,6.42
ORD0000747,CUST01025,2024-09-23,Delivered,Net Banking,0.0,11.24
ORD0000748,CUST01172,2022-08-15,Delivered,Net Banking,0.05,1.96
ORD0000749,CUST01510,2024-10-03,Cancelled,Debit Card,0.1,5.9
ORD0000750,CUST00920,2023-08-12,Delivered,Net Banking,0.0,14.48
ORD0000751,CUST01464,2023-08-06,Delivered,Debit Card,0.2,11.15
ORD0000752,CUST00004,2024-07-15,Delivered,Credit Card,0.0,0.27
ORD0000753,CUST00491,2024-11-29,Delivered,Net Banking,0.0,7.82
ORD0000754,CUST01635,2023-11-01,Delivered,Credit Card,0.2,5.77
ORD0000755,CUST01520,2024-08-23,Delivered,Net Banking,0.05,10.9
ORD0000756,CUST01113,2024-08-07,Cancelled,Net Banking,0.15,6.38
ORD0000757,CUST00511,2024-05-16,Delivered,Debit Card,0.0,14.3
ORD0000758,CUST01808,2024-08-03,Delivered,Net Banking,0.1,9.69
ORD0000759,CUST01972,2024-12-11,Delivered,Debit Card,0.2,9.54
ORD0000760,CUST00569,2024-02-26,Delivered,UPI,0.05,14.15
ORD0000761,CUST01768,2024-10-31,Delivered,Credit Card,0.0,1.43
ORD0000762,CUST01865,2023-02-12,Delivered,Debit Card,0.0,9.79
ORD0000763,CUST00289,2022-09-28,Delivered,Credit Card,0.05,7.45
ORD0000764,CUST01305,2024-10-11,Delivered,Debit Card,0.0,5.17
ORD0000765,CUST01270,2023-05-15,Processing,Debit Card,0.05,8.27
ORD0000766,CUST01407,2024-12-01,Cancelled,Wallet,0.05,14.62
ORD0000767,CUST01364,2024-04-08,Delivered,UPI,0.0,9.02
ORD0000768,CUST00837,2023-09-04,Delivered,Debit Card,0.0,7.84
ORD0000769,CUST01852,2022-12-27,Delivered,Wallet,0.2,6.41
ORD0000770,CUST01342,2023-05-29,Cancelled,Credit Card,0.1,7.47
ORD0000771,CUST00782,2022-08-26,Processing,Debit Card,0.0,13.41
ORD0000772,CUST00015,2023-11-27,Delivered,Wallet,0.1,14.75
ORD0000773,CUST00840,2024-10-17,Delivered,Credit Card,0.15,11.24
ORD0000774,CUST00808,2024-08-03,Processing,UPI,0.05,10.55
ORD0000775,CUST01952,2024-01-12,Returned,Credit Card,0.0,14.35
ORD0000776,CUST01046,2024-02-10,Returned,UPI,0.0,12.45
ORD0000777,CUST00031,2024-02-08,Delivered,Net Banking,0.15,4.55
ORD0000778,CUST00642,2023-11-10,Returned,PayPal,0.0,10.89
ORD0000779,CUST01728,2023-08-22,Delivered,Debit Card,0.1,5.35
ORD0000780,CUST01641,2023-05-27,Delivered,Credit Card,0.0,1.52
ORD0000781,CUST00301,2024-08-28,Delivered,UPI,0.15,3.5
ORD0000782,CUST01791,2024-12-18,Returned,Net Banking,0.1,7.75
ORD0000783,CUST00830,2024-01-31,Returned,Credit Card,0.0,12.25
ORD0000784,CUST01768,2024-08-19,Delivered,PayPal,0.05,9.17
ORD0000785,CUST00415,2024-02-28,Delivered,Credit Card,0.1,8.92
ORD0000786,CUST00067,2024-11-08,Delivered,UPI,0.15,12.2
ORD0000787,CUST01208,2024-05-05,Delivered,Credit Card,0.05,11.71
ORD0000788,CUST01558,2024-10-04,Delivered,Credit Card,0.05,10.83
ORD0000789,CUST01732,2024-12-26,Delivered,PayPal,0.05,13.82
ORD0000790,CUST00458,2024-05-20,Delivered,Credit Card,0.1,7.09
ORD0000791,CUST01071,2022-03-10,Delivered,Net Banking,0.1,11.41
ORD0000792,CUST01132,2024-07-15,Delivered,Debit Card,0.05,1.95
ORD0000793,CUST00986,2023-12-22,Delivered,UPI,0.05,5.08
ORD0000794,CUST01147,2022-12-29,Cancelled,PayPal,0.0,8.21
ORD0000795,CUST01776,2024-03-13,Delivered,PayPal,0.0,10.04
ORD0000796,CUST01795,2024-05-23,Processing,Credit Card,0.0,5.86
ORD0000797,CUST01370,2024-08-26,Delivered,UPI,0.0,3.89
ORD0000798,CUST00136,2024-05-31,Delivered,Net Banking,0.0,12.75
ORD0000799,CUST01687,2023-03-30,Delivered,Credit Card,0.0,3.26
ORD0000800,CUST01829,2024-10-15,Delivered,Wallet,0.0,10.42
ORD0000801,CUST01110,2023-12-11,Delivered,Credit Card,0.0,4.52
ORD0000802,CUST01658,2024-02-02,Returned,Debit Card,0.0,0.7
ORD0000803,CUST00976,2024-12-23,Delivered,Net Banking,0.1,14.84
ORD0000804,CUST01767,2023-11-14,Delivered,Credit Card,0.05,0.05
ORD0000805,CUST01868,2024-07-04,Delivered,Debit Card,0.1,7.36
ORD0000806,CUST01131,2024-01-01,Delivered,Credit Card,0.1,2.05
ORD0000807,CUST01213,2024-11-14,Delivered,Credit Card,0.05,5.12
ORD0000808,CUST01562,2024-10-05,Delivered,Credit Card,0.1,2.3
ORD0000809,CUST00290,2023-02-18,Delivered,Credit Card,0.05,6.91
ORD0000810,CUST00251,2024-09-27,Delivered,Wallet,0.0,7.21
ORD0000811,CUST00033,2023-11-26,Cancelled,Credit Card,0.0,12.61
ORD0000812,CUST00103,2023-12-15,Delivered,UPI,0.0,10.28
ORD0000813,CUST01058,2024-01-04,Processing,UPI,0.05,3.76
ORD0000814,CUST00295,2024-07-28,Cancelled,Wallet,0.15,3.1
ORD0000815,CUST00975,2024-10-02,Delivered,Debit Card,0.0,3.27
ORD0000816,CUST00833,2024-12-15,Delivered,PayPal,0.0,7.76
ORD0000817,CUST00013,2023-08-11,Returned,Net Banking,0.1,11.58
ORD0000818,CUST01221,2024-12-23,Delivered,Credit Card,0.0,4.71
ORD0000819,CUST01509,2024-09-11,Delivered,UPI,0.15,10.66
ORD0000820,CUST01742,2022-08-17,Delivered,Debit Card,0.15,12.47
ORD0000821,CUST01762,2024-02-26,Delivered,Wallet,0.0,3.09
ORD0000822,CUST01933,2024-11-28,Delivered,Credit Card,0.0,12.54
ORD0000823,CUST00337,2022-09-26,Delivered,Net Banking,0.0,5.58
ORD0000824,CUST01182,2023-08-21,Delivered,Credit Card,0.0,12.53
ORD0000825,CUST00029,2024-06-16,Processing,Debit Card,0.15,10.18
ORD0000826,CUST00865,2024-11-04,Delivered,UPI,0.0,13.25
ORD0000827,CUST01819,2023-08-21,Delivered,PayPal,0.15,8.75
ORD0000828,CUST00376,2024-12-10,Cancelled,Debit Card,0.0,12.79
ORD0000829,CUST00011,2024-11-16,Delivered,Wallet,0.05,5.97
ORD0000830,CUST00223,2024-10-30,Delivered,Debit Card,0.05,6.93
ORD0000831,CUST01108,2023-03-28,Delivered,UPI,0.05,3.33
ORD0000832,CUST00257,2024-12-25,Delivered,UPI,0.05,9.69
ORD0000833,CUST01205,2024-12-08,Delivered,Net Banking,0.1,5.6
ORD0000834,CUST00618,2024-05-01,Delivered,PayPal,0.05,11.3
ORD0000835,CUST01158,2024-11-01,Delivered,Credit Card,0.0,13.56
ORD0000836,CUST01173,2022-07-02,Delivered,Debit Card,0.0,5.23
ORD0000837,CUST00014,2023-09-11,Delivered,Debit Card,0.0,12.14
ORD0000838,CUST00673,2024-09-06,Delivered,Net Banking,0.05,12.2
ORD0000839,CUST00604,2023-08-08,Delivered,UPI,0.0,1.98
ORD0000840,CUST00259,2024-12-30,Processing,PayPal,0.0,1.36
ORD0000841,CUST00275,2023-10-24,Delivered,UPI,0.0,6.02
ORD0000842,CUST01205,2024-11-15,Delivered,Credit Card,0.0,5.76
ORD0000843,CUST01847,2024-04-06,Delivered,Credit Card,0.2,8.79
ORD0000844,CUST01440,2024-04-30,Delivered,Wallet,0.0,6.01
ORD0000845,CUST00211,2023-05-02,Delivered,UPI,0.15,1.81
ORD0000846,CUST01352,2024-11-13,Delivered,Credit Card,0.0,2.87
ORD0000847,CUST00651,2022-06-07,Delivered,Debit Card,0.1,1.51
ORD0000848,CUST01744,2024-06-06,Delivered,Wallet,0.05,2.09
ORD0000849,CUST00315,2023-06-08,Delivered,PayPal,0.0,9.42
ORD0000850,CUST01508,2022-07-31,Delivered,UPI,0.05,0.62
ORD0000851,CUST01804,2023-05-25,Delivered,Net Banking,0.05,6.45
ORD0000852,CUST00697,2024-07-09,Delivered,UPI,0.1,4.12
ORD0000853,CUST01993,2024-10-13,Delivered,UPI,0.1,2.02
ORD0000854,CUST01349,2024-11-29,Delivered,Debit Card,0.0,12.93
ORD0000855,CUST00803,2024-09-04,Delivered,PayPal,0.0,0.13
ORD0000856,CUST01494,2024-09-04,Delivered,PayPal,0.15,6.71
ORD0000857,CUST00186,2024-01-25,Returned,PayPal,0.0,1.31
ORD0000858,CUST01439,2024-07-22,Delivered,Wallet,0.0,6.65
ORD0000859,CUST00538,2024-10-26,Returned,Net Banking,0.0,5.42
ORD0000860,CUST01713,2023-08-21,Delivered,Debit Card,0.0,9.22
ORD0000861,CUST00450,2024-04-26,Delivered,Net Banking,0.0,2.66
ORD0000862,CUST00178,2024-12-22,Delivered,Wallet,0.15,0.7
ORD0000863,CUST01892,2024-12-26,Delivered,Credit Card,0.1,7.11
ORD0000864,CUST01452,2024-10-26,Delivered,Credit Card,0.0,8.59
ORD0000865,CUST00556,2024-10-17,Delivered,Wallet,0.1,2.2
ORD0000866,CUST01777,2023-04-22,Returned,Wallet,0.0,14.05
ORD0000867,CUST00282,2023-11-11,Delivered,PayPal,0.0,13.5
ORD0000868,CUST00366,2024-08-13,Delivered,Net Banking,0.15,5.43
ORD0000869,CUST01657,2023-08-05,Delivered,Credit Card,0.15,7.67
ORD0000870,CUST01157,2024-11-08,Delivered,Credit Card,0.1,13.23
ORD0000871,CUST00631,2024-07-04,Delivered,UPI,0.0,2.52
ORD0000872,CUST01631,2024-04-13,Delivered,PayPal,0.0,6.73
ORD0000873,CUST01527,2023-07-10,Delivered,UPI,0.1,8.39
ORD0000874,CUST00406,2024-11-25,Delivered,Credit Card,0.1,9.79
ORD0000875,CUST01488,2024-06-03,Delivered,Net Banking,0.1,0.24
ORD0000876,CUST01377,2024-07-12,Delivered,Wallet,0.05,9.53
ORD0000877,CUST00565,2023-09-14,Delivered,UPI,0.0,1.24
ORD0000878,CUST01392,2023-12-20,Delivered,Credit Card,0.05,5.52
ORD0000879,CUST00764,2024-09-08,Delivered,Credit Card,0.05,2.24
ORD0000880,CUST01592,2024-07-12,Delivered,UPI,0.0,9.75
ORD0000881,CUST01542,2024-09-02,Delivered,Debit Card,0.15,10.59
ORD0000882,CUST00056,2024-04-25,Delivered,Debit Card,0.05,0.33
ORD0000883,CUST01506,2023-11-13,Delivered,UPI,0.15,13.67
ORD0000884,CUST01041,2024-12-14,Delivered,PayPal,0.0,10.14
ORD0000885,CUST00419,2023-10-06,Delivered,Net Banking,0.0,10.4
ORD0000886,CUST01170,2024-04-30,Delivered,UPI,0.0,0.88
ORD0000887,CUST01771,2024-12-03,Delivered,UPI,0.05,5.86
ORD0000888,CUST00824,2023-12-08,Delivered,Credit Card,0.2,7.12
ORD0000889,CUST00246,2024-11-10,Delivered,Debit Card,0.1,11.59
ORD0000890,CUST01511,2022-09-15,Delivered,PayPal,0.1,9.16
ORD0000891,CUST00062,2022-12-23,Delivered,Wallet,0.05,14.31
ORD0000892,CUST01962,2024-05-09,Delivered,Net Banking,0.2,10.38
ORD0000893,CUST01251,2023-12-09,Delivered,Net Banking,0.2,2.69
ORD0000894,CUST00754,2023-03-18,Processing,PayPal,0.05,3.48
ORD0000895,CUST00849,2024-11-15,Delivered,UPI,0.15,9.51
ORD0000896,CUST01808,2024-12-14,Delivered,Debit Card,0.1,13.52
ORD0000897,CUST01925,2024-08-01,Delivered,Credit Card,0.0,14.05
ORD0000898,CUST01061,2024-11-11,Cancelled,Credit Card,0.2,6.81
ORD0000899,CUST01127,2024-02-28,Delivered,PayPal,0.1,12.64
ORD0000900,CUST00938,2023-05-16,Delivered,PayPal,0.1,14.27
ORD0000901,CUST00182,2023-09-07,Delivered,Net Banking,0.0,10.28
ORD0000902,CUST00272,2023-04-23,Delivered,Credit Card,0.05,3.6
ORD0000903,CUST01890,2024-03-05,Delivered,PayPal,0.15,4.21
ORD0000904,CUST01315,2023-06-06,Delivered,UPI,0.05,13.5
ORD0000905,CUST01660,2024-08-03,Cancelled,Debit Card,0.0,9.86
ORD0000906,CUST00039,2024-07-01,Delivered,Debit Card,0.15,6.88
ORD0000907,CUST01863,2023-10-10,Delivered,Wallet,0.05,0.88
ORD0000908,CUST00497,2023-10-12,Delivered,Wallet,0.1,4.63
ORD0000909,CUST00524,2024-07-08,Delivered,UPI,0.1,11.85
ORD0000910,CUST01120,2023-11-09,Delivered,Net Banking,0.15,6.78
ORD0000911,CUST00842,2023-06-07,Processing,Debit Card,0.2,6.42
ORD0000912,CUST01589,2024-11-19,Processing,Net Banking,0.05,1.11
ORD0000913,CUST01673,2024-06-10,Processing,Wallet,0.15,13.58
ORD0000914,CUST00381,2024-10-25,Delivered,UPI,0.0,8.46
ORD0000915,CUST00816,2024-03-23,Processing,Net Banking,0.15,8.75
ORD0000916,CUST01250,2024-04-01,Cancelled,Wallet,0.15,12.32
ORD0000917,CUST01540,2024-08-20,Delivered,UPI,0.15,8.34
ORD0000918,CUST00763,2023-11-19,Delivered,PayPal,0.0,7.88
ORD0000919,CUST01666,2024-09-17,Delivered,Net Banking,0.0,11.19
ORD0000920,CUST00102,2024-07-28,Processing,UPI,0.1,2.2
ORD0000921,CUST01784,2023-07-23,Delivered,Debit Card,0.05,4.51
ORD0000922,CUST01016,2024-05-05,Delivered,Net Banking,0.05,7.05
ORD0000923,CUST01320,2024-06-03,Returned,Debit Card,0.0,11.13
ORD0000924,CUST01272,2024-12-26,Delivered,Debit Card,0.0,3.5
ORD0000925,CUST01931,2024-10-04,Delivered,Net Banking,0.15,13.59
ORD0000926,CUST00824,2024-09-21,Delivered,UPI,0.0,9.88
ORD0000927,CUST01261,2024-08-16,Delivered,UPI,0.15,8.58
ORD0000928,CUST00652,2024-04-13,Processing,UPI,0.1,9.91
ORD0000929,CUST00027,2023-01-28,Delivered,Wallet,0.05,2.54
ORD0000930,CUST00177,2024-10-01,Delivered,Credit Card,0.0,2.2
ORD0000931,CUST01480,2024-04-28,Delivered,Debit Card,0.05,3.15
ORD0000932,CUST01660,2023-10-22,Returned,UPI,0.0,4.3
ORD0000933,CUST00910,2024-08-02,Delivered,Debit Card,0.0,4.73
ORD0000934,CUST00847,2024-06-06,Delivered,Credit Card,0.1,11.8
ORD0000935,CUST01424,2023-03-01,Processing,Net Banking,0.0,8.9
ORD0000936,CUST00395,2024-10-16,Delivered,Net Banking,0.1,11.92
ORD0000937,CUST00658,2024-05-15,Delivered,Net Banking,0.1,5.89
ORD0000938,CUST00097,2024-12-05,Returned,PayPal,0.0,0.17
ORD0000939,CUST00654,2023-09-12,Delivered,Credit Card,0.0,14.92
ORD0000940,CUST00365,2023-12-13,Returned,Debit Card,0.0,8.83
ORD0000941,CUST00489,2024-08-13,Delivered,Net Banking,0.1,5.99
ORD0000942,CUST00323,2024-07-10,Delivered,UPI,0.0,4.24
ORD0000943,CUST00271,2024-12-04,Delivered,UPI,0.0,4.5
ORD0000944,CUST01144,2024-04-24,Processing,Debit Card,0.0,0.62
ORD0000945,CUST01773,2024-05-04,Delivered,Debit Card,0.0,12.16
ORD0000946,CUST01101,2024-05-27,Delivered,PayPal,0.05,2.45
ORD0000947,CUST00229,2024-11-12,Delivered,UPI,0.0,11.98
ORD0000948,CUST00463,2024-11-27,Cancelled,UPI,0.1,7.16
ORD0000949,CUST00984,2024-09-12,Returned,Wallet,0.1,11.59
ORD0000950,CUST01173,2023-10-18,Delivered,UPI,0.05,13.15
ORD0000951,CUST00369,2023-04-06,Delivered,UPI,0.1,13.84
ORD0000952,CUST01535,2024-10-27,Delivered,Credit Card,0.05,1.95
ORD0000953,CUST01858,2024-10-11,Delivered,Credit Card,0.0,5.9
ORD0000954,CUST00889,2022-03-12,Delivered,Net Banking,0.0,13.31
ORD0000955,CUST01716,2024-08-21,Delivered,Credit Card,0.05,12.89
ORD0000956,CUST01309,2024-07-01,Delivered,Net Banking,0.0,3.93
ORD0000957,CUST01551,2023-10-31,Delivered,PayPal,0.1,3.47
ORD0000958,CUST00086,2023-11-20,Delivered,Credit Card,0.05,2.0
ORD0000959,CUST00586,2024-11-22,Processing,PayPal,0.0,13.89
ORD0000960,CUST01142,2022-05-19,Delivered,Net Banking,0.0,8.93
ORD0000961,CUST00433,2024-08-26,Cancelled,PayPal,0.1,5.97
ORD0000962,CUST01011,2024-12-23,Delivered,UPI,0.1,0.18
ORD0000963,CUST00607,2024-09-13,Returned,UPI,0.0,13.53
ORD0000964,CUST00750,2024-06-02,Delivered,Debit Card,0.0,10.21
ORD0000965,CUST00867,2024-12-20,Returned,Credit Card,0.0,5.2
ORD0000966,CUST00524,2024-02-04,Delivered,PayPal,0.0,4.61
ORD0000967,CUST00438,2024-03-08,Delivered,UPI,0.0,8.75
ORD0000968,CUST01173,2022-09-11,Delivered,Wallet,0.15,8.63
ORD0000969,CUST01190,2024-08-11,Delivered,Credit Card,0.0,8.31
ORD0000970,CUST01014,2024-07-09,Delivered,UPI,0.05,8.2
ORD0000971,CUST01582,2023-02-26,Processing,Wallet,0.2,7.17
ORD0000972,CUST01753,2022-05-08,Returned,Debit Card,0.0,2.46
ORD0000973,CUST00389,2024-12-15,Returned,Net Banking,0.1,10.48
ORD0000974,CUST01159,2024-09-23,Delivered,Debit Card,0.0,13.03
ORD0000975,CUST01337,2024-09-02,Delivered,Debit Card,0.05,9.33
ORD0000976,CUST00489,2024-12-24,Delivered,PayPal,0.05,10.33
ORD0000977,CUST00387,2023-04-14,Delivered,PayPal,0.0,4.4
ORD0000978,CUST01352,2024-10-05,Delivered,Net Banking,0.05,0.14
ORD0000979,CUST01726,2024-09-29,Delivered,UPI,0.0,0.86
ORD0000980,CUST00061,2022-11-12,Delivered,PayPal,0.0,14.77
ORD0000981,CUST01585,2024-07-09,Delivered,Debit Card,0.05,13.7
ORD0000982,CUST00849,2024-11-22,Delivered,UPI,0.0,6.03
ORD0000983,CUST01896,2024-08-10,Delivered,Credit Card,0.05,3.57
ORD0000984,CUST00278,2024-11-30,Delivered,Credit Card,0.1,9.6
ORD0000985,CUST01384,2024-11-12,Delivered,Net Banking,0.1,2.51
ORD0000986,CUST01725,2024-04-10,Returned,Credit Card,0.0,3.68
ORD0000987,CUST01938,2023-12-16,Delivered,UPI,0.0,4.01
ORD0000988,CUST01203,2024-12-24,Delivered,Net Banking,0.1,10.62
ORD0000989,CUST01516,2024-11-26,Cancelled,Credit Card,0.1,13.0
ORD0000990,CUST00608,2023-12-07,Delivered,Net Banking,0.1,3.86
ORD0000991,CUST00322,2024-12-10,Delivered,Net Banking,0.15,12.08
ORD0000992,CUST01262,2023-07-22,Delivered,PayPal,0.0,0.24
ORD0000993,CUST00282,2023-11-05,Returned,Wallet,0.2,13.73
ORD0000994,CUST00132,2024-11-12,Delivered,Debit Card,0.05,3.08
ORD0000995,CUST01347,2024-07-22,Processing,UPI,0.0,7.83
ORD0000996,CUST01430,2024-10-30,Delivered,UPI,0.05,4.59
ORD0000997,CUST01056,2024-05-31,Delivered,Net Banking,0.05,11.63
ORD0000998,CUST01989,2024-01-13,Returned,UPI,0.15,2.31
ORD0000999,CUST01720,2024-12-10,Delivered,UPI,0.15,1.26
ORD0001000,CUST00730,2024-10-11,Delivered,UPI,0.1,14.27
ORD0001001,CUST00661,2024-11-03,Delivered,UPI,0.0,5.28
ORD0001002,CUST00915,2023-10-27,Delivered,Net Banking,0.1,12.84
ORD0001003,CUST00147,2024-04-17,Delivered,Credit Card,0.0,2.31
ORD0001004,CUST00011,2024-08-31,Returned,Debit Card,0.1,7.94
ORD0001005,CUST00927,2024-02-20,Processing,Credit Card,0.05,13.23
ORD0001006,CUST01877,2024-08-09,Delivered,Debit Card,0.05,0.68
ORD0001007,CUST00458,2023-09-24,Processing,PayPal,0.1,11.2
ORD0001008,CUST01196,2024-02-11,Delivered,UPI,0.1,8.95
ORD0001009,CUST00225,2023-07-26,Delivered,Net Banking,0.05,0.2
ORD0001010,CUST00420,2024-10-14,Delivered,Wallet,0.0,7.38
ORD0001011,CUST01697,2024-12-07,Delivered,Wallet,0.0,14.74
ORD0001012,CUST00302,2024-10-09,Returned,Debit Card,0.15,14.54
ORD0001013,CUST01997,2024-12-23,Delivered,Net Banking,0.05,12.62
ORD0001014,CUST00315,2023-04-28,Delivered,UPI,0.05,9.97
ORD0001015,CUST01249,2024-02-17,Processing,PayPal,0.0,1.0
ORD0001016,CUST01719,2024-10-13,Delivered,UPI,0.05,10.44
ORD0001017,CUST01325,2024-08-03,Delivered,UPI,0.2,0.47
ORD0001018,CUST00340,2023-11-26,Delivered,Net Banking,0.05,3.15
ORD0001019,CUST01728,2023-06-22,Delivered,Wallet,0.05,1.3
ORD0001020,CUST00960,2024-10-23,Delivered,Debit Card,0.0,13.3
ORD0001021,CUST01216,2022-03-14,Cancelled,Debit Card,0.15,2.0
ORD0001022,CUST01938,2024-09-01,Delivered,Debit Card,0.0,3.42
ORD0001023,CUST00648,2023-08-23,Returned,Wallet,0.1,9.57
ORD0001024,CUST01659,2024-08-17,Processing,Wallet,0.05,3.89
ORD0001025,CUST00643,2024-06-13,Delivered,Net Banking,0.0,8.11
ORD0001026,CUST00136,2024-01-21,Delivered,Net Banking,0.0,0.87
ORD0001027,CUST00344,2024-09-18,Returned,PayPal,0.0,8.26
ORD0001028,CUST01966,2024-03-24,Delivered,Debit Card,0.0,3.57
ORD0001029,CUST00235,2024-12-16,Returned,Wallet,0.05,12.75
ORD0001030,CUST01072,2024-09-10,Delivered,Credit Card,0.1,7.66
ORD0001031,CUST00015,2023-12-25,Delivered,Net Banking,0.1,0.55
ORD0001032,CUST00271,2024-12-05,Delivered,Net Banking,0.0,2.16
ORD0001033,CUST01358,2024-12-19,Returned,Net Banking,0.1,13.53
ORD0001034,CUST01258,2024-08-02,Returned,Debit Card,0.1,14.95
ORD0001035,CUST00028,2024-09-20,Delivered,Debit Card,0.1,12.6
ORD0001036,CUST00697,2024-09-11,Delivered,PayPal,0.1,6.6
ORD0001037,CUST01058,2023-11-24,Delivered,Credit Card,0.0,4.67
ORD0001038,CUST01542,2024-02-01,Cancelled,PayPal,0.2,12.76
ORD0001039,CUST00234,2024-02-23,Delivered,Net Banking,0.0,9.03
ORD0001040,CUST00110,2023-06-04,Delivered,Wallet,0.2,4.01
ORD0001041,CUST01177,2024-05-06,Delivered,Debit Card,0.1,12.29
ORD0001042,CUST00885,2023-12-20,Cancelled,UPI,0.05,3.28
ORD0001043,CUST01936,2024-11-28,Delivered,Debit Card,0.1,9.02
ORD0001044,CUST01970,2024-11-08,Delivered,Credit Card,0.0,2.05
ORD0001045,CUST00465,2024-10-22,Delivered,Wallet,0.0,5.59
ORD0001046,CUST00887,2024-02-20,Delivered,Debit Card,0.05,4.5
ORD0001047,CUST01522,2024-09-16,Delivered,Wallet,0.05,1.23
ORD0001048,CUST00906,2022-06-29,Delivered,Debit Card,0.15,1.15
ORD0001049,CUST01323,2024-08-30,Cancelled,Credit Card,0.15,3.42
ORD0001050,CUST01674,2024-08-12,Delivered,UPI,0.05,4.32
ORD0001051,CUST01579,2024-12-26,Delivered,Wallet,0.0,5.22
ORD0001052,CUST00852,2024-08-09,Delivered,Wallet,0.0,5.66
ORD0001053,CUST00642,2024-11-12,Delivered,Debit Card,0.0,12.17
ORD0001054,CUST00149,2024-02-19,Delivered,Net Banking,0.2,3.31
ORD0001055,CUST01770,2024-11-06,Delivered,Wallet,0.0,4.57
ORD0001056,CUST00433,2024-08-18,Delivered,UPI,0.0,4.56
ORD0001057,CUST01806,2024-01-11,Delivered,Credit Card,0.1,1.65
ORD0001058,CUST00778,2024-10-22,Delivered,PayPal,0.05,11.03
ORD0001059,CUST01310,2024-01-27,Delivered,PayPal,0.05,12.18
ORD0001060,CUST00444,2024-10-01,Delivered,Wallet,0.2,12.02
ORD0001061,CUST01597,2024-12-05,Cancelled,Net Banking,0.0,5.99
ORD0001062,CUST00469,2022-09-18,Delivered,Debit Card,0.1,0.99
ORD0001063,CUST00305,2023-09-23,Delivered,Net Banking,0.0,6.87
ORD0001064,CUST01792,2022-05-19,Delivered,PayPal,0.05,3.66
ORD0001065,CUST00398,2024-02-04,Delivered,Net Banking,0.1,0.77
ORD0001066,CUST01977,2024-11-02,Delivered,Credit Card,0.0,4.87
ORD0001067,CUST01936,2024-12-27,Delivered,Credit Card,0.1,8.23
ORD0001068,CUST00656,2024-03-30,Delivered,UPI,0.0,12.58
ORD0001069,CUST01684,2024-12-18,Delivered,Wallet,0.0,1.08
ORD0001070,CUST00112,2023-08-06,Processing,PayPal,0.05,14.65
ORD0001071,CUST00345,2023-11-18,Delivered,Debit Card,0.0,0.41
ORD0001072,CUST00525,2024-09-11,Delivered,Credit Card,0.05,1.43
ORD0001073,CUST00570,2023-03-07,Delivered,Net Banking,0.0,1.96
ORD0001074,CUST01342,2022-05-26,Delivered,Net Banking,0.1,11.36
ORD0001075,CUST00207,2023-08-22,Delivered,Debit Card,0.0,7.76
ORD0001076,CUST00444,2023-09-19,Delivered,PayPal,0.0,9.14
ORD0001077,CUST01049,2024-07-10,Delivered,Wallet,0.0,0.82
ORD0001078,CUST00567,2024-12-08,Delivered,Debit Card,0.05,9.33
ORD0001079,CUST01966,2024-08-22,Delivered,Credit Card,0.0,4.01
ORD0001080,CUST01269,2024-01-19,Delivered,UPI,0.0,11.74
ORD0001081,CUST01739,2024-05-09,Delivered,UPI,0.0,11.66
ORD0001082,CUST01432,2024-11-18,Delivered,Net Banking,0.05,8.27
ORD0001083,CUST00594,2023-11-02,Returned,UPI,0.1,7.41
ORD0001084,CUST00168,2024-11-20,Delivered,Wallet,0.15,14.01
ORD0001085,CUST01535,2024-11-05,Delivered,UPI,0.05,11.77
ORD0001086,CUST00607,2024-10-28,Delivered,Net Banking,0.05,9.13
ORD0001087,CUST00208,2024-06-14,Cancelled,Debit Card,0.05,10.42
ORD0001088,CUST01019,2024-04-30,Delivered,UPI,0.0,10.37
ORD0001089,CUST01669,2024-09-29,Processing,Credit Card,0.15,8.34
ORD0001090,CUST00426,2023-01-31,Delivered,PayPal,0.0,5.97
ORD0001091,CUST00813,2023-05-10,Delivered,Debit Card,0.0,11.23
ORD0001092,CUST00285,2024-11-16,Cancelled,Net Banking,0.15,9.46
ORD0001093,CUST01681,2024-02-26,Delivered,Credit Card,0.1,14.9
ORD0001094,CUST01472,2024-12-12,Delivered,UPI,0.0,6.77
ORD0001095,CUST00674,2024-09-11,Delivered,UPI,0.0,1.61
ORD0001096,CUST00233,2023-11-13,Delivered,Net Banking,0.0,4.08
ORD0001097,CUST00558,2023-07-09,Delivered,UPI,0.15,12.5
ORD0001098,CUST00577,2022-06-10,Returned,Wallet,0.05,3.98
ORD0001099,CUST00152,2023-06-30,Cancelled,UPI,0.0,0.16
ORD0001100,CUST00098,2023-07-01,Delivered,Credit Card,0.15,2.26
ORD0001101,CUST00068,2024-12-03,Processing,Net Banking,0.15,0.59
ORD0001102,CUST00529,2024-02-24,Cancelled,PayPal,0.15,8.3
ORD0001103,CUST01159,2024-12-28,Delivered,Net Banking,0.05,1.5
ORD0001104,CUST00238,2024-06-16,Returned,Credit Card,0.1,8.74
ORD0001105,CUST00622,2024-08-12,Delivered,Net Banking,0.0,8.33
ORD0001106,CUST01722,2024-03-27,Delivered,PayPal,0.05,2.05
ORD0001107,CUST01740,2024-06-03,Delivered,UPI,0.0,2.81
ORD0001108,CUST00077,2024-11-13,Delivered,Wallet,0.2,14.79
ORD0001109,CUST00347,2024-11-15,Delivered,PayPal,0.0,13.15
ORD0001110,CUST01885,2024-02-23,Delivered,Net Banking,0.0,9.95
ORD0001111,CUST00360,2024-07-06,Delivered,Credit Card,0.1,0.03
ORD0001112,CUST01196,2024-07-30,Delivered,Net Banking,0.05,7.89
ORD0001113,CUST00063,2024-04-11,Delivered,Wallet,0.2,10.96
ORD0001114,CUST00746,2024-12-26,Delivered,Debit Card,0.0,6.72
ORD0001115,CUST00830,2024-04-24,Delivered,Credit Card,0.0,7.15
ORD0001116,CUST01718,2023-12-15,Delivered,Net Banking,0.1,9.72
ORD0001117,CUST01109,2024-11-15,Delivered,Credit Card,0.0,7.29
ORD0001118,CUST00394,2024-03-28,Delivered,Wallet,0.0,2.42
ORD0001119,CUST00371,2024-11-17,Delivered,Net Banking,0.0,4.17
ORD0001120,CUST00395,2024-11-05,Processing,PayPal,0.05,0.48
ORD0001121,CUST00549,2024-11-05,Delivered,PayPal,0.0,13.35
ORD0001122,CUST00711,2022-09-29,Returned,PayPal,0.15,2.91
ORD0001123,CUST01959,2024-10-12,Delivered,UPI,0.0,7.86
ORD0001124,CUST01744,2023-08-24,Delivered,Net Banking,0.0,4.32
ORD0001125,CUST01559,2023-10-28,Cancelled,UPI,0.0,8.34
ORD0001126,CUST01314,2024-09-16,Delivered,Debit Card,0.15,0.34
ORD0001127,CUST01870,2024-08-07,Delivered,Wallet,0.2,14.93
ORD0001128,CUST00455,2024-12-14,Delivered,PayPal,0.1,13.97
ORD0001129,CUST01874,2024-08-09,Returned,PayPal,0.05,10.47
ORD0001130,CUST01180,2022-08-15,Returned,UPI,0.05,8.5
ORD0001131,CUST01831,2022-09-26,Delivered,UPI,0.1,0.22
ORD0001132,CUST00680,2024-06-18,Delivered,PayPal,0.0,5.57
ORD0001133,CUST00857,2024-11-11,Delivered,Net Banking,0.0,0.88
ORD0001134,CUST00575,2023-09-06,Delivered,Net Banking,0.0,2.41
ORD0001135,CUST00942,2024-11-05,Returned,Debit Card,0.15,4.85
ORD0001136,CUST00436,2023-09-08,Delivered,PayPal,0.1,1.2
ORD0001137,CUST01230,2023-10-27,Delivered,UPI,0.0,4.23
ORD0001138,CUST00756,2024-11-05,Delivered,Debit Card,0.2,3.32
ORD0001139,CUST00597,2023-09-11,Delivered,Credit Card,0.0,4.83
ORD0001140,CUST00095,2024-09-22,Delivered,Net Banking,0.1,6.53
ORD0001141,CUST00324,2023-06-04,Delivered,Net Banking,0.2,2.08
ORD0001142,CUST00835,2024-03-27,Delivered,Credit Card,0.1,5.39
ORD0001143,CUST00784,2024-05-08,Delivered,Credit Card,0.15,5.94
ORD0001144,CUST01089,2024-06-04,Delivered,UPI,0.0,1.43
ORD0001145,CUST00434,2023-09-03,Delivered,UPI,0.05,1.27
ORD0001146,CUST00377,2024-10-11,Delivered,Credit Card,0.0,5.65
ORD0001147,CUST01466,2024-07-01,Delivered,Credit Card,0.1,7.71
ORD0001148,CUST01490,2024-11-12,Delivered,Debit Card,0.05,3.4
ORD0001149,CUST00280,2024-08-04,Delivered,Wallet,0.0,7.03
ORD0001150,CUST01716,2024-10-06,Delivered,Credit Card,0.1,9.22
ORD0001151,CUST01458,2024-04-07,Delivered,Wallet,0.0,7.06
ORD0001152,CUST01683,2024-08-26,Delivered,Credit Card,0.05,6.1
ORD0001153,CUST00271,2024-12-06,Delivered,UPI,0.0,9.39
ORD0001154,CUST01296,2023-11-11,Delivered,Debit Card,0.0,2.98
ORD0001155,CUST00147,2023-09-15,Delivered,Wallet,0.05,4.27
ORD0001156,CUST00171,2024-09-10,Returned,Debit Card,0.05,0.32
ORD0001157,CUST01701,2024-08-31,Delivered,Net Banking,0.0,8.47
ORD0001158,CUST00532,2024-12-17,Delivered,Net Banking,0.1,12.77
ORD0001159,CUST01989,2024-07-15,Delivered,PayPal,0.05,1.55
ORD0001160,CUST01168,2024-01-25,Cancelled,Debit Card,0.0,13.79
ORD0001161,CUST01596,2024-08-12,Delivered,UPI,0.0,12.06
ORD0001162,CUST00600,2023-11-06,Delivered,Debit Card,0.15,13.07
ORD0001163,CUST00375,2023-07-11,Delivered,Debit Card,0.0,7.34
ORD0001164,CUST00533,2024-10-31,Delivered,Debit Card,0.05,2.47
ORD0001165,CUST00834,2024-09-26,Delivered,UPI,0.0,8.68
ORD0001166,CUST01538,2024-08-06,Returned,Debit Card,0.1,8.96
ORD0001167,CUST01258,2024-08-13,Delivered,Wallet,0.0,13.16
ORD0001168,CUST00382,2023-12-20,Returned,UPI,0.0,6.92
ORD0001169,CUST00597,2024-12-15,Delivered,Debit Card,0.0,9.75
ORD0001170,CUST01394,2024-02-20,Delivered,Wallet,0.0,10.97
ORD0001171,CUST01431,2023-10-06,Delivered,UPI,0.1,7.32
ORD0001172,CUST01375,2024-02-07,Returned,Net Banking,0.1,6.4
ORD0001173,CUST01809,2022-10-03,Delivered,Credit Card,0.15,13.37
ORD0001174,CUST01674,2023-12-16,Delivered,Debit Card,0.15,3.07
ORD0001175,CUST00341,2024-07-21,Delivered,Wallet,0.05,9.57
ORD0001176,CUST01243,2023-12-17,Cancelled,Net Banking,0.15,2.0
ORD0001177,CUST01465,2023-08-13,Delivered,PayPal,0.0,9.32
ORD0001178,CUST00159,2023-03-29,Cancelled,Credit Card,0.0,7.13
ORD0001179,CUST01503,2024-10-06,Delivered,Wallet,0.1,0.54
ORD0001180,CUST00578,2022-12-08,Delivered,UPI,0.0,5.77
ORD0001181,CUST01070,2022-11-28,Delivered,UPI,0.05,4.65
ORD0001182,CUST00404,2023-10-17,Delivered,UPI,0.0,7.74
ORD0001183,CUST00226,2024-10-19,Returned,PayPal,0.05,0.54
ORD0001184,CUST01438,2024-03-09,Delivered,Net Banking,0.0,13.92
ORD0001185,CUST01165,2024-10-24,Delivered,UPI,0.1,5.34
ORD0001186,CUST00976,2024-11-21,Delivered,PayPal,0.15,14.54
ORD0001187,CUST01319,2024-11-18,Delivered,PayPal,0.0,6.6
ORD0001188,CUST00747,2024-12-04,Processing,Net Banking,0.05,11.56
ORD0001189,CUST01351,2022-10-01,Delivered,Wallet,0.15,7.23
ORD0001190,CUST01903,2024-11-05,Delivered,Debit Card,0.05,0.06
ORD0001191,CUST00367,2024-08-06,Delivered,Net Banking,0.05,12.17
ORD0001192,CUST01307,2024-07-23,Returned,Debit Card,0.1,4.8
ORD0001193,CUST01676,2023-04-10,Cancelled,Net Banking,0.0,13.86
ORD0001194,CUST01568,2024-09-29,Delivered,Debit Card,0.15,14.25
ORD0001195,CUST00288,2024-09-22,Delivered,Wallet,0.1,7.56
ORD0001196,CUST00126,2023-11-20,Delivered,Credit Card,0.0,0.72
ORD0001197,CUST00397,2024-01-19,Delivered,Wallet,0.05,14.46
ORD0001198,CUST00962,2023-02-27,Delivered,Wallet,0.1,13.55
ORD0001199,CUST00717,2024-07-18,Delivered,PayPal,0.05,0.61
ORD0001200,CUST00589,2023-10-13,Delivered,PayPal,0.05,2.29
ORD0001201,CUST01961,2024-07-16,Delivered,Credit Card,0.0,11.4
ORD0001202,CUST00044,2024-09-20,Delivered,Debit Card,0.05,6.32
ORD0001203,CUST01527,2022-12-21,Delivered,Debit Card,0.0,6.29
ORD0001204,CUST00822,2024-03-16,Delivered,Wallet,0.1,3.92
ORD0001205,CUST00452,2024-11-23,Delivered,Debit Card,0.05,5.37
ORD0001206,CUST01676,2023-07-15,Delivered,Wallet,0.2,7.58
ORD0001207,CUST00047,2024-11-17,Delivered,UPI,0.15,10.39
ORD0001208,CUST00636,2024-03-01,Delivered,Net Banking,0.0,13.52
ORD0001209,CUST01361,2024-07-28,Delivered,UPI,0.1,11.85
ORD0001210,CUST01569,2024-10-07,Delivered,UPI,0.1,13.16
ORD0001211,CUST00656,2024-03-28,Returned,UPI,0.15,8.97
ORD0001212,CUST01207,2023-08-25,Delivered,Debit Card,0.05,0.99
ORD0001213,CUST01981,2022-06-19,Delivered,Debit Card,0.05,5.04
ORD0001214,CUST01298,2024-02-25,Delivered,UPI,0.0,5.91
ORD0001215,CUST00281,2024-07-16,Delivered,Net Banking,0.0,4.55
ORD0001216,CUST01867,2024-09-14,Delivered,Credit Card,0.2,0.55
ORD0001217,CUST01382,2024-02-10,Delivered,UPI,0.05,13.95
ORD0001218,CUST01143,2024-11-20,Processing,Debit Card,0.1,10.01
ORD0001219,CUST01552,2024-10-08,Delivered,UPI,0.1,7.18
ORD0001220,CUST00838,2023-10-31,Delivered,Wallet,0.05,10.0
ORD0001221,CUST00942,2024-06-13,Delivered,UPI,0.0,6.48
ORD0001222,CUST00917,2024-07-08,Delivered,PayPal,0.0,2.54
ORD0001223,CUST01190,2024-10-22,Delivered,Net Banking,0.0,1.59
ORD0001224,CUST00953,2024-11-06,Delivered,UPI,0.2,5.7
ORD0001225,CUST00757,2024-12-17,Delivered,Credit Card,0.0,13.78
ORD0001226,CUST01194,2023-03-25,Delivered,Debit Card,0.2,8.85
ORD0001227,CUST01328,2023-11-26,Returned,UPI,0.0,0.59
ORD0001228,CUST01071,2024-01-28,Delivered,PayPal,0.15,9.59
ORD0001229,CUST01319,2024-11-05,Delivered,UPI,0.05,4.13
ORD0001230,CUST00306,2024-09-24,Delivered,UPI,0.15,9.07
ORD0001231,CUST01603,2024-08-22,Delivered,Debit Card,0.0,12.19
ORD0001232,CUST00745,2023-02-06,Delivered,Wallet,0.1,4.32
ORD0001233,CUST01811,2022-11-25,Returned,PayPal,0.1,5.87
ORD0001234,CUST00102,2024-09-19,Delivered,Debit Card,0.15,5.43
ORD0001235,CUST00521,2024-06-26,Delivered,Wallet,0.0,6.44
ORD0001236,CUST00407,2024-04-07,Delivered,Net Banking,0.1,11.12
ORD0001237,CUST01935,2024-12-08,Delivered,UPI,0.15,3.24
ORD0001238,CUST00965,2022-11-19,Cancelled,PayPal,0.15,3.66
ORD0001239,CUST01785,2024-05-06,Processing,Net Banking,0.1,0.48
ORD0001240,CUST01638,2023-10-07,Delivered,Net Banking,0.1,2.62
ORD0001241,CUST01501,2024-12-09,Delivered,PayPal,0.05,2.58
ORD0001242,CUST00553,2024-05-30,Returned,Wallet,0.0,14.54
ORD0001243,CUST00130,2024-08-27,Delivered,PayPal,0.05,1.65
ORD0001244,CUST00615,2024-11-15,Delivered,Net Banking,0.0,1.41
ORD0001245,CUST00286,2024-08-23,Delivered,Wallet,0.1,10.09
ORD0001246,CUST01271,2023-06-01,Delivered,Wallet,0.1,13.58
ORD0001247,CUST01180,2022-09-28,Delivered,UPI,0.15,5.37
ORD0001248,CUST01418,2023-05-07,Delivered,Net Banking,0.05,2.89
ORD0001249,CUST00084,2023-12-09,Delivered,Credit Card,0.0,7.15
ORD0001250,CUST00278,2024-04-02,Delivered,UPI,0.1,6.83
ORD0001251,CUST00196,2023-04-04,Returned,UPI,0.1,5.62
ORD0001252,CUST00356,2024-05-17,Delivered,Credit Card,0.0,7.67
ORD0001253,CUST01911,2024-02-03,Delivered,Net Banking,0.0,12.48
ORD0001254,CUST01225,2024-08-30,Cancelled,UPI,0.05,14.12
ORD0001255,CUST01477,2024-10-08,Returned,Debit Card,0.05,13.72
ORD0001256,CUST00575,2023-10-29,Returned,Net Banking,0.05,7.96
ORD0001257,CUST01742,2022-09-07,Delivered,Credit Card,0.1,2.18
ORD0001258,CUST00095,2024-12-08,Delivered,Wallet,0.0,3.56
ORD0001259,CUST00741,2024-02-24,Delivered,Net Banking,0.05,9.14
ORD0001260,CUST01210,2024-10-24,Delivered,Debit Card,0.05,13.43
ORD0001261,CUST01809,2024-09-22,Delivered,Credit Card,0.15,13.3
ORD0001262,CUST00244,2024-09-23,Delivered,UPI,0.0,2.21
ORD0001263,CUST01657,2023-08-01,Cancelled,Debit Card,0.0,7.64
ORD0001264,CUST01680,2024-09-19,Delivered,Net Banking,0.0,3.69
ORD0001265,CUST01392,2024-02-14,Delivered,Credit Card,0.05,5.38
ORD0001266,CUST01318,2024-01-20,Delivered,Net Banking,0.05,12.61
ORD0001267,CUST00521,2024-05-13,Delivered,Debit Card,0.0,0.09
ORD0001268,CUST01256,2023-04-09,Cancelled,PayPal,0.1,9.57
ORD0001269,CUST01329,2024-01-08,Delivered,Wallet,0.05,11.83
ORD0001270,CUST00610,2024-12-23,Delivered,Debit Card,0.1,3.6
ORD0001271,CUST01820,2023-10-17,Returned,UPI,0.1,2.59
ORD0001272,CUST00500,2023-10-10,Delivered,Net Banking,0.0,4.66
ORD0001273,CUST01097,2024-11-02,Delivered,Debit Card,0.0,2.61
ORD0001274,CUST00456,2024-02-15,Returned,Net Banking,0.0,10.15
ORD0001275,CUST00026,2024-10-31,Delivered,PayPal,0.05,9.72
ORD0001276,CUST00725,2024-06-01,Delivered,Credit Card,0.1,11.71
ORD0001277,CUST01717,2024-06-20,Delivered,UPI,0.0,0.1
ORD0001278,CUST01544,2023-10-22,Delivered,PayPal,0.1,5.43
ORD0001279,CUST01229,2023-12-20,Delivered,Debit Card,0.05,6.59
ORD0001280,CUST01198,2024-02-24,Delivered,UPI,0.0,11.47
ORD0001281,CUST00449,2024-07-15,Delivered,UPI,0.05,1.48
ORD0001282,CUST00340,2024-06-23,Delivered,Wallet,0.1,11.42
ORD0001283,CUST00619,2024-05-15,Returned,Debit Card,0.15,7.41
ORD0001284,CUST00608,2024-12-01,Delivered,UPI,0.1,11.69
ORD0001285,CUST00606,2024-12-29,Delivered,Net Banking,0.05,11.06
ORD0001286,CUST00982,2022-08-28,Returned,UPI,0.0,8.08
ORD0001287,CUST00773,2024-08-02,Delivered,Credit Card,0.2,0.42
ORD0001288,CUST01414,2024-09-23,Delivered,Debit Card,0.0,11.2
ORD0001289,CUST00989,2022-09-09,Delivered,PayPal,0.05,0.97
ORD0001290,CUST00349,2023-04-09,Delivered,Credit Card,0.0,7.78
ORD0001291,CUST00915,2024-11-12,Delivered,Wallet,0.15,0.8
ORD0001292,CUST01706,2024-09-19,Delivered,Net Banking,0.0,6.73
ORD0001293,CUST01005,2024-07-19,Delivered,UPI,0.05,11.86
ORD0001294,CUST00433,2024-11-01,Returned,Wallet,0.15,4.7
ORD0001295,CUST00919,2024-12-27,Delivered,UPI,0.15,1.55
ORD0001296,CUST01039,2023-01-13,Delivered,Debit Card,0.1,7.88
ORD0001297,CUST01087,2024-01-04,Delivered,Debit Card,0.0,9.65
ORD0001298,CUST01012,2024-08-26,Delivered,Debit Card,0.1,1.72
ORD0001299,CUST01887,2023-05-23,Returned,UPI,0.0,9.21
ORD0001300,CUST00636,2024-10-17,Delivered,UPI,0.0,10.09
ORD0001301,CUST01032,2023-05-08,Delivered,Debit Card,0.05,10.2
ORD0001302,CUST00298,2024-02-16,Delivered,Credit Card,0.15,6.57
ORD0001303,CUST01143,2024-08-11,Delivered,PayPal,0.1,12.48
ORD0001304,CUST00810,2023-11-17,Delivered,PayPal,0.0,1.47
ORD0001305,CUST00652,2024-04-19,Delivered,Credit Card,0.0,9.05
ORD0001306,CUST00820,2024-10-13,Delivered,Net Banking,0.0,0.69
ORD0001307,CUST00952,2024-10-16,Delivered,Credit Card,0.15,8.44
ORD0001308,CUST01333,2022-11-13,Delivered,Credit Card,0.05,13.16
ORD0001309,CUST01914,2024-09-19,Delivered,Debit Card,0.05,1.82
ORD0001310,CUST00272,2024-08-28,Delivered,PayPal,0.0,1.41
ORD0001311,CUST00379,2024-08-29,Delivered,Credit Card,0.0,1.41
ORD0001312,CUST00608,2024-08-24,Returned,Wallet,0.0,14.78
ORD0001313,CUST01656,2024-09-06,Delivered,Net Banking,0.0,4.61
ORD0001314,CUST01347,2024-01-17,Processing,PayPal,0.05,0.12
ORD0001315,CUST01272,2024-12-18,Delivered,Debit Card,0.0,7.01
ORD0001316,CUST01718,2024-03-04,Processing,Net Banking,0.1,0.84
ORD0001317,CUST00655,2024-04-11,Delivered,Net Banking,0.1,14.85
ORD0001318,CUST00984,2024-11-14,Delivered,Wallet,0.05,14.05
ORD0001319,CUST00479,2023-10-14,Delivered,PayPal,0.0,1.39
ORD0001320,CUST01247,2023-08-19,Returned,PayPal,0.1,1.9
ORD0001321,CUST00870,2022-11-28,Delivered,UPI,0.0,2.87
ORD0001322,CUST00968,2024-06-10,Delivered,Net Banking,0.2,5.72
ORD0001323,CUST00511,2024-12-30,Delivered,Net Banking,0.0,14.17
ORD0001324,CUST00419,2023-11-03,Returned,PayPal,0.0,2.45
ORD0001325,CUST01728,2022-08-07,Delivered,Net Banking,0.05,13.1
ORD0001326,CUST00197,2024-06-27,Delivered,UPI,0.0,1.87
ORD0001327,CUST01635,2024-07-20,Delivered,UPI,0.05,3.18
ORD0001328,CUST01322,2024-05-22,Delivered,UPI,0.05,6.45
ORD0001329,CUST00837,2023-11-07,Delivered,Wallet,0.15,0.33
ORD0001330,CUST00166,2023-03-20,Processing,Net Banking,0.0,3.91
ORD0001331,CUST01337,2024-10-01,Delivered,UPI,0.1,14.16
ORD0001332,CUST01153,2024-12-06,Delivered,Wallet,0.0,3.11
ORD0001333,CUST00837,2024-11-06,Returned,PayPal,0.0,4.66
ORD0001334,CUST01629,2024-11-22,Delivered,Wallet,0.05,8.06
ORD0001335,CUST00255,2024-04-06,Processing,PayPal,0.1,0.84
ORD0001336,CUST01054,2022-09-27,Delivered,Debit Card,0.1,7.76
ORD0001337,CUST01761,2024-02-22,Returned,Debit Card,0.1,4.85
ORD0001338,CUST00045,2024-12-24,Delivered,UPI,0.1,8.24
ORD0001339,CUST01981,2024-11-14,Delivered,PayPal,0.0,9.64
ORD0001340,CUST00718,2024-07-09,Delivered,Debit Card,0.05,5.81
ORD0001341,CUST00520,2023-08-01,Delivered,Net Banking,0.0,3.87
ORD0001342,CUST01101,2023-12-20,Delivered,Debit Card,0.0,5.56
ORD0001343,CUST01808,2024-08-29,Returned,PayPal,0.15,4.2
ORD0001344,CUST00355,2024-05-16,Cancelled,UPI,0.0,6.67
ORD0001345,CUST01258,2024-09-26,Cancelled,UPI,0.05,3.97
ORD0001346,CUST01928,2023-09-05,Returned,Debit Card,0.1,8.81
ORD0001347,CUST00798,2024-10-14,Delivered,Credit Card,0.05,3.98
ORD0001348,CUST00957,2023-12-20,Delivered,PayPal,0.05,3.0
ORD0001349,CUST01570,2023-12-22,Delivered,Net Banking,0.0,8.83
ORD0001350,CUST00816,2024-07-11,Delivered,Wallet,0.0,4.36
ORD0001351,CUST01964,2024-10-23,Delivered,PayPal,0.1,3.69
ORD0001352,CUST01752,2024-06-16,Delivered,Wallet,0.0,3.68
ORD0001353,CUST00160,2024-10-26,Delivered,Net Banking,0.1,8.52
ORD0001354,CUST01029,2023-09-19,Delivered,PayPal,0.05,6.03
ORD0001355,CUST00919,2024-02-26,Cancelled,Wallet,0.05,6.13
ORD0001356,CUST00843,2024-09-25,Delivered,UPI,0.15,8.21
ORD0001357,CUST01459,2022-12-21,Delivered,Net Banking,0.0,8.79
ORD0001358,CUST01472,2024-12-05,Delivered,Credit Card,0.1,10.95
ORD0001359,CUST01752,2023-04-13,Delivered,Wallet,0.1,3.63
ORD0001360,CUST00113,2024-08-24,Delivered,Net Banking,0.15,5.83
ORD0001361,CUST00924,2024-12-28,Delivered,Credit Card,0.05,3.8
ORD0001362,CUST01771,2024-11-14,Returned,PayPal,0.0,9.09
ORD0001363,CUST01877,2024-11-16,Delivered,Wallet,0.05,3.38
ORD0001364,CUST01876,2024-06-28,Delivered,UPI,0.15,7.19
ORD0001365,CUST01882,2024-04-23,Delivered,Credit Card,0.1,2.12
ORD0001366,CUST01095,2024-11-11,Delivered,Net Banking,0.0,14.03
ORD0001367,CUST00672,2024-10-05,Returned,Credit Card,0.1,12.13
ORD0001368,CUST00677,2023-07-31,Returned,Credit Card,0.1,5.65
ORD0001369,CUST01102,2024-04-11,Cancelled,Debit Card,0.0,4.67
ORD0001370,CUST01968,2024-07-08,Delivered,UPI,0.0,2.84
ORD0001371,CUST01874,2023-03-06,Delivered,PayPal,0.05,8.61
ORD0001372,CUST00644,2024-06-22,Delivered,Credit Card,0.0,14.85
ORD0001373,CUST00403,2023-09-19,Delivered,PayPal,0.15,5.44
ORD0001374,CUST01656,2023-07-23,Delivered,Net Banking,0.05,1.32
ORD0001375,CUST01360,2024-12-19,Delivered,Wallet,0.05,12.59
ORD0001376,CUST01604,2024-07-06,Delivered,Net Banking,0.0,1.47
ORD0001377,CUST00854,2024-01-05,Delivered,Wallet,0.15,12.06
ORD0001378,CUST01313,2024-09-22,Delivered,Credit Card,0.0,13.43
ORD0001379,CUST00290,2023-12-11,Returned,Debit Card,0.15,10.31
ORD0001380,CUST01332,2024-05-17,Returned,UPI,0.05,14.32
ORD0001381,CUST01017,2024-05-23,Returned,Wallet,0.1,0.06
ORD0001382,CUST01356,2024-03-16,Delivered,Net Banking,0.1,9.41
ORD0001383,CUST00299,2022-04-20,Delivered,UPI,0.05,13.69
ORD0001384,CUST01011,2023-06-03,Delivered,UPI,0.0,14.09
ORD0001385,CUST00605,2023-10-28,Delivered,Credit Card,0.1,4.97
ORD0001386,CUST00356,2023-05-06,Delivered,PayPal,0.05,12.71
ORD0001387,CUST01784,2023-02-17,Delivered,Net Banking,0.2,7.58
ORD0001388,CUST01845,2024-05-26,Delivered,UPI,0.1,12.08
ORD0001389,CUST01088,2024-10-31,Cancelled,UPI,0.05,5.21
ORD0001390,CUST01350,2024-11-13,Delivered,Debit Card,0.0,12.65
ORD0001391,CUST01638,2024-01-19,Delivered,PayPal,0.0,7.23
ORD0001392,CUST00032,2023-06-28,Delivered,Credit Card,0.0,11.4
ORD0001393,CUST00594,2024-01-23,Delivered,Credit Card,0.1,3.89
ORD0001394,CUST01149,2023-08-29,Delivered,Wallet,0.15,6.13
ORD0001395,CUST00679,2024-10-31,Delivered,UPI,0.1,7.4
ORD0001396,CUST01710,2024-10-22,Delivered,Debit Card,0.1,8.9
ORD0001397,CUST01788,2024-11-28,Delivered,Wallet,0.15,8.05
ORD0001398,CUST00448,2023-04-28,Delivered,UPI,0.0,13.47
ORD0001399,CUST00994,2024-07-08,Delivered,Net Banking,0.05,14.24
ORD0001400,CUST00983,2024-09-27,Delivered,Net Banking,0.05,7.12
ORD0001401,CUST01303,2024-01-07,Delivered,PayPal,0.05,10.26
ORD0001402,CUST01978,2023-09-09,Delivered,Wallet,0.1,9.54
ORD0001403,CUST00870,2023-03-31,Delivered,UPI,0.0,5.33
ORD0001404,CUST00637,2024-11-04,Delivered,Net Banking,0.05,8.98
ORD0001405,CUST01159,2024-12-06,Delivered,Debit Card,0.1,0.92
ORD0001406,CUST00176,2024-08-13,Delivered,Wallet,0.05,9.59
ORD0001407,CUST00259,2024-09-02,Delivered,Wallet,0.05,3.22
ORD0001408,CUST01163,2024-12-30,Delivered,Wallet,0.0,10.41
ORD0001409,CUST01718,2024-03-11,Returned,Debit Card,0.05,5.62
ORD0001410,CUST01804,2022-12-06,Delivered,UPI,0.05,0.61
ORD0001411,CUST01535,2024-09-23,Delivered,PayPal,0.1,9.36
ORD0001412,CUST01682,2024-07-29,Delivered,Wallet,0.1,2.3
ORD0001413,CUST01987,2024-10-05,Delivered,Wallet,0.1,12.58
ORD0001414,CUST01380,2024-04-05,Delivered,Net Banking,0.15,2.08
ORD0001415,CUST00979,2024-05-26,Delivered,UPI,0.0,0.04
ORD0001416,CUST01365,2024-08-25,Cancelled,Credit Card,0.1,9.11
ORD0001417,CUST00759,2024-09-27,Delivered,PayPal,0.1,4.48
ORD0001418,CUST01270,2024-04-26,Delivered,Debit Card,0.1,7.76
ORD0001419,CUST00912,2024-11-25,Delivered,Net Banking,0.1,13.47
ORD0001420,CUST00540,2023-07-10,Delivered,UPI,0.0,8.06
ORD0001421,CUST00358,2024-08-21,Delivered,PayPal,0.1,11.52
ORD0001422,CUST00738,2024-12-19,Delivered,Credit Card,0.0,9.96
ORD0001423,CUST00947,2024-12-23,Returned,Net Banking,0.1,14.41
ORD0001424,CUST01422,2024-09-25,Delivered,PayPal,0.0,7.02
ORD0001425,CUST00702,2023-10-12,Delivered,UPI,0.1,4.64
ORD0001426,CUST00958,2023-07-23,Delivered,Debit Card,0.0,12.91
ORD0001427,CUST01709,2024-11-24,Returned,UPI,0.1,11.2
ORD0001428,CUST01901,2024-03-02,Delivered,Credit Card,0.05,2.33
ORD0001429,CUST01519,2024-11-14,Delivered,PayPal,0.2,6.66
ORD0001430,CUST00516,2024-03-30,Returned,UPI,0.2,9.5
ORD0001431,CUST01002,2023-06-18,Processing,PayPal,0.0,10.7
ORD0001432,CUST01923,2024-11-06,Delivered,Credit Card,0.1,1.84
ORD0001433,CUST00040,2024-11-01,Delivered,Credit Card,0.05,9.89
ORD0001434,CUST01536,2022-10-16,Cancelled,Wallet,0.05,4.05
ORD0001435,CUST01436,2023-06-28,Cancelled,Wallet,0.0,1.47
ORD0001436,CUST00912,2024-11-13,Delivered,Debit Card,0.0,11.86
ORD0001437,CUST01218,2024-05-16,Delivered,Debit Card,0.0,1.99
ORD0001438,CUST01641,2023-09-01,Returned,Net Banking,0.1,0.11
ORD0001439,CUST00959,2023-05-26,Delivered,Net Banking,0.05,3.4
ORD0001440,CUST00848,2024-02-02,Delivered,Wallet,0.15,4.02
ORD0001441,CUST00799,2024-05-26,Delivered,PayPal,0.2,2.72
ORD0001442,CUST01924,2024-08-31,Delivered,Wallet,0.1,1.93
ORD0001443,CUST00541,2024-12-24,Delivered,Debit Card,0.0,12.08
ORD0001444,CUST01002,2024-09-28,Delivered,PayPal,0.2,12.15
ORD0001445,CUST00371,2024-12-07,Delivered,PayPal,0.0,13.87
ORD0001446,CUST01364,2024-11-26,Delivered,UPI,0.0,2.81
ORD0001447,CUST01716,2024-11-11,Delivered,Net Banking,0.1,11.68
ORD0001448,CUST00533,2024-09-15,Delivered,Credit Card,0.0,3.92
ORD0001449,CUST01997,2023-06-26,Cancelled,UPI,0.0,2.53
ORD0001450,CUST00401,2024-05-04,Delivered,UPI,0.15,13.8
ORD0001451,CUST00864,2024-06-01,Delivered,Net Banking,0.05,3.56
ORD0001452,CUST00863,2024-10-31,Delivered,Wallet,0.1,6.24
ORD0001453,CUST01346,2023-06-08,Delivered,Net Banking,0.0,3.34
ORD0001454,CUST01731,2024-02-28,Delivered,PayPal,0.1,9.22
ORD0001455,CUST00662,2024-12-06,Delivered,Credit Card,0.05,5.8
ORD0001456,CUST00689,2024-11-28,Processing,Net Banking,0.1,6.76
ORD0001457,CUST01511,2024-04-08,Delivered,UPI,0.0,14.9
ORD0001458,CUST01955,2023-12-26,Delivered,PayPal,0.0,13.83
ORD0001459,CUST01493,2023-03-23,Returned,Debit Card,0.0,6.02
ORD0001460,CUST00868,2024-12-26,Delivered,Net Banking,0.1,10.62
ORD0001461,CUST01772,2024-12-01,Delivered,PayPal,0.1,8.18
ORD0001462,CUST00919,2023-10-04,Cancelled,Credit Card,0.0,7.2
ORD0001463,CUST01176,2023-01-01,Delivered,Credit Card,0.1,0.39
ORD0001464,CUST00097,2024-09-18,Delivered,Debit Card,0.05,1.3
ORD0001465,CUST01447,2024-04-20,Delivered,Debit Card,0.0,5.08
ORD0001466,CUST01433,2022-05-09,Delivered,Net Banking,0.0,6.78
ORD0001467,CUST00151,2024-12-05,Delivered,UPI,0.15,0.07
ORD0001468,CUST01108,2023-11-08,Delivered,Net Banking,0.05,4.81
ORD0001469,CUST00531,2022-12-25,Delivered,UPI,0.05,6.86
ORD0001470,CUST01929,2024-09-10,Delivered,Debit Card,0.1,12.64
ORD0001471,CUST00463,2023-02-08,Delivered,Wallet,0.1,12.43
ORD0001472,CUST00619,2024-11-22,Delivered,Credit Card,0.05,8.8
ORD0001473,CUST00793,2023-09-11,Returned,Debit Card,0.1,7.25
ORD0001474,CUST01645,2024-04-17,Delivered,Credit Card,0.0,0.77
ORD0001475,CUST00945,2024-02-26,Delivered,Debit Card,0.1,2.5
ORD0001476,CUST00550,2022-11-26,Delivered,Net Banking,0.05,7.61
ORD0001477,CUST01889,2024-10-31,Delivered,Debit Card,0.05,7.79
ORD0001478,CUST00768,2024-11-15,Delivered,Net Banking,0.1,8.48
ORD0001479,CUST00377,2024-12-16,Delivered,UPI,0.1,1.05
ORD0001480,CUST01135,2024-06-01,Delivered,Credit Card,0.1,6.1
ORD0001481,CUST01264,2024-07-18,Cancelled,UPI,0.0,0.34
ORD0001482,CUST01450,2023-05-25,Delivered,Net Banking,0.0,5.16
ORD0001483,CUST01102,2024-09-03,Delivered,PayPal,0.0,1.36
ORD0001484,CUST01609,2024-10-02,Returned,Net Banking,0.0,13.29
ORD0001485,CUST00503,2024-04-01,Delivered,Net Banking,0.05,11.75
ORD0001486,CUST01973,2024-07-29,Cancelled,Credit Card,0.05,4.86
ORD0001487,CUST01086,2024-12-21,Processing,Credit Card,0.05,10.18
ORD0001488,CUST00251,2024-08-14,Cancelled,Credit Card,0.15,13.53
ORD0001489,CUST00822,2024-05-07,Cancelled,Net Banking,0.2,9.93
ORD0001490,CUST00327,2024-11-15,Delivered,Wallet,0.1,1.14
ORD0001491,CUST01675,2024-08-01,Delivered,UPI,0.1,4.65
ORD0001492,CUST00399,2024-10-15,Delivered,UPI,0.05,0.07
ORD0001493,CUST01080,2024-01-07,Delivered,Debit Card,0.1,14.08
ORD0001494,CUST00169,2024-10-19,Delivered,PayPal,0.0,1.0
ORD0001495,CUST00282,2024-11-01,Returned,PayPal,0.0,6.09
ORD0001496,CUST01332,2023-08-09,Delivered,UPI,0.0,10.21
ORD0001497,CUST00471,2024-11-16,Delivered,PayPal,0.05,4.39
ORD0001498,CUST01982,2024-02-03,Delivered,Debit Card,0.05,10.33
ORD0001499,CUST00873,2024-06-25,Returned,PayPal,0.15,6.68
ORD0001500,CUST00155,2024-12-10,Delivered,Net Banking,0.05,10.56
ORD0001501,CUST00091,2024-09-20,Delivered,Net Banking,0.05,14.72
ORD0001502,CUST01126,2024-07-19,Delivered,Debit Card,0.0,14.54
ORD0001503,CUST01545,2023-12-12,Delivered,Net Banking,0.05,13.64
ORD0001504,CUST01661,2023-02-27,Delivered,Net Banking,0.1,9.69
ORD0001505,CUST01852,2024-06-06,Delivered,PayPal,0.15,10.44
ORD0001506,CUST00613,2024-12-04,Returned,Net Banking,0.1,6.18
ORD0001507,CUST00164,2024-12-21,Cancelled,Credit Card,0.0,2.67
ORD0001508,CUST01451,2024-11-21,Delivered,PayPal,0.15,4.46
ORD0001509,CUST01837,2024-09-08,Delivered,UPI,0.0,5.43
ORD0001510,CUST00457,2024-04-26,Returned,Debit Card,0.05,9.2
ORD0001511,CUST01313,2024-07-19,Delivered,UPI,0.05,14.42
ORD0001512,CUST01232,2022-04-16,Delivered,Debit Card,0.0,7.17
ORD0001513,CUST00783,2024-02-28,Delivered,Debit Card,0.0,13.84
ORD0001514,CUST01220,2024-12-08,Delivered,Wallet,0.2,14.62
ORD0001515,CUST01679,2024-02-22,Delivered,PayPal,0.15,7.37
ORD0001516,CUST01881,2023-05-23,Delivered,Net Banking,0.0,14.78
ORD0001517,CUST00324,2024-06-07,Delivered,Wallet,0.0,11.43
ORD0001518,CUST00723,2024-03-19,Returned,Debit Card,0.0,2.49
ORD0001519,CUST00022,2024-09-27,Delivered,Net Banking,0.0,0.24
ORD0001520,CUST00616,2024-05-17,Delivered,Wallet,0.15,4.68
ORD0001521,CUST00511,2024-12-13,Delivered,Credit Card,0.0,10.72
ORD0001522,CUST00821,2024-12-21,Delivered,Wallet,0.1,0.92
ORD0001523,CUST01274,2023-08-31,Delivered,Net Banking,0.0,6.0
ORD0001524,CUST01515,2024-09-17,Delivered,Wallet,0.15,5.2
ORD0001525,CUST00406,2023-10-06,Returned,Credit Card,0.1,13.38
ORD0001526,CUST00568,2023-09-02,Delivered,Wallet,0.15,3.12
ORD0001527,CUST00636,2023-07-18,Returned,UPI,0.0,14.0
ORD0001528,CUST00767,2024-02-29,Delivered,Credit Card,0.05,3.63
ORD0001529,CUST00819,2024-06-05,Delivered,PayPal,0.1,1.44
ORD0001530,CUST01940,2023-12-01,Delivered,Credit Card,0.15,12.06
ORD0001531,CUST01216,2024-09-27,Delivered,Credit Card,0.1,1.97
ORD0001532,CUST01579,2024-11-16,Delivered,Debit Card,0.0,12.33
ORD0001533,CUST01969,2024-10-30,Cancelled,Net Banking,0.2,10.69
ORD0001534,CUST01017,2023-06-07,Cancelled,Debit Card,0.0,2.61
ORD0001535,CUST00036,2024-11-06,Returned,UPI,0.0,2.01
ORD0001536,CUST00939,2024-03-19,Cancelled,PayPal,0.0,2.31
ORD0001537,CUST01026,2023-09-02,Delivered,UPI,0.05,6.91
ORD0001538,CUST01419,2024-04-16,Delivered,Credit Card,0.15,11.18
ORD0001539,CUST01568,2024-08-02,Delivered,Credit Card,0.0,10.99
ORD0001540,CUST01142,2022-09-23,Delivered,PayPal,0.0,11.99
ORD0001541,CUST00969,2024-06-08,Delivered,Wallet,0.0,5.3
ORD0001542,CUST00782,2023-11-16,Processing,Net Banking,0.1,11.38
ORD0001543,CUST00071,2023-04-27,Delivered,UPI,0.0,2.35
ORD0001544,CUST01379,2024-12-29,Cancelled,Debit Card,0.0,9.48
ORD0001545,CUST00955,2024-09-21,Delivered,Credit Card,0.1,14.39
ORD0001546,CUST00909,2024-11-22,Delivered,Wallet,0.05,14.83
ORD0001547,CUST00582,2024-08-04,Delivered,Credit Card,0.05,3.9
ORD0001548,CUST01079,2024-09-21,Delivered,Credit Card,0.05,13.03
ORD0001549,CUST00173,2024-04-20,Delivered,PayPal,0.05,10.03
ORD0001550,CUST00100,2024-07-07,Delivered,Credit Card,0.15,10.8
ORD0001551,CUST00878,2024-02-15,Delivered,UPI,0.0,10.55
ORD0001552,CUST00776,2024-12-09,Delivered,Net Banking,0.05,11.74
ORD0001553,CUST00026,2024-06-13,Delivered,Debit Card,0.1,14.31
ORD0001554,CUST01525,2023-10-16,Delivered,Net Banking,0.05,12.64
ORD0001555,CUST01066,2024-01-04,Delivered,Credit Card,0.0,5.88
ORD0001556,CUST01078,2023-08-18,Delivered,Credit Card,0.0,8.7
ORD0001557,CUST01260,2023-11-16,Delivered,Credit Card,0.0,7.38
ORD0001558,CUST00313,2024-06-08,Delivered,PayPal,0.1,1.5
ORD0001559,CUST00318,2023-12-03,Delivered,Credit Card,0.05,0.06
ORD0001560,CUST00460,2023-10-13,Delivered,UPI,0.0,6.77
ORD0001561,CUST01155,2024-12-22,Delivered,Net Banking,0.0,12.76
ORD0001562,CUST00690,2024-04-02,Delivered,Wallet,0.05,8.13
ORD0001563,CUST01187,2024-08-02,Delivered,PayPal,0.05,7.29
ORD0001564,CUST00853,2023-02-27,Delivered,Net Banking,0.05,4.84
ORD0001565,CUST00031,2024-03-21,Delivered,Wallet,0.2,8.33
ORD0001566,CUST00392,2024-06-15,Delivered,UPI,0.05,1.15
ORD0001567,CUST01716,2024-09-10,Cancelled,Debit Card,0.0,5.7
ORD0001568,CUST01614,2022-11-29,Delivered,Net Banking,0.0,6.13
ORD0001569,CUST00931,2024-08-27,Returned,Wallet,0.05,1.86
ORD0001570,CUST00257,2024-10-10,Delivered,Wallet,0.15,10.15
ORD0001571,CUST00839,2024-12-21,Delivered,PayPal,0.1,0.95
ORD0001572,CUST00576,2023-03-01,Delivered,Credit Card,0.0,1.66
ORD0001573,CUST00645,2024-10-05,Delivered,Wallet,0.15,0.03
ORD0001574,CUST00740,2024-05-19,Delivered,Credit Card,0.1,12.1
ORD0001575,CUST00045,2023-10-07,Delivered,PayPal,0.1,11.44
ORD0001576,CUST00257,2024-11-03,Delivered,UPI,0.0,8.99
ORD0001577,CUST00544,2023-07-12,Delivered,Net Banking,0.05,6.75
ORD0001578,CUST01451,2024-10-07,Delivered,Net Banking,0.2,4.33
ORD0001579,CUST00146,2023-08-26,Returned,Debit Card,0.0,6.4
ORD0001580,CUST01002,2024-02-08,Delivered,Credit Card,0.1,1.22
ORD0001581,CUST00796,2023-06-23,Delivered,PayPal,0.0,14.26
ORD0001582,CUST01672,2024-05-26,Delivered,Net Banking,0.05,1.04
ORD0001583,CUST01656,2023-02-17,Delivered,UPI,0.0,11.97
ORD0001584,CUST00996,2023-06-01,Delivered,PayPal,0.0,8.93
ORD0001585,CUST00906,2022-12-07,Delivered,Credit Card,0.1,14.89
ORD0001586,CUST01889,2023-08-26,Delivered,PayPal,0.0,5.01
ORD0001587,CUST00478,2024-10-21,Delivered,Net Banking,0.0,10.96
ORD0001588,CUST00738,2024-03-22,Cancelled,Credit Card,0.15,4.67
ORD0001589,CUST00713,2024-06-11,Delivered,Wallet,0.1,9.2
ORD0001590,CUST00444,2024-11-02,Returned,Wallet,0.1,13.7
ORD0001591,CUST01903,2024-09-22,Returned,PayPal,0.1,12.69
ORD0001592,CUST01712,2023-05-19,Returned,UPI,0.1,8.3
ORD0001593,CUST01181,2023-03-21,Returned,UPI,0.15,13.76
ORD0001594,CUST00013,2023-09-09,Delivered,UPI,0.05,13.09
ORD0001595,CUST00695,2024-07-10,Delivered,Net Banking,0.1,9.19
ORD0001596,CUST01422,2024-12-26,Delivered,PayPal,0.0,9.94
ORD0001597,CUST01735,2023-05-30,Delivered,Wallet,0.0,1.98
ORD0001598,CUST01954,2024-12-09,Delivered,PayPal,0.0,1.89
ORD0001599,CUST00110,2022-11-07,Delivered,Credit Card,0.0,10.01
ORD0001600,CUST01733,2024-10-02,Delivered,PayPal,0.05,14.52
ORD0001601,CUST00097,2024-12-17,Delivered,Debit Card,0.1,7.96
ORD0001602,CUST01279,2024-09-07,Delivered,Wallet,0.1,12.3
ORD0001603,CUST01084,2024-06-16,Delivered,UPI,0.15,14.23
ORD0001604,CUST01986,2024-02-15,Delivered,Debit Card,0.0,1.9
ORD0001605,CUST00279,2024-10-29,Delivered,Credit Card,0.05,7.89
ORD0001606,CUST00537,2023-12-05,Delivered,Debit Card,0.05,6.35
ORD0001607,CUST01736,2023-12-09,Delivered,Debit Card,0.0,2.21
ORD0001608,CUST01615,2024-11-29,Delivered,UPI,0.15,12.08
ORD0001609,CUST01163,2024-12-15,Returned,Debit Card,0.0,4.7
ORD0001610,CUST01571,2024-07-06,Delivered,Credit Card,0.05,13.08
ORD0001611,CUST01450,2024-01-08,Delivered,UPI,0.05,1.28
ORD0001612,CUST01383,2024-10-13,Returned,Wallet,0.0,13.65
ORD0001613,CUST01903,2024-12-11,Delivered,Net Banking,0.15,1.47
ORD0001614,CUST01954,2023-11-07,Delivered,Debit Card,0.0,13.29
ORD0001615,CUST01631,2024-01-30,Delivered,Wallet,0.0,9.29
ORD0001616,CUST01987,2024-11-22,Delivered,UPI,0.1,12.79
ORD0001617,CUST01156,2024-12-15,Returned,UPI,0.0,4.04
ORD0001618,CUST01384,2024-08-20,Processing,UPI,0.2,0.18
ORD0001619,CUST00214,2024-04-12,Delivered,PayPal,0.15,10.95
ORD0001620,CUST01632,2022-07-09,Delivered,Debit Card,0.0,0.48
ORD0001621,CUST00458,2024-01-12,Returned,UPI,0.0,10.24
ORD0001622,CUST00471,2024-11-14,Delivered,PayPal,0.0,8.17
ORD0001623,CUST00274,2024-06-10,Delivered,Credit Card,0.05,8.26
ORD0001624,CUST01700,2024-12-21,Delivered,Debit Card,0.1,7.35
ORD0001625,CUST00322,2024-06-22,Delivered,Wallet,0.0,0.29
ORD0001626,CUST01797,2024-08-09,Delivered,Debit Card,0.0,6.28
ORD0001627,CUST01372,2023-06-07,Delivered,Wallet,0.15,4.12
ORD0001628,CUST00230,2024-09-05,Delivered,UPI,0.0,12.6
ORD0001629,CUST00423,2023-08-28,Delivered,PayPal,0.0,0.96
ORD0001630,CUST00801,2023-12-30,Delivered,Wallet,0.0,8.2
ORD0001631,CUST00057,2023-02-08,Delivered,UPI,0.1,6.11
ORD0001632,CUST01057,2023-05-02,Delivered,Credit Card,0.0,5.38
ORD0001633,CUST01975,2024-12-14,Delivered,Wallet,0.05,6.24
ORD0001634,CUST00328,2023-06-12,Delivered,Net Banking,0.0,14.03
ORD0001635,CUST00934,2024-11-29,Delivered,PayPal,0.0,11.1
ORD0001636,CUST00179,2024-07-10,Cancelled,PayPal,0.1,4.79
ORD0001637,CUST01131,2024-11-09,Delivered,Credit Card,0.0,14.75
ORD0001638,CUST00041,2024-07-29,Cancelled,Net Banking,0.0,13.36
ORD0001639,CUST00139,2024-12-09,Cancelled,Debit Card,0.1,2.67
ORD0001640,CUST01155,2024-12-06,Delivered,Net Banking,0.05,9.11
ORD0001641,CUST00958,2023-12-23,Processing,PayPal,0.05,4.88
ORD0001642,CUST01169,2024-01-17,Cancelled,Credit Card,0.0,13.17
ORD0001643,CUST00413,2024-01-31,Delivered,UPI,0.05,0.91
ORD0001644,CUST01819,2024-01-03,Delivered,Credit Card,0.1,10.3
ORD0001645,CUST01183,2024-11-28,Returned,UPI,0.05,1.58
ORD0001646,CUST01807,2024-10-22,Delivered,Debit Card,0.15,7.7
ORD0001647,CUST01584,2023-08-02,Delivered,UPI,0.2,5.94
ORD0001648,CUST01322,2023-12-19,Delivered,PayPal,0.05,9.23
ORD0001649,CUST00826,2024-02-15,Cancelled,UPI,0.0,2.03
ORD0001650,CUST01575,2024-01-22,Returned,Credit Card,0.2,10.34
ORD0001651,CUST00699,2024-11-30,Delivered,Net Banking,0.05,7.74
ORD0001652,CUST01549,2023-01-22,Cancelled,UPI,0.05,9.99
ORD0001653,CUST00628,2024-09-03,Delivered,Wallet,0.1,3.16
ORD0001654,CUST01095,2024-03-24,Delivered,Debit Card,0.0,2.96
ORD0001655,CUST01192,2024-10-12,Delivered,Net Banking,0.0,5.0
ORD0001656,CUST00401,2024-07-04,Delivered,Wallet,0.0,10.66
ORD0001657,CUST00386,2023-05-20,Processing,UPI,0.0,7.31
ORD0001658,CUST01199,2024-03-15,Delivered,PayPal,0.0,10.42
ORD0001659,CUST01996,2023-12-21,Delivered,PayPal,0.15,8.45
ORD0001660,CUST00511,2024-11-09,Delivered,Debit Card,0.2,7.16
ORD0001661,CUST00212,2023-02-07,Delivered,Net Banking,0.0,9.74
ORD0001662,CUST00581,2023-12-13,Delivered,Wallet,0.0,0.07
ORD0001663,CUST01662,2023-07-27,Delivered,UPI,0.0,3.18
ORD0001664,CUST01021,2024-10-12,Delivered,Wallet,0.05,4.67
ORD0001665,CUST01482,2023-01-14,Delivered,Credit Card,0.1,0.44
ORD0001666,CUST01159,2023-09-13,Delivered,Debit Card,0.2,14.22
ORD0001667,CUST00307,2022-09-24,Delivered,PayPal,0.0,10.15
ORD0001668,CUST00049,2024-01-03,Processing,Debit Card,0.1,0.58
ORD0001669,CUST00634,2024-12-14,Delivered,UPI,0.05,13.41
ORD0001670,CUST01505,2022-12-17,Delivered,UPI,0.0,11.75
ORD0001671,CUST00051,2024-07-14,Delivered,UPI,0.0,0.63
ORD0001672,CUST01812,2024-11-18,Delivered,UPI,0.1,11.23
ORD0001673,CUST00586,2024-11-26,Delivered,Net Banking,0.1,13.34
ORD0001674,CUST00326,2024-12-30,Returned,Credit Card,0.1,14.4
ORD0001675,CUST01031,2024-12-17,Delivered,PayPal,0.1,7.37
ORD0001676,CUST01677,2024-11-15,Returned,PayPal,0.05,6.6
ORD0001677,CUST00945,2024-04-18,Delivered,PayPal,0.05,7.04
ORD0001678,CUST00008,2024-10-28,Delivered,UPI,0.0,6.87
ORD0001679,CUST01118,2024-07-08,Delivered,Net Banking,0.05,2.04
ORD0001680,CUST00897,2024-03-19,Delivered,UPI,0.0,1.12
ORD0001681,CUST01493,2024-04-28,Delivered,Debit Card,0.0,1.11
ORD0001682,CUST01303,2023-09-23,Delivered,Debit Card,0.05,13.46
ORD0001683,CUST01718,2024-04-30,Returned,Net Banking,0.0,1.28
ORD0001684,CUST00902,2024-11-08,Cancelled,Credit Card,0.0,10.38
ORD0001685,CUST00983,2024-11-04,Delivered,Credit Card,0.1,7.07
ORD0001686,CUST00461,2024-02-12,Processing,Wallet,0.05,6.64
ORD0001687,CUST00845,2024-07-31,Delivered,Credit Card,0.0,1.37
ORD0001688,CUST01510,2024-05-27,Delivered,PayPal,0.0,0.72
ORD0001689,CUST00970,2023-03-31,Delivered,Debit Card,0.15,10.55
ORD0001690,CUST01270,2024-03-02,Delivered,Net Banking,0.05,7.1
ORD0001691,CUST00659,2024-12-11,Returned,Wallet,0.2,4.64
ORD0001692,CUST01371,2024-04-28,Delivered,UPI,0.0,4.26
ORD0001693,CUST00598,2022-08-30,Cancelled,PayPal,0.1,1.39
ORD0001694,CUST01580,2024-11-21,Delivered,Wallet,0.05,10.14
ORD0001695,CUST00656,2024-01-28,Delivered,UPI,0.0,4.52
ORD0001696,CUST01482,2024-06-09,Delivered,PayPal,0.0,8.82
ORD0001697,CUST01958,2024-09-11,Returned,Debit Card,0.05,4.25
ORD0001698,CUST00524,2024-01-07,Delivered,Net Banking,0.05,8.37
ORD0001699,CUST01567,2023-03-13,Delivered,Wallet,0.2,8.87
ORD0001700,CUST01417,2023-09-29,Cancelled,Wallet,0.05,12.92
ORD0001701,CUST00498,2024-06-27,Returned,Net Banking,0.05,9.99
ORD0001702,CUST01333,2023-08-23,Delivered,Credit Card,0.15,13.16
ORD0001703,CUST01345,2024-12-26,Delivered,Net Banking,0.0,14.52
ORD0001704,CUST00608,2024-08-19,Returned,Net Banking,0.1,13.05
ORD0001705,CUST01493,2024-12-05,Delivered,Credit Card,0.0,4.42
ORD0001706,CUST01882,2023-10-28,Delivered,Debit Card,0.2,1.21
ORD0001707,CUST01097,2024-03-10,Returned,Debit Card,0.0,9.32
ORD0001708,CUST01110,2024-06-08,Delivered,PayPal,0.05,4.18
ORD0001709,CUST00569,2023-04-15,Delivered,Debit Card,0.05,10.83
ORD0001710,CUST01972,2024-09-23,Delivered,PayPal,0.1,9.95
ORD0001711,CUST00515,2024-04-26,Cancelled,Credit Card,0.05,1.66
ORD0001712,CUST00865,2024-12-07,Returned,Credit Card,0.0,13.82
ORD0001713,CUST01136,2024-08-30,Delivered,Debit Card,0.0,13.02
ORD0001714,CUST01347,2024-06-02,Delivered,Credit Card,0.0,13.0
ORD0001715,CUST01715,2024-11-12,Processing,Wallet,0.0,10.73
ORD0001716,CUST00857,2024-08-11,Returned,Credit Card,0.1,1.95
ORD0001717,CUST01007,2024-10-16,Returned,UPI,0.05,8.09
ORD0001718,CUST01276,2024-12-06,Delivered,Debit Card,0.05,5.3
ORD0001719,CUST01071,2022-04-18,Delivered,Wallet,0.15,7.83
ORD0001720,CUST01874,2024-09-25,Delivered,Net Banking,0.0,0.62
ORD0001721,CUST01419,2024-10-04,Processing,Credit Card,0.05,4.93
ORD0001722,CUST01720,2024-12-23,Delivered,Net Banking,0.05,13.01
ORD0001723,CUST00426,2024-06-03,Cancelled,PayPal,0.05,1.9
ORD0001724,CUST00876,2024-03-14,Delivered,UPI,0.0,11.08
ORD0001725,CUST01987,2024-08-19,Processing,Debit Card,0.0,9.99
ORD0001726,CUST01307,2024-11-01,Delivered,Wallet,0.15,10.56
ORD0001727,CUST01954,2024-09-25,Delivered,UPI,0.1,7.5
ORD0001728,CUST01087,2024-05-30,Delivered,Credit Card,0.05,14.12
ORD0001729,CUST01890,2022-06-25,Delivered,PayPal,0.0,0.63
ORD0001730,CUST01068,2024-10-29,Delivered,Debit Card,0.1,14.72
ORD0001731,CUST00977,2024-07-21,Delivered,PayPal,0.2,11.83
ORD0001732,CUST01081,2024-12-07,Returned,PayPal,0.2,5.7
ORD0001733,CUST01375,2024-05-13,Delivered,Wallet,0.05,3.42
ORD0001734,CUST01737,2023-05-17,Processing,Net Banking,0.0,9.03
ORD0001735,CUST00060,2023-02-27,Delivered,Debit Card,0.05,3.59
ORD0001736,CUST01964,2024-02-18,Delivered,UPI,0.0,0.36
ORD0001737,CUST00264,2024-12-25,Delivered,Debit Card,0.15,8.64
ORD0001738,CUST01478,2024-11-19,Delivered,UPI,0.15,2.16
ORD0001739,CUST01126,2023-11-29,Delivered,Credit Card,0.15,0.57
ORD0001740,CUST00937,2023-09-01,Returned,UPI,0.0,6.88
ORD0001741,CUST00340,2024-01-06,Delivered,PayPal,0.0,13.89
ORD0001742,CUST00754,2024-01-29,Delivered,PayPal,0.05,5.3
ORD0001743,CUST00760,2024-04-04,Delivered,Wallet,0.0,3.6
ORD0001744,CUST00235,2024-11-30,Delivered,PayPal,0.15,13.46
ORD0001745,CUST01514,2024-12-25,Cancelled,Credit Card,0.0,14.14
ORD0001746,CUST01250,2024-05-01,Delivered,PayPal,0.0,7.37
ORD0001747,CUST00970,2024-03-28,Delivered,PayPal,0.05,6.95
ORD0001748,CUST00615,2024-10-18,Delivered,Wallet,0.1,12.87
ORD0001749,CUST01512,2024-06-11,Returned,Wallet,0.0,10.53
ORD0001750,CUST01180,2023-09-07,Delivered,Credit Card,0.1,12.34
ORD0001751,CUST00126,2023-12-04,Delivered,Net Banking,0.1,13.7
ORD0001752,CUST00666,2024-02-15,Delivered,Net Banking,0.0,1.3
ORD0001753,CUST00439,2024-12-03,Delivered,UPI,0.15,8.2
ORD0001754,CUST00595,2024-12-21,Delivered,Debit Card,0.1,0.39
ORD0001755,CUST01030,2024-01-21,Processing,PayPal,0.0,8.88
ORD0001756,CUST01266,2024-08-29,Processing,Net Banking,0.0,9.67
ORD0001757,CUST00386,2023-04-15,Returned,Net Banking,0.0,13.03
ORD0001758,CUST01374,2024-05-22,Delivered,Net Banking,0.0,10.91
ORD0001759,CUST01558,2024-10-19,Cancelled,UPI,0.05,0.81
ORD0001760,CUST00175,2024-08-16,Returned,Net Banking,0.0,13.53
ORD0001761,CUST01625,2024-07-21,Delivered,Credit Card,0.0,1.68
ORD0001762,CUST00754,2023-12-09,Delivered,PayPal,0.05,13.42
ORD0001763,CUST00930,2023-11-07,Delivered,Wallet,0.0,12.89
ORD0001764,CUST00241,2024-01-25,Delivered,UPI,0.0,14.4
ORD0001765,CUST01579,2024-12-22,Delivered,Credit Card,0.05,14.31
ORD0001766,CUST01782,2024-08-26,Delivered,Net Banking,0.0,4.21
ORD0001767,CUST01010,2022-08-19,Delivered,Credit Card,0.0,11.72
ORD0001768,CUST00862,2024-10-08,Delivered,Debit Card,0.0,12.67
ORD0001769,CUST01806,2024-12-16,Delivered,Wallet,0.05,2.57
ORD0001770,CUST00292,2024-08-11,Returned,Net Banking,0.0,12.58
ORD0001771,CUST01937,2023-10-30,Delivered,Credit Card,0.0,3.17
ORD0001772,CUST01766,2023-05-24,Delivered,UPI,0.0,8.14
ORD0001773,CUST01090,2023-03-31,Delivered,UPI,0.1,3.83
ORD0001774,CUST00863,2023-03-19,Delivered,Wallet,0.1,3.99
ORD0001775,CUST00267,2022-09-30,Delivered,PayPal,0.0,5.18
ORD0001776,CUST00819,2024-06-01,Delivered,PayPal,0.0,0.07
ORD0001777,CUST01637,2023-07-26,Delivered,Credit Card,0.0,10.6
ORD0001778,CUST00243,2022-07-21,Delivered,Debit Card,0.15,13.16
ORD0001779,CUST00341,2023-12-15,Delivered,PayPal,0.0,5.13
ORD0001780,CUST01026,2023-03-13,Delivered,Debit Card,0.1,7.5
ORD0001781,CUST00407,2024-04-25,Returned,Wallet,0.1,10.29
ORD0001782,CUST00726,2024-11-20,Delivered,Credit Card,0.05,3.46
ORD0001783,CUST01231,2024-09-03,Delivered,UPI,0.0,11.63
ORD0001784,CUST00475,2024-12-05,Delivered,Credit Card,0.1,14.13
ORD0001785,CUST01618,2024-11-03,Delivered,Wallet,0.0,9.07
ORD0001786,CUST01114,2023-12-06,Delivered,Wallet,0.05,11.86
ORD0001787,CUST01786,2024-11-19,Returned,Wallet,0.0,6.3
ORD0001788,CUST01662,2022-11-22,Delivered,PayPal,0.0,9.2
ORD0001789,CUST00602,2023-04-07,Returned,Wallet,0.2,7.14
ORD0001790,CUST00703,2022-09-30,Delivered,Credit Card,0.2,6.22
ORD0001791,CUST01428,2024-10-23,Delivered,PayPal,0.0,10.11
ORD0001792,CUST01863,2024-10-06,Delivered,Credit Card,0.05,10.3
ORD0001793,CUST00027,2024-10-31,Delivered,Debit Card,0.15,10.25
ORD0001794,CUST01511,2023-09-12,Delivered,Net Banking,0.0,4.53
ORD0001795,CUST01282,2024-10-03,Cancelled,Debit Card,0.1,4.7
ORD0001796,CUST00414,2023-08-10,Delivered,UPI,0.1,10.69
ORD0001797,CUST01814,2024-12-11,Delivered,Wallet,0.05,7.09
ORD0001798,CUST01773,2024-08-08,Processing,Net Banking,0.1,11.86
ORD0001799,CUST01491,2024-04-12,Delivered,Credit Card,0.2,1.14
ORD0001800,CUST01553,2024-08-29,Delivered,Debit Card,0.1,10.97
ORD0001801,CUST01966,2024-12-27,Returned,Net Banking,0.1,12.87
ORD0001802,CUST01382,2024-08-23,Delivered,Net Banking,0.0,8.41
ORD0001803,CUST00497,2022-12-01,Delivered,Credit Card,0.0,11.26
ORD0001804,CUST00990,2024-10-18,Processing,UPI,0.0,9.99
ORD0001805,CUST00739,2023-04-16,Delivered,Net Banking,0.0,9.7
ORD0001806,CUST00630,2024-11-08,Delivered,Debit Card,0.1,14.63
ORD0001807,CUST01727,2024-08-04,Delivered,UPI,0.1,7.8
ORD0001808,CUST01883,2024-10-22,Delivered,Debit Card,0.15,2.46
ORD0001809,CUST00560,2024-02-23,Delivered,Wallet,0.0,10.37
ORD0001810,CUST01913,2024-01-09,Delivered,UPI,0.0,11.98
ORD0001811,CUST00905,2023-12-14,Delivered,Wallet,0.0,4.14
ORD0001812,CUST00556,2024-11-15,Delivered,Credit Card,0.0,2.91
ORD0001813,CUST00125,2023-02-03,Delivered,Net Banking,0.0,14.88
ORD0001814,CUST01731,2024-05-10,Delivered,PayPal,0.15,2.58
ORD0001815,CUST01589,2022-05-24,Delivered,Credit Card,0.0,6.49
ORD0001816,CUST00953,2024-11-30,Delivered,Debit Card,0.0,5.14
ORD0001817,CUST00127,2024-11-12,Returned,Debit Card,0.1,5.99
ORD0001818,CUST00529,2022-07-26,Delivered,Wallet,0.15,6.0
ORD0001819,CUST01381,2024-03-07,Delivered,Debit Card,0.1,1.53
ORD0001820,CUST01689,2022-05-26,Delivered,PayPal,0.1,2.14
ORD0001821,CUST01522,2024-07-06,Delivered,Debit Card,0.0,13.3
ORD0001822,CUST01818,2024-12-04,Delivered,PayPal,0.05,5.98
ORD0001823,CUST00552,2024-09-21,Delivered,Net Banking,0.0,12.01
ORD0001824,CUST01171,2024-10-29,Delivered,Wallet,0.15,9.42
ORD0001825,CUST00620,2024-09-18,Returned,PayPal,0.0,7.34
ORD0001826,CUST00892,2023-05-21,Delivered,Debit Card,0.0,9.44
ORD0001827,CUST01264,2022-11-28,Delivered,Net Banking,0.2,14.88
ORD0001828,CUST00453,2024-08-21,Delivered,Wallet,0.05,10.08
ORD0001829,CUST01045,2023-09-18,Delivered,UPI,0.1,14.46
ORD0001830,CUST00893,2024-10-04,Returned,Net Banking,0.1,6.07
ORD0001831,CUST00610,2024-06-02,Delivered,PayPal,0.0,12.43
ORD0001832,CUST01146,2024-11-11,Delivered,Wallet,0.05,0.01
ORD0001833,CUST00781,2024-09-20,Delivered,Net Banking,0.0,11.39
ORD0001834,CUST00422,2024-12-08,Delivered,Net Banking,0.05,9.06
ORD0001835,CUST01153,2024-07-14,Delivered,UPI,0.1,5.43
ORD0001836,CUST01005,2024-08-06,Delivered,Credit Card,0.0,0.24
ORD0001837,CUST00779,2024-06-25,Delivered,Debit Card,0.1,5.26
ORD0001838,CUST01475,2024-07-23,Returned,Wallet,0.0,3.07
ORD0001839,CUST00011,2024-08-22,Delivered,Credit Card,0.0,4.54
ORD0001840,CUST02000,2024-06-01,Delivered,UPI,0.0,11.6
ORD0001841,CUST00732,2024-12-30,Delivered,Credit Card,0.15,7.27
ORD0001842,CUST01016,2023-11-13,Cancelled,Wallet,0.0,9.85
ORD0001843,CUST00030,2023-07-31,Delivered,Debit Card,0.05,10.74
ORD0001844,CUST01624,2024-04-13,Delivered,Net Banking,0.2,6.61
ORD0001845,CUST01933,2024-11-01,Delivered,UPI,0.0,5.17
ORD0001846,CUST01889,2024-08-07,Delivered,PayPal,0.2,3.68
ORD0001847,CUST01679,2024-05-18,Delivered,Net Banking,0.05,0.61
ORD0001848,CUST00307,2023-06-27,Delivered,Wallet,0.15,8.88
ORD0001849,CUST00544,2023-05-17,Delivered,PayPal,0.15,3.77
ORD0001850,CUST01680,2024-03-02,Delivered,Debit Card,0.0,7.57
ORD0001851,CUST00093,2023-01-09,Delivered,Net Banking,0.0,4.36
ORD0001852,CUST00825,2023-10-10,Delivered,Wallet,0.05,13.71
ORD0001853,CUST00167,2023-11-02,Delivered,Credit Card,0.1,14.78
ORD0001854,CUST01432,2024-10-12,Processing,UPI,0.05,10.65
ORD0001855,CUST00643,2024-10-15,Delivered,PayPal,0.0,1.97
ORD0001856,CUST01056,2024-04-16,Delivered,Credit Card,0.0,2.51
ORD0001857,CUST01618,2024-07-22,Delivered,Credit Card,0.2,1.03
ORD0001858,CUST00789,2024-12-14,Cancelled,Net Banking,0.1,4.43
ORD0001859,CUST01281,2024-12-13,Delivered,PayPal,0.0,5.04
ORD0001860,CUST00898,2023-05-19,Delivered,UPI,0.1,1.15
ORD0001861,CUST01250,2023-04-23,Delivered,Debit Card,0.0,11.27
ORD0001862,CUST00315,2024-06-29,Delivered,Credit Card,0.1,11.44
ORD0001863,CUST01970,2023-01-18,Delivered,PayPal,0.15,0.62
ORD0001864,CUST01788,2024-06-18,Delivered,UPI,0.15,5.45
ORD0001865,CUST01108,2022-11-23,Delivered,Wallet,0.0,13.77
ORD0001866,CUST01701,2024-09-13,Cancelled,UPI,0.05,10.11
ORD0001867,CUST00884,2024-11-21,Returned,Credit Card,0.0,13.49
ORD0001868,CUST01897,2024-04-25,Delivered,PayPal,0.0,8.76
ORD0001869,CUST00453,2023-03-09,Returned,PayPal,0.1,9.0
ORD0001870,CUST01442,2023-12-02,Delivered,UPI,0.05,12.9
ORD0001871,CUST00064,2023-07-31,Delivered,Credit Card,0.0,12.64
ORD0001872,CUST01929,2022-10-25,Delivered,UPI,0.1,12.6
ORD0001873,CUST00871,2024-12-10,Delivered,PayPal,0.0,0.45
ORD0001874,CUST01696,2023-07-30,Delivered,PayPal,0.05,5.98
ORD0001875,CUST01340,2023-12-04,Delivered,PayPal,0.0,1.17
ORD0001876,CUST01271,2023-07-15,Delivered,Wallet,0.15,6.65
ORD0001877,CUST00931,2024-10-27,Delivered,Net Banking,0.05,12.1
ORD0001878,CUST01922,2023-04-07,Delivered,Wallet,0.05,6.01
ORD0001879,CUST01193,2022-06-05,Delivered,Wallet,0.1,5.81
ORD0001880,CUST01554,2024-10-10,Delivered,Net Banking,0.1,5.99
ORD0001881,CUST01223,2024-07-27,Delivered,UPI,0.1,13.14
ORD0001882,CUST00811,2023-12-24,Delivered,Wallet,0.1,7.37
ORD0001883,CUST01684,2024-12-14,Processing,Wallet,0.0,14.07
ORD0001884,CUST01969,2024-10-25,Delivered,Wallet,0.0,5.85
ORD0001885,CUST01527,2024-10-13,Returned,UPI,0.0,13.18
ORD0001886,CUST01583,2022-11-30,Delivered,Wallet,0.0,13.46
ORD0001887,CUST01473,2023-03-18,Delivered,UPI,0.0,0.25
ORD0001888,CUST00307,2023-01-03,Delivered,Credit Card,0.1,9.07
ORD0001889,CUST01766,2022-10-28,Returned,UPI,0.05,7.68
ORD0001890,CUST01794,2024-11-14,Delivered,Wallet,0.05,13.11
ORD0001891,CUST01901,2022-07-10,Delivered,Debit Card,0.05,1.39
ORD0001892,CUST00224,2022-10-20,Processing,Net Banking,0.1,5.74
ORD0001893,CUST01392,2023-11-07,Delivered,PayPal,0.05,11.64
ORD0001894,CUST00401,2024-11-11,Returned,PayPal,0.0,4.43
ORD0001895,CUST00670,2024-10-14,Delivered,Net Banking,0.05,10.19
ORD0001896,CUST00689,2023-08-25,Delivered,Debit Card,0.1,7.66
ORD0001897,CUST00969,2024-01-03,Delivered,Credit Card,0.0,7.98
ORD0001898,CUST00915,2022-09-20,Delivered,Wallet,0.0,7.09
ORD0001899,CUST01138,2023-09-06,Delivered,Wallet,0.0,2.04
ORD0001900,CUST01724,2024-11-27,Delivered,PayPal,0.15,11.86
ORD0001901,CUST00032,2024-09-29,Delivered,PayPal,0.0,5.33
ORD0001902,CUST00639,2024-06-22,Cancelled,Net Banking,0.0,11.94
ORD0001903,CUST01911,2024-07-05,Delivered,Net Banking,0.05,7.01
ORD0001904,CUST01622,2024-06-05,Delivered,Net Banking,0.0,7.45
ORD0001905,CUST01073,2024-06-13,Delivered,Net Banking,0.15,6.05
ORD0001906,CUST00523,2024-05-19,Delivered,Debit Card,0.2,7.72
ORD0001907,CUST00440,2024-03-08,Delivered,Net Banking,0.0,4.82
ORD0001908,CUST00424,2024-10-06,Processing,Wallet,0.1,13.17
ORD0001909,CUST00942,2024-07-11,Delivered,Credit Card,0.05,6.89
ORD0001910,CUST01761,2024-07-29,Delivered,Wallet,0.0,14.5
ORD0001911,CUST01751,2024-03-12,Delivered,Wallet,0.2,9.68
ORD0001912,CUST01759,2024-12-20,Delivered,Net Banking,0.15,2.48
ORD0001913,CUST00536,2024-07-03,Delivered,Credit Card,0.0,13.59
ORD0001914,CUST00822,2024-11-13,Processing,PayPal,0.0,8.15
ORD0001915,CUST01799,2024-12-18,Delivered,Wallet,0.2,4.64
ORD0001916,CUST01788,2023-11-07,Delivered,Wallet,0.05,1.33
ORD0001917,CUST01282,2024-05-18,Delivered,Wallet,0.1,5.07
ORD0001918,CUST01652,2024-03-18,Delivered,Credit Card,0.0,9.34
ORD0001919,CUST00397,2024-11-20,Delivered,Debit Card,0.05,7.33
ORD0001920,CUST00750,2024-07-22,Delivered,UPI,0.1,1.08
ORD0001921,CUST01198,2024-02-11,Delivered,Net Banking,0.1,0.35
ORD0001922,CUST01612,2024-11-26,Returned,Net Banking,0.0,9.1
ORD0001923,CUST01774,2023-01-18,Delivered,Debit Card,0.0,9.15
ORD0001924,CUST00631,2024-07-10,Delivered,PayPal,0.0,7.49
ORD0001925,CUST01199,2024-08-02,Delivered,Wallet,0.0,7.87
ORD0001926,CUST01691,2024-12-13,Delivered,Wallet,0.0,14.71
ORD0001927,CUST00460,2024-10-25,Delivered,UPI,0.0,9.2
ORD0001928,CUST00372,2024-05-20,Delivered,Credit Card,0.0,12.01
ORD0001929,CUST00118,2024-07-17,Delivered,Net Banking,0.0,6.58
ORD0001930,CUST01271,2024-01-02,Delivered,Wallet,0.1,5.46
ORD0001931,CUST01396,2023-09-05,Delivered,UPI,0.05,10.14
ORD0001932,CUST00010,2024-10-27,Delivered,Net Banking,0.0,8.28
ORD0001933,CUST01901,2024-04-05,Delivered,Debit Card,0.05,14.13
ORD0001934,CUST01752,2024-02-13,Delivered,Credit Card,0.15,2.52
ORD0001935,CUST01720,2024-12-05,Delivered,PayPal,0.15,8.92
ORD0001936,CUST01268,2023-10-29,Returned,UPI,0.05,11.17
ORD0001937,CUST01749,2024-04-10,Cancelled,Wallet,0.15,0.54
ORD0001938,CUST00907,2024-12-20,Delivered,Net Banking,0.05,10.87
ORD0001939,CUST01315,2023-06-14,Delivered,UPI,0.0,12.07
ORD0001940,CUST01583,2024-04-28,Delivered,Net Banking,0.0,3.24
ORD0001941,CUST00248,2024-07-17,Delivered,Wallet,0.0,7.87
ORD0001942,CUST00940,2023-06-16,Delivered,PayPal,0.1,1.31
ORD0001943,CUST00362,2024-03-02,Returned,Credit Card,0.0,12.03
ORD0001944,CUST00422,2023-05-12,Cancelled,UPI,0.15,4.22
ORD0001945,CUST00448,2024-10-20,Returned,UPI,0.0,2.95
ORD0001946,CUST01603,2024-03-02,Delivered,PayPal,0.1,12.27
ORD0001947,CUST00367,2024-10-03,Delivered,Net Banking,0.0,1.65
ORD0001948,CUST00975,2024-10-30,Delivered,Debit Card,0.0,14.94
ORD0001949,CUST01766,2024-04-08,Delivered,Net Banking,0.15,8.85
ORD0001950,CUST01488,2024-07-21,Returned,UPI,0.05,11.34
ORD0001951,CUST01394,2024-02-02,Cancelled,Debit Card,0.05,13.25
ORD0001952,CUST01168,2024-02-09,Delivered,PayPal,0.05,5.46
ORD0001953,CUST01863,2023-09-26,Delivered,UPI,0.15,0.13
ORD0001954,CUST00244,2024-12-13,Delivered,Credit Card,0.05,7.44
ORD0001955,CUST00467,2024-11-24,Delivered,UPI,0.1,3.2
ORD0001956,CUST00379,2024-12-15,Delivered,Credit Card,0.0,13.0
ORD0001957,CUST00504,2022-06-23,Delivered,PayPal,0.1,11.19
ORD0001958,CUST01129,2024-07-12,Delivered,Wallet,0.15,8.81
ORD0001959,CUST00945,2024-08-16,Delivered,PayPal,0.1,2.32
ORD0001960,CUST00424,2024-09-21,Cancelled,Net Banking,0.05,9.88
ORD0001961,CUST01685,2022-11-16,Cancelled,UPI,0.0,5.29
ORD0001962,CUST01894,2023-07-17,Delivered,Wallet,0.0,9.14
ORD0001963,CUST00009,2023-01-14,Delivered,Wallet,0.0,14.21
ORD0001964,CUST01912,2024-01-02,Delivered,PayPal,0.15,7.93
ORD0001965,CUST00487,2024-01-17,Cancelled,Net Banking,0.0,4.32
ORD0001966,CUST01229,2024-07-10,Cancelled,Net Banking,0.05,14.12
ORD0001967,CUST00485,2024-07-22,Returned,Credit Card,0.0,8.04
ORD0001968,CUST01909,2024-11-15,Returned,Credit Card,0.05,7.57
ORD0001969,CUST01325,2023-12-14,Delivered,Net Banking,0.1,9.92
ORD0001970,CUST00085,2023-02-13,Delivered,Net Banking,0.05,6.35
ORD0001971,CUST00212,2023-11-21,Delivered,PayPal,0.1,7.69
ORD0001972,CUST01510,2023-09-12,Delivered,PayPal,0.0,4.32
ORD0001973,CUST01220,2024-09-22,Delivered,Wallet,0.0,12.0
ORD0001974,CUST00915,2024-04-01,Delivered,UPI,0.0,9.41
ORD0001975,CUST00445,2024-06-27,Delivered,Wallet,0.15,8.8
ORD0001976,CUST01456,2024-08-19,Returned,Net Banking,0.15,14.75
ORD0001977,CUST01836,2024-10-29,Cancelled,Credit Card,0.1,6.55
ORD0001978,CUST01615,2024-11-07,Delivered,Debit Card,0.05,4.95
ORD0001979,CUST00883,2024-06-10,Delivered,Credit Card,0.1,5.63
ORD0001980,CUST01006,2023-06-01,Delivered,Debit Card,0.0,12.08
ORD0001981,CUST00695,2024-08-29,Processing,Debit Card,0.0,11.85
ORD0001982,CUST01892,2024-12-14,Returned,UPI,0.2,14.88
ORD0001983,CUST00730,2024-08-12,Delivered,Net Banking,0.1,1.37
ORD0001984,CUST00971,2024-07-22,Delivered,UPI,0.0,8.39
ORD0001985,CUST00801,2024-08-13,Delivered,Net Banking,0.0,10.22
ORD0001986,CUST00074,2024-02-10,Delivered,Net Banking,0.2,14.75
ORD0001987,CUST00762,2024-11-24,Delivered,Credit Card,0.0,1.39
ORD0001988,CUST00090,2022-11-26,Delivered,Net Banking,0.0,10.62
ORD0001989,CUST00498,2024-08-22,Delivered,Credit Card,0.0,9.99
ORD0001990,CUST01260,2023-06-20,Delivered,UPI,0.0,7.8
ORD0001991,CUST01804,2024-09-09,Returned,Net Banking,0.1,3.49
ORD0001992,CUST01522,2024-11-07,Delivered,PayPal,0.0,2.23
ORD0001993,CUST00398,2024-11-07,Delivered,UPI,0.0,8.99
ORD0001994,CUST01062,2022-09-04,Delivered,UPI,0.05,12.37
ORD0001995,CUST00638,2024-06-22,Delivered,PayPal,0.1,13.98
ORD0001996,CUST01263,2024-03-27,Delivered,PayPal,0.1,12.12
ORD0001997,CUST00021,2023-06-12,Delivered,Net Banking,0.1,11.39
ORD0001998,CUST00857,2024-11-12,Processing,Credit Card,0.05,9.92
ORD0001999,CUST01362,2024-09-17,Delivered,Wallet,0.2,2.05
ORD0002000,CUST00381,2024-12-22,Delivered,Debit Card,0.05,7.29
ORD0002001,CUST00418,2024-08-15,Delivered,Wallet,0.15,13.25
ORD0002002,CUST00106,2024-08-23,Returned,UPI,0.0,10.3
ORD0002003,CUST01387,2024-11-16,Delivered,Credit Card,0.0,12.75
ORD0002004,CUST01335,2024-06-24,Delivered,Net Banking,0.0,3.96
ORD0002005,CUST00396,2023-02-05,Returned,Credit Card,0.0,4.38
ORD0002006,CUST00908,2024-08-18,Delivered,PayPal,0.0,2.06
ORD0002007,CUST00190,2024-12-14,Processing,Wallet,0.0,0.33
ORD0002008,CUST00483,2023-07-23,Delivered,PayPal,0.15,0.74
ORD0002009,CUST01869,2023-02-13,Returned,Net Banking,0.1,13.02
ORD0002010,CUST01750,2024-04-12,Delivered,Credit Card,0.1,11.69
ORD0002011,CUST00197,2022-06-30,Delivered,Wallet,0.15,12.01
ORD0002012,CUST00745,2022-09-22,Delivered,PayPal,0.0,5.24
ORD0002013,CUST01736,2023-03-28,Delivered,PayPal,0.1,9.25
ORD0002014,CUST01851,2024-06-09,Returned,Credit Card,0.0,9.41
ORD0002015,CUST00877,2022-06-06,Delivered,Debit Card,0.1,1.63
ORD0002016,CUST01686,2024-11-24,Delivered,Debit Card,0.2,14.5
ORD0002017,CUST00170,2024-11-30,Delivered,Credit Card,0.0,2.69
ORD0002018,CUST00454,2024-04-23,Delivered,PayPal,0.15,5.1
ORD0002019,CUST00930,2023-10-06,Delivered,UPI,0.0,14.1
ORD0002020,CUST00016,2024-06-26,Cancelled,Wallet,0.0,12.68
ORD0002021,CUST00947,2024-11-16,Delivered,Credit Card,0.2,10.47
ORD0002022,CUST01781,2024-11-17,Delivered,Debit Card,0.1,5.47
ORD0002023,CUST01085,2023-12-08,Delivered,Credit Card,0.1,13.06
ORD0002024,CUST00608,2023-11-15,Delivered,Net Banking,0.0,3.41
ORD0002025,CUST01400,2024-08-13,Delivered,PayPal,0.05,9.42
ORD0002026,CUST01477,2022-04-19,Delivered,Wallet,0.15,13.59
ORD0002027,CUST01034,2022-07-05,Delivered,Net Banking,0.0,3.32
ORD0002028,CUST00460,2024-05-02,Delivered,PayPal,0.0,7.23
ORD0002029,CUST01679,2024-07-10,Cancelled,PayPal,0.0,3.5
ORD0002030,CUST00228,2023-11-17,Delivered,Net Banking,0.1,2.54
ORD0002031,CUST00780,2024-10-25,Delivered,UPI,0.0,5.62
ORD0002032,CUST01950,2024-11-15,Delivered,Net Banking,0.1,3.58
ORD0002033,CUST01587,2024-08-07,Delivered,Debit Card,0.05,10.76
ORD0002034,CUST00589,2024-10-10,Delivered,PayPal,0.05,10.84
ORD0002035,CUST01901,2023-07-18,Returned,PayPal,0.2,8.56
ORD0002036,CUST00535,2024-09-19,Delivered,Net Banking,0.0,13.21
ORD0002037,CUST00922,2023-03-17,Delivered,UPI,0.1,0.39
ORD0002038,CUST00249,2024-05-23,Delivered,Credit Card,0.15,11.09
ORD0002039,CUST01718,2023-06-28,Delivered,PayPal,0.0,12.66
ORD0002040,CUST01339,2024-04-05,Delivered,Debit Card,0.15,7.49
ORD0002041,CUST01903,2024-12-22,Delivered,UPI,0.05,12.35
ORD0002042,CUST01805,2023-09-10,Delivered,Wallet,0.0,9.84
ORD0002043,CUST00415,2024-06-27,Processing,Wallet,0.0,11.97
ORD0002044,CUST01773,2024-12-20,Cancelled,Debit Card,0.0,5.53
ORD0002045,CUST01633,2023-06-22,Delivered,Net Banking,0.1,2.62
ORD0002046,CUST00217,2024-12-14,Delivered,Wallet,0.0,7.87
ORD0002047,CUST01129,2023-08-12,Delivered,UPI,0.05,3.93
ORD0002048,CUST00489,2024-04-26,Returned,Net Banking,0.05,10.0
ORD0002049,CUST01186,2024-11-29,Delivered,PayPal,0.0,2.17
ORD0002050,CUST00410,2024-02-12,Delivered,UPI,0.15,9.61
ORD0002051,CUST00230,2024-11-07,Delivered,Net Banking,0.05,8.63
ORD0002052,CUST00436,2022-09-23,Delivered,Net Banking,0.05,3.25
ORD0002053,CUST00272,2024-05-15,Returned,UPI,0.1,5.61
ORD0002054,CUST00868,2024-02-20,Delivered,PayPal,0.05,11.63
ORD0002055,CUST01751,2024-04-13,Delivered,UPI,0.0,3.46
ORD0002056,CUST01855,2023-09-19,Returned,PayPal,0.05,10.28
ORD0002057,CUST01419,2024-08-06,Delivered,Net Banking,0.1,1.18
ORD0002058,CUST01371,2023-08-03,Delivered,Debit Card,0.05,5.25
ORD0002059,CUST00721,2024-03-04,Returned,UPI,0.0,2.37
ORD0002060,CUST01212,2024-03-18,Delivered,UPI,0.0,2.8
ORD0002061,CUST00834,2024-05-10,Delivered,UPI,0.1,14.65
ORD0002062,CUST01555,2024-07-05,Delivered,Wallet,0.15,13.74
ORD0002063,CUST01610,2023-10-22,Delivered,UPI,0.0,11.69
ORD0002064,CUST01724,2024-12-25,Delivered,Credit Card,0.15,1.6
ORD0002065,CUST00852,2024-11-08,Cancelled,Credit Card,0.05,3.21
ORD0002066,CUST00919,2023-12-07,Delivered,Net Banking,0.0,13.32
ORD0002067,CUST01468,2024-04-11,Delivered,UPI,0.0,5.54
ORD0002068,CUST00587,2022-11-22,Delivered,PayPal,0.0,13.63
ORD0002069,CUST01868,2023-02-22,Processing,PayPal,0.1,10.64
ORD0002070,CUST01004,2024-12-05,Returned,Debit Card,0.1,10.0
ORD0002071,CUST01870,2024-01-27,Cancelled,PayPal,0.1,12.5
ORD0002072,CUST00855,2024-01-10,Returned,Net Banking,0.0,7.88
ORD0002073,CUST00532,2024-10-10,Delivered,Debit Card,0.0,2.48
ORD0002074,CUST00785,2024-08-18,Delivered,UPI,0.05,3.8
ORD0002075,CUST01381,2024-03-15,Delivered,Credit Card,0.0,2.11
ORD0002076,CUST01854,2024-07-25,Delivered,Net Banking,0.15,1.75
ORD0002077,CUST00350,2024-07-06,Delivered,PayPal,0.0,8.89
ORD0002078,CUST01318,2023-04-01,Delivered,Net Banking,0.0,13.66
ORD0002079,CUST00226,2024-09-10,Delivered,Net Banking,0.0,14.42
ORD0002080,CUST01189,2023-06-25,Delivered,PayPal,0.0,2.31
ORD0002081,CUST01269,2024-06-06,Delivered,UPI,0.1,9.27
ORD0002082,CUST01279,2024-10-25,Delivered,Debit Card,0.1,6.95
ORD0002083,CUST00640,2023-11-05,Delivered,PayPal,0.05,2.87
ORD0002084,CUST01341,2022-04-17,Cancelled,Credit Card,0.0,7.76
ORD0002085,CUST00375,2024-08-23,Delivered,Credit Card,0.1,10.91
ORD0002086,CUST00357,2024-05-31,Delivered,Debit Card,0.0,14.99
ORD0002087,CUST00506,2023-04-25,Delivered,UPI,0.05,12.0
ORD0002088,CUST01882,2023-08-05,Delivered,Wallet,0.05,9.91
ORD0002089,CUST01990,2024-08-08,Delivered,UPI,0.15,7.3
ORD0002090,CUST01332,2024-04-14,Delivered,Wallet,0.0,0.78
ORD0002091,CUST01808,2024-12-18,Delivered,Wallet,0.0,10.1
ORD0002092,CUST00567,2024-02-10,Delivered,Credit Card,0.0,6.55
ORD0002093,CUST01190,2024-10-15,Delivered,Net Banking,0.0,9.86
ORD0002094,CUST01988,2023-04-09,Delivered,Wallet,0.05,6.4
ORD0002095,CUST00370,2023-08-18,Delivered,Wallet,0.15,3.46
ORD0002096,CUST01681,2023-02-09,Delivered,Net Banking,0.1,2.81
ORD0002097,CUST00511,2024-02-11,Delivered,PayPal,0.1,0.1
ORD0002098,CUST00013,2024-07-05,Delivered,PayPal,0.1,8.5
ORD0002099,CUST00774,2024-02-17,Delivered,Debit Card,0.2,11.53
ORD0002100,CUST01868,2024-11-06,Delivered,PayPal,0.05,8.29
ORD0002101,CUST00690,2024-04-15,Delivered,Debit Card,0.1,10.62
ORD0002102,CUST00427,2024-10-16,Delivered,Wallet,0.0,10.56
ORD0002103,CUST00470,2024-09-05,Delivered,Credit Card,0.1,14.14
ORD0002104,CUST00133,2024-12-23,Delivered,Debit Card,0.15,2.11
ORD0002105,CUST01728,2024-09-13,Returned,Credit Card,0.05,14.9
ORD0002106,CUST01298,2024-12-18,Delivered,Credit Card,0.0,6.62
ORD0002107,CUST01955,2024-11-04,Delivered,UPI,0.15,11.24
ORD0002108,CUST01723,2024-02-26,Delivered,Credit Card,0.2,14.94
ORD0002109,CUST01500,2023-06-25,Returned,PayPal,0.05,10.1
ORD0002110,CUST00196,2024-10-28,Returned,UPI,0.0,4.47
ORD0002111,CUST00049,2024-01-18,Delivered,PayPal,0.0,14.59
ORD0002112,CUST01092,2024-06-10,Delivered,Debit Card,0.05,11.39
ORD0002113,CUST01766,2022-09-26,Delivered,Credit Card,0.0,4.2
ORD0002114,CUST00629,2024-08-18,Delivered,PayPal,0.0,1.0
ORD0002115,CUST01728,2024-03-30,Delivered,PayPal,0.0,1.66
ORD0002116,CUST00684,2024-08-26,Delivered,Credit Card,0.0,10.81
ORD0002117,CUST01547,2024-09-21,Delivered,UPI,0.1,5.67
ORD0002118,CUST01856,2024-12-16,Returned,UPI,0.05,11.03
ORD0002119,CUST01243,2024-06-29,Delivered,Debit Card,0.2,9.22
ORD0002120,CUST00976,2024-11-29,Delivered,Net Banking,0.0,3.79
ORD0002121,CUST01904,2024-02-13,Returned,Wallet,0.0,11.86
ORD0002122,CUST01022,2024-07-14,Delivered,Wallet,0.1,10.16
ORD0002123,CUST01795,2024-10-08,Returned,Net Banking,0.05,2.89
ORD0002124,CUST01476,2023-03-15,Delivered,PayPal,0.15,9.01
ORD0002125,CUST00516,2022-09-03,Cancelled,PayPal,0.0,12.71
ORD0002126,CUST01145,2023-12-13,Delivered,PayPal,0.1,5.39
ORD0002127,CUST00579,2023-11-25,Delivered,Net Banking,0.15,10.62
ORD0002128,CUST01102,2024-03-10,Delivered,Debit Card,0.15,14.62
ORD0002129,CUST00045,2024-12-24,Delivered,Credit Card,0.0,14.81
ORD0002130,CUST01101,2023-11-07,Cancelled,Credit Card,0.0,14.29
ORD0002131,CUST01966,2024-09-02,Delivered,UPI,0.0,0.89
ORD0002132,CUST00963,2024-11-28,Delivered,Credit Card,0.0,7.53
ORD0002133,CUST00669,2024-07-14,Delivered,Wallet,0.1,4.41
ORD0002134,CUST01351,2023-12-12,Delivered,Net Banking,0.05,13.12
ORD0002135,CUST00535,2024-12-06,Processing,Credit Card,0.05,12.04
ORD0002136,CUST00828,2024-11-15,Delivered,Credit Card,0.0,4.24
ORD0002137,CUST01048,2024-07-02,Delivered,Debit Card,0.0,3.71
ORD0002138,CUST00341,2024-03-24,Delivered,UPI,0.0,0.85
ORD0002139,CUST00555,2023-06-13,Delivered,UPI,0.0,12.09
ORD0002140,CUST00283,2024-11-23,Delivered,Debit Card,0.05,3.08
ORD0002141,CUST00224,2023-01-07,Delivered,Credit Card,0.1,9.6
ORD0002142,CUST00210,2024-05-08,Delivered,Debit Card,0.05,0.79
ORD0002143,CUST00155,2024-12-29,Delivered,UPI,0.0,11.76
ORD0002144,CUST00544,2023-01-03,Delivered,Credit Card,0.05,12.49
ORD0002145,CUST01170,2024-12-10,Delivered,Debit Card,0.0,6.2
ORD0002146,CUST01564,2024-03-11,Delivered,Net Banking,0.0,1.91
ORD0002147,CUST00553,2024-11-14,Delivered,Wallet,0.1,4.66
ORD0002148,CUST00400,2023-12-17,Delivered,PayPal,0.05,7.67
ORD0002149,CUST00062,2023-07-13,Delivered,PayPal,0.1,0.68
ORD0002150,CUST01656,2023-05-10,Delivered,PayPal,0.1,13.68
ORD0002151,CUST01009,2024-04-24,Delivered,PayPal,0.0,8.48
ORD0002152,CUST00627,2024-10-12,Delivered,UPI,0.0,0.13
ORD0002153,CUST01119,2024-04-29,Delivered,UPI,0.1,5.46
ORD0002154,CUST00948,2024-12-16,Delivered,Net Banking,0.15,5.27
ORD0002155,CUST00207,2023-07-12,Delivered,PayPal,0.15,0.37
ORD0002156,CUST01659,2024-05-23,Delivered,Credit Card,0.05,1.39
ORD0002157,CUST00960,2023-09-23,Delivered,Debit Card,0.0,5.41
ORD0002158,CUST00270,2024-06-06,Delivered,Wallet,0.1,10.21
ORD0002159,CUST01042,2024-08-26,Delivered,Debit Card,0.0,6.9
ORD0002160,CUST01611,2024-09-02,Delivered,UPI,0.0,10.89
ORD0002161,CUST01431,2024-02-14,Delivered,UPI,0.0,11.0
ORD0002162,CUST01494,2024-01-15,Delivered,Debit Card,0.0,13.98
ORD0002163,CUST00437,2023-06-15,Delivered,Debit Card,0.1,7.14
ORD0002164,CUST01456,2024-05-12,Delivered,Credit Card,0.0,4.17
ORD0002165,CUST01034,2022-09-16,Processing,PayPal,0.2,0.1
ORD0002166,CUST01472,2024-12-27,Delivered,Wallet,0.05,4.38
ORD0002167,CUST00906,2024-04-07,Delivered,Debit Card,0.1,3.09
ORD0002168,CUST01866,2024-12-10,Delivered,UPI,0.05,2.9
ORD0002169,CUST00384,2024-08-13,Returned,Credit Card,0.0,0.18
ORD0002170,CUST01550,2023-01-06,Delivered,Wallet,0.0,9.4
ORD0002171,CUST00976,2024-12-01,Delivered,Debit Card,0.0,0.06
ORD0002172,CUST00455,2023-09-12,Delivered,PayPal,0.05,0.78
ORD0002173,CUST00216,2022-11-16,Delivered,PayPal,0.2,14.12
ORD0002174,CUST01243,2024-09-16,Returned,Net Banking,0.1,2.24
ORD0002175,CUST00967,2023-06-13,Delivered,Wallet,0.05,7.16
ORD0002176,CUST01318,2024-03-09,Delivered,Debit Card,0.1,3.52
ORD0002177,CUST01858,2024-12-26,Cancelled,UPI,0.05,14.19
ORD0002178,CUST01618,2024-12-28,Delivered,Credit Card,0.0,12.29
ORD0002179,CUST01815,2024-11-09,Delivered,PayPal,0.0,0.18
ORD0002180,CUST01331,2023-12-13,Delivered,PayPal,0.1,5.11
ORD0002181,CUST00622,2024-06-23,Delivered,UPI,0.05,2.64
ORD0002182,CUST00597,2023-11-04,Delivered,UPI,0.0,14.33
ORD0002183,CUST01572,2024-11-05,Delivered,Debit Card,0.0,9.77
ORD0002184,CUST01397,2024-10-20,Cancelled,UPI,0.0,13.15
ORD0002185,CUST01239,2023-01-30,Returned,Credit Card,0.15,6.39
ORD0002186,CUST01155,2024-12-11,Delivered,Wallet,0.15,13.48
ORD0002187,CUST00810,2024-10-02,Returned,Wallet,0.05,2.27
ORD0002188,CUST00484,2024-12-21,Delivered,PayPal,0.05,3.25
ORD0002189,CUST00436,2022-11-14,Delivered,Wallet,0.0,10.05
ORD0002190,CUST01120,2023-07-29,Delivered,Credit Card,0.0,7.24
ORD0002191,CUST01717,2024-02-17,Delivered,Debit Card,0.1,14.79
ORD0002192,CUST00242,2023-12-26,Delivered,Debit Card,0.15,14.84
ORD0002193,CUST00056,2024-12-24,Returned,Net Banking,0.05,12.94
ORD0002194,CUST00480,2024-06-23,Delivered,UPI,0.0,5.71
ORD0002195,CUST01793,2024-04-05,Cancelled,Debit Card,0.1,6.11
ORD0002196,CUST00150,2023-11-13,Returned,Wallet,0.05,2.84
ORD0002197,CUST01263,2024-12-19,Delivered,Wallet,0.15,12.04
ORD0002198,CUST01022,2023-11-19,Cancelled,PayPal,0.0,11.81
ORD0002199,CUST00105,2024-08-28,Delivered,Wallet,0.0,7.32
ORD0002200,CUST00794,2024-09-30,Delivered,Wallet,0.1,12.39
ORD0002201,CUST01450,2023-12-16,Returned,Wallet,0.1,4.88
ORD0002202,CUST00138,2023-07-24,Delivered,Debit Card,0.05,9.42
ORD0002203,CUST00963,2024-12-03,Delivered,Wallet,0.1,8.58
ORD0002204,CUST00420,2024-12-23,Delivered,Net Banking,0.15,13.46
ORD0002205,CUST00945,2024-02-05,Delivered,Wallet,0.2,10.44
ORD0002206,CUST00530,2024-05-05,Delivered,UPI,0.15,1.07
ORD0002207,CUST00608,2024-02-22,Delivered,Debit Card,0.05,8.65
ORD0002208,CUST01910,2024-06-12,Returned,UPI,0.1,6.01
ORD0002209,CUST01152,2024-02-17,Delivered,Wallet,0.05,13.92
ORD0002210,CUST00145,2024-01-14,Delivered,Net Banking,0.0,8.06
ORD0002211,CUST00295,2024-07-20,Delivered,Debit Card,0.1,2.5
ORD0002212,CUST01824,2024-04-06,Delivered,Wallet,0.05,3.48
ORD0002213,CUST01640,2024-05-15,Delivered,UPI,0.05,3.03
ORD0002214,CUST00527,2024-08-13,Delivered,Wallet,0.0,2.85
ORD0002215,CUST01888,2024-04-08,Returned,Wallet,0.05,0.32
ORD0002216,CUST00663,2024-03-11,Delivered,Debit Card,0.0,10.45
ORD0002217,CUST00214,2024-07-14,Delivered,Net Banking,0.0,6.86
ORD0002218,CUST00433,2024-09-01,Delivered,Net Banking,0.05,13.2
ORD0002219,CUST01460,2022-10-19,Delivered,UPI,0.0,14.33
ORD0002220,CUST01361,2024-09-05,Delivered,Debit Card,0.1,4.91
ORD0002221,CUST01536,2023-02-11,Delivered,UPI,0.15,1.93
ORD0002222,CUST00582,2023-08-05,Delivered,Credit Card,0.15,7.28
ORD0002223,CUST01489,2024-08-11,Cancelled,Credit Card,0.0,1.97
ORD0002224,CUST00207,2023-07-03,Delivered,PayPal,0.15,9.55
ORD0002225,CUST01693,2023-09-15,Returned,UPI,0.1,10.33
ORD0002226,CUST00690,2024-08-19,Delivered,Debit Card,0.05,9.02
ORD0002227,CUST00493,2024-11-29,Delivered,Debit Card,0.0,0.8
ORD0002228,CUST01378,2024-05-04,Cancelled,PayPal,0.0,7.94
ORD0002229,CUST01000,2024-06-10,Delivered,Wallet,0.1,9.0
ORD0002230,CUST01246,2024-03-24,Delivered,Credit Card,0.0,4.53
ORD0002231,CUST01371,2024-02-17,Delivered,Wallet,0.1,10.34
ORD0002232,CUST00527,2024-10-28,Delivered,UPI,0.05,5.35
ORD0002233,CUST00369,2023-11-12,Delivered,Wallet,0.0,3.71
ORD0002234,CUST01244,2023-10-12,Delivered,Debit Card,0.1,14.43
ORD0002235,CUST01812,2024-11-28,Returned,Debit Card,0.0,8.54
ORD0002236,CUST01033,2023-07-26,Cancelled,UPI,0.1,2.83
ORD0002237,CUST00453,2024-08-10,Cancelled,Credit Card,0.1,2.22
ORD0002238,CUST00947,2024-11-17,Cancelled,Credit Card,0.1,11.85
ORD0002239,CUST00069,2024-07-18,Returned,PayPal,0.1,8.97
ORD0002240,CUST00389,2023-12-26,Delivered,PayPal,0.0,4.35
ORD0002241,CUST01656,2024-08-05,Delivered,Debit Card,0.0,2.34
ORD0002242,CUST00816,2024-11-28,Delivered,UPI,0.0,7.63
ORD0002243,CUST00116,2024-11-01,Cancelled,PayPal,0.0,3.27
ORD0002244,CUST01364,2024-04-28,Delivered,PayPal,0.2,7.72
ORD0002245,CUST00247,2024-12-21,Delivered,UPI,0.1,9.81
ORD0002246,CUST01307,2024-05-24,Delivered,UPI,0.1,5.31
ORD0002247,CUST01534,2024-03-23,Delivered,UPI,0.0,4.69
ORD0002248,CUST00751,2023-10-11,Returned,UPI,0.1,5.94
ORD0002249,CUST00837,2024-04-27,Returned,Wallet,0.0,13.82
ORD0002250,CUST01509,2024-04-08,Delivered,Credit Card,0.05,0.13
ORD0002251,CUST00190,2024-08-17,Delivered,Net Banking,0.05,9.51
ORD0002252,CUST00847,2024-02-20,Delivered,UPI,0.0,4.6
ORD0002253,CUST01117,2023-03-03,Delivered,Debit Card,0.05,8.86
ORD0002254,CUST01596,2024-07-14,Delivered,PayPal,0.1,13.39
ORD0002255,CUST00068,2023-07-09,Delivered,PayPal,0.1,8.52
ORD0002256,CUST01236,2023-10-06,Cancelled,Debit Card,0.05,9.89
ORD0002257,CUST00050,2022-04-01,Processing,Debit Card,0.05,4.66
ORD0002258,CUST01245,2024-12-04,Delivered,Wallet,0.0,12.29
ORD0002259,CUST00837,2024-09-12,Delivered,PayPal,0.1,13.58
ORD0002260,CUST01187,2024-08-23,Delivered,Debit Card,0.05,8.56
ORD0002261,CUST00671,2024-06-11,Delivered,Debit Card,0.0,9.48
ORD0002262,CUST01680,2024-10-27,Delivered,Credit Card,0.0,10.91
ORD0002263,CUST01600,2023-10-10,Delivered,UPI,0.0,6.24
ORD0002264,CUST01920,2023-09-21,Delivered,Credit Card,0.1,8.2
ORD0002265,CUST01981,2022-12-30,Delivered,PayPal,0.0,13.34
ORD0002266,CUST00855,2024-10-27,Delivered,PayPal,0.1,0.71
ORD0002267,CUST01116,2023-07-28,Delivered,Net Banking,0.0,11.12
ORD0002268,CUST00140,2024-06-27,Delivered,Debit Card,0.1,7.41
ORD0002269,CUST01590,2024-12-01,Returned,Credit Card,0.0,1.15
ORD0002270,CUST00370,2022-10-10,Delivered,Net Banking,0.0,1.49
ORD0002271,CUST00497,2023-11-11,Delivered,Wallet,0.1,1.0
ORD0002272,CUST00376,2024-12-09,Delivered,UPI,0.05,7.26
ORD0002273,CUST01275,2024-07-17,Delivered,Debit Card,0.15,1.47
ORD0002274,CUST01432,2024-06-15,Delivered,Wallet,0.1,14.97
ORD0002275,CUST01741,2023-08-29,Delivered,Debit Card,0.0,11.76
ORD0002276,CUST00641,2023-11-12,Delivered,Net Banking,0.0,1.73
ORD0002277,CUST00274,2024-12-12,Delivered,Credit Card,0.2,12.66
ORD0002278,CUST00020,2024-08-09,Cancelled,Wallet,0.0,10.7
ORD0002279,CUST00780,2024-11-21,Delivered,Net Banking,0.0,13.06
ORD0002280,CUST01119,2023-06-22,Delivered,PayPal,0.1,2.8
ORD0002281,CUST01811,2023-03-17,Delivered,UPI,0.0,7.01
ORD0002282,CUST01084,2024-07-21,Delivered,Wallet,0.0,0.4
ORD0002283,CUST01645,2024-03-14,Processing,Wallet,0.05,8.06
ORD0002284,CUST01039,2023-09-23,Returned,UPI,0.1,6.64
ORD0002285,CUST01405,2024-10-09,Cancelled,Wallet,0.0,12.86
ORD0002286,CUST01622,2024-03-16,Delivered,Credit Card,0.05,0.91
ORD0002287,CUST01629,2024-05-19,Delivered,PayPal,0.0,2.46
ORD0002288,CUST00128,2024-09-09,Returned,UPI,0.05,6.78
ORD0002289,CUST01333,2024-05-20,Delivered,Credit Card,0.1,5.1
ORD0002290,CUST01019,2024-03-26,Delivered,Net Banking,0.05,14.73
ORD0002291,CUST00384,2024-11-15,Delivered,Net Banking,0.1,13.62
ORD0002292,CUST00185,2024-11-04,Delivered,Credit Card,0.0,6.41
ORD0002293,CUST00064,2022-06-05,Cancelled,PayPal,0.05,0.44
ORD0002294,CUST00132,2022-12-18,Delivered,PayPal,0.05,12.84
ORD0002295,CUST01369,2024-08-07,Delivered,UPI,0.0,8.5
ORD0002296,CUST01512,2024-11-04,Delivered,PayPal,0.0,8.15
ORD0002297,CUST01347,2024-07-12,Delivered,Credit Card,0.0,1.5
ORD0002298,CUST00900,2024-07-07,Cancelled,PayPal,0.05,1.94
ORD0002299,CUST01164,2023-07-03,Returned,PayPal,0.05,4.97
ORD0002300,CUST00516,2024-01-11,Processing,Net Banking,0.0,13.11
ORD0002301,CUST00122,2024-08-26,Cancelled,Wallet,0.05,10.35
ORD0002302,CUST01606,2024-10-20,Delivered,Debit Card,0.05,14.68
ORD0002303,CUST01179,2024-08-12,Delivered,Wallet,0.05,9.1
ORD0002304,CUST00546,2023-03-10,Delivered,Net Banking,0.0,3.49
ORD0002305,CUST01133,2024-06-09,Delivered,Debit Card,0.05,11.84
ORD0002306,CUST01994,2024-05-02,Returned,Credit Card,0.15,14.09
ORD0002307,CUST00399,2024-10-27,Delivered,PayPal,0.0,10.37
ORD0002308,CUST01413,2023-04-13,Delivered,PayPal,0.1,2.66
ORD0002309,CUST00400,2024-01-13,Delivered,PayPal,0.0,5.46
ORD0002310,CUST00173,2022-10-28,Delivered,Net Banking,0.0,3.97
ORD0002311,CUST00776,2024-10-20,Delivered,Credit Card,0.15,2.42
ORD0002312,CUST01541,2024-06-01,Delivered,PayPal,0.0,9.91
ORD0002313,CUST00356,2023-08-25,Delivered,Debit Card,0.0,9.78
ORD0002314,CUST01663,2023-10-04,Delivered,Credit Card,0.15,6.97
ORD0002315,CUST00984,2024-12-20,Delivered,Debit Card,0.1,0.73
ORD0002316,CUST00515,2024-05-18,Processing,Debit Card,0.15,11.14
ORD0002317,CUST01526,2022-08-16,Processing,PayPal,0.05,9.48
ORD0002318,CUST00798,2023-04-17,Delivered,Net Banking,0.0,9.4
ORD0002319,CUST01244,2023-06-07,Cancelled,Credit Card,0.0,7.78
ORD0002320,CUST00870,2022-06-25,Returned,Credit Card,0.0,5.25
ORD0002321,CUST00653,2024-10-01,Delivered,Credit Card,0.2,6.23
ORD0002322,CUST00384,2024-10-30,Delivered,Net Banking,0.15,8.12
ORD0002323,CUST01135,2024-04-18,Cancelled,Wallet,0.0,9.26
ORD0002324,CUST01742,2024-04-06,Delivered,Net Banking,0.1,9.07
ORD0002325,CUST00067,2024-11-12,Delivered,PayPal,0.0,12.57
ORD0002326,CUST01315,2024-05-16,Delivered,Debit Card,0.05,10.58
ORD0002327,CUST00755,2024-09-19,Delivered,PayPal,0.15,11.1
ORD0002328,CUST01834,2024-07-08,Cancelled,Net Banking,0.1,7.56
ORD0002329,CUST00979,2024-04-04,Delivered,Wallet,0.1,8.02
ORD0002330,CUST01475,2024-05-23,Delivered,Debit Card,0.0,9.08
ORD0002331,CUST01167,2022-11-23,Processing,UPI,0.0,11.13
ORD0002332,CUST01751,2024-10-03,Delivered,UPI,0.0,13.61
ORD0002333,CUST01732,2024-11-29,Returned,Credit Card,0.0,7.51
ORD0002334,CUST00778,2024-11-09,Returned,Credit Card,0.0,7.9
ORD0002335,CUST01611,2023-07-18,Delivered,PayPal,0.0,2.36
ORD0002336,CUST01583,2024-03-14,Delivered,PayPal,0.15,0.57
ORD0002337,CUST01836,2024-10-21,Delivered,Net Banking,0.15,12.19
ORD0002338,CUST01932,2024-06-13,Cancelled,PayPal,0.1,6.29
ORD0002339,CUST01745,2024-02-26,Delivered,Debit Card,0.05,9.32
ORD0002340,CUST01611,2024-03-28,Delivered,Net Banking,0.1,14.25
ORD0002341,CUST01362,2024-03-03,Delivered,Credit Card,0.0,0.88
ORD0002342,CUST01169,2024-07-29,Delivered,Debit Card,0.0,6.22
ORD0002343,CUST01449,2024-05-21,Delivered,UPI,0.05,5.63
ORD0002344,CUST00583,2024-08-28,Delivered,UPI,0.0,11.22
ORD0002345,CUST00726,2023-10-03,Delivered,Debit Card,0.1,3.95
ORD0002346,CUST01077,2024-11-10,Delivered,Debit Card,0.0,9.76
ORD0002347,CUST00986,2023-02-11,Returned,Credit Card,0.1,14.89
ORD0002348,CUST01034,2023-12-17,Delivered,Wallet,0.0,4.52
ORD0002349,CUST01292,2023-08-27,Delivered,Net Banking,0.05,8.1
ORD0002350,CUST01485,2023-11-22,Delivered,UPI,0.05,6.82
ORD0002351,CUST01265,2022-08-18,Delivered,Net Banking,0.15,1.66
ORD0002352,CUST00734,2022-12-25,Delivered,UPI,0.0,9.36
ORD0002353,CUST01101,2024-02-08,Delivered,Wallet,0.0,14.19
ORD0002354,CUST00638,2024-02-29,Delivered,UPI,0.1,0.34
ORD0002355,CUST00284,2024-11-08,Delivered,Wallet,0.05,1.59
ORD0002356,CUST00978,2024-02-04,Delivered,UPI,0.15,14.39
ORD0002357,CUST01428,2024-12-12,Returned,Debit Card,0.05,0.82
ORD0002358,CUST01690,2024-11-05,Cancelled,Wallet,0.0,0.5
ORD0002359,CUST01270,2023-08-10,Delivered,Debit Card,0.1,5.61
ORD0002360,CUST01570,2024-09-20,Delivered,Wallet,0.0,13.36
ORD0002361,CUST01193,2022-08-26,Delivered,PayPal,0.1,4.7
ORD0002362,CUST00488,2022-09-08,Delivered,PayPal,0.0,2.55
ORD0002363,CUST01824,2023-12-03,Returned,UPI,0.05,11.43
ORD0002364,CUST00770,2024-10-28,Cancelled,Net Banking,0.1,10.19
ORD0002365,CUST01554,2024-11-28,Processing,Wallet,0.15,1.92
ORD0002366,CUST00946,2024-11-28,Cancelled,Wallet,0.0,7.43
ORD0002367,CUST01379,2024-07-19,Delivered,Wallet,0.0,4.47
ORD0002368,CUST00663,2023-11-03,Delivered,Debit Card,0.0,10.76
ORD0002369,CUST00694,2024-10-29,Processing,UPI,0.1,13.61
ORD0002370,CUST00712,2023-11-13,Delivered,PayPal,0.0,5.47
ORD0002371,CUST01147,2023-10-29,Processing,UPI,0.05,14.01
ORD0002372,CUST01310,2023-09-18,Delivered,PayPal,0.15,1.79
ORD0002373,CUST00685,2024-06-28,Processing,PayPal,0.0,13.59
ORD0002374,CUST00264,2024-11-24,Cancelled,UPI,0.05,13.55
ORD0002375,CUST00996,2024-10-28,Delivered,Net Banking,0.05,9.41
ORD0002376,CUST00533,2024-05-01,Delivered,Debit Card,0.15,2.71
ORD0002377,CUST00865,2024-09-07,Delivered,Credit Card,0.0,2.01
ORD0002378,CUST01000,2024-09-04,Delivered,Net Banking,0.0,1.36
ORD0002379,CUST01367,2024-06-27,Delivered,UPI,0.0,11.82
ORD0002380,CUST00387,2023-10-18,Delivered,Wallet,0.0,5.29
ORD0002381,CUST01067,2023-09-26,Returned,PayPal,0.0,13.2
ORD0002382,CUST00447,2024-11-10,Delivered,Wallet,0.05,6.67
ORD0002383,CUST00238,2024-11-01,Delivered,Credit Card,0.1,14.48
ORD0002384,CUST01365,2023-11-13,Processing,Net Banking,0.1,5.02
ORD0002385,CUST01629,2024-12-25,Delivered,Wallet,0.15,5.87
ORD0002386,CUST01334,2023-11-04,Delivered,Wallet,0.05,3.69
ORD0002387,CUST00689,2022-02-19,Delivered,UPI,0.2,9.17
ORD0002388,CUST00707,2024-12-02,Delivered,Credit Card,0.1,9.9
ORD0002389,CUST00259,2024-11-05,Delivered,UPI,0.1,6.77
ORD0002390,CUST01666,2024-12-21,Delivered,Net Banking,0.0,6.82
ORD0002391,CUST01436,2024-06-04,Delivered,Net Banking,0.0,4.38
ORD0002392,CUST01638,2024-11-29,Processing,Net Banking,0.0,13.49
ORD0002393,CUST00848,2023-09-20,Delivered,Wallet,0.0,1.27
ORD0002394,CUST00223,2024-09-04,Delivered,Wallet,0.1,13.93
ORD0002395,CUST01151,2023-04-18,Delivered,Wallet,0.0,12.79
ORD0002396,CUST01479,2023-10-21,Cancelled,UPI,0.05,5.15
ORD0002397,CUST01743,2023-05-06,Delivered,Wallet,0.05,6.0
ORD0002398,CUST01428,2024-09-14,Processing,PayPal,0.1,14.39
ORD0002399,CUST00179,2024-07-25,Delivered,UPI,0.0,1.59
ORD0002400,CUST00086,2024-09-17,Delivered,Credit Card,0.1,13.54
ORD0002401,CUST00875,2024-03-27,Returned,Debit Card,0.05,6.64
ORD0002402,CUST00741,2024-05-11,Delivered,Credit Card,0.05,8.69
ORD0002403,CUST01650,2023-05-27,Returned,Net Banking,0.1,6.12
ORD0002404,CUST00413,2024-07-21,Delivered,Wallet,0.0,8.95
ORD0002405,CUST01339,2024-05-25,Delivered,Wallet,0.2,9.92
ORD0002406,CUST01741,2023-05-06,Delivered,Debit Card,0.2,14.51
ORD0002407,CUST01593,2024-06-04,Cancelled,Net Banking,0.1,4.92
ORD0002408,CUST01597,2024-12-05,Delivered,Net Banking,0.1,11.81
ORD0002409,CUST01979,2024-12-22,Cancelled,Net Banking,0.05,7.6
ORD0002410,CUST01880,2024-12-26,Delivered,Wallet,0.05,7.44
ORD0002411,CUST00476,2024-10-08,Delivered,Net Banking,0.0,4.14
ORD0002412,CUST00652,2024-08-09,Delivered,Debit Card,0.05,1.64
ORD0002413,CUST01980,2024-12-30,Delivered,PayPal,0.0,9.02
ORD0002414,CUST00643,2024-11-01,Delivered,Net Banking,0.05,0.55
ORD0002415,CUST01454,2024-08-25,Delivered,UPI,0.2,12.79
ORD0002416,CUST01724,2024-12-19,Delivered,Credit Card,0.0,13.41
ORD0002417,CUST01127,2024-04-02,Delivered,Wallet,0.0,10.5
ORD0002418,CUST01046,2023-12-15,Delivered,Net Banking,0.0,9.97
ORD0002419,CUST01541,2024-03-08,Delivered,Credit Card,0.0,7.08
ORD0002420,CUST00164,2024-07-25,Delivered,Credit Card,0.0,1.17
ORD0002421,CUST01699,2024-06-09,Delivered,Credit Card,0.05,8.89
ORD0002422,CUST01647,2024-05-18,Delivered,Net Banking,0.0,11.29
ORD0002423,CUST00856,2024-05-03,Delivered,UPI,0.05,1.66
ORD0002424,CUST00132,2023-06-28,Cancelled,UPI,0.0,7.15
ORD0002425,CUST01423,2024-07-07,Delivered,PayPal,0.0,11.48
ORD0002426,CUST01389,2024-09-26,Delivered,PayPal,0.2,2.09
ORD0002427,CUST00749,2024-08-29,Delivered,Credit Card,0.0,4.72
ORD0002428,CUST00153,2023-12-05,Delivered,UPI,0.0,7.42
ORD0002429,CUST01354,2024-02-23,Delivered,Net Banking,0.1,0.14
ORD0002430,CUST01761,2024-03-11,Delivered,Wallet,0.05,0.91
ORD0002431,CUST01529,2024-04-28,Delivered,Debit Card,0.1,11.66
ORD0002432,CUST00284,2024-10-11,Delivered,PayPal,0.05,1.16
ORD0002433,CUST00016,2024-12-01,Delivered,PayPal,0.1,14.93
ORD0002434,CUST01531,2024-09-22,Delivered,Wallet,0.1,7.67
ORD0002435,CUST00856,2024-07-06,Processing,Wallet,0.2,7.04
ORD0002436,CUST01335,2023-11-11,Delivered,Wallet,0.1,2.78
ORD0002437,CUST00318,2023-05-04,Delivered,Credit Card,0.2,11.58
ORD0002438,CUST00380,2024-10-07,Delivered,Wallet,0.05,1.42
ORD0002439,CUST00132,2024-12-22,Delivered,Net Banking,0.0,13.32
ORD0002440,CUST00058,2023-07-10,Cancelled,Debit Card,0.0,6.47
ORD0002441,CUST00019,2024-09-05,Processing,Net Banking,0.05,14.27
ORD0002442,CUST01697,2024-09-02,Delivered,Debit Card,0.05,1.39
ORD0002443,CUST01075,2024-07-26,Delivered,Net Banking,0.05,4.71
ORD0002444,CUST00898,2024-01-11,Delivered,Net Banking,0.1,2.62
ORD0002445,CUST01115,2024-09-07,Delivered,Wallet,0.05,9.6
ORD0002446,CUST00429,2024-03-10,Delivered,Net Banking,0.0,4.4
ORD0002447,CUST01525,2024-07-20,Processing,Credit Card,0.0,3.53
ORD0002448,CUST01247,2023-09-14,Delivered,Wallet,0.1,7.49
ORD0002449,CUST01748,2024-12-13,Delivered,Wallet,0.15,0.52
ORD0002450,CUST01540,2022-11-24,Delivered,PayPal,0.0,4.59
ORD0002451,CUST01302,2023-09-08,Delivered,UPI,0.15,2.28
ORD0002452,CUST00164,2023-12-14,Delivered,UPI,0.2,11.21
ORD0002453,CUST01211,2023-05-01,Delivered,Net Banking,0.05,9.9
ORD0002454,CUST01826,2024-01-15,Cancelled,Credit Card,0.0,6.25
ORD0002455,CUST01790,2024-08-27,Returned,Credit Card,0.0,6.46
ORD0002456,CUST00314,2023-09-04,Delivered,PayPal,0.05,3.99
ORD0002457,CUST00157,2022-08-08,Delivered,UPI,0.0,11.34
ORD0002458,CUST01355,2024-11-07,Processing,Wallet,0.05,0.46
ORD0002459,CUST00696,2024-06-21,Cancelled,Credit Card,0.1,7.49
ORD0002460,CUST01558,2024-09-27,Delivered,Credit Card,0.1,2.56
ORD0002461,CUST01040,2024-09-16,Delivered,Debit Card,0.1,0.71
ORD0002462,CUST01788,2023-11-10,Delivered,Debit Card,0.0,6.26
ORD0002463,CUST00978,2024-09-24,Delivered,PayPal,0.1,11.25
ORD0002464,CUST00506,2022-12-15,Delivered,Debit Card,0.1,7.3
ORD0002465,CUST01036,2024-03-28,Delivered,Wallet,0.1,12.6
ORD0002466,CUST01221,2024-12-05,Delivered,PayPal,0.1,11.06
ORD0002467,CUST01071,2023-12-03,Delivered,PayPal,0.1,8.35
ORD0002468,CUST01664,2022-04-24,Delivered,PayPal,0.0,14.06
ORD0002469,CUST00057,2024-09-02,Delivered,Debit Card,0.05,7.0
ORD0002470,CUST00107,2024-06-13,Delivered,Net Banking,0.0,10.36
ORD0002471,CUST01925,2024-03-01,Returned,Debit Card,0.0,10.65
ORD0002472,CUST01409,2023-08-10,Cancelled,PayPal,0.05,10.11
ORD0002473,CUST01227,2024-08-01,Delivered,UPI,0.15,2.03
ORD0002474,CUST01744,2024-06-28,Delivered,Net Banking,0.0,1.58
ORD0002475,CUST01217,2024-03-30,Delivered,Debit Card,0.0,11.86
ORD0002476,CUST00443,2023-08-09,Delivered,Credit Card,0.0,2.05
ORD0002477,CUST00272,2024-09-27,Cancelled,PayPal,0.05,14.21
ORD0002478,CUST00942,2024-05-11,Delivered,Net Banking,0.1,1.01
ORD0002479,CUST01816,2024-10-22,Delivered,Net Banking,0.1,3.45
ORD0002480,CUST00493,2024-12-22,Delivered,UPI,0.1,0.63
ORD0002481,CUST01651,2024-10-20,Returned,PayPal,0.15,10.57
ORD0002482,CUST01269,2024-11-02,Delivered,UPI,0.1,14.67
ORD0002483,CUST01377,2024-08-16,Returned,Net Banking,0.0,14.29
ORD0002484,CUST01094,2022-06-13,Delivered,UPI,0.0,14.65
ORD0002485,CUST00478,2024-09-08,Delivered,Credit Card,0.1,9.95
ORD0002486,CUST01109,2024-12-10,Delivered,Net Banking,0.15,12.98
ORD0002487,CUST01980,2024-12-28,Delivered,PayPal,0.05,13.36
ORD0002488,CUST01839,2024-11-11,Delivered,UPI,0.1,9.93
ORD0002489,CUST00948,2024-07-09,Delivered,Credit Card,0.0,1.78
ORD0002490,CUST01139,2024-10-01,Delivered,Credit Card,0.15,14.11
ORD0002491,CUST01125,2022-06-05,Delivered,Net Banking,0.0,12.6
ORD0002492,CUST01278,2024-10-13,Returned,Wallet,0.05,2.47
ORD0002493,CUST00053,2024-12-23,Delivered,PayPal,0.1,10.16
ORD0002494,CUST01461,2023-12-14,Delivered,Debit Card,0.1,6.84
ORD0002495,CUST01159,2023-10-04,Processing,Credit Card,0.0,6.53
ORD0002496,CUST01536,2023-12-10,Delivered,Wallet,0.0,4.08
ORD0002497,CUST00105,2024-10-24,Delivered,UPI,0.1,11.53
ORD0002498,CUST01517,2023-04-03,Delivered,Wallet,0.05,13.48
ORD0002499,CUST01206,2024-08-26,Delivered,Debit Card,0.1,13.44
ORD0002500,CUST01664,2023-12-22,Delivered,PayPal,0.1,14.88
ORD0002501,CUST01439,2024-08-01,Processing,Wallet,0.0,7.26
ORD0002502,CUST00385,2024-10-09,Delivered,Credit Card,0.1,11.94
ORD0002503,CUST00664,2023-06-28,Delivered,Wallet,0.0,1.6
ORD0002504,CUST00527,2024-06-02,Processing,UPI,0.0,14.31
ORD0002505,CUST00412,2023-09-11,Delivered,UPI,0.0,6.97
ORD0002506,CUST00227,2023-07-16,Cancelled,Wallet,0.05,11.02
ORD0002507,CUST00019,2024-10-15,Returned,Debit Card,0.1,14.99
ORD0002508,CUST01049,2023-02-14,Delivered,UPI,0.1,5.96
ORD0002509,CUST00812,2024-12-16,Processing,Credit Card,0.0,4.78
ORD0002510,CUST01815,2024-09-23,Delivered,PayPal,0.05,5.76
ORD0002511,CUST00893,2024-11-09,Delivered,Credit Card,0.1,4.8
ORD0002512,CUST00528,2022-05-03,Delivered,UPI,0.15,3.4
ORD0002513,CUST00587,2024-12-30,Delivered,Wallet,0.0,2.68
ORD0002514,CUST01158,2024-11-11,Delivered,Debit Card,0.0,14.18
ORD0002515,CUST01364,2023-06-14,Delivered,Debit Card,0.15,14.64
ORD0002516,CUST00238,2024-06-24,Delivered,Net Banking,0.1,11.36
ORD0002517,CUST00226,2024-09-16,Delivered,Wallet,0.05,5.22
ORD0002518,CUST00746,2024-08-12,Delivered,Net Banking,0.0,5.98
ORD0002519,CUST01582,2023-03-06,Delivered,Net Banking,0.1,12.56
ORD0002520,CUST00643,2024-09-10,Delivered,Debit Card,0.0,5.02
ORD0002521,CUST00989,2024-12-10,Returned,PayPal,0.05,1.13
ORD0002522,CUST00686,2023-06-11,Delivered,UPI,0.2,12.04
ORD0002523,CUST01086,2024-12-22,Delivered,UPI,0.0,6.35
ORD0002524,CUST00854,2023-02-01,Delivered,Credit Card,0.1,4.8
ORD0002525,CUST00081,2024-12-08,Delivered,Credit Card,0.2,4.05
ORD0002526,CUST01261,2024-12-10,Delivered,Net Banking,0.0,9.02
ORD0002527,CUST00999,2024-10-07,Cancelled,Wallet,0.0,0.21
ORD0002528,CUST00248,2024-07-24,Delivered,Wallet,0.0,12.59
ORD0002529,CUST01718,2023-09-21,Delivered,PayPal,0.15,5.65
ORD0002530,CUST01970,2022-12-04,Delivered,Credit Card,0.2,6.16
ORD0002531,CUST01968,2024-12-16,Delivered,PayPal,0.15,13.59
ORD0002532,CUST00813,2024-08-13,Delivered,PayPal,0.05,9.33
ORD0002533,CUST00797,2022-05-08,Returned,Debit Card,0.0,3.36
ORD0002534,CUST01466,2024-11-21,Returned,UPI,0.1,5.32
ORD0002535,CUST01740,2022-07-01,Delivered,Net Banking,0.15,10.13
ORD0002536,CUST00555,2023-10-11,Delivered,Wallet,0.0,10.6
ORD0002537,CUST01735,2023-05-23,Delivered,PayPal,0.2,13.4
ORD0002538,CUST00746,2024-10-31,Delivered,UPI,0.0,1.78
ORD0002539,CUST01812,2024-11-07,Delivered,Wallet,0.0,12.23
ORD0002540,CUST01055,2024-10-18,Delivered,Net Banking,0.05,1.87
ORD0002541,CUST00785,2024-06-24,Delivered,PayPal,0.0,9.96
ORD0002542,CUST00285,2023-10-18,Delivered,Debit Card,0.0,7.05
ORD0002543,CUST01091,2024-08-04,Delivered,PayPal,0.05,14.48
ORD0002544,CUST01854,2024-12-09,Cancelled,Debit Card,0.15,13.41
ORD0002545,CUST00166,2024-08-07,Processing,Net Banking,0.05,4.44
ORD0002546,CUST01592,2023-11-18,Delivered,Wallet,0.0,4.23
ORD0002547,CUST01522,2024-04-08,Delivered,Wallet,0.0,1.86
ORD0002548,CUST01820,2024-07-24,Delivered,Wallet,0.05,3.86
ORD0002549,CUST01356,2022-12-21,Delivered,Net Banking,0.05,3.75
ORD0002550,CUST00916,2024-12-07,Delivered,PayPal,0.1,9.67
ORD0002551,CUST00273,2024-03-27,Delivered,Net Banking,0.0,1.95
ORD0002552,CUST00977,2024-04-29,Delivered,PayPal,0.05,5.43
ORD0002553,CUST01077,2024-07-15,Delivered,PayPal,0.0,7.89
ORD0002554,CUST01088,2024-07-15,Delivered,Net Banking,0.0,7.34
ORD0002555,CUST01844,2024-12-17,Delivered,Wallet,0.0,7.54
ORD0002556,CUST01181,2023-05-28,Delivered,PayPal,0.0,3.62
ORD0002557,CUST00835,2022-08-11,Returned,Wallet,0.1,9.68
ORD0002558,CUST01076,2023-02-20,Delivered,Net Banking,0.1,11.81
ORD0002559,CUST01789,2024-01-07,Returned,Wallet,0.0,4.36
ORD0002560,CUST01459,2024-10-15,Delivered,Debit Card,0.05,14.29
ORD0002561,CUST01268,2023-12-02,Delivered,Net Banking,0.05,6.34
ORD0002562,CUST01810,2024-08-23,Delivered,Net Banking,0.2,13.17
ORD0002563,CUST01285,2023-02-10,Returned,Credit Card,0.1,0.66
ORD0002564,CUST01034,2024-02-08,Delivered,UPI,0.05,2.73
ORD0002565,CUST01201,2024-02-11,Delivered,Credit Card,0.15,8.48
ORD0002566,CUST01360,2024-11-24,Delivered,Wallet,0.1,14.1
ORD0002567,CUST01350,2024-11-24,Delivered,Wallet,0.1,4.39
ORD0002568,CUST00936,2023-05-03,Delivered,PayPal,0.0,0.96
ORD0002569,CUST00476,2024-03-02,Delivered,Wallet,0.1,7.26
ORD0002570,CUST01090,2024-03-26,Delivered,Credit Card,0.0,0.14
ORD0002571,CUST00154,2024-12-25,Cancelled,Net Banking,0.05,0.45
ORD0002572,CUST00805,2024-09-17,Processing,UPI,0.05,12.49
ORD0002573,CUST00941,2024-10-17,Delivered,Debit Card,0.0,5.52
ORD0002574,CUST00714,2024-11-27,Delivered,Net Banking,0.15,5.58
ORD0002575,CUST01090,2024-02-27,Delivered,UPI,0.15,3.1
ORD0002576,CUST01071,2023-02-15,Delivered,UPI,0.0,12.62
ORD0002577,CUST00376,2024-12-16,Delivered,Wallet,0.05,11.83
ORD0002578,CUST00220,2024-10-14,Delivered,UPI,0.15,5.01
ORD0002579,CUST01195,2023-06-07,Delivered,PayPal,0.05,5.9
ORD0002580,CUST01391,2023-06-22,Delivered,Net Banking,0.0,6.93
ORD0002581,CUST01518,2024-11-26,Delivered,Debit Card,0.15,13.1
ORD0002582,CUST00748,2024-12-17,Delivered,Debit Card,0.15,11.48
ORD0002583,CUST00944,2024-12-12,Delivered,PayPal,0.0,7.75
ORD0002584,CUST01421,2024-08-10,Cancelled,Net Banking,0.0,13.96
ORD0002585,CUST01995,2024-04-16,Delivered,Net Banking,0.1,3.71
ORD0002586,CUST00400,2024-06-26,Returned,Debit Card,0.05,0.97
ORD0002587,CUST00737,2024-11-27,Delivered,Wallet,0.1,9.11
ORD0002588,CUST01435,2024-05-15,Delivered,Net Banking,0.0,5.3
ORD0002589,CUST00689,2024-06-19,Delivered,Wallet,0.0,5.53
ORD0002590,CUST01606,2024-12-01,Delivered,Wallet,0.0,2.66
ORD0002591,CUST00213,2024-03-28,Delivered,Net Banking,0.0,9.73
ORD0002592,CUST01078,2024-07-28,Delivered,PayPal,0.1,6.19
ORD0002593,CUST01837,2024-10-22,Delivered,Credit Card,0.1,14.98
ORD0002594,CUST01677,2024-07-06,Delivered,PayPal,0.1,8.14
ORD0002595,CUST00004,2024-11-30,Cancelled,Wallet,0.05,12.36
ORD0002596,CUST00892,2022-06-29,Delivered,Wallet,0.05,8.22
ORD0002597,CUST01563,2023-08-06,Delivered,PayPal,0.0,12.26
ORD0002598,CUST01952,2024-09-22,Delivered,Debit Card,0.15,11.9
ORD0002599,CUST00372,2024-07-29,Delivered,Wallet,0.0,7.48
ORD0002600,CUST00662,2022-09-20,Delivered,PayPal,0.0,13.62
ORD0002601,CUST01540,2024-01-22,Delivered,Wallet,0.05,8.46
ORD0002602,CUST00728,2024-05-18,Delivered,UPI,0.0,5.66
ORD0002603,CUST01141,2023-11-21,Delivered,Wallet,0.0,3.48
ORD0002604,CUST00717,2024-10-23,Delivered,Wallet,0.0,8.93
ORD0002605,CUST00232,2024-12-16,Delivered,PayPal,0.05,3.96
ORD0002606,CUST00371,2024-12-03,Delivered,UPI,0.05,4.17
ORD0002607,CUST01040,2023-07-17,Delivered,UPI,0.05,13.54
ORD0002608,CUST01549,2024-07-03,Returned,PayPal,0.05,7.39
ORD0002609,CUST00663,2024-09-18,Delivered,Wallet,0.0,1.7
ORD0002610,CUST00747,2024-12-08,Delivered,Credit Card,0.1,8.57
ORD0002611,CUST00838,2023-08-06,Returned,UPI,0.1,1.55
ORD0002612,CUST01921,2022-04-14,Delivered,PayPal,0.1,3.55
ORD0002613,CUST01255,2024-01-26,Delivered,Net Banking,0.15,10.06
ORD0002614,CUST01032,2023-03-08,Delivered,UPI,0.0,13.74
ORD0002615,CUST01033,2024-07-26,Returned,Wallet,0.0,11.8
ORD0002616,CUST01777,2024-04-28,Returned,Net Banking,0.05,7.49
ORD0002617,CUST02000,2024-04-07,Returned,Wallet,0.1,9.64
ORD0002618,CUST00909,2024-07-06,Delivered,Net Banking,0.0,13.42
ORD0002619,CUST01456,2024-07-10,Delivered,PayPal,0.0,2.22
ORD0002620,CUST00033,2024-03-19,Delivered,Wallet,0.1,5.27
ORD0002621,CUST00417,2024-11-23,Delivered,Wallet,0.1,14.18
ORD0002622,CUST01468,2024-06-21,Returned,UPI,0.1,10.06
ORD0002623,CUST00401,2024-10-03,Delivered,Debit Card,0.05,6.56
ORD0002624,CUST01576,2024-07-23,Delivered,PayPal,0.2,1.23
ORD0002625,CUST01242,2024-07-13,Delivered,Debit Card,0.0,8.02
ORD0002626,CUST01133,2024-01-01,Returned,Debit Card,0.1,7.25
ORD0002627,CUST01967,2024-12-13,Delivered,UPI,0.0,1.55
ORD0002628,CUST01160,2024-05-12,Returned,Net Banking,0.05,3.24
ORD0002629,CUST01595,2024-03-05,Delivered,Net Banking,0.0,5.92
ORD0002630,CUST01914,2024-08-26,Delivered,PayPal,0.0,8.46
ORD0002631,CUST01661,2022-08-21,Delivered,Wallet,0.1,10.04
ORD0002632,CUST00081,2024-10-04,Delivered,Wallet,0.1,8.0
ORD0002633,CUST01287,2024-07-27,Returned,Debit Card,0.05,3.17
ORD0002634,CUST00096,2024-06-11,Delivered,Credit Card,0.0,0.25
ORD0002635,CUST01617,2024-10-09,Delivered,PayPal,0.15,8.7
ORD0002636,CUST01072,2024-10-02,Delivered,Credit Card,0.1,1.29
ORD0002637,CUST01327,2024-09-19,Delivered,Wallet,0.0,9.82
ORD0002638,CUST00688,2024-08-20,Delivered,Net Banking,0.15,8.81
ORD0002639,CUST00832,2022-12-13,Cancelled,Net Banking,0.0,11.84
ORD0002640,CUST01937,2023-03-13,Cancelled,Wallet,0.0,5.91
ORD0002641,CUST01784,2023-04-21,Delivered,Net Banking,0.0,13.74
ORD0002642,CUST01495,2024-06-19,Delivered,PayPal,0.0,13.07
ORD0002643,CUST00823,2024-10-13,Delivered,Credit Card,0.0,10.94
ORD0002644,CUST01858,2024-12-12,Delivered,Wallet,0.0,8.25
ORD0002645,CUST00021,2024-07-31,Delivered,UPI,0.0,0.76
ORD0002646,CUST01689,2022-03-26,Processing,Credit Card,0.05,13.31
ORD0002647,CUST00223,2023-01-12,Delivered,Credit Card,0.0,5.72
ORD0002648,CUST00315,2024-01-09,Delivered,PayPal,0.0,3.29
ORD0002649,CUST01216,2024-03-24,Delivered,Debit Card,0.0,11.8
ORD0002650,CUST01138,2023-01-16,Delivered,Net Banking,0.05,11.75
ORD0002651,CUST00184,2024-04-03,Delivered,UPI,0.0,0.55
ORD0002652,CUST00543,2023-09-17,Delivered,PayPal,0.15,0.55
ORD0002653,CUST00380,2024-11-08,Delivered,Wallet,0.2,9.89
ORD0002654,CUST01352,2024-10-14,Returned,UPI,0.15,8.37
ORD0002655,CUST01697,2024-07-05,Delivered,Net Banking,0.05,12.12
ORD0002656,CUST01842,2024-07-27,Returned,Credit Card,0.1,10.58
ORD0002657,CUST01731,2024-02-07,Delivered,Wallet,0.0,1.86
ORD0002658,CUST00667,2024-11-18,Delivered,Debit Card,0.0,2.15
ORD0002659,CUST00149,2023-09-16,Delivered,Debit Card,0.0,13.06
ORD0002660,CUST00754,2023-10-27,Cancelled,Credit Card,0.05,7.66
ORD0002661,CUST01428,2024-01-11,Delivered,Debit Card,0.05,5.87
ORD0002662,CUST01345,2024-12-15,Delivered,Credit Card,0.05,11.0
ORD0002663,CUST00325,2024-02-13,Delivered,UPI,0.0,1.88
ORD0002664,CUST01807,2024-01-11,Cancelled,Credit Card,0.1,8.71
ORD0002665,CUST01405,2023-05-19,Processing,Net Banking,0.0,9.16
ORD0002666,CUST01775,2024-11-23,Delivered,Net Banking,0.05,3.91
ORD0002667,CUST01324,2024-05-13,Delivered,Debit Card,0.0,1.13
ORD0002668,CUST00991,2024-09-26,Delivered,PayPal,0.0,0.62
ORD0002669,CUST00388,2024-01-31,Delivered,Wallet,0.0,14.12
ORD0002670,CUST01108,2022-11-30,Delivered,Net Banking,0.05,0.87
ORD0002671,CUST01083,2024-05-30,Processing,PayPal,0.0,4.14
ORD0002672,CUST00533,2024-01-30,Returned,Credit Card,0.05,0.32
ORD0002673,CUST01025,2024-11-21,Returned,UPI,0.0,5.3
ORD0002674,CUST00841,2024-08-02,Returned,UPI,0.0,8.28
ORD0002675,CUST01427,2023-12-23,Returned,Wallet,0.15,1.49
ORD0002676,CUST00124,2024-01-27,Delivered,UPI,0.0,12.67
ORD0002677,CUST01156,2024-11-21,Delivered,UPI,0.0,7.96
ORD0002678,CUST00858,2023-02-03,Delivered,Wallet,0.05,13.99
ORD0002679,CUST01954,2023-10-31,Delivered,Net Banking,0.0,10.29
ORD0002680,CUST00400,2022-07-11,Delivered,Credit Card,0.2,13.7
ORD0002681,CUST00815,2024-08-18,Delivered,Debit Card,0.0,14.77
ORD0002682,CUST01727,2024-11-10,Delivered,Debit Card,0.0,6.93
ORD0002683,CUST01608,2024-10-13,Delivered,UPI,0.0,10.06
ORD0002684,CUST00077,2024-01-18,Delivered,Wallet,0.1,3.73
ORD0002685,CUST00481,2024-12-25,Delivered,PayPal,0.05,5.42
ORD0002686,CUST00118,2024-10-12,Returned,Net Banking,0.1,2.61
ORD0002687,CUST01328,2023-09-12,Delivered,Net Banking,0.15,3.66
ORD0002688,CUST01986,2022-11-28,Delivered,Debit Card,0.0,1.73
ORD0002689,CUST00005,2024-05-25,Delivered,PayPal,0.0,10.1
ORD0002690,CUST00171,2024-09-20,Delivered,Net Banking,0.0,10.16
ORD0002691,CUST00425,2023-07-03,Processing,Debit Card,0.1,11.41
ORD0002692,CUST00240,2024-01-07,Delivered,Net Banking,0.0,14.3
ORD0002693,CUST00974,2023-02-03,Delivered,Net Banking,0.0,4.43
ORD0002694,CUST01237,2024-08-05,Delivered,Net Banking,0.0,1.1
ORD0002695,CUST01644,2024-09-08,Processing,PayPal,0.0,1.31
ORD0002696,CUST01336,2024-12-15,Delivered,Net Banking,0.1,11.75
ORD0002697,CUST00813,2023-11-05,Delivered,Debit Card,0.05,4.42
ORD0002698,CUST01810,2024-11-03,Delivered,Wallet,0.0,4.52
ORD0002699,CUST01021,2024-09-13,Delivered,UPI,0.0,12.96
ORD0002700,CUST00250,2023-09-15,Delivered,Net Banking,0.15,9.37
ORD0002701,CUST00650,2023-08-09,Delivered,Wallet,0.0,3.95
ORD0002702,CUST00747,2024-12-10,Processing,Credit Card,0.05,13.73
ORD0002703,CUST00824,2024-11-09,Delivered,PayPal,0.15,9.82
ORD0002704,CUST00016,2024-12-15,Delivered,Credit Card,0.2,14.0
ORD0002705,CUST00214,2024-05-22,Delivered,Credit Card,0.0,10.08
ORD0002706,CUST01294,2024-12-27,Delivered,Credit Card,0.05,14.06
ORD0002707,CUST01364,2024-10-21,Cancelled,PayPal,0.15,12.84
ORD0002708,CUST00252,2023-11-11,Returned,Wallet,0.0,2.59
ORD0002709,CUST01863,2024-10-22,Delivered,Credit Card,0.0,9.66
ORD0002710,CUST00113,2024-07-05,Delivered,Net Banking,0.15,12.13
ORD0002711,CUST00305,2023-06-22,Delivered,UPI,0.1,4.78
ORD0002712,CUST00870,2023-03-31,Delivered,Debit Card,0.1,1.48
ORD0002713,CUST00881,2022-11-21,Delivered,PayPal,0.05,1.55
ORD0002714,CUST01315,2023-08-03,Delivered,Debit Card,0.1,9.49
ORD0002715,CUST01097,2024-08-05,Delivered,PayPal,0.1,6.79
ORD0002716,CUST01640,2024-12-23,Delivered,PayPal,0.2,1.6
ORD0002717,CUST01716,2024-11-24,Delivered,Debit Card,0.0,5.57
ORD0002718,CUST00979,2023-02-09,Delivered,PayPal,0.05,2.34
ORD0002719,CUST00038,2023-11-27,Cancelled,PayPal,0.0,9.32
ORD0002720,CUST00735,2023-04-04,Delivered,Wallet,0.0,14.07
ORD0002721,CUST01888,2024-10-03,Delivered,PayPal,0.0,6.7
ORD0002722,CUST00102,2024-01-12,Cancelled,Net Banking,0.1,9.08
ORD0002723,CUST00073,2024-12-25,Delivered,Wallet,0.15,12.44
ORD0002724,CUST01092,2024-11-20,Delivered,Debit Card,0.05,1.34
ORD0002725,CUST01919,2024-08-30,Delivered,Net Banking,0.0,2.23
ORD0002726,CUST00800,2024-11-06,Delivered,Wallet,0.0,10.63
ORD0002727,CUST00253,2024-09-12,Delivered,Credit Card,0.05,14.37
ORD0002728,CUST01621,2024-04-09,Delivered,Debit Card,0.1,2.16
ORD0002729,CUST01433,2024-04-28,Returned,Credit Card,0.0,10.14
ORD0002730,CUST01248,2023-07-18,Delivered,Debit Card,0.05,13.45
ORD0002731,CUST00933,2022-12-28,Delivered,Debit Card,0.05,5.14
ORD0002732,CUST01013,2024-04-09,Delivered,Debit Card,0.1,7.33
ORD0002733,CUST01067,2022-11-04,Delivered,Credit Card,0.1,1.91
ORD0002734,CUST00213,2023-08-30,Delivered,Debit Card,0.05,9.83
ORD0002735,CUST00673,2024-10-06,Delivered,Credit Card,0.1,2.67
ORD0002736,CUST01956,2024-03-31,Returned,Wallet,0.1,10.98
ORD0002737,CUST01686,2024-07-17,Delivered,Credit Card,0.15,8.37
ORD0002738,CUST00425,2024-07-31,Returned,UPI,0.0,0.18
ORD0002739,CUST00421,2024-10-10,Delivered,Credit Card,0.0,6.36
ORD0002740,CUST01659,2024-11-26,Delivered,Credit Card,0.0,9.37
ORD0002741,CUST00618,2024-08-12,Delivered,Debit Card,0.05,8.1
ORD0002742,CUST01819,2024-06-26,Returned,Credit Card,0.05,3.35
ORD0002743,CUST01178,2024-12-07,Delivered,PayPal,0.0,4.7
ORD0002744,CUST00032,2023-09-19,Cancelled,PayPal,0.15,9.75
ORD0002745,CUST01482,2023-03-17,Delivered,Credit Card,0.1,10.02
ORD0002746,CUST01494,2024-12-13,Delivered,Net Banking,0.05,11.46
ORD0002747,CUST00658,2023-06-13,Delivered,Credit Card,0.0,5.72
ORD0002748,CUST01568,2024-11-28,Delivered,Credit Card,0.0,10.78
ORD0002749,CUST00053,2024-10-29,Delivered,Debit Card,0.1,3.83
ORD0002750,CUST01276,2024-09-12,Processing,Debit Card,0.0,7.28
ORD0002751,CUST01661,2024-11-30,Delivered,Credit Card,0.15,4.3
ORD0002752,CUST01697,2024-03-04,Delivered,Debit Card,0.1,4.48
ORD0002753,CUST01801,2024-07-19,Delivered,PayPal,0.05,12.52
ORD0002754,CUST01653,2024-09-17,Delivered,Credit Card,0.0,12.22
ORD0002755,CUST00203,2024-12-05,Delivered,UPI,0.1,8.09
ORD0002756,CUST01524,2024-12-15,Delivered,Wallet,0.1,6.71
ORD0002757,CUST01987,2024-10-04,Delivered,Wallet,0.15,5.42
ORD0002758,CUST00860,2024-08-25,Returned,Net Banking,0.0,11.81
ORD0002759,CUST01637,2024-01-26,Delivered,Debit Card,0.05,0.53
ORD0002760,CUST01291,2024-10-23,Delivered,PayPal,0.0,11.75
ORD0002761,CUST00634,2024-12-10,Delivered,Credit Card,0.2,0.6
ORD0002762,CUST01461,2024-05-06,Delivered,Net Banking,0.0,6.93
ORD0002763,CUST00719,2023-11-04,Delivered,Net Banking,0.0,8.71
ORD0002764,CUST00871,2024-06-26,Delivered,Credit Card,0.05,14.49
ORD0002765,CUST01039,2023-02-14,Delivered,UPI,0.15,5.29
ORD0002766,CUST00754,2024-07-08,Delivered,Debit Card,0.0,1.63
ORD0002767,CUST01945,2024-09-14,Returned,Wallet,0.2,5.81
ORD0002768,CUST01415,2023-07-20,Delivered,Debit Card,0.0,1.82
ORD0002769,CUST00630,2024-10-28,Delivered,PayPal,0.05,4.17
ORD0002770,CUST01849,2022-12-02,Delivered,Wallet,0.0,8.13
ORD0002771,CUST01754,2024-05-27,Returned,PayPal,0.05,14.13
ORD0002772,CUST01600,2024-09-10,Delivered,Net Banking,0.0,1.38
ORD0002773,CUST00788,2024-05-01,Returned,PayPal,0.15,13.46
ORD0002774,CUST01320,2024-05-04,Delivered,Net Banking,0.1,7.41
ORD0002775,CUST00980,2024-06-11,Delivered,UPI,0.1,6.27
ORD0002776,CUST01895,2023-12-12,Delivered,Debit Card,0.0,4.11
ORD0002777,CUST00205,2024-10-04,Delivered,Net Banking,0.05,8.57
ORD0002778,CUST00886,2024-09-21,Delivered,Credit Card,0.05,10.38
ORD0002779,CUST00389,2023-12-04,Delivered,Debit Card,0.1,5.14
ORD0002780,CUST01771,2024-12-22,Returned,Net Banking,0.1,11.9
ORD0002781,CUST00054,2024-06-13,Delivered,Wallet,0.1,11.79
ORD0002782,CUST00978,2024-03-09,Cancelled,PayPal,0.2,0.51
ORD0002783,CUST00738,2024-06-27,Processing,PayPal,0.0,0.54
ORD0002784,CUST00798,2023-09-23,Delivered,PayPal,0.15,14.01
ORD0002785,CUST00800,2024-09-08,Delivered,Wallet,0.1,4.07
ORD0002786,CUST01158,2024-11-18,Processing,Wallet,0.1,6.74
ORD0002787,CUST00973,2024-05-21,Delivered,Net Banking,0.1,7.47
ORD0002788,CUST00840,2024-09-04,Returned,Wallet,0.05,2.81
ORD0002789,CUST01314,2024-11-25,Processing,PayPal,0.1,2.95
ORD0002790,CUST01236,2024-06-29,Returned,Debit Card,0.05,7.17
ORD0002791,CUST00590,2024-05-07,Processing,UPI,0.05,2.9
ORD0002792,CUST01645,2023-08-25,Delivered,Credit Card,0.0,1.49
ORD0002793,CUST01086,2024-10-27,Delivered,Debit Card,0.05,0.8
ORD0002794,CUST00442,2024-07-03,Returned,Wallet,0.0,8.69
ORD0002795,CUST00475,2024-11-01,Returned,Wallet,0.05,2.63
ORD0002796,CUST01378,2024-08-30,Delivered,Net Banking,0.15,1.77
ORD0002797,CUST01846,2023-06-22,Delivered,Credit Card,0.0,8.14
ORD0002798,CUST01209,2024-05-30,Delivered,Debit Card,0.0,0.41
ORD0002799,CUST01667,2022-09-22,Processing,UPI,0.05,14.76
ORD0002800,CUST01176,2023-04-23,Returned,Debit Card,0.05,10.82
ORD0002801,CUST01086,2024-12-08,Delivered,Wallet,0.0,7.19
ORD0002802,CUST00110,2023-11-09,Delivered,Debit Card,0.2,13.11
ORD0002803,CUST00419,2024-11-05,Delivered,Credit Card,0.0,14.23
ORD0002804,CUST00870,2024-01-14,Delivered,Wallet,0.0,9.51
ORD0002805,CUST00809,2024-06-18,Delivered,UPI,0.1,8.84
ORD0002806,CUST01167,2023-10-19,Returned,Debit Card,0.0,12.83
ORD0002807,CUST00171,2024-06-11,Delivered,Wallet,0.05,13.08
ORD0002808,CUST01524,2024-10-02,Delivered,Net Banking,0.0,0.75
ORD0002809,CUST00159,2024-07-04,Cancelled,Credit Card,0.05,8.5
ORD0002810,CUST01612,2024-05-22,Delivered,Debit Card,0.2,6.33
ORD0002811,CUST00455,2024-05-23,Delivered,Debit Card,0.0,5.55
ORD0002812,CUST00908,2024-08-08,Processing,Debit Card,0.0,7.16
ORD0002813,CUST00391,2024-08-04,Cancelled,UPI,0.05,14.27
ORD0002814,CUST00929,2023-03-31,Delivered,Wallet,0.05,9.88
ORD0002815,CUST01353,2023-04-02,Delivered,Credit Card,0.05,12.41
ORD0002816,CUST00553,2024-11-10,Delivered,UPI,0.05,0.8
ORD0002817,CUST01698,2024-08-22,Delivered,Wallet,0.1,12.8
ORD0002818,CUST01933,2024-07-29,Delivered,Wallet,0.15,6.1
ORD0002819,CUST01632,2024-07-24,Processing,UPI,0.05,0.75
ORD0002820,CUST00771,2023-10-10,Delivered,PayPal,0.0,2.54
ORD0002821,CUST00793,2024-11-27,Returned,Wallet,0.1,7.5
ORD0002822,CUST01022,2024-12-15,Delivered,PayPal,0.1,8.43
ORD0002823,CUST01940,2023-04-27,Delivered,PayPal,0.1,5.31
ORD0002824,CUST01512,2024-09-21,Delivered,Credit Card,0.2,3.94
ORD0002825,CUST01569,2024-08-31,Delivered,Wallet,0.05,0.28
ORD0002826,CUST01678,2024-03-10,Delivered,Wallet,0.1,6.23
ORD0002827,CUST00089,2024-09-02,Delivered,Wallet,0.0,8.45
ORD0002828,CUST01999,2024-06-12,Delivered,Wallet,0.0,0.16
ORD0002829,CUST00738,2024-12-05,Delivered,Debit Card,0.1,8.94
ORD0002830,CUST01400,2024-07-02,Delivered,UPI,0.0,11.75
ORD0002831,CUST00886,2024-04-14,Delivered,UPI,0.1,5.22
ORD0002832,CUST00743,2023-11-20,Delivered,UPI,0.05,13.81
ORD0002833,CUST00269,2024-07-27,Delivered,Debit Card,0.1,8.3
ORD0002834,CUST00421,2022-10-12,Processing,Debit Card,0.05,1.66
ORD0002835,CUST01275,2024-10-31,Delivered,UPI,0.0,13.67
ORD0002836,CUST01389,2024-11-10,Delivered,Credit Card,0.1,5.18
ORD0002837,CUST01211,2024-11-08,Returned,Net Banking,0.2,0.44
ORD0002838,CUST01547,2024-02-11,Returned,Debit Card,0.0,6.22
ORD0002839,CUST01688,2022-11-08,Returned,Wallet,0.1,2.53
ORD0002840,CUST00938,2023-01-04,Delivered,PayPal,0.0,9.29
ORD0002841,CUST01445,2024-06-11,Delivered,PayPal,0.05,8.13
ORD0002842,CUST01753,2022-07-22,Delivered,UPI,0.0,7.7
ORD0002843,CUST01268,2023-05-10,Delivered,PayPal,0.15,0.69
ORD0002844,CUST00038,2024-08-30,Delivered,Debit Card,0.15,12.34
ORD0002845,CUST00105,2024-05-14,Delivered,PayPal,0.0,7.73
ORD0002846,CUST01714,2024-03-20,Delivered,Wallet,0.05,12.79
ORD0002847,CUST01766,2023-09-25,Delivered,Credit Card,0.05,4.27
ORD0002848,CUST00119,2024-06-10,Delivered,Wallet,0.0,7.95
ORD0002849,CUST00539,2024-02-08,Delivered,Wallet,0.0,14.16
ORD0002850,CUST01834,2024-03-29,Delivered,UPI,0.2,4.93
ORD0002851,CUST00580,2022-10-28,Delivered,Debit Card,0.0,7.66
ORD0002852,CUST00645,2023-11-19,Delivered,Debit Card,0.0,14.43
ORD0002853,CUST01840,2023-12-05,Delivered,PayPal,0.0,7.02
ORD0002854,CUST01045,2024-02-20,Delivered,PayPal,0.2,0.2
ORD0002855,CUST01529,2023-05-16,Returned,Credit Card,0.05,7.69
ORD0002856,CUST00209,2023-12-16,Delivered,Credit Card,0.1,7.39
ORD0002857,CUST00679,2024-07-06,Delivered,Debit Card,0.15,3.24
ORD0002858,CUST01830,2024-11-24,Delivered,UPI,0.0,12.56
ORD0002859,CUST01382,2024-05-18,Delivered,Credit Card,0.0,5.63
ORD0002860,CUST00843,2023-12-25,Delivered,Credit Card,0.0,3.05
ORD0002861,CUST00178,2024-11-08,Delivered,Credit Card,0.05,8.51
ORD0002862,CUST00717,2024-02-11,Delivered,Wallet,0.0,14.53
ORD0002863,CUST01558,2024-08-19,Delivered,Net Banking,0.1,4.79
ORD0002864,CUST01437,2023-08-31,Returned,Credit Card,0.15,8.01
ORD0002865,CUST00492,2024-07-16,Delivered,Credit Card,0.0,4.22
ORD0002866,CUST00213,2024-11-06,Delivered,Debit Card,0.0,4.87
ORD0002867,CUST00012,2023-03-14,Delivered,Net Banking,0.0,13.75
ORD0002868,CUST00088,2023-05-20,Delivered,Net Banking,0.05,9.09
ORD0002869,CUST01727,2024-11-15,Delivered,Debit Card,0.2,3.02
ORD0002870,CUST00348,2023-05-25,Delivered,Wallet,0.0,7.0
ORD0002871,CUST00214,2024-03-04,Delivered,Wallet,0.1,12.44
ORD0002872,CUST01914,2024-03-05,Delivered,UPI,0.1,8.17
ORD0002873,CUST01749,2024-07-14,Delivered,Debit Card,0.05,7.3
ORD0002874,CUST00352,2024-12-11,Delivered,Net Banking,0.0,13.93
ORD0002875,CUST00322,2024-05-20,Delivered,UPI,0.05,14.9
ORD0002876,CUST00128,2024-11-06,Delivered,Credit Card,0.05,9.27
ORD0002877,CUST01934,2024-09-25,Cancelled,Debit Card,0.05,3.82
ORD0002878,CUST00205,2023-05-24,Delivered,Wallet,0.2,0.44
ORD0002879,CUST00976,2024-12-19,Delivered,Credit Card,0.0,7.97
ORD0002880,CUST01446,2024-05-29,Delivered,Wallet,0.0,13.15
ORD0002881,CUST00684,2024-09-27,Processing,Wallet,0.05,1.48
ORD0002882,CUST01677,2024-04-25,Processing,UPI,0.0,10.03
ORD0002883,CUST00985,2023-09-03,Processing,Debit Card,0.0,12.53
ORD0002884,CUST01480,2024-04-16,Delivered,UPI,0.15,6.13
ORD0002885,CUST01690,2023-11-10,Cancelled,PayPal,0.05,10.72
ORD0002886,CUST00920,2024-02-26,Delivered,Credit Card,0.0,9.0
ORD0002887,CUST01293,2023-09-11,Delivered,PayPal,0.0,2.25
ORD0002888,CUST00931,2024-09-12,Delivered,Credit Card,0.05,14.91
ORD0002889,CUST01262,2023-06-26,Delivered,Credit Card,0.1,4.72
ORD0002890,CUST01141,2024-07-22,Delivered,Debit Card,0.05,9.24
ORD0002891,CUST01325,2024-10-31,Delivered,Wallet,0.05,6.32
ORD0002892,CUST00739,2024-02-18,Delivered,Net Banking,0.0,0.78
ORD0002893,CUST00986,2023-06-05,Delivered,UPI,0.0,0.47
ORD0002894,CUST01200,2024-01-10,Delivered,Credit Card,0.05,8.5
ORD0002895,CUST00633,2023-12-23,Cancelled,Debit Card,0.15,0.58
ORD0002896,CUST01750,2023-11-24,Delivered,UPI,0.1,10.91
ORD0002897,CUST01038,2024-10-10,Delivered,Credit Card,0.1,7.49
ORD0002898,CUST00122,2024-08-30,Delivered,Credit Card,0.1,12.97
ORD0002899,CUST00069,2023-10-05,Delivered,UPI,0.0,14.91
ORD0002900,CUST01880,2024-10-23,Delivered,Credit Card,0.15,12.71
ORD0002901,CUST00766,2024-12-10,Delivered,Wallet,0.0,12.58
ORD0002902,CUST01891,2023-05-23,Delivered,Credit Card,0.1,3.9
ORD0002903,CUST00336,2024-12-27,Processing,Debit Card,0.1,11.44
ORD0002904,CUST01892,2024-12-06,Delivered,Wallet,0.0,3.69
ORD0002905,CUST01439,2023-10-28,Delivered,UPI,0.05,14.23
ORD0002906,CUST01474,2024-05-18,Cancelled,Wallet,0.05,12.08
ORD0002907,CUST01153,2024-03-04,Delivered,Wallet,0.05,13.05
ORD0002908,CUST01145,2024-01-01,Delivered,Net Banking,0.0,2.48
ORD0002909,CUST00249,2022-07-21,Delivered,Net Banking,0.05,5.23
ORD0002910,CUST01213,2024-10-15,Delivered,UPI,0.05,8.46
ORD0002911,CUST00542,2024-12-09,Processing,PayPal,0.15,14.42
ORD0002912,CUST00564,2023-07-20,Delivered,Credit Card,0.05,7.71
ORD0002913,CUST01926,2023-11-09,Delivered,PayPal,0.05,3.58
ORD0002914,CUST01072,2023-09-04,Delivered,Credit Card,0.0,2.74
ORD0002915,CUST01991,2024-11-06,Delivered,UPI,0.0,14.62
ORD0002916,CUST00999,2024-01-11,Delivered,Credit Card,0.0,9.33
ORD0002917,CUST00368,2023-11-13,Delivered,Debit Card,0.15,1.95
ORD0002918,CUST01962,2024-10-28,Delivered,PayPal,0.05,11.08
ORD0002919,CUST01621,2024-11-16,Returned,Net Banking,0.0,13.87
ORD0002920,CUST01207,2024-11-09,Delivered,UPI,0.1,8.49
ORD0002921,CUST00742,2023-08-28,Delivered,Net Banking,0.15,8.18
ORD0002922,CUST00927,2024-11-17,Cancelled,Debit Card,0.0,6.0
ORD0002923,CUST00859,2023-11-10,Delivered,Net Banking,0.05,4.7
ORD0002924,CUST01962,2024-02-11,Delivered,Debit Card,0.0,2.9
ORD0002925,CUST01927,2023-06-26,Delivered,Wallet,0.1,4.48
ORD0002926,CUST01535,2024-09-01,Returned,Wallet,0.0,0.76
ORD0002927,CUST01610,2023-10-03,Delivered,PayPal,0.05,9.94
ORD0002928,CUST00248,2024-12-15,Delivered,Net Banking,0.0,13.46
ORD0002929,CUST00196,2022-09-02,Delivered,UPI,0.0,12.52
ORD0002930,CUST01496,2024-10-23,Delivered,Wallet,0.15,2.52
ORD0002931,CUST00975,2024-09-12,Delivered,PayPal,0.0,2.45
ORD0002932,CUST01008,2024-09-04,Returned,PayPal,0.0,6.69
ORD0002933,CUST01764,2023-07-08,Delivered,Credit Card,0.05,8.91
ORD0002934,CUST00361,2024-11-26,Delivered,PayPal,0.0,0.1
ORD0002935,CUST01729,2024-12-07,Delivered,Wallet,0.15,9.54
ORD0002936,CUST01381,2024-02-10,Cancelled,Credit Card,0.0,9.69
ORD0002937,CUST00184,2024-12-05,Delivered,Credit Card,0.05,7.15
ORD0002938,CUST00880,2022-10-23,Delivered,Wallet,0.1,6.89
ORD0002939,CUST01475,2023-10-08,Delivered,PayPal,0.0,14.92
ORD0002940,CUST00776,2024-11-02,Delivered,Wallet,0.05,12.69
ORD0002941,CUST01317,2024-12-07,Delivered,Credit Card,0.0,5.06
ORD0002942,CUST00500,2023-05-16,Delivered,UPI,0.0,11.41
ORD0002943,CUST01304,2024-07-05,Returned,UPI,0.1,14.26
ORD0002944,CUST01713,2022-06-24,Delivered,PayPal,0.1,2.47
ORD0002945,CUST00306,2024-12-10,Delivered,Wallet,0.15,5.67
ORD0002946,CUST00229,2023-09-17,Delivered,Net Banking,0.0,0.82
ORD0002947,CUST00121,2023-11-20,Delivered,Net Banking,0.05,9.6
ORD0002948,CUST01218,2024-09-23,Processing,Credit Card,0.05,8.52
ORD0002949,CUST01262,2024-02-12,Returned,Debit Card,0.15,9.08
ORD0002950,CUST00927,2024-09-18,Delivered,Debit Card,0.15,3.84
ORD0002951,CUST00826,2024-12-26,Delivered,Wallet,0.0,6.46
ORD0002952,CUST00384,2024-12-11,Delivered,Credit Card,0.15,8.55
ORD0002953,CUST01210,2024-11-25,Delivered,Debit Card,0.1,12.78
ORD0002954,CUST01711,2024-01-06,Delivered,Net Banking,0.1,14.51
ORD0002955,CUST01857,2024-11-15,Delivered,UPI,0.0,4.63
ORD0002956,CUST00861,2024-01-01,Delivered,Wallet,0.0,2.52
ORD0002957,CUST00961,2024-08-29,Delivered,Wallet,0.0,12.45
ORD0002958,CUST01490,2024-08-31,Delivered,Net Banking,0.0,12.05
ORD0002959,CUST00099,2024-02-06,Delivered,Net Banking,0.0,3.93
ORD0002960,CUST01263,2024-01-25,Cancelled,Net Banking,0.05,13.3
ORD0002961,CUST01312,2024-05-24,Returned,PayPal,0.05,4.62
ORD0002962,CUST00197,2022-12-04,Delivered,Debit Card,0.05,12.53
ORD0002963,CUST01820,2024-10-01,Delivered,PayPal,0.2,11.11
ORD0002964,CUST01277,2024-10-18,Delivered,Net Banking,0.1,14.62
ORD0002965,CUST00584,2024-02-03,Delivered,Credit Card,0.0,5.48
ORD0002966,CUST01144,2024-07-30,Delivered,Wallet,0.1,4.65
ORD0002967,CUST00541,2023-11-12,Delivered,PayPal,0.05,12.96
ORD0002968,CUST01764,2023-12-16,Delivered,Net Banking,0.0,12.53
ORD0002969,CUST01037,2023-02-08,Delivered,PayPal,0.1,11.12
ORD0002970,CUST01103,2024-05-20,Delivered,Credit Card,0.05,1.76
ORD0002971,CUST00831,2024-11-24,Delivered,PayPal,0.0,13.05
ORD0002972,CUST00755,2024-10-05,Delivered,UPI,0.15,5.42
ORD0002973,CUST00948,2024-09-01,Cancelled,Debit Card,0.1,10.22
ORD0002974,CUST01513,2023-07-30,Delivered,UPI,0.1,11.87
ORD0002975,CUST00766,2024-03-20,Delivered,Wallet,0.1,4.89
ORD0002976,CUST01830,2024-08-08,Returned,PayPal,0.0,0.63
ORD0002977,CUST00903,2023-04-29,Delivered,Wallet,0.15,6.78
ORD0002978,CUST00040,2024-12-14,Delivered,Debit Card,0.0,12.4
ORD0002979,CUST01920,2022-10-21,Processing,PayPal,0.2,12.74
ORD0002980,CUST01742,2022-11-16,Delivered,Credit Card,0.05,14.82
ORD0002981,CUST01699,2024-12-03,Returned,UPI,0.15,7.15
ORD0002982,CUST01044,2024-04-26,Delivered,Debit Card,0.05,14.81
ORD0002983,CUST01915,2024-10-20,Delivered,Debit Card,0.2,10.57
ORD0002984,CUST01409,2023-12-23,Returned,UPI,0.1,11.88
ORD0002985,CUST00234,2023-06-11,Delivered,Debit Card,0.15,14.09
ORD0002986,CUST01608,2023-08-16,Delivered,Wallet,0.1,4.03
ORD0002987,CUST00091,2024-09-25,Delivered,Wallet,0.05,3.04
ORD0002988,CUST01348,2024-12-26,Delivered,Net Banking,0.1,2.11
ORD0002989,CUST01497,2024-07-31,Delivered,UPI,0.1,7.6
ORD0002990,CUST00738,2024-07-03,Delivered,Wallet,0.1,11.33
ORD0002991,CUST00439,2024-11-11,Delivered,Net Banking,0.05,8.74
ORD0002992,CUST01076,2023-02-20,Delivered,UPI,0.15,1.49
ORD0002993,CUST00501,2024-05-06,Delivered,PayPal,0.05,14.72
ORD0002994,CUST01643,2024-02-05,Delivered,Debit Card,0.0,2.61
ORD0002995,CUST01401,2024-10-30,Delivered,Net Banking,0.0,13.38
ORD0002996,CUST00675,2024-09-10,Delivered,Debit Card,0.1,1.76
ORD0002997,CUST01661,2024-11-10,Returned,UPI,0.05,2.49
ORD0002998,CUST00252,2022-09-30,Processing,Wallet,0.0,6.61
ORD0002999,CUST00269,2024-07-25,Delivered,UPI,0.0,7.92
ORD0003000,CUST01780,2024-02-25,Delivered,Net Banking,0.0,8.27
ORD0003001,CUST00239,2024-12-05,Delivered,Debit Card,0.15,13.15
ORD0003002,CUST00020,2024-09-01,Delivered,Credit Card,0.0,0.28
ORD0003003,CUST00320,2024-03-24,Delivered,Debit Card,0.0,9.94
ORD0003004,CUST00795,2024-12-17,Delivered,Debit Card,0.15,12.24
ORD0003005,CUST00293,2024-04-17,Delivered,PayPal,0.05,5.47
ORD0003006,CUST01507,2024-12-13,Cancelled,PayPal,0.1,3.43
ORD0003007,CUST00640,2023-11-03,Delivered,Debit Card,0.0,0.53
ORD0003008,CUST00811,2024-04-16,Delivered,Net Banking,0.15,12.52
ORD0003009,CUST01307,2024-05-18,Delivered,UPI,0.05,6.22
ORD0003010,CUST00456,2023-12-28,Delivered,PayPal,0.2,7.21
ORD0003011,CUST00656,2024-06-01,Delivered,Net Banking,0.0,4.48
ORD0003012,CUST00739,2022-08-12,Delivered,Net Banking,0.0,3.62
ORD0003013,CUST00012,2024-11-29,Returned,PayPal,0.0,11.53
ORD0003014,CUST00201,2024-10-15,Delivered,Net Banking,0.05,0.32
ORD0003015,CUST00769,2023-09-10,Delivered,Net Banking,0.05,0.1
ORD0003016,CUST00246,2024-12-06,Cancelled,UPI,0.0,7.1
ORD0003017,CUST00822,2023-09-01,Cancelled,Wallet,0.05,2.18
ORD0003018,CUST01381,2024-06-14,Delivered,Wallet,0.05,13.06
ORD0003019,CUST01820,2022-10-09,Delivered,Net Banking,0.2,14.69
ORD0003020,CUST00786,2024-11-01,Delivered,UPI,0.0,5.65
ORD0003021,CUST01609,2024-08-16,Delivered,Wallet,0.1,7.04
ORD0003022,CUST00447,2024-11-04,Returned,PayPal,0.0,5.33
ORD0003023,CUST01995,2023-12-11,Delivered,Debit Card,0.15,12.17
ORD0003024,CUST00078,2024-12-15,Returned,Net Banking,0.0,14.11
ORD0003025,CUST00239,2024-11-13,Delivered,UPI,0.1,0.62
ORD0003026,CUST00122,2024-10-30,Delivered,PayPal,0.0,2.55
ORD0003027,CUST00386,2023-11-15,Delivered,Debit Card,0.05,14.91
ORD0003028,CUST01008,2024-10-19,Delivered,UPI,0.0,3.71
ORD0003029,CUST01257,2023-05-24,Delivered,Wallet,0.1,6.09
ORD0003030,CUST01642,2024-10-28,Delivered,PayPal,0.1,6.51
ORD0003031,CUST00584,2024-06-30,Delivered,UPI,0.05,5.64
ORD0003032,CUST01842,2024-06-08,Delivered,Credit Card,0.15,11.17
ORD0003033,CUST01627,2024-09-11,Processing,Debit Card,0.05,5.34
ORD0003034,CUST00706,2024-05-27,Delivered,Debit Card,0.0,7.93
ORD0003035,CUST00691,2024-12-03,Delivered,Credit Card,0.1,12.92
ORD0003036,CUST01086,2024-11-09,Returned,Credit Card,0.1,12.75
ORD0003037,CUST01002,2023-05-08,Cancelled,Net Banking,0.1,3.37
ORD0003038,CUST00593,2023-04-18,Delivered,UPI,0.05,6.96
ORD0003039,CUST01505,2022-09-22,Delivered,Credit Card,0.1,8.68
ORD0003040,CUST00601,2024-11-02,Delivered,PayPal,0.15,0.37
ORD0003041,CUST00932,2024-11-04,Delivered,Wallet,0.0,4.58
ORD0003042,CUST00847,2024-08-13,Delivered,UPI,0.0,9.37
ORD0003043,CUST01467,2024-05-12,Delivered,Debit Card,0.2,7.34
ORD0003044,CUST01366,2023-02-03,Delivered,PayPal,0.05,10.25
ORD0003045,CUST00308,2024-10-02,Delivered,Credit Card,0.1,9.61
ORD0003046,CUST01623,2022-10-16,Delivered,Debit Card,0.0,6.42
ORD0003047,CUST00948,2024-08-04,Delivered,Credit Card,0.0,7.88
ORD0003048,CUST00386,2024-04-03,Returned,Credit Card,0.05,12.07
ORD0003049,CUST00945,2024-08-24,Cancelled,UPI,0.0,3.07
ORD0003050,CUST00248,2024-07-29,Returned,PayPal,0.0,11.9
ORD0003051,CUST01336,2024-01-20,Delivered,PayPal,0.05,8.89
ORD0003052,CUST01118,2024-12-23,Cancelled,Net Banking,0.0,2.92
ORD0003053,CUST00971,2024-07-28,Delivered,Credit Card,0.15,7.79
ORD0003054,CUST01080,2024-08-23,Delivered,Debit Card,0.0,3.93
ORD0003055,CUST00446,2024-07-09,Returned,Net Banking,0.0,2.93
ORD0003056,CUST00925,2024-08-21,Delivered,Debit Card,0.05,7.8
ORD0003057,CUST01341,2022-07-12,Delivered,PayPal,0.05,8.71
ORD0003058,CUST01798,2024-01-03,Cancelled,Debit Card,0.05,13.32
ORD0003059,CUST00212,2024-10-28,Delivered,Debit Card,0.0,9.89
ORD0003060,CUST00511,2023-07-10,Cancelled,UPI,0.0,7.3
ORD0003061,CUST00149,2024-09-11,Delivered,Credit Card,0.05,2.32
ORD0003062,CUST01871,2024-02-20,Delivered,PayPal,0.0,10.42
ORD0003063,CUST00985,2024-10-13,Delivered,Wallet,0.05,3.65
ORD0003064,CUST00458,2023-10-15,Delivered,Debit Card,0.15,11.81
ORD0003065,CUST01172,2023-12-19,Delivered,UPI,0.0,8.85
ORD0003066,CUST01668,2024-06-15,Delivered,Credit Card,0.15,5.11
ORD0003067,CUST00061,2023-02-15,Delivered,UPI,0.0,0.56
ORD0003068,CUST01150,2022-02-26,Delivered,Debit Card,0.05,0.56
ORD0003069,CUST00915,2023-09-10,Delivered,Debit Card,0.05,12.24
ORD0003070,CUST01898,2023-08-12,Returned,UPI,0.0,6.89
ORD0003071,CUST01312,2023-08-21,Delivered,Net Banking,0.05,12.9
ORD0003072,CUST00598,2022-10-23,Delivered,PayPal,0.05,9.67
ORD0003073,CUST00725,2024-07-06,Delivered,Wallet,0.05,7.44
ORD0003074,CUST01976,2024-12-13,Delivered,Net Banking,0.05,14.59
ORD0003075,CUST00390,2024-12-26,Delivered,Credit Card,0.2,4.23
ORD0003076,CUST00374,2023-10-09,Returned,Wallet,0.0,0.93
ORD0003077,CUST00355,2024-01-12,Returned,Net Banking,0.05,13.69
ORD0003078,CUST00598,2022-07-03,Delivered,Wallet,0.1,14.35
ORD0003079,CUST00185,2024-12-19,Delivered,Net Banking,0.05,14.07
ORD0003080,CUST00032,2024-02-24,Delivered,Net Banking,0.15,12.38
ORD0003081,CUST01280,2023-10-09,Delivered,Net Banking,0.0,4.56
ORD0003082,CUST01205,2024-10-30,Delivered,Credit Card,0.15,13.31
ORD0003083,CUST00973,2024-01-06,Delivered,Debit Card,0.0,8.33
ORD0003084,CUST01469,2023-10-14,Delivered,Credit Card,0.05,11.68
ORD0003085,CUST00163,2024-12-14,Delivered,Wallet,0.0,2.47
ORD0003086,CUST01231,2024-10-11,Delivered,Credit Card,0.0,4.4
ORD0003087,CUST01998,2024-12-24,Delivered,PayPal,0.0,3.94
ORD0003088,CUST00044,2024-09-22,Delivered,Net Banking,0.15,2.36
ORD0003089,CUST01120,2023-10-15,Delivered,Net Banking,0.1,8.34
ORD0003090,CUST00396,2023-10-23,Processing,Net Banking,0.15,6.67
ORD0003091,CUST00248,2024-11-16,Returned,Net Banking,0.15,0.85
ORD0003092,CUST01231,2024-05-31,Delivered,Credit Card,0.15,10.3
ORD0003093,CUST01741,2024-07-08,Delivered,Net Banking,0.1,9.16
ORD0003094,CUST00380,2024-10-05,Delivered,Net Banking,0.1,7.28
ORD0003095,CUST00906,2022-10-17,Delivered,Credit Card,0.0,4.27
ORD0003096,CUST00990,2024-08-04,Processing,Net Banking,0.05,9.85
ORD0003097,CUST00785,2024-08-05,Delivered,UPI,0.0,7.07
ORD0003098,CUST00243,2022-09-06,Delivered,PayPal,0.05,3.96
ORD0003099,CUST01444,2024-08-26,Cancelled,Wallet,0.0,7.92
ORD0003100,CUST01171,2024-09-18,Processing,UPI,0.0,5.8
ORD0003101,CUST00874,2024-04-19,Delivered,Net Banking,0.05,13.07
ORD0003102,CUST01157,2024-10-28,Processing,Net Banking,0.0,10.39
ORD0003103,CUST00585,2024-04-07,Delivered,PayPal,0.0,3.91
ORD0003104,CUST00928,2022-09-22,Delivered,Wallet,0.0,2.26
ORD0003105,CUST00518,2024-07-21,Returned,UPI,0.0,4.16
ORD0003106,CUST01787,2024-05-03,Delivered,PayPal,0.0,5.73
ORD0003107,CUST00345,2024-06-16,Cancelled,PayPal,0.0,6.21
ORD0003108,CUST00001,2024-12-20,Delivered,Net Banking,0.0,9.81
ORD0003109,CUST01716,2024-12-16,Cancelled,UPI,0.2,10.37
ORD0003110,CUST00189,2024-12-17,Processing,Credit Card,0.1,7.78
ORD0003111,CUST01505,2024-11-23,Delivered,Debit Card,0.05,11.93
ORD0003112,CUST01922,2022-11-22,Delivered,Debit Card,0.1,4.55
ORD0003113,CUST00825,2024-01-24,Delivered,Net Banking,0.1,7.3
ORD0003114,CUST00808,2023-12-05,Delivered,Debit Card,0.2,12.26
ORD0003115,CUST01336,2023-12-26,Returned,Net Banking,0.1,9.24
ORD0003116,CUST00728,2023-08-27,Returned,PayPal,0.0,9.49
ORD0003117,CUST00858,2022-11-12,Delivered,Debit Card,0.0,13.15
ORD0003118,CUST01651,2024-04-02,Delivered,Credit Card,0.0,13.92
ORD0003119,CUST00947,2024-12-20,Delivered,Credit Card,0.2,9.77
ORD0003120,CUST01522,2024-12-10,Delivered,Debit Card,0.0,12.43
ORD0003121,CUST01130,2023-09-10,Delivered,UPI,0.0,14.45
ORD0003122,CUST01723,2024-06-28,Delivered,Credit Card,0.05,0.21
ORD0003123,CUST01304,2024-11-04,Cancelled,Debit Card,0.2,10.03
ORD0003124,CUST01300,2024-05-27,Delivered,PayPal,0.15,4.22
ORD0003125,CUST00932,2024-09-17,Delivered,Wallet,0.0,0.78
ORD0003126,CUST00696,2024-11-26,Delivered,Wallet,0.0,10.73
ORD0003127,CUST00174,2024-07-24,Returned,PayPal,0.2,14.53
ORD0003128,CUST01587,2023-11-21,Delivered,Credit Card,0.0,7.54
ORD0003129,CUST01553,2024-03-03,Delivered,PayPal,0.0,6.27
ORD0003130,CUST00823,2024-12-23,Delivered,UPI,0.05,1.63
ORD0003131,CUST00319,2023-10-28,Delivered,Credit Card,0.0,4.73
ORD0003132,CUST01979,2024-12-10,Delivered,Debit Card,0.0,8.21
ORD0003133,CUST00338,2024-05-17,Delivered,Credit Card,0.0,14.34
ORD0003134,CUST01192,2023-08-03,Returned,PayPal,0.0,9.51
ORD0003135,CUST01831,2023-06-28,Delivered,PayPal,0.1,10.6
ORD0003136,CUST01632,2023-12-05,Delivered,Wallet,0.05,3.29
ORD0003137,CUST01989,2024-08-08,Delivered,UPI,0.0,8.2
ORD0003138,CUST00697,2024-07-15,Delivered,Net Banking,0.15,3.63
ORD0003139,CUST01234,2024-11-15,Delivered,Wallet,0.0,8.83
ORD0003140,CUST00700,2024-09-18,Delivered,Wallet,0.0,5.66
ORD0003141,CUST01924,2024-07-23,Returned,PayPal,0.05,7.81
ORD0003142,CUST00995,2024-04-24,Cancelled,Debit Card,0.1,0.68
ORD0003143,CUST00427,2024-09-15,Delivered,PayPal,0.0,13.79
ORD0003144,CUST01258,2024-04-29,Delivered,PayPal,0.0,12.37
ORD0003145,CUST00166,2024-04-23,Delivered,Credit Card,0.1,1.81
ORD0003146,CUST01001,2022-12-14,Delivered,Credit Card,0.2,11.02
ORD0003147,CUST01308,2024-08-26,Delivered,UPI,0.05,0.99
ORD0003148,CUST00710,2024-12-07,Delivered,Debit Card,0.05,14.83
ORD0003149,CUST00155,2024-12-15,Delivered,Debit Card,0.15,2.68
ORD0003150,CUST00122,2024-11-20,Processing,Wallet,0.0,5.75
ORD0003151,CUST01945,2022-10-21,Delivered,PayPal,0.0,2.23
ORD0003152,CUST00783,2024-05-26,Processing,Credit Card,0.05,5.71
ORD0003153,CUST01083,2023-07-23,Delivered,Credit Card,0.0,0.59
ORD0003154,CUST01272,2024-12-17,Delivered,Wallet,0.1,1.43
ORD0003155,CUST00556,2024-11-02,Delivered,Wallet,0.1,4.97
ORD0003156,CUST00044,2024-08-24,Returned,Wallet,0.0,6.92
ORD0003157,CUST01467,2024-12-20,Delivered,Wallet,0.05,12.37
ORD0003158,CUST00333,2023-07-29,Delivered,PayPal,0.05,4.74
ORD0003159,CUST00051,2023-08-12,Delivered,Credit Card,0.05,11.81
ORD0003160,CUST00692,2023-06-24,Delivered,Wallet,0.0,11.64
ORD0003161,CUST01084,2024-06-22,Delivered,Debit Card,0.0,12.3
ORD0003162,CUST00336,2024-03-30,Delivered,UPI,0.2,14.35
ORD0003163,CUST01134,2024-11-26,Returned,Credit Card,0.2,8.03
ORD0003164,CUST01581,2024-12-10,Delivered,Wallet,0.0,13.2
ORD0003165,CUST01890,2024-06-10,Delivered,UPI,0.0,1.61
ORD0003166,CUST01844,2022-11-12,Processing,UPI,0.15,14.99
ORD0003167,CUST00414,2024-08-14,Delivered,Credit Card,0.0,14.04
ORD0003168,CUST01512,2024-06-20,Delivered,Debit Card,0.05,5.25
ORD0003169,CUST00688,2024-04-02,Delivered,Debit Card,0.0,5.14
ORD0003170,CUST01103,2024-10-23,Returned,UPI,0.05,10.76
ORD0003171,CUST00070,2024-11-28,Delivered,Wallet,0.2,3.74
ORD0003172,CUST01807,2024-02-07,Delivered,Wallet,0.2,6.6
ORD0003173,CUST01250,2023-10-21,Delivered,Debit Card,0.05,2.11
ORD0003174,CUST01866,2024-11-14,Delivered,UPI,0.1,1.13
ORD0003175,CUST00472,2024-08-21,Delivered,Debit Card,0.0,13.86
ORD0003176,CUST00110,2023-08-22,Delivered,Net Banking,0.15,0.87
ORD0003177,CUST00512,2023-12-21,Delivered,Net Banking,0.0,7.48
ORD0003178,CUST00604,2023-08-30,Delivered,UPI,0.05,2.16
ORD0003179,CUST00586,2024-08-25,Delivered,Debit Card,0.05,2.1
ORD0003180,CUST01238,2024-11-03,Cancelled,PayPal,0.0,1.56
ORD0003181,CUST00714,2024-05-19,Delivered,Debit Card,0.0,6.57
ORD0003182,CUST01867,2024-03-02,Delivered,PayPal,0.05,0.11
ORD0003183,CUST01465,2023-11-22,Returned,UPI,0.0,12.67
ORD0003184,CUST00365,2023-12-01,Delivered,Credit Card,0.0,3.71
ORD0003185,CUST00534,2024-12-28,Delivered,PayPal,0.1,0.11
ORD0003186,CUST01399,2024-05-21,Delivered,UPI,0.2,6.24
ORD0003187,CUST00611,2023-03-11,Delivered,Credit Card,0.1,2.68
ORD0003188,CUST00718,2024-11-14,Delivered,Debit Card,0.0,13.8
ORD0003189,CUST01100,2022-11-28,Delivered,Debit Card,0.0,13.2
ORD0003190,CUST00835,2022-09-19,Returned,Wallet,0.0,11.48
ORD0003191,CUST01771,2024-10-30,Delivered,Credit Card,0.1,9.44
ORD0003192,CUST01147,2022-07-30,Delivered,UPI,0.0,1.1
ORD0003193,CUST00010,2024-10-30,Delivered,PayPal,0.05,7.31
ORD0003194,CUST01503,2024-07-31,Delivered,UPI,0.05,3.92
ORD0003195,CUST01139,2024-10-28,Delivered,Net Banking,0.0,3.68
ORD0003196,CUST01137,2024-02-04,Processing,Debit Card,0.05,3.57
ORD0003197,CUST00748,2024-08-03,Delivered,Credit Card,0.1,12.95
ORD0003198,CUST00681,2024-12-25,Delivered,Net Banking,0.05,14.58
ORD0003199,CUST00126,2024-01-01,Cancelled,Wallet,0.05,2.55
ORD0003200,CUST01935,2024-12-01,Delivered,Credit Card,0.0,5.23
ORD0003201,CUST01359,2023-09-13,Returned,PayPal,0.1,12.73
ORD0003202,CUST00344,2024-09-12,Delivered,Wallet,0.05,12.3
ORD0003203,CUST00182,2023-08-21,Delivered,Wallet,0.1,3.45
ORD0003204,CUST01033,2023-12-03,Delivered,Net Banking,0.2,9.74
ORD0003205,CUST01672,2024-08-05,Delivered,Wallet,0.05,9.0
ORD0003206,CUST00749,2024-09-18,Delivered,Net Banking,0.05,6.14
ORD0003207,CUST01371,2024-07-22,Delivered,Wallet,0.1,12.87
ORD0003208,CUST00384,2024-10-27,Delivered,Net Banking,0.15,10.23
ORD0003209,CUST00166,2024-11-17,Delivered,Credit Card,0.2,7.1
ORD0003210,CUST01604,2024-05-01,Delivered,PayPal,0.1,8.8
ORD0003211,CUST01780,2024-03-09,Delivered,Net Banking,0.05,14.55
ORD0003212,CUST01814,2024-12-27,Delivered,Credit Card,0.2,8.36
ORD0003213,CUST01168,2024-12-13,Delivered,Wallet,0.15,9.97
ORD0003214,CUST01347,2024-12-09,Delivered,Wallet,0.0,11.39
ORD0003215,CUST00003,2023-02-24,Delivered,Credit Card,0.1,1.92
ORD0003216,CUST01442,2023-01-25,Delivered,Wallet,0.05,4.28
ORD0003217,CUST00238,2024-11-07,Delivered,Wallet,0.0,6.73
ORD0003218,CUST00104,2024-10-30,Cancelled,UPI,0.1,10.34
ORD0003219,CUST01952,2023-10-28,Cancelled,PayPal,0.05,6.59
ORD0003220,CUST01467,2024-02-11,Delivered,PayPal,0.05,9.41
ORD0003221,CUST00094,2024-11-19,Delivered,Net Banking,0.0,7.15
ORD0003222,CUST01592,2024-03-03,Processing,Debit Card,0.1,13.96
ORD0003223,CUST00285,2023-12-28,Delivered,UPI,0.05,13.15
ORD0003224,CUST00548,2024-05-22,Delivered,UPI,0.0,4.65
ORD0003225,CUST00830,2024-11-22,Delivered,Debit Card,0.1,4.29
ORD0003226,CUST01302,2024-12-10,Processing,UPI,0.0,0.09
ORD0003227,CUST01568,2023-05-27,Delivered,PayPal,0.05,9.73
ORD0003228,CUST01342,2024-11-27,Delivered,Debit Card,0.05,2.67
ORD0003229,CUST00592,2023-03-05,Delivered,UPI,0.05,10.78
ORD0003230,CUST01462,2024-11-20,Delivered,UPI,0.1,4.42
ORD0003231,CUST01774,2024-04-01,Delivered,UPI,0.05,1.49
ORD0003232,CUST01577,2023-09-14,Delivered,Debit Card,0.2,14.54
ORD0003233,CUST01428,2024-07-24,Delivered,Net Banking,0.0,6.27
ORD0003234,CUST01363,2024-08-10,Returned,Wallet,0.0,4.75
ORD0003235,CUST01617,2024-12-07,Delivered,Wallet,0.0,1.01
ORD0003236,CUST00397,2024-10-31,Delivered,Credit Card,0.2,5.56
ORD0003237,CUST01857,2024-11-10,Delivered,PayPal,0.0,9.32
ORD0003238,CUST00767,2024-12-16,Returned,Debit Card,0.0,6.24
ORD0003239,CUST01062,2023-04-23,Delivered,Net Banking,0.0,10.42
ORD0003240,CUST00224,2023-06-18,Delivered,PayPal,0.1,4.92
ORD0003241,CUST00592,2024-04-29,Delivered,Credit Card,0.05,11.49
ORD0003242,CUST00412,2023-10-07,Delivered,Debit Card,0.0,1.49
ORD0003243,CUST01075,2023-11-02,Delivered,Wallet,0.0,12.8
ORD0003244,CUST00426,2023-06-19,Delivered,Debit Card,0.05,9.74
ORD0003245,CUST01649,2024-09-25,Delivered,Debit Card,0.05,4.96
ORD0003246,CUST01389,2024-12-29,Processing,PayPal,0.0,12.82
ORD0003247,CUST01370,2023-11-04,Cancelled,PayPal,0.0,10.95
ORD0003248,CUST01298,2024-10-21,Delivered,Debit Card,0.1,5.01
ORD0003249,CUST01826,2024-06-07,Cancelled,Debit Card,0.15,0.68
ORD0003250,CUST00035,2022-10-31,Delivered,Net Banking,0.1,2.03
ORD0003251,CUST00549,2023-12-30,Delivered,PayPal,0.0,6.28
ORD0003252,CUST00492,2024-03-10,Delivered,Net Banking,0.05,11.55
ORD0003253,CUST01086,2024-11-27,Delivered,PayPal,0.0,10.75
ORD0003254,CUST00944,2024-12-20,Processing,UPI,0.2,9.44
ORD0003255,CUST00623,2024-06-05,Delivered,Credit Card,0.15,1.54
ORD0003256,CUST01057,2024-08-04,Delivered,Wallet,0.05,0.58
ORD0003257,CUST01777,2024-12-22,Delivered,Wallet,0.1,10.69
ORD0003258,CUST00373,2022-04-02,Delivered,UPI,0.0,3.59
ORD0003259,CUST01693,2023-12-21,Returned,Credit Card,0.05,11.08
ORD0003260,CUST01212,2022-12-16,Delivered,Credit Card,0.1,12.68
ORD0003261,CUST01135,2024-05-19,Delivered,Credit Card,0.15,4.04
ORD0003262,CUST00536,2024-11-27,Delivered,Credit Card,0.0,2.23
ORD0003263,CUST00391,2024-08-12,Delivered,Debit Card,0.15,8.17
ORD0003264,CUST01313,2024-12-15,Delivered,Debit Card,0.1,5.03
ORD0003265,CUST01206,2023-10-13,Cancelled,PayPal,0.1,6.12
ORD0003266,CUST01544,2024-11-25,Returned,PayPal,0.05,3.23
ORD0003267,CUST01131,2023-05-16,Delivered,Net Banking,0.05,0.81
ORD0003268,CUST00113,2024-05-29,Delivered,Credit Card,0.0,10.82
ORD0003269,CUST00864,2023-02-27,Delivered,Debit Card,0.15,6.44
ORD0003270,CUST01172,2024-06-26,Delivered,Debit Card,0.15,8.16
ORD0003271,CUST00886,2024-06-12,Delivered,Debit Card,0.0,14.19
ORD0003272,CUST00692,2024-12-03,Processing,UPI,0.0,10.22
ORD0003273,CUST00352,2024-09-11,Delivered,Net Banking,0.0,14.81
ORD0003274,CUST00907,2024-06-21,Delivered,Net Banking,0.1,3.31
ORD0003275,CUST01417,2024-01-09,Delivered,PayPal,0.2,1.69
ORD0003276,CUST00748,2024-10-22,Delivered,Net Banking,0.1,0.32
ORD0003277,CUST01309,2024-11-17,Delivered,PayPal,0.05,8.56
ORD0003278,CUST01657,2024-06-17,Delivered,Wallet,0.0,10.21
ORD0003279,CUST01146,2024-03-04,Returned,UPI,0.0,9.05
ORD0003280,CUST01396,2024-03-10,Delivered,PayPal,0.1,2.52
ORD0003281,CUST01955,2024-08-29,Delivered,Net Banking,0.0,9.57
ORD0003282,CUST00939,2022-05-13,Delivered,Debit Card,0.0,10.16
ORD0003283,CUST01631,2024-03-10,Delivered,PayPal,0.0,5.33
ORD0003284,CUST01352,2024-12-10,Delivered,Net Banking,0.15,0.39
ORD0003285,CUST01165,2024-02-04,Delivered,Debit Card,0.0,6.36
ORD0003286,CUST01556,2023-07-06,Processing,UPI,0.0,4.8
ORD0003287,CUST01425,2024-08-29,Delivered,Wallet,0.0,4.0
ORD0003288,CUST01333,2022-08-07,Delivered,PayPal,0.15,3.61
ORD0003289,CUST01125,2024-02-12,Delivered,Wallet,0.05,10.02
ORD0003290,CUST00848,2024-06-25,Cancelled,UPI,0.0,14.74
ORD0003291,CUST00224,2023-04-24,Delivered,PayPal,0.1,7.86
ORD0003292,CUST01312,2024-02-16,Cancelled,Wallet,0.0,7.64
ORD0003293,CUST00573,2024-08-08,Delivered,Wallet,0.1,14.53
ORD0003294,CUST00355,2022-09-29,Delivered,Credit Card,0.05,10.69
ORD0003295,CUST00151,2024-12-01,Delivered,PayPal,0.1,10.28
ORD0003296,CUST00759,2024-09-15,Delivered,Net Banking,0.0,7.7
ORD0003297,CUST01579,2024-11-07,Delivered,Wallet,0.1,1.74
ORD0003298,CUST00708,2023-11-05,Delivered,PayPal,0.0,1.81
ORD0003299,CUST01595,2024-05-26,Delivered,PayPal,0.0,1.83
ORD0003300,CUST01772,2024-12-24,Delivered,Debit Card,0.0,11.27
ORD0003301,CUST00216,2024-02-12,Processing,PayPal,0.0,14.31
ORD0003302,CUST01023,2023-08-29,Delivered,Debit Card,0.0,4.83
ORD0003303,CUST01667,2023-03-23,Delivered,Net Banking,0.0,6.55
ORD0003304,CUST00080,2024-02-15,Delivered,Net Banking,0.15,11.03
ORD0003305,CUST01934,2024-12-18,Returned,Credit Card,0.1,12.17
ORD0003306,CUST00926,2024-02-24,Processing,Wallet,0.05,10.51
ORD0003307,CUST00687,2024-12-08,Delivered,Net Banking,0.15,2.25
ORD0003308,CUST01450,2023-08-14,Returned,UPI,0.0,3.91
ORD0003309,CUST01919,2024-10-18,Delivered,UPI,0.05,12.6
ORD0003310,CUST01312,2023-10-14,Delivered,PayPal,0.05,2.84
ORD0003311,CUST01359,2024-03-01,Delivered,Credit Card,0.05,7.4
ORD0003312,CUST01249,2023-10-30,Delivered,Wallet,0.0,12.92
ORD0003313,CUST00931,2024-11-29,Delivered,Wallet,0.05,3.73
ORD0003314,CUST00169,2024-10-03,Returned,Net Banking,0.15,12.17
ORD0003315,CUST00782,2024-02-29,Delivered,UPI,0.1,14.27
ORD0003316,CUST00555,2023-01-12,Delivered,Wallet,0.05,8.52
ORD0003317,CUST01552,2024-06-08,Delivered,Debit Card,0.05,13.32
ORD0003318,CUST01328,2024-05-25,Delivered,UPI,0.0,9.64
ORD0003319,CUST01078,2024-07-14,Delivered,Credit Card,0.0,10.18
ORD0003320,CUST00853,2023-08-08,Delivered,Net Banking,0.1,11.42
ORD0003321,CUST01199,2024-07-21,Delivered,Debit Card,0.1,3.92
ORD0003322,CUST01432,2024-08-21,Delivered,Net Banking,0.1,9.15
ORD0003323,CUST01191,2023-01-21,Delivered,Wallet,0.05,13.47
ORD0003324,CUST00846,2024-08-29,Delivered,Debit Card,0.05,2.01
ORD0003325,CUST00899,2024-08-05,Delivered,Wallet,0.2,11.85
ORD0003326,CUST01315,2023-03-14,Delivered,UPI,0.0,5.32
ORD0003327,CUST00074,2024-12-04,Delivered,Debit Card,0.05,6.37
ORD0003328,CUST01742,2023-10-31,Cancelled,PayPal,0.05,12.8
ORD0003329,CUST00583,2024-06-05,Delivered,Credit Card,0.0,7.77
ORD0003330,CUST00092,2024-04-27,Delivered,Credit Card,0.05,1.74
ORD0003331,CUST01030,2024-03-15,Returned,Credit Card,0.0,12.19
ORD0003332,CUST01002,2024-08-18,Delivered,Credit Card,0.1,13.3
ORD0003333,CUST01022,2024-02-23,Delivered,Net Banking,0.0,0.72
ORD0003334,CUST01470,2022-11-06,Delivered,Debit Card,0.05,10.34
ORD0003335,CUST00040,2024-11-11,Delivered,UPI,0.0,5.34
ORD0003336,CUST01449,2024-09-25,Delivered,Net Banking,0.0,12.12
ORD0003337,CUST01796,2022-10-23,Delivered,Net Banking,0.0,4.41
ORD0003338,CUST00459,2024-10-31,Delivered,Debit Card,0.1,5.67
ORD0003339,CUST00898,2023-12-05,Delivered,Net Banking,0.1,4.59
ORD0003340,CUST01083,2023-10-14,Delivered,Net Banking,0.0,0.24
ORD0003341,CUST01101,2024-07-17,Delivered,UPI,0.0,10.87
ORD0003342,CUST01548,2024-09-07,Delivered,Credit Card,0.05,12.31
ORD0003343,CUST01814,2024-12-23,Delivered,PayPal,0.0,1.94
ORD0003344,CUST01132,2022-12-01,Delivered,PayPal,0.0,3.76
ORD0003345,CUST00037,2023-03-16,Cancelled,Debit Card,0.05,7.91
ORD0003346,CUST01244,2024-05-05,Delivered,Net Banking,0.0,10.67
ORD0003347,CUST01358,2024-12-23,Delivered,UPI,0.05,13.38
ORD0003348,CUST00871,2024-05-13,Delivered,Wallet,0.0,11.48
ORD0003349,CUST01081,2024-11-26,Delivered,PayPal,0.05,5.21
ORD0003350,CUST00222,2024-07-23,Delivered,Wallet,0.1,4.61
ORD0003351,CUST01219,2024-09-06,Returned,Wallet,0.0,12.04
ORD0003352,CUST00685,2024-01-19,Delivered,Wallet,0.0,4.78
ORD0003353,CUST00445,2024-05-10,Delivered,PayPal,0.0,7.08
ORD0003354,CUST01702,2024-08-20,Delivered,PayPal,0.0,6.55
ORD0003355,CUST00618,2024-11-27,Delivered,Debit Card,0.05,10.43
ORD0003356,CUST01562,2024-06-10,Delivered,UPI,0.15,0.44
ORD0003357,CUST00628,2023-04-16,Cancelled,Wallet,0.0,8.82
ORD0003358,CUST01854,2024-10-28,Delivered,UPI,0.05,12.43
ORD0003359,CUST00981,2024-05-22,Delivered,Debit Card,0.0,4.46
ORD0003360,CUST01327,2024-08-03,Delivered,Wallet,0.0,11.57
ORD0003361,CUST01560,2023-07-08,Delivered,Credit Card,0.1,3.52
ORD0003362,CUST00506,2024-10-22,Delivered,PayPal,0.05,3.55
ORD0003363,CUST00537,2024-08-11,Delivered,PayPal,0.0,7.42
ORD0003364,CUST01250,2024-05-26,Processing,Credit Card,0.1,1.02
ORD0003365,CUST01710,2024-01-21,Delivered,Net Banking,0.15,8.1
ORD0003366,CUST01335,2023-10-23,Delivered,Net Banking,0.0,9.3
ORD0003367,CUST00554,2023-12-11,Returned,Net Banking,0.0,13.45
ORD0003368,CUST00789,2024-11-09,Delivered,Wallet,0.05,14.37
ORD0003369,CUST00409,2024-02-19,Cancelled,Debit Card,0.0,4.61
ORD0003370,CUST00397,2024-06-11,Returned,PayPal,0.05,13.34
ORD0003371,CUST00134,2024-01-31,Delivered,Credit Card,0.15,3.52
ORD0003372,CUST00042,2023-08-02,Cancelled,Credit Card,0.05,5.97
ORD0003373,CUST01530,2024-11-04,Delivered,Net Banking,0.05,7.84
ORD0003374,CUST01917,2024-07-18,Delivered,PayPal,0.0,6.97
ORD0003375,CUST00210,2024-08-28,Returned,PayPal,0.0,7.78
ORD0003376,CUST01100,2023-12-24,Delivered,PayPal,0.0,14.95
ORD0003377,CUST00599,2023-07-19,Delivered,PayPal,0.05,5.12
ORD0003378,CUST01705,2024-12-13,Returned,Credit Card,0.0,5.19
ORD0003379,CUST01943,2024-08-16,Delivered,PayPal,0.1,1.26
ORD0003380,CUST01686,2024-06-09,Delivered,UPI,0.05,14.63
ORD0003381,CUST01847,2023-08-16,Delivered,Debit Card,0.05,6.0
ORD0003382,CUST00017,2023-05-03,Processing,Wallet,0.0,13.77
ORD0003383,CUST01942,2023-07-30,Delivered,Net Banking,0.05,1.04
ORD0003384,CUST00087,2024-05-07,Delivered,Credit Card,0.1,5.41
ORD0003385,CUST00383,2022-07-04,Delivered,Debit Card,0.0,4.95
ORD0003386,CUST01792,2024-05-07,Delivered,Debit Card,0.05,6.55
ORD0003387,CUST01839,2024-10-22,Delivered,Wallet,0.0,6.06
ORD0003388,CUST00288,2024-09-13,Delivered,Debit Card,0.05,11.35
ORD0003389,CUST00916,2024-11-17,Processing,Wallet,0.05,5.12
ORD0003390,CUST01180,2023-07-01,Delivered,Credit Card,0.0,1.42
ORD0003391,CUST00215,2023-10-16,Cancelled,Wallet,0.1,14.65
ORD0003392,CUST00891,2024-12-26,Processing,Wallet,0.0,14.66
ORD0003393,CUST00013,2023-07-11,Delivered,UPI,0.1,7.81
ORD0003394,CUST01680,2024-12-25,Cancelled,Debit Card,0.0,6.24
ORD0003395,CUST00545,2024-12-08,Delivered,Wallet,0.05,9.7
ORD0003396,CUST01220,2024-12-03,Processing,Net Banking,0.05,11.99
ORD0003397,CUST00777,2023-11-23,Delivered,PayPal,0.05,14.31
ORD0003398,CUST01111,2023-09-22,Returned,Net Banking,0.0,14.85
ORD0003399,CUST01520,2023-10-06,Delivered,Debit Card,0.0,9.13
ORD0003400,CUST01833,2024-12-04,Delivered,Credit Card,0.0,12.75
ORD0003401,CUST00413,2024-12-26,Delivered,Credit Card,0.2,5.38
ORD0003402,CUST01526,2023-02-27,Cancelled,Net Banking,0.1,8.2
ORD0003403,CUST01130,2023-12-17,Delivered,Credit Card,0.2,10.25
ORD0003404,CUST01728,2023-12-25,Cancelled,UPI,0.05,11.35
ORD0003405,CUST00420,2024-10-17,Delivered,Credit Card,0.0,3.52
ORD0003406,CUST01020,2024-11-09,Delivered,Wallet,0.05,14.76
ORD0003407,CUST01386,2024-02-14,Returned,Wallet,0.0,0.64
ORD0003408,CUST00029,2024-05-22,Processing,Wallet,0.05,7.97
ORD0003409,CUST00049,2024-04-26,Delivered,Credit Card,0.0,2.3
ORD0003410,CUST00839,2023-11-22,Delivered,Credit Card,0.0,6.85
ORD0003411,CUST01997,2023-05-28,Delivered,Wallet,0.0,1.76
ORD0003412,CUST01523,2024-06-30,Delivered,Wallet,0.0,5.79
ORD0003413,CUST01055,2024-08-12,Delivered,Wallet,0.1,12.75
ORD0003414,CUST00652,2024-06-30,Cancelled,UPI,0.1,2.19
ORD0003415,CUST01359,2024-11-13,Delivered,Net Banking,0.1,8.13
ORD0003416,CUST00391,2024-11-23,Delivered,Net Banking,0.0,3.84
ORD0003417,CUST01813,2024-01-18,Delivered,PayPal,0.0,11.25
ORD0003418,CUST01901,2022-08-11,Cancelled,Credit Card,0.05,1.98
ORD0003419,CUST00612,2024-12-26,Delivered,Wallet,0.1,0.91
ORD0003420,CUST00450,2023-11-05,Delivered,UPI,0.05,5.06
ORD0003421,CUST01855,2024-03-21,Delivered,Wallet,0.05,11.98
ORD0003422,CUST00359,2024-11-30,Delivered,Wallet,0.05,9.04
ORD0003423,CUST01381,2024-11-27,Delivered,Credit Card,0.1,5.14
ORD0003424,CUST01313,2024-01-24,Delivered,Debit Card,0.0,4.97
ORD0003425,CUST01005,2024-07-30,Delivered,Credit Card,0.2,14.3
ORD0003426,CUST01043,2024-07-17,Returned,PayPal,0.15,5.09
ORD0003427,CUST00732,2024-06-22,Delivered,Debit Card,0.05,9.4
ORD0003428,CUST00407,2023-12-21,Delivered,Net Banking,0.0,7.19
ORD0003429,CUST01359,2023-09-09,Delivered,Credit Card,0.0,9.65
ORD0003430,CUST01339,2024-08-23,Delivered,Credit Card,0.0,4.69
ORD0003431,CUST01544,2023-11-15,Processing,PayPal,0.0,5.44
ORD0003432,CUST00124,2023-06-07,Delivered,Credit Card,0.0,0.23
ORD0003433,CUST00869,2024-10-03,Returned,PayPal,0.0,3.73
ORD0003434,CUST01360,2024-12-04,Delivered,UPI,0.0,14.49
ORD0003435,CUST00109,2024-02-23,Delivered,Wallet,0.0,7.1
ORD0003436,CUST00826,2024-04-25,Delivered,PayPal,0.05,1.17
ORD0003437,CUST01416,2024-11-28,Returned,UPI,0.05,6.78
ORD0003438,CUST00054,2023-03-14,Delivered,Net Banking,0.15,12.95
ORD0003439,CUST00094,2024-11-14,Delivered,UPI,0.15,12.22
ORD0003440,CUST00176,2024-09-20,Delivered,UPI,0.0,13.42
ORD0003441,CUST00082,2024-06-18,Delivered,Net Banking,0.05,12.11
ORD0003442,CUST01012,2024-10-03,Cancelled,Net Banking,0.0,0.9
ORD0003443,CUST01326,2024-03-03,Cancelled,Credit Card,0.05,2.73
ORD0003444,CUST01782,2024-05-08,Delivered,Net Banking,0.0,8.07
ORD0003445,CUST01771,2024-09-22,Delivered,Wallet,0.0,10.41
ORD0003446,CUST01295,2023-09-02,Delivered,Wallet,0.0,7.31
ORD0003447,CUST00524,2023-10-25,Delivered,UPI,0.15,9.11
ORD0003448,CUST01960,2024-12-01,Delivered,UPI,0.05,11.79
ORD0003449,CUST00139,2024-05-11,Delivered,UPI,0.05,9.67
ORD0003450,CUST00591,2024-12-09,Delivered,Wallet,0.2,4.38
ORD0003451,CUST00215,2023-09-06,Delivered,PayPal,0.0,1.81
ORD0003452,CUST01286,2024-01-12,Delivered,UPI,0.05,9.55
ORD0003453,CUST01605,2023-10-01,Delivered,Credit Card,0.05,12.49
ORD0003454,CUST00041,2024-05-19,Delivered,PayPal,0.0,1.56
ORD0003455,CUST01177,2024-11-25,Delivered,Debit Card,0.05,3.87
ORD0003456,CUST00669,2023-10-10,Delivered,Net Banking,0.0,5.33
ORD0003457,CUST01869,2022-12-28,Delivered,Debit Card,0.1,6.57
ORD0003458,CUST00049,2024-04-03,Delivered,Credit Card,0.0,6.28
ORD0003459,CUST01954,2024-10-23,Delivered,UPI,0.0,6.29
ORD0003460,CUST00766,2024-03-26,Delivered,Debit Card,0.0,14.61
ORD0003461,CUST01501,2024-07-03,Delivered,UPI,0.0,13.4
ORD0003462,CUST01875,2024-12-28,Delivered,PayPal,0.0,1.9
ORD0003463,CUST00148,2023-01-19,Cancelled,Credit Card,0.0,11.92
ORD0003464,CUST01007,2024-06-29,Delivered,UPI,0.0,2.16
ORD0003465,CUST00969,2024-08-31,Returned,UPI,0.15,0.41
ORD0003466,CUST01391,2023-10-05,Delivered,Credit Card,0.0,7.43
ORD0003467,CUST00162,2024-08-11,Delivered,UPI,0.15,2.53
ORD0003468,CUST01266,2024-10-24,Returned,Net Banking,0.15,2.89
ORD0003469,CUST00068,2023-07-05,Delivered,Wallet,0.0,9.62
ORD0003470,CUST01563,2024-05-20,Delivered,Debit Card,0.0,0.5
ORD0003471,CUST01936,2024-10-31,Delivered,Debit Card,0.0,2.22
ORD0003472,CUST01630,2024-10-14,Returned,Debit Card,0.0,9.44
ORD0003473,CUST00818,2024-09-11,Delivered,Credit Card,0.0,13.89
ORD0003474,CUST00266,2024-08-21,Delivered,Net Banking,0.0,8.56
ORD0003475,CUST01373,2024-06-27,Delivered,Wallet,0.0,11.37
ORD0003476,CUST00104,2023-10-29,Processing,Wallet,0.15,11.37
ORD0003477,CUST01203,2023-11-11,Delivered,UPI,0.0,6.97
ORD0003478,CUST01894,2022-12-27,Delivered,UPI,0.0,11.68
ORD0003479,CUST01581,2024-12-06,Processing,Credit Card,0.1,4.41
ORD0003480,CUST01867,2024-01-15,Delivered,Debit Card,0.0,2.64
ORD0003481,CUST01240,2024-10-25,Delivered,UPI,0.0,7.63
ORD0003482,CUST01457,2023-05-09,Delivered,Net Banking,0.0,1.16
ORD0003483,CUST00291,2024-02-27,Delivered,Net Banking,0.0,6.65
ORD0003484,CUST01392,2024-03-04,Delivered,PayPal,0.1,12.61
ORD0003485,CUST00443,2023-07-21,Processing,Net Banking,0.0,3.02
ORD0003486,CUST00721,2024-10-24,Delivered,UPI,0.15,7.84
ORD0003487,CUST01111,2022-12-14,Delivered,PayPal,0.0,3.58
ORD0003488,CUST00993,2024-09-05,Delivered,UPI,0.0,9.89
ORD0003489,CUST01268,2023-05-21,Delivered,Debit Card,0.0,6.79
ORD0003490,CUST00443,2024-07-24,Delivered,UPI,0.1,12.42
ORD0003491,CUST01404,2024-05-17,Processing,Net Banking,0.1,4.17
ORD0003492,CUST01519,2024-12-12,Delivered,Wallet,0.0,11.41
ORD0003493,CUST01635,2024-12-03,Delivered,PayPal,0.2,9.18
ORD0003494,CUST01362,2024-02-20,Delivered,Credit Card,0.1,9.0
ORD0003495,CUST00426,2023-07-26,Delivered,Debit Card,0.0,14.93
ORD0003496,CUST00531,2023-01-26,Delivered,Debit Card,0.0,10.34
ORD0003497,CUST00714,2024-05-09,Delivered,Credit Card,0.0,5.89
ORD0003498,CUST01444,2024-10-11,Delivered,Credit Card,0.1,6.33
ORD0003499,CUST01800,2022-06-27,Delivered,UPI,0.05,12.2
ORD0003500,CUST00663,2023-10-12,Delivered,Wallet,0.05,4.57
ORD0003501,CUST01510,2024-11-07,Delivered,Net Banking,0.1,3.95
ORD0003502,CUST01588,2024-02-04,Cancelled,Wallet,0.05,9.97
ORD0003503,CUST01329,2024-09-08,Delivered,Net Banking,0.05,1.13
ORD0003504,CUST00563,2024-10-31,Delivered,PayPal,0.05,10.29
ORD0003505,CUST01995,2023-08-09,Delivered,UPI,0.0,2.33
ORD0003506,CUST00962,2024-08-01,Delivered,Debit Card,0.15,2.72
ORD0003507,CUST00269,2024-06-24,Delivered,Net Banking,0.1,12.62
ORD0003508,CUST01369,2024-12-27,Delivered,UPI,0.0,3.06
ORD0003509,CUST01901,2023-08-03,Delivered,PayPal,0.1,0.22
ORD0003510,CUST00644,2024-07-12,Delivered,Debit Card,0.0,4.77
ORD0003511,CUST01427,2024-08-07,Processing,Wallet,0.05,14.49
ORD0003512,CUST01786,2024-06-06,Returned,Wallet,0.0,9.51
ORD0003513,CUST01975,2023-07-16,Delivered,UPI,0.0,13.85
ORD0003514,CUST01583,2024-08-14,Delivered,Net Banking,0.0,13.97
ORD0003515,CUST00856,2024-12-06,Processing,Net Banking,0.2,9.96
ORD0003516,CUST01929,2024-01-03,Delivered,PayPal,0.0,4.83
ORD0003517,CUST00228,2023-12-18,Delivered,UPI,0.1,1.23
ORD0003518,CUST00559,2024-12-06,Delivered,UPI,0.1,11.29
ORD0003519,CUST01436,2023-11-02,Delivered,PayPal,0.05,14.45
ORD0003520,CUST01754,2023-11-21,Delivered,UPI,0.0,2.11
ORD0003521,CUST00183,2024-11-23,Delivered,Credit Card,0.05,9.24
ORD0003522,CUST00030,2024-11-11,Delivered,Debit Card,0.0,9.57
ORD0003523,CUST01996,2024-01-10,Delivered,UPI,0.0,12.57
ORD0003524,CUST00101,2024-04-19,Delivered,UPI,0.05,7.15
ORD0003525,CUST01677,2024-10-06,Delivered,Credit Card,0.05,3.87
ORD0003526,CUST00723,2024-05-14,Delivered,Credit Card,0.1,3.27
ORD0003527,CUST01039,2024-06-27,Delivered,Debit Card,0.0,2.23
ORD0003528,CUST01831,2023-05-25,Delivered,Wallet,0.0,10.25
ORD0003529,CUST01785,2024-06-26,Cancelled,Debit Card,0.05,7.68
ORD0003530,CUST00685,2024-10-21,Delivered,Debit Card,0.2,7.32
ORD0003531,CUST01019,2024-02-04,Delivered,UPI,0.1,5.56
ORD0003532,CUST01552,2024-05-08,Delivered,PayPal,0.0,13.88
ORD0003533,CUST01595,2024-03-08,Delivered,Debit Card,0.05,11.73
ORD0003534,CUST01442,2022-11-29,Delivered,Wallet,0.0,4.15
ORD0003535,CUST00640,2023-03-10,Delivered,PayPal,0.15,3.79
ORD0003536,CUST00638,2023-06-06,Delivered,UPI,0.2,3.93
ORD0003537,CUST01525,2024-09-28,Delivered,Credit Card,0.05,3.02
ORD0003538,CUST00779,2024-03-04,Delivered,Wallet,0.05,13.22
ORD0003539,CUST01194,2022-07-19,Delivered,Credit Card,0.1,9.32
ORD0003540,CUST01693,2024-10-04,Processing,UPI,0.0,1.54
ORD0003541,CUST00314,2024-06-03,Delivered,Debit Card,0.0,12.34
ORD0003542,CUST00059,2022-02-14,Delivered,Credit Card,0.1,0.96
ORD0003543,CUST01172,2022-09-19,Delivered,PayPal,0.2,1.9
ORD0003544,CUST01967,2024-08-13,Delivered,PayPal,0.1,4.7
ORD0003545,CUST01115,2024-07-18,Cancelled,PayPal,0.15,0.99
ORD0003546,CUST00183,2023-06-04,Delivered,Credit Card,0.05,6.08
ORD0003547,CUST01309,2024-11-17,Delivered,PayPal,0.15,13.91
ORD0003548,CUST01515,2024-12-08,Delivered,PayPal,0.0,10.77
ORD0003549,CUST01474,2024-02-13,Returned,Net Banking,0.0,2.39
ORD0003550,CUST00138,2024-08-22,Cancelled,Wallet,0.05,9.99
ORD0003551,CUST01115,2024-04-13,Delivered,Net Banking,0.15,8.36
ORD0003552,CUST00492,2024-10-08,Delivered,Wallet,0.0,0.96
ORD0003553,CUST00598,2024-05-31,Delivered,Debit Card,0.05,8.88
ORD0003554,CUST01359,2023-09-05,Delivered,Net Banking,0.1,2.16
ORD0003555,CUST01276,2024-09-12,Delivered,Credit Card,0.0,9.02
ORD0003556,CUST01383,2024-06-20,Delivered,UPI,0.0,9.24
ORD0003557,CUST00785,2024-12-27,Delivered,Debit Card,0.0,13.8
ORD0003558,CUST01680,2024-04-16,Cancelled,Wallet,0.0,0.79
ORD0003559,CUST00798,2024-06-20,Delivered,Debit Card,0.05,3.53
ORD0003560,CUST00056,2022-12-11,Delivered,Wallet,0.15,10.49
ORD0003561,CUST00290,2023-01-24,Delivered,Credit Card,0.0,11.98
ORD0003562,CUST00211,2024-08-26,Delivered,Credit Card,0.05,2.01
ORD0003563,CUST00361,2024-07-28,Delivered,Credit Card,0.0,3.44
ORD0003564,CUST01862,2024-10-28,Delivered,UPI,0.05,4.9
ORD0003565,CUST00884,2024-11-29,Delivered,UPI,0.05,11.44
ORD0003566,CUST00325,2023-11-26,Delivered,UPI,0.0,12.54
ORD0003567,CUST00586,2024-04-20,Delivered,Debit Card,0.15,4.54
ORD0003568,CUST01940,2023-12-10,Processing,UPI,0.15,2.39
ORD0003569,CUST01195,2024-06-27,Delivered,PayPal,0.0,7.48
ORD0003570,CUST01916,2024-01-24,Delivered,UPI,0.0,13.65
ORD0003571,CUST01149,2024-05-15,Returned,Credit Card,0.15,5.94
ORD0003572,CUST00137,2024-09-24,Delivered,PayPal,0.05,9.24
ORD0003573,CUST00538,2024-11-02,Processing,PayPal,0.05,0.7
ORD0003574,CUST00452,2024-12-30,Delivered,Debit Card,0.1,7.57
ORD0003575,CUST00856,2024-06-22,Delivered,Wallet,0.0,9.59
ORD0003576,CUST00686,2023-05-08,Delivered,Debit Card,0.1,8.42
ORD0003577,CUST01434,2024-12-24,Delivered,Debit Card,0.2,13.47
ORD0003578,CUST01817,2024-01-30,Delivered,UPI,0.0,9.45
ORD0003579,CUST01379,2024-12-01,Cancelled,Net Banking,0.0,8.97
ORD0003580,CUST01769,2024-11-11,Delivered,Net Banking,0.05,10.24
ORD0003581,CUST01459,2023-11-07,Delivered,UPI,0.05,9.78
ORD0003582,CUST01171,2024-06-19,Delivered,Wallet,0.0,4.53
ORD0003583,CUST00589,2024-06-13,Delivered,Credit Card,0.05,8.47
ORD0003584,CUST00578,2024-01-17,Delivered,Credit Card,0.0,9.28
ORD0003585,CUST01264,2024-02-16,Delivered,PayPal,0.05,13.67
ORD0003586,CUST01667,2022-11-08,Returned,Wallet,0.0,13.89
ORD0003587,CUST01121,2024-12-07,Delivered,Wallet,0.0,5.6
ORD0003588,CUST00099,2024-09-02,Delivered,UPI,0.0,11.39
ORD0003589,CUST00433,2024-11-26,Delivered,Net Banking,0.0,3.94
ORD0003590,CUST00993,2024-09-24,Delivered,Net Banking,0.1,9.29
ORD0003591,CUST01227,2024-11-17,Delivered,Net Banking,0.0,10.09
ORD0003592,CUST00040,2024-10-26,Delivered,Credit Card,0.0,9.87
ORD0003593,CUST01201,2024-04-19,Delivered,UPI,0.0,3.08
ORD0003594,CUST01152,2024-02-06,Cancelled,Debit Card,0.1,3.07
ORD0003595,CUST01213,2024-12-15,Delivered,Wallet,0.1,7.1
ORD0003596,CUST01290,2024-12-21,Delivered,Credit Card,0.1,1.8
ORD0003597,CUST00668,2024-04-04,Delivered,Debit Card,0.0,2.5
ORD0003598,CUST01371,2023-12-08,Returned,Debit Card,0.1,7.35
ORD0003599,CUST00994,2024-12-15,Delivered,Wallet,0.1,1.03
ORD0003600,CUST00371,2024-11-06,Delivered,Wallet,0.05,12.21
ORD0003601,CUST01237,2024-03-22,Delivered,Net Banking,0.15,1.47
ORD0003602,CUST01211,2023-05-01,Delivered,Wallet,0.1,2.8
ORD0003603,CUST01567,2022-07-29,Delivered,Net Banking,0.1,12.01
ORD0003604,CUST01009,2023-05-29,Delivered,Credit Card,0.0,12.59
ORD0003605,CUST00458,2024-02-21,Delivered,Credit Card,0.0,3.49
ORD0003606,CUST01755,2024-05-28,Delivered,UPI,0.15,9.24
ORD0003607,CUST00190,2024-10-02,Processing,Credit Card,0.0,6.26
ORD0003608,CUST01687,2023-03-11,Delivered,Wallet,0.05,5.66
ORD0003609,CUST00797,2022-12-24,Returned,Wallet,0.0,3.68
ORD0003610,CUST01893,2024-05-11,Delivered,Net Banking,0.1,4.89
ORD0003611,CUST01042,2024-09-16,Cancelled,PayPal,0.0,10.03
ORD0003612,CUST01726,2024-09-05,Delivered,PayPal,0.1,7.34
ORD0003613,CUST00473,2024-03-06,Delivered,PayPal,0.0,12.2
ORD0003614,CUST00530,2024-02-24,Delivered,UPI,0.1,4.64
ORD0003615,CUST00328,2023-10-03,Delivered,Net Banking,0.15,8.01
ORD0003616,CUST00470,2023-11-17,Delivered,UPI,0.2,13.93
ORD0003617,CUST01924,2024-09-09,Delivered,Wallet,0.1,9.14
ORD0003618,CUST00991,2024-01-23,Delivered,Wallet,0.2,1.83
ORD0003619,CUST00528,2022-09-14,Delivered,Credit Card,0.0,10.75
ORD0003620,CUST00471,2024-08-04,Cancelled,PayPal,0.0,13.71
ORD0003621,CUST01932,2024-10-25,Delivered,Debit Card,0.05,3.52
ORD0003622,CUST00002,2024-12-12,Delivered,Wallet,0.05,6.9
ORD0003623,CUST01986,2024-07-16,Cancelled,Credit Card,0.0,7.91
ORD0003624,CUST01490,2024-08-28,Delivered,Net Banking,0.0,8.46
ORD0003625,CUST01868,2022-10-23,Returned,PayPal,0.05,2.72
ORD0003626,CUST00585,2023-04-04,Returned,PayPal,0.0,2.85
ORD0003627,CUST00401,2024-07-15,Delivered,Wallet,0.1,1.48
ORD0003628,CUST01698,2024-09-28,Delivered,PayPal,0.0,2.22
ORD0003629,CUST00771,2023-11-12,Delivered,Debit Card,0.0,0.06
ORD0003630,CUST00984,2024-12-07,Delivered,Credit Card,0.05,13.84
ORD0003631,CUST01866,2024-12-24,Delivered,Net Banking,0.05,14.14
ORD0003632,CUST01744,2023-09-23,Delivered,Wallet,0.05,2.69
ORD0003633,CUST00787,2024-06-21,Delivered,PayPal,0.1,2.15
ORD0003634,CUST00731,2024-03-16,Delivered,Credit Card,0.0,13.97
ORD0003635,CUST00897,2024-08-07,Delivered,Debit Card,0.1,3.33
ORD0003636,CUST00754,2022-07-03,Delivered,Debit Card,0.0,5.79
ORD0003637,CUST00490,2024-09-08,Processing,PayPal,0.0,12.86
ORD0003638,CUST01030,2024-01-14,Returned,Credit Card,0.0,13.89
ORD0003639,CUST00326,2023-08-11,Delivered,UPI,0.2,14.58
ORD0003640,CUST00286,2024-11-20,Cancelled,Debit Card,0.1,14.33
ORD0003641,CUST00051,2024-01-13,Delivered,Wallet,0.1,4.42
ORD0003642,CUST00668,2024-07-07,Returned,PayPal,0.1,14.31
ORD0003643,CUST01233,2024-07-14,Delivered,Net Banking,0.0,14.28
ORD0003644,CUST00462,2024-06-12,Processing,PayPal,0.15,2.38
ORD0003645,CUST00343,2024-06-19,Cancelled,Credit Card,0.05,7.4
ORD0003646,CUST01925,2023-12-26,Delivered,Debit Card,0.0,10.38
ORD0003647,CUST01987,2024-09-01,Delivered,Net Banking,0.05,0.79
ORD0003648,CUST01265,2024-01-28,Delivered,PayPal,0.05,12.76
ORD0003649,CUST00252,2023-07-20,Delivered,Net Banking,0.0,9.04
ORD0003650,CUST01582,2023-09-19,Delivered,Credit Card,0.0,1.4
ORD0003651,CUST01722,2024-06-17,Delivered,Credit Card,0.2,10.56
ORD0003652,CUST00494,2023-06-28,Delivered,PayPal,0.1,14.79
ORD0003653,CUST00539,2024-12-04,Delivered,UPI,0.1,8.62
ORD0003654,CUST01295,2024-04-02,Delivered,PayPal,0.0,3.19
ORD0003655,CUST00524,2024-09-11,Processing,Net Banking,0.15,4.92
ORD0003656,CUST00477,2024-04-03,Delivered,Net Banking,0.0,0.09
ORD0003657,CUST01392,2024-12-18,Delivered,UPI,0.0,1.07
ORD0003658,CUST00900,2023-11-08,Delivered,Debit Card,0.0,10.92
ORD0003659,CUST00152,2024-10-22,Returned,Credit Card,0.0,5.49
ORD0003660,CUST01401,2024-11-24,Delivered,UPI,0.0,4.1
ORD0003661,CUST01087,2023-09-08,Delivered,Debit Card,0.1,2.31
ORD0003662,CUST00159,2024-10-11,Delivered,Debit Card,0.0,14.24
ORD0003663,CUST00844,2024-01-23,Delivered,UPI,0.05,12.0
ORD0003664,CUST01997,2024-03-29,Returned,UPI,0.1,5.18
ORD0003665,CUST01898,2023-03-30,Delivered,UPI,0.0,9.56
ORD0003666,CUST00130,2024-10-02,Delivered,Wallet,0.0,10.34
ORD0003667,CUST00018,2024-09-26,Delivered,PayPal,0.05,11.8
ORD0003668,CUST00013,2022-10-09,Delivered,Credit Card,0.0,2.54
ORD0003669,CUST00086,2024-06-16,Delivered,Credit Card,0.1,13.84
ORD0003670,CUST01488,2024-10-01,Delivered,UPI,0.1,6.55
ORD0003671,CUST00577,2024-11-09,Delivered,UPI,0.0,3.44
ORD0003672,CUST00744,2023-08-30,Delivered,Debit Card,0.0,13.68
ORD0003673,CUST00129,2024-02-24,Delivered,PayPal,0.1,3.8
ORD0003674,CUST00670,2024-09-28,Processing,Wallet,0.1,2.35
ORD0003675,CUST00679,2024-10-18,Delivered,PayPal,0.0,0.03
ORD0003676,CUST00368,2023-09-30,Delivered,PayPal,0.05,4.31
ORD0003677,CUST00317,2022-08-27,Delivered,Net Banking,0.1,12.03
ORD0003678,CUST01594,2024-12-22,Delivered,UPI,0.1,4.2
ORD0003679,CUST01136,2024-03-31,Delivered,Credit Card,0.0,0.66
ORD0003680,CUST00855,2024-05-22,Returned,UPI,0.1,2.62
ORD0003681,CUST01739,2024-01-16,Cancelled,Net Banking,0.0,8.97
ORD0003682,CUST01772,2024-09-24,Processing,Wallet,0.2,7.53
ORD0003683,CUST00705,2024-02-08,Delivered,Debit Card,0.15,10.32
ORD0003684,CUST01529,2023-10-06,Delivered,UPI,0.0,11.55
ORD0003685,CUST01572,2024-07-07,Delivered,Wallet,0.0,8.01
ORD0003686,CUST01574,2024-06-15,Delivered,UPI,0.0,10.33
ORD0003687,CUST00388,2023-09-21,Delivered,Credit Card,0.0,12.75
ORD0003688,CUST01550,2024-09-16,Delivered,Debit Card,0.15,8.31
ORD0003689,CUST01617,2024-08-18,Delivered,UPI,0.0,6.26
ORD0003690,CUST00622,2024-10-05,Cancelled,Credit Card,0.0,14.6
ORD0003691,CUST01844,2024-01-06,Delivered,Credit Card,0.05,1.49
ORD0003692,CUST01896,2023-01-22,Delivered,Credit Card,0.1,9.55
ORD0003693,CUST00329,2024-10-18,Delivered,UPI,0.0,13.13
ORD0003694,CUST01804,2024-04-02,Delivered,UPI,0.0,12.3
ORD0003695,CUST00079,2024-12-14,Cancelled,Credit Card,0.05,0.93
ORD0003696,CUST00073,2024-11-02,Delivered,Credit Card,0.0,10.16
ORD0003697,CUST00300,2024-06-01,Delivered,Net Banking,0.05,0.13
ORD0003698,CUST01785,2024-03-10,Returned,Debit Card,0.05,10.42
ORD0003699,CUST00163,2024-12-29,Delivered,Net Banking,0.0,7.54
ORD0003700,CUST00275,2024-12-13,Delivered,Wallet,0.1,14.92
ORD0003701,CUST00577,2023-02-03,Delivered,Wallet,0.0,7.59
ORD0003702,CUST01707,2024-05-24,Cancelled,PayPal,0.15,7.98
ORD0003703,CUST00600,2024-06-30,Returned,Net Banking,0.0,14.23
ORD0003704,CUST00939,2024-10-04,Delivered,Debit Card,0.05,2.81
ORD0003705,CUST00251,2024-05-18,Delivered,Net Banking,0.0,9.17
ORD0003706,CUST01079,2024-07-07,Returned,Net Banking,0.0,11.08
ORD0003707,CUST00779,2024-07-01,Cancelled,UPI,0.2,8.92
ORD0003708,CUST00067,2024-11-19,Delivered,Debit Card,0.1,8.92
ORD0003709,CUST00360,2024-08-21,Delivered,Net Banking,0.0,10.79
ORD0003710,CUST01512,2024-04-07,Delivered,UPI,0.0,3.56
ORD0003711,CUST00843,2024-03-09,Cancelled,Wallet,0.1,2.65
ORD0003712,CUST01187,2024-10-12,Delivered,Net Banking,0.05,7.13
ORD0003713,CUST00442,2023-08-23,Cancelled,Wallet,0.1,8.77
ORD0003714,CUST00437,2024-05-15,Returned,Debit Card,0.0,12.83
ORD0003715,CUST00290,2024-03-22,Delivered,Wallet,0.05,10.56
ORD0003716,CUST00211,2024-01-25,Delivered,Debit Card,0.1,0.71
ORD0003717,CUST01262,2024-11-06,Delivered,Debit Card,0.15,14.95
ORD0003718,CUST01764,2023-05-31,Delivered,Net Banking,0.05,3.55
ORD0003719,CUST00656,2024-02-27,Delivered,PayPal,0.1,4.68
ORD0003720,CUST00204,2024-12-24,Delivered,Wallet,0.1,11.77
ORD0003721,CUST01127,2024-06-24,Returned,Wallet,0.0,1.33
ORD0003722,CUST01638,2024-12-15,Delivered,Wallet,0.05,10.05
ORD0003723,CUST00061,2022-11-13,Delivered,PayPal,0.0,12.22
ORD0003724,CUST01841,2024-11-25,Returned,PayPal,0.1,13.02
ORD0003725,CUST01552,2024-03-07,Cancelled,Debit Card,0.0,10.59
ORD0003726,CUST01505,2024-02-26,Delivered,UPI,0.05,6.06
ORD0003727,CUST01695,2024-12-13,Delivered,UPI,0.1,6.42
ORD0003728,CUST01313,2024-09-04,Delivered,Wallet,0.15,2.22
ORD0003729,CUST01051,2024-11-15,Delivered,Wallet,0.0,3.14
ORD0003730,CUST00556,2024-06-16,Delivered,Debit Card,0.0,10.09
ORD0003731,CUST01165,2024-03-28,Delivered,Debit Card,0.05,4.78
ORD0003732,CUST01352,2024-10-22,Delivered,Credit Card,0.05,5.81
ORD0003733,CUST01214,2024-07-06,Delivered,Wallet,0.05,2.18
ORD0003734,CUST01214,2024-11-23,Returned,Credit Card,0.05,14.3
ORD0003735,CUST00006,2022-10-23,Returned,UPI,0.2,11.06
ORD0003736,CUST01977,2024-12-25,Delivered,PayPal,0.05,11.24
ORD0003737,CUST01223,2022-09-19,Delivered,Net Banking,0.1,3.37
ORD0003738,CUST00999,2024-12-22,Delivered,Credit Card,0.0,12.69
ORD0003739,CUST00668,2024-03-17,Delivered,UPI,0.1,10.15
ORD0003740,CUST00506,2024-04-30,Delivered,Credit Card,0.0,12.92
ORD0003741,CUST00225,2024-08-12,Delivered,PayPal,0.0,3.78
ORD0003742,CUST01779,2022-12-08,Delivered,PayPal,0.0,0.35
ORD0003743,CUST01462,2024-10-08,Delivered,Wallet,0.05,14.42
ORD0003744,CUST01434,2024-11-05,Delivered,Debit Card,0.0,1.72
ORD0003745,CUST01832,2024-09-13,Cancelled,UPI,0.05,14.38
ORD0003746,CUST00119,2024-05-06,Delivered,Debit Card,0.0,4.66
ORD0003747,CUST00662,2024-12-20,Delivered,UPI,0.05,10.35
ORD0003748,CUST00601,2024-07-17,Cancelled,PayPal,0.0,1.3
ORD0003749,CUST01712,2023-10-14,Delivered,Credit Card,0.1,6.36
ORD0003750,CUST01566,2024-04-20,Cancelled,UPI,0.1,12.27
ORD0003751,CUST00903,2024-08-18,Delivered,Credit Card,0.0,0.5
ORD0003752,CUST01535,2024-09-04,Delivered,Credit Card,0.2,13.53
ORD0003753,CUST01275,2024-04-28,Delivered,Debit Card,0.1,7.16
ORD0003754,CUST00433,2024-07-17,Delivered,UPI,0.05,4.22
ORD0003755,CUST00973,2024-11-23,Returned,Wallet,0.05,9.33
ORD0003756,CUST01282,2024-10-02,Delivered,PayPal,0.05,6.98
ORD0003757,CUST00178,2024-12-09,Cancelled,PayPal,0.05,6.25
ORD0003758,CUST01639,2024-09-14,Delivered,PayPal,0.05,1.45
ORD0003759,CUST01971,2024-06-22,Delivered,Net Banking,0.15,14.57
ORD0003760,CUST00124,2023-10-24,Processing,Debit Card,0.15,3.92
ORD0003761,CUST01504,2024-11-13,Processing,Credit Card,0.0,14.98
ORD0003762,CUST01719,2024-09-10,Delivered,UPI,0.0,0.8
ORD0003763,CUST01611,2024-12-17,Delivered,UPI,0.1,0.81
ORD0003764,CUST00144,2024-02-02,Delivered,UPI,0.05,7.36
ORD0003765,CUST00615,2024-12-13,Delivered,PayPal,0.1,10.82
ORD0003766,CUST00502,2023-10-08,Delivered,Credit Card,0.2,0.48
ORD0003767,CUST00573,2024-07-10,Processing,Debit Card,0.05,6.07
ORD0003768,CUST01481,2024-11-10,Delivered,Wallet,0.0,2.24
ORD0003769,CUST01643,2024-03-14,Delivered,UPI,0.05,2.44
ORD0003770,CUST01241,2024-10-11,Delivered,Wallet,0.2,9.15
ORD0003771,CUST00279,2024-01-06,Cancelled,Debit Card,0.05,1.21
ORD0003772,CUST01571,2023-09-25,Processing,UPI,0.1,10.26
ORD0003773,CUST01408,2023-10-30,Delivered,PayPal,0.1,8.8
ORD0003774,CUST00352,2024-11-16,Delivered,Credit Card,0.0,14.84
ORD0003775,CUST01596,2024-11-11,Delivered,Debit Card,0.1,6.63
ORD0003776,CUST00198,2024-12-20,Cancelled,Debit Card,0.05,0.99
ORD0003777,CUST01478,2024-11-14,Delivered,UPI,0.15,9.55
ORD0003778,CUST01183,2024-11-11,Delivered,PayPal,0.0,4.59
ORD0003779,CUST01944,2024-01-27,Delivered,Debit Card,0.2,9.1
ORD0003780,CUST01840,2024-07-13,Returned,Net Banking,0.0,1.32
ORD0003781,CUST01428,2024-04-20,Delivered,Debit Card,0.0,0.12
ORD0003782,CUST00965,2022-12-21,Delivered,PayPal,0.0,5.58
ORD0003783,CUST01188,2023-02-08,Delivered,PayPal,0.2,3.08
ORD0003784,CUST00040,2024-11-19,Delivered,UPI,0.0,4.59
ORD0003785,CUST01172,2023-09-05,Returned,Wallet,0.0,9.7
ORD0003786,CUST01351,2023-12-13,Delivered,Wallet,0.0,3.8
ORD0003787,CUST01650,2024-04-26,Delivered,Credit Card,0.2,0.73
ORD0003788,CUST01387,2024-12-22,Delivered,UPI,0.0,9.83
ORD0003789,CUST00980,2024-11-18,Delivered,Wallet,0.15,3.36
ORD0003790,CUST00914,2024-04-15,Delivered,Wallet,0.0,11.95
ORD0003791,CUST00252,2023-12-22,Delivered,UPI,0.15,14.5
ORD0003792,CUST00370,2023-03-31,Delivered,Wallet,0.0,9.05
ORD0003793,CUST00273,2023-05-05,Delivered,UPI,0.05,14.13
ORD0003794,CUST01366,2023-06-04,Cancelled,Debit Card,0.15,8.91
ORD0003795,CUST01474,2024-02-15,Delivered,Debit Card,0.05,8.02
ORD0003796,CUST01374,2024-11-30,Delivered,Credit Card,0.05,7.99
ORD0003797,CUST01336,2024-07-24,Delivered,Net Banking,0.15,14.24
ORD0003798,CUST00741,2023-06-27,Delivered,Wallet,0.0,6.37
ORD0003799,CUST01021,2024-08-15,Delivered,Net Banking,0.0,4.11
ORD0003800,CUST00434,2023-03-06,Delivered,Debit Card,0.0,14.17
ORD0003801,CUST01655,2024-10-18,Delivered,Credit Card,0.05,0.17
ORD0003802,CUST01041,2024-10-16,Delivered,Credit Card,0.15,0.41
ORD0003803,CUST00330,2024-09-19,Delivered,PayPal,0.15,10.35
ORD0003804,CUST01477,2024-09-25,Delivered,PayPal,0.0,14.27
ORD0003805,CUST01267,2024-06-08,Delivered,UPI,0.1,7.49
ORD0003806,CUST01783,2024-11-22,Delivered,PayPal,0.0,14.01
ORD0003807,CUST00303,2024-12-30,Delivered,PayPal,0.05,11.13
ORD0003808,CUST01838,2024-06-11,Delivered,Net Banking,0.0,5.66
ORD0003809,CUST01825,2022-10-13,Delivered,Credit Card,0.2,7.47
ORD0003810,CUST01901,2024-06-13,Delivered,Wallet,0.05,2.35
ORD0003811,CUST00653,2024-11-04,Cancelled,Debit Card,0.0,2.72
ORD0003812,CUST00634,2024-11-28,Delivered,Net Banking,0.0,8.62
ORD0003813,CUST00408,2024-05-24,Cancelled,Credit Card,0.0,4.75
ORD0003814,CUST01512,2024-11-04,Delivered,PayPal,0.05,10.63
ORD0003815,CUST00843,2024-02-14,Delivered,Debit Card,0.0,7.78
ORD0003816,CUST00929,2023-02-25,Processing,Net Banking,0.1,11.92
ORD0003817,CUST00142,2023-10-15,Delivered,Net Banking,0.05,8.75
ORD0003818,CUST00016,2024-11-23,Delivered,Credit Card,0.05,5.41
ORD0003819,CUST00657,2023-11-25,Returned,Debit Card,0.05,11.16
ORD0003820,CUST01438,2024-11-08,Delivered,Net Banking,0.1,8.51
ORD0003821,CUST01123,2023-03-11,Delivered,Debit Card,0.0,8.15
ORD0003822,CUST01314,2023-09-25,Delivered,Net Banking,0.0,6.86
ORD0003823,CUST00314,2023-09-14,Delivered,Wallet,0.1,0.71
ORD0003824,CUST01329,2024-07-29,Delivered,Credit Card,0.0,5.41
ORD0003825,CUST00887,2023-06-05,Returned,Credit Card,0.1,14.77
ORD0003826,CUST00877,2023-07-04,Delivered,Debit Card,0.15,12.39
ORD0003827,CUST00632,2024-03-03,Delivered,Net Banking,0.05,12.65
ORD0003828,CUST01781,2024-08-05,Delivered,Net Banking,0.1,10.98
ORD0003829,CUST00146,2024-04-18,Delivered,Debit Card,0.1,2.53
ORD0003830,CUST00268,2023-12-20,Delivered,Debit Card,0.1,3.52
ORD0003831,CUST00016,2024-10-21,Cancelled,Credit Card,0.05,14.95
ORD0003832,CUST01006,2022-11-04,Delivered,Debit Card,0.0,11.07
ORD0003833,CUST01297,2023-06-24,Returned,UPI,0.05,14.47
ORD0003834,CUST00102,2024-09-15,Delivered,Wallet,0.05,5.25
ORD0003835,CUST01748,2024-03-25,Delivered,Wallet,0.1,11.2
ORD0003836,CUST01898,2024-09-06,Cancelled,Net Banking,0.1,14.7
ORD0003837,CUST01348,2024-08-01,Delivered,Credit Card,0.05,0.06
ORD0003838,CUST01099,2024-10-27,Delivered,Wallet,0.1,4.99
ORD0003839,CUST00739,2024-12-30,Delivered,Net Banking,0.0,0.68
ORD0003840,CUST01832,2024-12-11,Delivered,Debit Card,0.05,5.72
ORD0003841,CUST01059,2023-08-08,Delivered,Net Banking,0.1,14.11
ORD0003842,CUST00169,2024-12-13,Delivered,Debit Card,0.1,5.18
ORD0003843,CUST01837,2023-09-18,Delivered,UPI,0.05,2.81
ORD0003844,CUST00913,2023-02-21,Delivered,Net Banking,0.0,13.33
ORD0003845,CUST00329,2023-12-29,Delivered,Wallet,0.05,14.21
ORD0003846,CUST00630,2024-11-25,Delivered,Debit Card,0.15,9.15
ORD0003847,CUST01528,2024-02-10,Delivered,UPI,0.0,8.85
ORD0003848,CUST00538,2024-09-18,Delivered,Credit Card,0.0,8.96
ORD0003849,CUST01199,2024-11-24,Cancelled,Credit Card,0.0,5.54
ORD0003850,CUST00638,2023-11-22,Delivered,Credit Card,0.2,10.06
ORD0003851,CUST01243,2023-08-08,Delivered,Debit Card,0.0,7.38
ORD0003852,CUST00778,2024-11-07,Processing,UPI,0.0,3.42
ORD0003853,CUST00182,2023-12-14,Delivered,Net Banking,0.05,1.03
ORD0003854,CUST00987,2024-09-12,Delivered,PayPal,0.2,1.52
ORD0003855,CUST00670,2024-10-28,Delivered,UPI,0.15,8.24
ORD0003856,CUST01833,2024-10-31,Delivered,Net Banking,0.0,4.66
ORD0003857,CUST00401,2024-05-13,Returned,UPI,0.05,13.92
ORD0003858,CUST00045,2024-10-02,Delivered,PayPal,0.1,5.36
ORD0003859,CUST00433,2024-07-12,Delivered,UPI,0.05,3.59
ORD0003860,CUST00537,2024-02-14,Delivered,Credit Card,0.05,4.98
ORD0003861,CUST00731,2024-04-25,Delivered,UPI,0.0,11.36
ORD0003862,CUST00108,2024-04-20,Returned,Net Banking,0.2,7.02
ORD0003863,CUST00198,2024-09-17,Delivered,Net Banking,0.0,8.81
ORD0003864,CUST01298,2024-01-07,Returned,Net Banking,0.1,8.42
ORD0003865,CUST00530,2023-11-18,Delivered,PayPal,0.15,1.37
ORD0003866,CUST00890,2024-03-20,Delivered,Wallet,0.1,14.67
ORD0003867,CUST01813,2023-10-05,Delivered,Debit Card,0.0,8.1
ORD0003868,CUST00532,2024-11-02,Delivered,Net Banking,0.05,2.81
ORD0003869,CUST01795,2023-06-03,Delivered,UPI,0.0,4.18
ORD0003870,CUST00939,2023-11-15,Delivered,Debit Card,0.0,7.72
ORD0003871,CUST00877,2024-03-09,Delivered,UPI,0.0,0.87
ORD0003872,CUST00344,2024-06-02,Delivered,Wallet,0.0,11.4
ORD0003873,CUST01313,2024-06-22,Delivered,Wallet,0.0,7.67
ORD0003874,CUST01038,2024-12-02,Delivered,UPI,0.0,13.28
ORD0003875,CUST01922,2023-07-03,Delivered,PayPal,0.15,2.59
ORD0003876,CUST00401,2024-08-23,Returned,Credit Card,0.05,14.1
ORD0003877,CUST01991,2024-07-30,Delivered,UPI,0.2,11.69
ORD0003878,CUST01361,2024-08-02,Delivered,Credit Card,0.0,2.44
ORD0003879,CUST01762,2024-03-09,Delivered,Debit Card,0.0,2.3
ORD0003880,CUST00537,2023-12-13,Cancelled,Debit Card,0.05,9.42
ORD0003881,CUST00655,2023-05-26,Cancelled,Wallet,0.0,0.55
ORD0003882,CUST01114,2024-08-16,Delivered,Credit Card,0.05,11.49
ORD0003883,CUST01857,2023-05-06,Delivered,PayPal,0.0,5.33
ORD0003884,CUST00394,2024-09-12,Delivered,Wallet,0.1,2.82
ORD0003885,CUST00170,2024-10-28,Delivered,Wallet,0.0,8.22
ORD0003886,CUST00282,2024-05-26,Processing,Wallet,0.15,7.04
ORD0003887,CUST01800,2022-12-13,Delivered,Wallet,0.0,8.75
ORD0003888,CUST01043,2024-03-30,Processing,PayPal,0.05,0.19
ORD0003889,CUST01167,2023-08-01,Delivered,Net Banking,0.2,14.97
ORD0003890,CUST01151,2024-02-17,Delivered,Debit Card,0.0,14.45
ORD0003891,CUST00291,2023-11-28,Delivered,UPI,0.0,12.72
ORD0003892,CUST01841,2024-11-28,Delivered,Debit Card,0.0,13.19
ORD0003893,CUST01239,2023-12-08,Delivered,UPI,0.05,12.14
ORD0003894,CUST01872,2024-04-30,Delivered,UPI,0.1,5.32
ORD0003895,CUST01915,2024-09-15,Delivered,PayPal,0.1,11.24
ORD0003896,CUST00899,2024-12-09,Delivered,Debit Card,0.0,10.2
ORD0003897,CUST01123,2023-08-31,Delivered,PayPal,0.05,13.01
ORD0003898,CUST00386,2023-03-20,Delivered,PayPal,0.0,2.51
ORD0003899,CUST00888,2023-09-05,Delivered,Credit Card,0.05,11.35
ORD0003900,CUST00237,2024-03-28,Delivered,Wallet,0.2,1.56
ORD0003901,CUST00715,2022-11-21,Delivered,Wallet,0.1,3.99
ORD0003902,CUST00522,2022-09-27,Cancelled,UPI,0.0,4.55
ORD0003903,CUST01433,2024-09-07,Delivered,PayPal,0.0,3.18
ORD0003904,CUST00929,2023-07-18,Delivered,PayPal,0.0,10.09
ORD0003905,CUST00040,2024-12-19,Delivered,Credit Card,0.05,2.48
ORD0003906,CUST00252,2023-03-05,Cancelled,Net Banking,0.1,0.59
ORD0003907,CUST01446,2024-03-02,Delivered,PayPal,0.1,13.0
ORD0003908,CUST00159,2023-03-03,Delivered,Debit Card,0.05,1.76
ORD0003909,CUST00490,2024-10-15,Delivered,UPI,0.0,0.77
ORD0003910,CUST00407,2024-09-09,Delivered,Wallet,0.0,1.72
ORD0003911,CUST00016,2024-08-02,Cancelled,UPI,0.0,8.63
ORD0003912,CUST00144,2024-12-01,Delivered,UPI,0.0,7.55
ORD0003913,CUST00845,2024-11-19,Delivered,PayPal,0.0,13.25
ORD0003914,CUST01315,2023-09-04,Delivered,Credit Card,0.0,5.34
ORD0003915,CUST01759,2024-11-21,Delivered,Credit Card,0.05,3.11
ORD0003916,CUST00171,2024-09-16,Delivered,Wallet,0.0,2.04
ORD0003917,CUST01702,2024-05-14,Delivered,Debit Card,0.0,12.36
ORD0003918,CUST01739,2023-12-25,Delivered,PayPal,0.05,8.25
ORD0003919,CUST00591,2024-09-03,Delivered,Wallet,0.15,9.61
ORD0003920,CUST00632,2023-09-09,Processing,Credit Card,0.05,13.25
ORD0003921,CUST00404,2024-01-03,Delivered,Debit Card,0.0,9.76
ORD0003922,CUST00257,2024-01-10,Cancelled,Debit Card,0.05,12.32
ORD0003923,CUST01496,2023-12-22,Delivered,PayPal,0.15,10.26
ORD0003924,CUST00981,2024-01-24,Delivered,Debit Card,0.05,5.8
ORD0003925,CUST00423,2024-02-14,Delivered,Net Banking,0.05,11.05
ORD0003926,CUST00248,2024-12-02,Delivered,Net Banking,0.0,4.25
ORD0003927,CUST00245,2023-09-29,Delivered,Credit Card,0.0,14.62
ORD0003928,CUST00816,2024-03-06,Returned,Debit Card,0.05,12.61
ORD0003929,CUST00784,2023-03-20,Delivered,Debit Card,0.0,9.31
ORD0003930,CUST01081,2024-12-18,Delivered,PayPal,0.05,11.95
ORD0003931,CUST00392,2024-06-09,Returned,Debit Card,0.15,4.28
ORD0003932,CUST00961,2024-04-24,Delivered,Debit Card,0.1,13.56
ORD0003933,CUST00952,2024-10-17,Delivered,Debit Card,0.0,3.64
ORD0003934,CUST01384,2024-10-14,Delivered,Debit Card,0.1,9.4
ORD0003935,CUST00959,2023-09-27,Processing,Debit Card,0.15,3.69
ORD0003936,CUST00374,2023-04-21,Delivered,UPI,0.0,4.94
ORD0003937,CUST00772,2024-02-16,Delivered,UPI,0.0,2.33
ORD0003938,CUST00634,2024-12-17,Delivered,Wallet,0.1,4.48
ORD0003939,CUST00104,2023-11-17,Returned,Credit Card,0.05,3.13
ORD0003940,CUST00594,2023-08-02,Delivered,Credit Card,0.05,10.51
ORD0003941,CUST01282,2023-12-22,Processing,PayPal,0.2,8.57
ORD0003942,CUST00490,2023-05-25,Delivered,Net Banking,0.1,2.49
ORD0003943,CUST02000,2024-12-11,Delivered,UPI,0.15,1.3
ORD0003944,CUST01657,2023-10-29,Delivered,Wallet,0.0,7.89
ORD0003945,CUST00477,2024-05-02,Delivered,UPI,0.0,0.21
ORD0003946,CUST01899,2023-03-02,Delivered,PayPal,0.15,9.01
ORD0003947,CUST00738,2024-11-02,Delivered,UPI,0.0,3.51
ORD0003948,CUST01613,2024-10-24,Delivered,Net Banking,0.05,4.12
ORD0003949,CUST01623,2023-03-10,Delivered,Net Banking,0.15,9.73
ORD0003950,CUST01876,2023-04-11,Returned,PayPal,0.0,5.76
ORD0003951,CUST01823,2024-09-02,Delivered,UPI,0.05,7.64
ORD0003952,CUST01102,2024-01-31,Returned,PayPal,0.1,6.43
ORD0003953,CUST00928,2022-07-18,Delivered,UPI,0.05,7.93
ORD0003954,CUST01580,2024-07-29,Processing,Net Banking,0.05,2.98
ORD0003955,CUST00477,2024-03-12,Processing,Debit Card,0.05,14.97
ORD0003956,CUST00233,2022-06-30,Delivered,Debit Card,0.1,4.67
ORD0003957,CUST01162,2024-11-27,Delivered,Debit Card,0.05,11.95
ORD0003958,CUST01558,2024-08-01,Cancelled,UPI,0.05,7.89
ORD0003959,CUST00530,2023-04-17,Delivered,Credit Card,0.0,2.97
ORD0003960,CUST01590,2024-04-24,Returned,Credit Card,0.0,5.81
ORD0003961,CUST01631,2024-10-02,Processing,Net Banking,0.15,7.33
ORD0003962,CUST01095,2024-05-30,Delivered,Debit Card,0.05,11.71
ORD0003963,CUST00669,2024-05-03,Delivered,PayPal,0.15,7.48
ORD0003964,CUST01748,2023-12-25,Delivered,Credit Card,0.05,10.61
ORD0003965,CUST01387,2024-12-30,Delivered,Wallet,0.0,10.51
ORD0003966,CUST01888,2024-07-19,Delivered,Credit Card,0.05,10.46
ORD0003967,CUST01489,2024-10-26,Delivered,UPI,0.1,0.59
ORD0003968,CUST00787,2024-09-24,Delivered,PayPal,0.1,5.93
ORD0003969,CUST01989,2024-02-13,Returned,UPI,0.0,0.27
ORD0003970,CUST00393,2024-02-25,Delivered,Net Banking,0.05,12.12
ORD0003971,CUST00943,2024-01-05,Delivered,Wallet,0.0,13.73
ORD0003972,CUST01033,2024-02-05,Delivered,Wallet,0.1,7.75
ORD0003973,CUST00766,2024-06-05,Delivered,Wallet,0.15,10.35
ORD0003974,CUST01846,2024-10-31,Delivered,Credit Card,0.1,8.48
ORD0003975,CUST01004,2024-11-26,Returned,PayPal,0.0,12.51
ORD0003976,CUST01507,2024-01-21,Delivered,Net Banking,0.0,7.33
ORD0003977,CUST00293,2024-03-02,Delivered,PayPal,0.05,5.86
ORD0003978,CUST01563,2024-08-20,Cancelled,Debit Card,0.05,11.53
ORD0003979,CUST00780,2024-08-09,Delivered,UPI,0.15,1.19
ORD0003980,CUST00652,2024-03-12,Delivered,Wallet,0.1,8.56
ORD0003981,CUST01276,2024-09-17,Delivered,Net Banking,0.0,9.49
ORD0003982,CUST00198,2024-12-23,Delivered,Debit Card,0.0,11.92
ORD0003983,CUST00692,2023-10-21,Delivered,PayPal,0.05,4.43
ORD0003984,CUST01058,2024-04-18,Returned,Net Banking,0.0,1.69
ORD0003985,CUST01887,2023-09-23,Returned,Debit Card,0.0,0.33
ORD0003986,CUST00434,2024-01-19,Processing,Net Banking,0.1,9.96
ORD0003987,CUST00896,2023-05-02,Returned,Debit Card,0.1,3.23
ORD0003988,CUST01028,2024-10-07,Delivered,PayPal,0.0,11.65
ORD0003989,CUST01646,2024-09-26,Processing,Credit Card,0.0,14.65
ORD0003990,CUST00944,2024-12-28,Delivered,UPI,0.0,8.49
ORD0003991,CUST01251,2024-05-29,Cancelled,Net Banking,0.05,12.68
ORD0003992,CUST00040,2024-12-21,Delivered,Credit Card,0.0,3.23
ORD0003993,CUST00142,2023-04-29,Processing,Net Banking,0.1,0.51
ORD0003994,CUST00766,2024-03-22,Delivered,PayPal,0.0,4.47
ORD0003995,CUST01393,2023-01-08,Delivered,Wallet,0.15,6.73
ORD0003996,CUST00317,2023-05-20,Delivered,PayPal,0.0,8.11
ORD0003997,CUST01156,2023-08-20,Delivered,Credit Card,0.05,11.16
ORD0003998,CUST00010,2024-01-14,Delivered,Net Banking,0.1,14.71
ORD0003999,CUST01328,2024-08-25,Cancelled,PayPal,0.05,6.31
ORD0004000,CUST00666,2023-09-16,Returned,PayPal,0.0,7.58
ORD0004001,CUST01041,2024-06-14,Cancelled,UPI,0.05,13.02
ORD0004002,CUST01683,2023-10-20,Delivered,Net Banking,0.1,2.69
ORD0004003,CUST00544,2024-01-26,Delivered,Wallet,0.0,9.25
ORD0004004,CUST00296,2023-08-11,Delivered,Debit Card,0.05,4.89
ORD0004005,CUST01087,2024-06-28,Delivered,Credit Card,0.2,4.11
ORD0004006,CUST00912,2024-11-15,Delivered,Wallet,0.05,10.82
ORD0004007,CUST01944,2024-07-17,Processing,Wallet,0.15,8.09
ORD0004008,CUST01406,2023-10-27,Delivered,UPI,0.1,8.02
ORD0004009,CUST01686,2024-06-26,Delivered,UPI,0.0,4.96
ORD0004010,CUST00477,2024-04-14,Delivered,Credit Card,0.0,10.15
ORD0004011,CUST01288,2024-10-24,Delivered,Net Banking,0.1,0.7
ORD0004012,CUST00895,2024-03-27,Returned,Credit Card,0.1,7.41
ORD0004013,CUST00076,2023-11-11,Processing,PayPal,0.1,5.54
ORD0004014,CUST00686,2023-04-22,Delivered,Net Banking,0.15,5.42
ORD0004015,CUST00777,2024-06-04,Delivered,Debit Card,0.0,2.39
ORD0004016,CUST00169,2024-07-29,Delivered,Wallet,0.0,11.47
ORD0004017,CUST00915,2024-06-13,Delivered,Debit Card,0.1,2.25
ORD0004018,CUST00261,2024-12-26,Delivered,Wallet,0.0,3.62
ORD0004019,CUST01060,2023-07-14,Delivered,Credit Card,0.05,7.87
ORD0004020,CUST00423,2023-12-12,Delivered,PayPal,0.1,7.66
ORD0004021,CUST00110,2023-06-07,Delivered,Net Banking,0.0,7.88
ORD0004022,CUST01488,2024-02-27,Delivered,Credit Card,0.0,8.61
ORD0004023,CUST01889,2024-05-10,Delivered,PayPal,0.1,7.53
ORD0004024,CUST00549,2024-06-15,Delivered,Debit Card,0.0,1.23
ORD0004025,CUST00627,2024-12-13,Delivered,Credit Card,0.05,8.83
ORD0004026,CUST00284,2024-08-25,Delivered,PayPal,0.1,9.84
ORD0004027,CUST01721,2024-02-14,Delivered,Debit Card,0.1,14.94
ORD0004028,CUST00976,2024-12-07,Delivered,Credit Card,0.0,3.08
ORD0004029,CUST00975,2024-08-28,Delivered,Net Banking,0.15,11.2
ORD0004030,CUST01957,2024-08-08,Cancelled,PayPal,0.0,14.95
ORD0004031,CUST00288,2024-08-14,Processing,Wallet,0.05,12.12
ORD0004032,CUST01530,2024-03-02,Delivered,Credit Card,0.05,9.31
ORD0004033,CUST00191,2024-03-20,Delivered,Debit Card,0.15,5.34
ORD0004034,CUST00228,2023-10-05,Cancelled,UPI,0.1,0.31
ORD0004035,CUST01441,2023-07-31,Returned,Wallet,0.0,12.27
ORD0004036,CUST01340,2024-10-08,Delivered,Credit Card,0.0,5.61
ORD0004037,CUST00268,2023-05-19,Delivered,PayPal,0.1,9.02
ORD0004038,CUST00761,2024-11-04,Delivered,Credit Card,0.0,12.0
ORD0004039,CUST01392,2023-11-16,Delivered,UPI,0.05,2.86
ORD0004040,CUST00071,2023-09-10,Delivered,Debit Card,0.0,5.83
ORD0004041,CUST00482,2024-06-23,Returned,Net Banking,0.1,14.32
ORD0004042,CUST01913,2024-04-20,Delivered,UPI,0.05,9.73
ORD0004043,CUST00452,2024-11-08,Delivered,Net Banking,0.0,5.0
ORD0004044,CUST01766,2023-03-16,Cancelled,UPI,0.2,0.08
ORD0004045,CUST01101,2024-02-11,Delivered,PayPal,0.2,3.54
ORD0004046,CUST01570,2023-08-21,Delivered,PayPal,0.05,6.37
ORD0004047,CUST01712,2022-10-17,Returned,Net Banking,0.0,2.72
ORD0004048,CUST01163,2024-12-02,Returned,Credit Card,0.05,11.04
ORD0004049,CUST01596,2024-05-13,Delivered,Debit Card,0.15,1.82
ORD0004050,CUST00315,2024-09-12,Delivered,Credit Card,0.15,5.91
ORD0004051,CUST01667,2023-07-26,Delivered,PayPal,0.05,6.47
ORD0004052,CUST00776,2024-12-03,Delivered,Wallet,0.05,10.98
ORD0004053,CUST00340,2024-06-11,Delivered,Credit Card,0.0,14.02
ORD0004054,CUST01046,2024-02-11,Delivered,UPI,0.0,3.6
ORD0004055,CUST00458,2024-09-08,Delivered,Debit Card,0.1,9.63
ORD0004056,CUST00551,2023-08-22,Delivered,Credit Card,0.0,7.06
ORD0004057,CUST00161,2024-08-08,Delivered,Credit Card,0.0,13.31
ORD0004058,CUST01320,2024-04-18,Delivered,Net Banking,0.1,3.23
ORD0004059,CUST01974,2024-06-16,Delivered,Wallet,0.0,5.21
ORD0004060,CUST01329,2023-12-17,Delivered,PayPal,0.0,6.91
ORD0004061,CUST01043,2024-12-05,Delivered,Net Banking,0.1,2.04
ORD0004062,CUST00576,2023-12-08,Delivered,Wallet,0.05,4.8
ORD0004063,CUST00180,2023-09-01,Delivered,Wallet,0.1,4.48
ORD0004064,CUST01262,2023-04-16,Delivered,PayPal,0.05,14.86
ORD0004065,CUST00469,2024-10-12,Delivered,UPI,0.0,5.42
ORD0004066,CUST00170,2024-01-04,Delivered,Wallet,0.0,0.57
ORD0004067,CUST01326,2024-10-06,Delivered,Wallet,0.0,8.97
ORD0004068,CUST00889,2024-10-12,Returned,PayPal,0.0,5.76
ORD0004069,CUST01447,2023-04-25,Processing,UPI,0.0,4.56
ORD0004070,CUST01199,2024-06-20,Delivered,Wallet,0.2,5.66
ORD0004071,CUST01772,2024-09-01,Delivered,Net Banking,0.05,1.42
ORD0004072,CUST01118,2024-10-14,Delivered,Wallet,0.15,4.12
ORD0004073,CUST00059,2023-11-16,Returned,Net Banking,0.1,9.97
ORD0004074,CUST01585,2023-06-02,Delivered,PayPal,0.0,8.02
ORD0004075,CUST01283,2024-09-05,Delivered,Credit Card,0.0,10.79
ORD0004076,CUST01887,2023-04-26,Cancelled,Debit Card,0.1,6.61
ORD0004077,CUST01925,2024-09-11,Delivered,UPI,0.05,9.93
ORD0004078,CUST01363,2022-12-18,Delivered,Credit Card,0.0,2.62
ORD0004079,CUST00971,2024-07-13,Delivered,Credit Card,0.05,0.27
ORD0004080,CUST00467,2024-11-23,Delivered,Wallet,0.1,2.53
ORD0004081,CUST00038,2024-04-09,Cancelled,Wallet,0.0,12.31
ORD0004082,CUST00224,2024-03-30,Delivered,Wallet,0.05,13.2
ORD0004083,CUST00592,2023-11-30,Delivered,PayPal,0.1,4.83
ORD0004084,CUST01149,2023-01-23,Delivered,Net Banking,0.1,11.17
ORD0004085,CUST01272,2024-12-28,Delivered,Credit Card,0.05,13.96
ORD0004086,CUST01520,2024-12-29,Delivered,Wallet,0.05,10.1
ORD0004087,CUST00865,2024-08-13,Delivered,Net Banking,0.05,5.68
ORD0004088,CUST01495,2024-11-03,Returned,Wallet,0.15,10.76
ORD0004089,CUST01426,2024-04-02,Delivered,PayPal,0.15,13.89
ORD0004090,CUST01005,2024-09-17,Delivered,Wallet,0.1,7.6
ORD0004091,CUST00070,2024-12-23,Returned,Debit Card,0.05,9.83
ORD0004092,CUST01716,2024-10-02,Delivered,PayPal,0.0,10.37
ORD0004093,CUST00107,2024-04-18,Delivered,PayPal,0.1,3.92
ORD0004094,CUST01798,2023-12-16,Delivered,Credit Card,0.0,9.57
ORD0004095,CUST01637,2024-09-25,Delivered,Debit Card,0.15,14.75
ORD0004096,CUST01550,2023-03-29,Delivered,Debit Card,0.05,7.47
ORD0004097,CUST01606,2024-12-07,Delivered,Wallet,0.0,9.93
ORD0004098,CUST01583,2023-07-31,Delivered,UPI,0.0,4.65
ORD0004099,CUST01441,2024-08-28,Delivered,Net Banking,0.0,7.93
ORD0004100,CUST00491,2023-06-23,Delivered,Wallet,0.0,12.88
ORD0004101,CUST01243,2024-02-27,Delivered,Credit Card,0.1,1.25
ORD0004102,CUST00127,2024-03-02,Delivered,Net Banking,0.05,6.98
ORD0004103,CUST01173,2024-11-24,Delivered,UPI,0.15,12.15
ORD0004104,CUST01194,2024-02-13,Delivered,PayPal,0.0,5.77
ORD0004105,CUST00572,2024-09-15,Returned,PayPal,0.0,4.91
ORD0004106,CUST00154,2024-12-15,Returned,Wallet,0.1,9.3
ORD0004107,CUST00397,2023-06-22,Delivered,Debit Card,0.0,7.69
ORD0004108,CUST01920,2023-09-15,Delivered,PayPal,0.0,12.71
ORD0004109,CUST00847,2024-06-24,Delivered,Credit Card,0.0,12.11
ORD0004110,CUST01281,2023-06-29,Returned,Credit Card,0.0,4.63
ORD0004111,CUST01122,2024-06-18,Delivered,Wallet,0.05,12.31
ORD0004112,CUST00036,2024-06-26,Delivered,Wallet,0.2,11.35
ORD0004113,CUST01231,2024-05-05,Delivered,Credit Card,0.05,11.69
ORD0004114,CUST00101,2024-02-04,Delivered,Credit Card,0.1,12.98
ORD0004115,CUST01549,2024-02-13,Delivered,Net Banking,0.1,1.47
ORD0004116,CUST01759,2023-08-07,Delivered,Debit Card,0.1,9.88
ORD0004117,CUST01785,2024-11-12,Delivered,Credit Card,0.05,1.67
ORD0004118,CUST00287,2024-05-31,Delivered,Debit Card,0.15,0.04
ORD0004119,CUST01553,2024-07-26,Delivered,Wallet,0.0,9.34
ORD0004120,CUST01012,2024-10-08,Delivered,Credit Card,0.05,10.23
ORD0004121,CUST00195,2024-03-23,Delivered,Debit Card,0.15,3.56
ORD0004122,CUST01855,2024-06-28,Delivered,Wallet,0.05,11.32
ORD0004123,CUST00213,2024-01-04,Returned,Credit Card,0.1,11.34
ORD0004124,CUST00355,2022-12-11,Delivered,PayPal,0.0,5.79
ORD0004125,CUST00399,2024-11-21,Delivered,Debit Card,0.05,7.85
ORD0004126,CUST00517,2023-06-13,Returned,Net Banking,0.0,10.88
ORD0004127,CUST00698,2023-07-27,Delivered,Debit Card,0.0,14.01
ORD0004128,CUST00569,2023-10-29,Delivered,UPI,0.1,6.36
ORD0004129,CUST00008,2024-04-08,Delivered,Wallet,0.0,0.5
ORD0004130,CUST01186,2024-09-23,Delivered,PayPal,0.0,9.94
ORD0004131,CUST00654,2022-05-24,Delivered,Net Banking,0.1,6.74
ORD0004132,CUST00280,2024-12-02,Returned,Wallet,0.1,6.76
ORD0004133,CUST00054,2023-10-02,Delivered,UPI,0.1,14.83
ORD0004134,CUST01897,2024-11-08,Delivered,Net Banking,0.05,14.5
ORD0004135,CUST00012,2023-11-01,Delivered,Wallet,0.05,0.77
ORD0004136,CUST01839,2024-08-06,Delivered,Debit Card,0.0,5.35
ORD0004137,CUST01301,2024-04-22,Delivered,Credit Card,0.05,3.17
ORD0004138,CUST00344,2024-08-14,Delivered,Wallet,0.0,13.7
ORD0004139,CUST01729,2024-12-07,Returned,Net Banking,0.05,12.42
ORD0004140,CUST00365,2024-02-20,Delivered,Wallet,0.05,7.02
ORD0004141,CUST00214,2024-09-09,Delivered,UPI,0.0,8.13
ORD0004142,CUST01037,2024-07-17,Cancelled,Net Banking,0.05,5.54
ORD0004143,CUST01938,2023-09-24,Delivered,Wallet,0.0,12.9
ORD0004144,CUST01195,2024-09-23,Delivered,PayPal,0.2,8.67
ORD0004145,CUST00606,2024-12-25,Delivered,Debit Card,0.0,10.45
ORD0004146,CUST01234,2024-11-17,Delivered,Wallet,0.0,3.06
ORD0004147,CUST00153,2023-12-17,Delivered,Wallet,0.15,12.91
ORD0004148,CUST00619,2024-09-03,Delivered,Credit Card,0.1,0.67
ORD0004149,CUST00305,2023-03-18,Delivered,Debit Card,0.05,3.99
ORD0004150,CUST01366,2023-06-23,Delivered,Credit Card,0.0,0.96
ORD0004151,CUST01729,2024-12-23,Delivered,PayPal,0.05,9.18
ORD0004152,CUST01376,2024-04-13,Delivered,UPI,0.0,9.81
ORD0004153,CUST00181,2023-07-13,Returned,Credit Card,0.15,14.87
ORD0004154,CUST00010,2024-06-12,Delivered,PayPal,0.0,12.57
ORD0004155,CUST01584,2023-08-13,Processing,Wallet,0.05,4.71
ORD0004156,CUST01026,2024-12-04,Delivered,Credit Card,0.15,14.86
ORD0004157,CUST01187,2024-06-29,Cancelled,PayPal,0.15,5.51
ORD0004158,CUST00102,2024-04-20,Delivered,Credit Card,0.15,14.34
ORD0004159,CUST00192,2024-11-15,Delivered,Debit Card,0.0,1.29
ORD0004160,CUST00036,2024-09-07,Cancelled,Wallet,0.1,0.72
ORD0004161,CUST01677,2024-10-01,Delivered,UPI,0.1,4.17
ORD0004162,CUST00118,2024-12-28,Delivered,PayPal,0.05,1.47
ORD0004163,CUST00441,2024-09-20,Delivered,PayPal,0.05,10.36
ORD0004164,CUST00789,2024-12-03,Delivered,Net Banking,0.0,14.47
ORD0004165,CUST00218,2024-03-08,Delivered,Net Banking,0.05,7.71
ORD0004166,CUST01789,2024-05-03,Processing,Wallet,0.1,3.57
ORD0004167,CUST01287,2024-05-09,Delivered,Net Banking,0.05,1.81
ORD0004168,CUST01115,2024-05-04,Delivered,Net Banking,0.1,9.75
ORD0004169,CUST00858,2023-02-12,Cancelled,Net Banking,0.15,0.44
ORD0004170,CUST01782,2024-11-10,Cancelled,PayPal,0.1,9.12
ORD0004171,CUST01117,2023-08-24,Returned,Wallet,0.05,14.67
ORD0004172,CUST00521,2023-10-27,Processing,Wallet,0.0,10.56
ORD0004173,CUST00622,2024-10-21,Delivered,UPI,0.15,2.55
ORD0004174,CUST01130,2024-06-30,Returned,Wallet,0.2,3.26
ORD0004175,CUST01522,2024-06-19,Delivered,PayPal,0.1,9.66
ORD0004176,CUST01716,2024-10-21,Delivered,Credit Card,0.05,6.07
ORD0004177,CUST00897,2024-10-08,Delivered,Credit Card,0.0,10.13
ORD0004178,CUST00285,2023-08-06,Delivered,UPI,0.1,6.23
ORD0004179,CUST00370,2024-06-04,Delivered,Wallet,0.05,14.37
ORD0004180,CUST00688,2024-08-02,Delivered,Debit Card,0.15,11.89
ORD0004181,CUST01690,2024-10-16,Cancelled,Credit Card,0.15,10.07
ORD0004182,CUST00089,2024-08-30,Returned,UPI,0.15,7.07
ORD0004183,CUST01116,2024-02-07,Delivered,Credit Card,0.0,5.1
ORD0004184,CUST00664,2024-11-18,Delivered,Wallet,0.2,8.33
ORD0004185,CUST01112,2024-08-04,Delivered,Debit Card,0.0,1.66
ORD0004186,CUST00746,2024-12-11,Delivered,Debit Card,0.0,9.74
ORD0004187,CUST00272,2023-08-14,Delivered,Net Banking,0.1,10.69
ORD0004188,CUST00320,2024-12-11,Processing,PayPal,0.1,5.04
ORD0004189,CUST01942,2024-08-26,Delivered,Credit Card,0.0,8.17
ORD0004190,CUST00032,2024-11-07,Delivered,Wallet,0.05,1.09
ORD0004191,CUST00309,2023-09-23,Delivered,Credit Card,0.05,1.54
ORD0004192,CUST00468,2023-12-29,Processing,UPI,0.1,10.38
ORD0004193,CUST00780,2024-09-19,Processing,Wallet,0.1,14.17
ORD0004194,CUST01915,2024-07-24,Delivered,Debit Card,0.2,3.46
ORD0004195,CUST01276,2024-12-27,Delivered,Credit Card,0.1,0.99
ORD0004196,CUST01541,2023-05-23,Returned,Wallet,0.2,8.68
ORD0004197,CUST01300,2023-01-30,Delivered,Wallet,0.0,12.95
ORD0004198,CUST00083,2023-02-20,Delivered,PayPal,0.1,5.89
ORD0004199,CUST01328,2023-10-05,Delivered,UPI,0.0,13.48
ORD0004200,CUST00411,2024-12-07,Returned,UPI,0.0,10.28
ORD0004201,CUST00472,2024-10-13,Cancelled,Credit Card,0.1,2.5
ORD0004202,CUST01776,2022-03-01,Delivered,Net Banking,0.2,12.26
ORD0004203,CUST00437,2024-12-30,Delivered,Debit Card,0.05,8.31
ORD0004204,CUST01562,2023-02-09,Delivered,PayPal,0.1,5.14
ORD0004205,CUST01192,2024-12-23,Processing,Credit Card,0.15,6.09
ORD0004206,CUST00297,2023-07-15,Delivered,Wallet,0.1,4.07
ORD0004207,CUST01098,2024-06-07,Delivered,UPI,0.1,11.67
ORD0004208,CUST00242,2024-06-19,Delivered,Net Banking,0.05,1.4
ORD0004209,CUST00132,2023-08-13,Delivered,PayPal,0.05,3.51
ORD0004210,CUST00237,2023-11-05,Delivered,PayPal,0.05,3.96
ORD0004211,CUST00354,2023-08-16,Returned,UPI,0.1,9.58
ORD0004212,CUST00494,2024-08-25,Delivered,UPI,0.0,8.39
ORD0004213,CUST01984,2023-04-28,Delivered,Credit Card,0.1,11.41
ORD0004214,CUST01686,2024-07-01,Delivered,Wallet,0.1,4.81
ORD0004215,CUST00696,2024-03-27,Delivered,Credit Card,0.0,5.19
ORD0004216,CUST01985,2024-06-22,Delivered,Wallet,0.1,6.1
ORD0004217,CUST01383,2024-07-28,Returned,Debit Card,0.0,12.27
ORD0004218,CUST01453,2024-01-04,Delivered,Debit Card,0.05,9.75
ORD0004219,CUST01536,2023-07-18,Delivered,PayPal,0.0,4.26
ORD0004220,CUST01995,2024-09-25,Returned,Net Banking,0.05,4.45
ORD0004221,CUST01991,2024-05-12,Processing,Debit Card,0.15,0.84
ORD0004222,CUST01339,2023-08-29,Delivered,Wallet,0.0,14.32
ORD0004223,CUST00874,2024-02-02,Cancelled,Credit Card,0.05,12.3
ORD0004224,CUST01449,2024-08-09,Delivered,Credit Card,0.0,9.99
ORD0004225,CUST01415,2023-10-29,Delivered,PayPal,0.05,9.99
ORD0004226,CUST00446,2024-03-22,Delivered,Credit Card,0.0,2.43
ORD0004227,CUST01493,2023-09-25,Delivered,UPI,0.05,0.92
ORD0004228,CUST00047,2024-03-03,Delivered,Debit Card,0.0,2.75
ORD0004229,CUST01951,2024-09-24,Delivered,PayPal,0.15,5.62
ORD0004230,CUST01688,2023-11-26,Returned,Net Banking,0.0,12.25
ORD0004231,CUST00578,2023-07-10,Processing,Wallet,0.05,12.4
ORD0004232,CUST01185,2024-12-02,Delivered,Wallet,0.0,10.18
ORD0004233,CUST00358,2024-11-30,Delivered,Credit Card,0.2,14.23
ORD0004234,CUST01869,2023-06-09,Delivered,Credit Card,0.15,13.12
ORD0004235,CUST00602,2022-09-12,Cancelled,Net Banking,0.05,14.94
ORD0004236,CUST01731,2023-09-15,Delivered,PayPal,0.0,8.79
ORD0004237,CUST00579,2023-12-02,Delivered,UPI,0.1,14.52
ORD0004238,CUST00949,2024-12-23,Returned,Credit Card,0.1,4.85
ORD0004239,CUST00816,2024-09-26,Delivered,PayPal,0.1,10.48
ORD0004240,CUST00965,2023-04-16,Delivered,Wallet,0.15,14.91
ORD0004241,CUST01802,2024-01-27,Delivered,PayPal,0.1,1.54
ORD0004242,CUST01880,2024-10-19,Delivered,UPI,0.1,8.34
ORD0004243,CUST00814,2023-06-10,Delivered,Credit Card,0.1,14.36
ORD0004244,CUST00241,2024-03-21,Delivered,Net Banking,0.0,2.46
ORD0004245,CUST00665,2024-01-21,Delivered,Credit Card,0.15,2.48
ORD0004246,CUST00157,2022-07-16,Delivered,Credit Card,0.1,12.1
ORD0004247,CUST00191,2024-08-05,Delivered,Credit Card,0.05,14.91
ORD0004248,CUST00528,2023-08-01,Returned,PayPal,0.05,12.84
ORD0004249,CUST00089,2024-10-29,Delivered,PayPal,0.05,6.73
ORD0004250,CUST01387,2024-12-01,Delivered,Debit Card,0.0,5.79
ORD0004251,CUST00991,2024-02-25,Delivered,Debit Card,0.0,10.51
ORD0004252,CUST00427,2024-12-20,Processing,PayPal,0.1,5.26
ORD0004253,CUST01167,2022-09-29,Delivered,Wallet,0.2,14.96
ORD0004254,CUST01959,2024-01-13,Delivered,Debit Card,0.0,6.76
ORD0004255,CUST01131,2023-09-28,Delivered,Wallet,0.0,13.13
ORD0004256,CUST00481,2024-10-28,Delivered,Wallet,0.0,0.27
ORD0004257,CUST00024,2024-10-04,Delivered,Debit Card,0.1,8.91
ORD0004258,CUST01282,2023-10-29,Delivered,Debit Card,0.05,0.07
ORD0004259,CUST00248,2024-05-31,Delivered,Net Banking,0.0,0.31
ORD0004260,CUST00341,2024-05-11,Delivered,Debit Card,0.0,4.02
ORD0004261,CUST01552,2024-07-28,Delivered,Net Banking,0.05,14.06
ORD0004262,CUST01405,2023-06-19,Delivered,Wallet,0.05,4.52
ORD0004263,CUST00093,2024-04-17,Delivered,UPI,0.1,2.95
ORD0004264,CUST00707,2024-12-25,Delivered,UPI,0.0,1.97
ORD0004265,CUST01881,2024-07-14,Returned,Debit Card,0.1,13.63
ORD0004266,CUST01007,2024-03-04,Delivered,Wallet,0.1,0.78
ORD0004267,CUST01734,2024-05-03,Delivered,Credit Card,0.0,6.0
ORD0004268,CUST00005,2024-10-06,Delivered,Wallet,0.2,9.96
ORD0004269,CUST01063,2024-09-23,Cancelled,Wallet,0.2,11.0
ORD0004270,CUST01028,2023-10-24,Delivered,Credit Card,0.2,2.77
ORD0004271,CUST01217,2024-05-30,Delivered,Credit Card,0.05,14.28
ORD0004272,CUST00315,2024-10-25,Delivered,Net Banking,0.0,9.48
ORD0004273,CUST01801,2024-08-13,Delivered,Debit Card,0.0,11.32
ORD0004274,CUST01468,2023-09-27,Cancelled,Credit Card,0.05,1.18
ORD0004275,CUST00932,2024-06-25,Returned,PayPal,0.05,1.68
ORD0004276,CUST00087,2024-11-24,Cancelled,UPI,0.1,9.42
ORD0004277,CUST01660,2023-07-14,Processing,Net Banking,0.2,12.73
ORD0004278,CUST01148,2023-07-30,Delivered,Net Banking,0.0,7.2
ORD0004279,CUST01540,2023-11-09,Delivered,Debit Card,0.0,6.62
ORD0004280,CUST00757,2024-10-29,Returned,Net Banking,0.0,9.4
ORD0004281,CUST01422,2023-03-17,Delivered,UPI,0.0,7.88
ORD0004282,CUST01729,2024-12-16,Delivered,Credit Card,0.15,9.44
ORD0004283,CUST01151,2023-12-09,Cancelled,Debit Card,0.15,8.14
ORD0004284,CUST00958,2024-06-25,Delivered,Net Banking,0.05,11.25
ORD0004285,CUST01118,2024-08-12,Delivered,PayPal,0.0,10.03
ORD0004286,CUST00469,2022-10-09,Delivered,Wallet,0.2,0.7
ORD0004287,CUST01750,2023-02-24,Delivered,Wallet,0.0,7.13
ORD0004288,CUST00142,2023-06-17,Delivered,Credit Card,0.0,10.92
ORD0004289,CUST00325,2024-01-18,Delivered,Net Banking,0.1,6.59
ORD0004290,CUST01435,2023-08-17,Delivered,Wallet,0.0,13.87
ORD0004291,CUST01601,2024-12-04,Delivered,PayPal,0.05,11.35
ORD0004292,CUST01564,2024-07-29,Delivered,Credit Card,0.0,4.88
ORD0004293,CUST00066,2024-12-18,Returned,Debit Card,0.05,14.59
ORD0004294,CUST01501,2024-09-20,Delivered,Credit Card,0.05,8.8
ORD0004295,CUST00651,2022-04-09,Delivered,Debit Card,0.0,3.46
ORD0004296,CUST01790,2024-10-24,Delivered,Wallet,0.1,14.52
ORD0004297,CUST01713,2023-03-03,Delivered,Wallet,0.1,10.93
ORD0004298,CUST00836,2024-01-10,Delivered,Net Banking,0.05,11.19
ORD0004299,CUST00248,2024-07-05,Delivered,Net Banking,0.05,13.03
ORD0004300,CUST01684,2024-12-17,Delivered,Net Banking,0.2,12.85
ORD0004301,CUST01155,2024-11-18,Delivered,Credit Card,0.0,2.64
ORD0004302,CUST00445,2024-04-11,Returned,Net Banking,0.2,1.67
ORD0004303,CUST00351,2023-08-24,Delivered,Wallet,0.1,1.53
ORD0004304,CUST00268,2024-04-08,Returned,UPI,0.0,10.09
ORD0004305,CUST00727,2024-08-16,Delivered,Debit Card,0.0,2.79
ORD0004306,CUST01561,2024-07-31,Delivered,Net Banking,0.0,5.96
ORD0004307,CUST00395,2024-09-15,Delivered,PayPal,0.05,0.75
ORD0004308,CUST00998,2024-02-20,Cancelled,PayPal,0.1,7.96
ORD0004309,CUST01508,2024-03-02,Delivered,Credit Card,0.05,8.35
ORD0004310,CUST01535,2024-11-04,Delivered,PayPal,0.1,1.37
ORD0004311,CUST00594,2024-11-09,Delivered,Net Banking,0.1,12.71
ORD0004312,CUST00745,2022-10-29,Delivered,Net Banking,0.1,9.26
ORD0004313,CUST01609,2024-12-08,Delivered,Debit Card,0.0,13.64
ORD0004314,CUST01356,2023-05-18,Cancelled,UPI,0.0,2.53
ORD0004315,CUST01658,2024-09-16,Cancelled,Debit Card,0.05,10.21
ORD0004316,CUST00515,2024-06-05,Delivered,Debit Card,0.05,9.28
ORD0004317,CUST00023,2024-09-22,Delivered,Debit Card,0.0,8.15
ORD0004318,CUST01889,2024-02-02,Delivered,Credit Card,0.1,6.88
ORD0004319,CUST01024,2024-01-17,Delivered,UPI,0.0,1.03
ORD0004320,CUST01391,2024-11-01,Delivered,Net Banking,0.0,5.43
ORD0004321,CUST00576,2024-01-18,Delivered,Net Banking,0.05,2.69
ORD0004322,CUST01461,2024-04-27,Delivered,Net Banking,0.0,3.51
ORD0004323,CUST01359,2024-05-19,Delivered,Net Banking,0.15,9.52
ORD0004324,CUST01506,2023-07-29,Delivered,Credit Card,0.0,7.12
ORD0004325,CUST00998,2023-12-17,Delivered,Debit Card,0.0,6.33
ORD0004326,CUST00916,2024-12-28,Delivered,Debit Card,0.0,6.33
ORD0004327,CUST01240,2024-12-05,Delivered,PayPal,0.0,2.92
ORD0004328,CUST00873,2024-11-15,Delivered,UPI,0.0,4.95
ORD0004329,CUST01134,2024-01-22,Delivered,UPI,0.0,2.91
ORD0004330,CUST01043,2024-07-30,Delivered,PayPal,0.0,13.43
ORD0004331,CUST01478,2024-11-20,Delivered,PayPal,0.0,12.93
ORD0004332,CUST01749,2024-05-16,Delivered,Credit Card,0.0,10.89
ORD0004333,CUST00969,2024-02-02,Delivered,Wallet,0.0,5.16
ORD0004334,CUST01106,2024-09-11,Returned,Net Banking,0.0,2.24
ORD0004335,CUST00816,2024-05-26,Returned,PayPal,0.05,13.98
ORD0004336,CUST00686,2023-09-05,Delivered,Net Banking,0.05,7.81
ORD0004337,CUST01333,2023-02-17,Delivered,PayPal,0.0,13.97
ORD0004338,CUST00880,2024-05-01,Delivered,Net Banking,0.0,6.73
ORD0004339,CUST00044,2024-08-10,Returned,Credit Card,0.15,0.59
ORD0004340,CUST00818,2024-02-07,Returned,Credit Card,0.05,7.62
ORD0004341,CUST01882,2023-01-17,Delivered,UPI,0.2,10.42
ORD0004342,CUST00726,2023-08-03,Delivered,Net Banking,0.0,1.75
ORD0004343,CUST01771,2024-12-02,Delivered,UPI,0.15,2.51
ORD0004344,CUST01087,2023-09-16,Delivered,UPI,0.1,13.24
ORD0004345,CUST01546,2024-09-08,Delivered,Debit Card,0.0,4.44
ORD0004346,CUST00999,2024-10-03,Delivered,Debit Card,0.05,1.43
ORD0004347,CUST00237,2024-03-29,Returned,Net Banking,0.0,7.48
ORD0004348,CUST00147,2024-10-07,Delivered,Wallet,0.1,3.32
ORD0004349,CUST00778,2024-11-03,Delivered,Wallet,0.1,5.77
ORD0004350,CUST01471,2024-10-09,Delivered,Wallet,0.15,1.96
ORD0004351,CUST01425,2024-11-17,Delivered,PayPal,0.0,9.83
ORD0004352,CUST00659,2024-02-01,Cancelled,PayPal,0.0,3.55
ORD0004353,CUST00748,2024-04-05,Delivered,PayPal,0.05,11.87
ORD0004354,CUST01163,2024-12-04,Delivered,Credit Card,0.0,0.07
ORD0004355,CUST01117,2024-06-02,Delivered,Credit Card,0.05,3.7
ORD0004356,CUST01959,2023-12-14,Returned,PayPal,0.0,6.11
ORD0004357,CUST00083,2022-11-27,Delivered,PayPal,0.05,4.49
ORD0004358,CUST01928,2024-07-27,Delivered,Debit Card,0.1,2.48
ORD0004359,CUST00581,2024-10-09,Delivered,PayPal,0.0,14.45
ORD0004360,CUST01500,2022-09-02,Delivered,Wallet,0.1,6.17
ORD0004361,CUST00515,2024-12-17,Delivered,Wallet,0.05,3.61
ORD0004362,CUST01796,2024-02-02,Delivered,UPI,0.0,7.25
ORD0004363,CUST01429,2022-11-11,Delivered,Debit Card,0.05,6.93
ORD0004364,CUST00703,2022-12-09,Delivered,Wallet,0.05,4.6
ORD0004365,CUST00691,2023-11-06,Delivered,PayPal,0.1,7.94
ORD0004366,CUST00533,2024-10-08,Delivered,Credit Card,0.05,3.73
ORD0004367,CUST01842,2024-06-23,Delivered,Credit Card,0.1,3.18
ORD0004368,CUST01548,2023-07-13,Delivered,Credit Card,0.0,8.76
ORD0004369,CUST01833,2024-07-14,Returned,Net Banking,0.0,12.58
ORD0004370,CUST01032,2023-08-20,Delivered,PayPal,0.0,7.82
ORD0004371,CUST00380,2024-11-21,Delivered,UPI,0.05,5.03
ORD0004372,CUST00360,2023-12-14,Delivered,Net Banking,0.0,3.15
ORD0004373,CUST00282,2023-11-01,Delivered,UPI,0.0,5.78
ORD0004374,CUST01623,2023-03-12,Processing,UPI,0.05,1.14
ORD0004375,CUST01361,2024-09-18,Delivered,Net Banking,0.05,3.31
ORD0004376,CUST01208,2023-05-28,Delivered,Debit Card,0.1,5.63
ORD0004377,CUST01498,2024-05-11,Delivered,UPI,0.0,14.74
ORD0004378,CUST02000,2024-10-28,Delivered,UPI,0.0,14.87
ORD0004379,CUST01202,2022-12-11,Delivered,Net Banking,0.05,8.55
ORD0004380,CUST01460,2024-07-05,Delivered,Net Banking,0.15,13.96
ORD0004381,CUST00840,2024-05-07,Delivered,Credit Card,0.05,4.75
ORD0004382,CUST00746,2024-07-20,Delivered,Net Banking,0.15,9.38
ORD0004383,CUST01629,2024-12-27,Returned,Credit Card,0.15,5.58
ORD0004384,CUST01504,2024-11-24,Delivered,UPI,0.0,13.56
ORD0004385,CUST01554,2024-10-13,Delivered,Debit Card,0.15,0.9
ORD0004386,CUST00827,2024-09-19,Delivered,Net Banking,0.05,0.16
ORD0004387,CUST01750,2023-12-02,Returned,Wallet,0.1,14.07
ORD0004388,CUST00172,2024-07-10,Delivered,Wallet,0.1,3.71
ORD0004389,CUST00259,2024-06-23,Processing,Debit Card,0.0,1.81
ORD0004390,CUST01763,2024-09-03,Delivered,Wallet,0.05,0.92
ORD0004391,CUST00282,2023-08-09,Delivered,PayPal,0.05,12.61
ORD0004392,CUST01076,2024-06-28,Delivered,Credit Card,0.1,9.78
ORD0004393,CUST00041,2024-08-24,Delivered,Net Banking,0.0,2.84
ORD0004394,CUST00599,2024-05-04,Delivered,Net Banking,0.15,7.49
ORD0004395,CUST00733,2024-12-28,Returned,PayPal,0.0,4.17
ORD0004396,CUST01539,2024-09-06,Delivered,Wallet,0.05,5.77
ORD0004397,CUST00838,2024-06-29,Delivered,PayPal,0.0,13.17
ORD0004398,CUST01566,2024-09-13,Returned,PayPal,0.1,10.0
ORD0004399,CUST00363,2024-02-14,Delivered,UPI,0.1,10.29
ORD0004400,CUST00868,2024-09-10,Returned,Debit Card,0.0,6.73
ORD0004401,CUST01848,2023-07-26,Delivered,Wallet,0.15,12.07
ORD0004402,CUST00609,2024-10-10,Delivered,Credit Card,0.1,12.76
ORD0004403,CUST01399,2024-09-29,Delivered,UPI,0.0,13.13
ORD0004404,CUST00258,2024-05-12,Processing,Net Banking,0.05,14.49
ORD0004405,CUST00054,2023-07-04,Processing,UPI,0.0,3.92
ORD0004406,CUST00395,2024-10-11,Delivered,Credit Card,0.05,3.3
ORD0004407,CUST01802,2024-09-21,Delivered,Debit Card,0.1,2.44
ORD0004408,CUST00440,2024-07-13,Delivered,Credit Card,0.15,2.82
ORD0004409,CUST00618,2024-09-21,Cancelled,PayPal,0.1,12.53
ORD0004410,CUST00407,2024-07-21,Delivered,Wallet,0.05,11.33
ORD0004411,CUST01885,2024-01-05,Delivered,UPI,0.05,8.13
ORD0004412,CUST01222,2024-09-06,Delivered,PayPal,0.0,8.72
ORD0004413,CUST00223,2023-12-15,Processing,Debit Card,0.05,12.2
ORD0004414,CUST01236,2023-10-27,Delivered,Credit Card,0.0,5.69
ORD0004415,CUST00012,2024-10-03,Delivered,Wallet,0.2,8.61
ORD0004416,CUST01933,2024-09-06,Delivered,UPI,0.0,5.95
ORD0004417,CUST00989,2023-08-10,Processing,UPI,0.15,5.35
ORD0004418,CUST01052,2023-09-06,Delivered,Debit Card,0.0,12.32
ORD0004419,CUST00667,2024-11-24,Returned,Wallet,0.0,7.98
ORD0004420,CUST01217,2024-06-07,Delivered,Net Banking,0.0,6.4
ORD0004421,CUST00560,2024-04-10,Cancelled,Debit Card,0.1,11.61
ORD0004422,CUST00783,2024-11-24,Returned,Net Banking,0.1,10.98
ORD0004423,CUST01654,2024-05-10,Delivered,UPI,0.0,14.34
ORD0004424,CUST01438,2024-06-29,Delivered,UPI,0.05,10.35
ORD0004425,CUST00007,2024-06-09,Delivered,Credit Card,0.0,6.06
ORD0004426,CUST00294,2024-06-02,Delivered,Wallet,0.05,1.23
ORD0004427,CUST01139,2024-08-30,Delivered,Credit Card,0.2,5.26
ORD0004428,CUST01194,2024-12-02,Delivered,Wallet,0.1,9.02
ORD0004429,CUST00800,2023-12-27,Delivered,UPI,0.0,4.65
ORD0004430,CUST01710,2023-06-18,Delivered,Net Banking,0.0,8.49
ORD0004431,CUST01523,2024-09-02,Delivered,Debit Card,0.1,13.63
ORD0004432,CUST01323,2024-09-26,Delivered,UPI,0.0,0.55
ORD0004433,CUST01488,2024-12-21,Processing,Debit Card,0.05,6.01
ORD0004434,CUST00896,2024-05-19,Returned,Wallet,0.0,11.61
ORD0004435,CUST01374,2024-03-16,Returned,Debit Card,0.0,11.18
ORD0004436,CUST00574,2024-10-02,Delivered,Net Banking,0.05,9.94
ORD0004437,CUST00156,2024-02-21,Delivered,Net Banking,0.0,5.69
ORD0004438,CUST00087,2024-09-08,Delivered,PayPal,0.0,2.09
ORD0004439,CUST00183,2023-01-04,Delivered,Net Banking,0.2,11.93
ORD0004440,CUST01834,2024-09-16,Delivered,Net Banking,0.1,4.2
ORD0004441,CUST00882,2024-10-23,Delivered,Net Banking,0.0,9.15
ORD0004442,CUST00251,2024-10-25,Returned,Net Banking,0.05,13.77
ORD0004443,CUST00473,2024-07-12,Delivered,PayPal,0.05,11.98
ORD0004444,CUST01791,2024-12-29,Delivered,UPI,0.0,10.97
ORD0004445,CUST00229,2024-12-12,Delivered,Wallet,0.05,11.91
ORD0004446,CUST01772,2024-10-21,Delivered,Net Banking,0.05,0.13
ORD0004447,CUST00150,2024-07-07,Delivered,Net Banking,0.05,0.32
ORD0004448,CUST01414,2023-04-01,Delivered,PayPal,0.1,4.54
ORD0004449,CUST00453,2024-05-02,Delivered,Debit Card,0.0,14.63
ORD0004450,CUST01631,2024-10-10,Returned,Debit Card,0.15,12.92
ORD0004451,CUST01670,2024-04-21,Cancelled,Net Banking,0.0,6.69
ORD0004452,CUST01582,2024-04-07,Returned,Wallet,0.05,3.27
ORD0004453,CUST00166,2023-07-16,Delivered,Wallet,0.05,9.32
ORD0004454,CUST00910,2023-06-25,Delivered,UPI,0.0,13.24
ORD0004455,CUST01308,2024-04-26,Cancelled,Debit Card,0.0,9.06
ORD0004456,CUST01534,2023-10-21,Delivered,Debit Card,0.05,11.6
ORD0004457,CUST01409,2022-07-05,Delivered,Debit Card,0.0,8.43
ORD0004458,CUST01474,2023-12-06,Delivered,Credit Card,0.1,9.09
ORD0004459,CUST00024,2024-02-26,Delivered,PayPal,0.05,9.92
ORD0004460,CUST00337,2023-07-01,Delivered,Wallet,0.05,7.57
ORD0004461,CUST00132,2022-11-06,Processing,Net Banking,0.05,10.33
ORD0004462,CUST01063,2023-11-10,Returned,PayPal,0.0,4.01
ORD0004463,CUST00629,2024-08-04,Delivered,UPI,0.0,4.37
ORD0004464,CUST01654,2024-07-30,Delivered,UPI,0.05,11.23
ORD0004465,CUST00268,2024-04-07,Delivered,Credit Card,0.0,9.04
ORD0004466,CUST01774,2023-03-10,Delivered,Wallet,0.05,8.89
ORD0004467,CUST01742,2023-07-31,Delivered,Net Banking,0.0,10.3
ORD0004468,CUST01562,2023-06-20,Delivered,PayPal,0.05,13.43
ORD0004469,CUST00897,2024-12-06,Delivered,Debit Card,0.2,10.86
ORD0004470,CUST01009,2023-10-18,Returned,Credit Card,0.05,0.87
ORD0004471,CUST00097,2024-09-06,Delivered,PayPal,0.15,13.81
ORD0004472,CUST00199,2022-08-12,Delivered,PayPal,0.05,13.44
ORD0004473,CUST01053,2022-09-10,Processing,UPI,0.0,14.12
ORD0004474,CUST01037,2023-08-26,Delivered,PayPal,0.05,9.87
ORD0004475,CUST00258,2023-10-22,Delivered,Credit Card,0.05,13.35
ORD0004476,CUST00460,2023-04-01,Delivered,PayPal,0.1,4.43
ORD0004477,CUST01131,2022-10-19,Returned,Credit Card,0.1,0.89
ORD0004478,CUST00489,2023-12-24,Delivered,PayPal,0.0,12.07
ORD0004479,CUST01831,2024-03-30,Cancelled,Net Banking,0.15,3.03
ORD0004480,CUST00780,2024-08-03,Delivered,PayPal,0.0,3.3
ORD0004481,CUST01689,2023-08-24,Delivered,PayPal,0.05,9.76
ORD0004482,CUST00558,2024-09-04,Delivered,Credit Card,0.15,10.0
ORD0004483,CUST01358,2024-01-30,Processing,Credit Card,0.0,12.82
ORD0004484,CUST01503,2024-11-22,Delivered,Net Banking,0.05,0.95
ORD0004485,CUST00488,2023-07-28,Delivered,Net Banking,0.1,13.08
ORD0004486,CUST01589,2024-07-28,Delivered,Debit Card,0.1,13.37
ORD0004487,CUST00767,2024-02-28,Delivered,UPI,0.0,14.3
ORD0004488,CUST00757,2024-11-02,Delivered,Wallet,0.0,4.2
ORD0004489,CUST01400,2024-09-02,Returned,PayPal,0.05,6.52
ORD0004490,CUST01493,2024-07-24,Delivered,Debit Card,0.05,4.12
ORD0004491,CUST01642,2024-11-17,Delivered,Credit Card,0.05,11.04
ORD0004492,CUST00633,2024-07-18,Delivered,Debit Card,0.05,1.43
ORD0004493,CUST01611,2024-07-10,Returned,Credit Card,0.0,7.41
ORD0004494,CUST00205,2023-04-05,Cancelled,Credit Card,0.0,13.46
ORD0004495,CUST01176,2022-11-30,Delivered,Net Banking,0.1,1.25
ORD0004496,CUST00379,2024-07-25,Delivered,PayPal,0.2,0.19
ORD0004497,CUST01480,2024-07-11,Returned,PayPal,0.15,1.22
ORD0004498,CUST00372,2024-06-17,Delivered,Net Banking,0.05,10.64
ORD0004499,CUST01926,2024-01-09,Returned,Wallet,0.05,8.87
ORD0004500,CUST01612,2024-04-13,Delivered,Debit Card,0.15,0.09
ORD0004501,CUST01518,2024-11-22,Delivered,PayPal,0.1,13.01
ORD0004502,CUST00593,2023-09-21,Delivered,Credit Card,0.0,5.42
ORD0004503,CUST00964,2024-08-01,Delivered,UPI,0.0,13.6
ORD0004504,CUST00293,2024-10-18,Delivered,Credit Card,0.2,8.17
ORD0004505,CUST00026,2024-11-10,Delivered,UPI,0.2,8.06
ORD0004506,CUST01037,2023-09-03,Delivered,Debit Card,0.15,14.09
ORD0004507,CUST01908,2024-11-30,Delivered,PayPal,0.05,13.39
ORD0004508,CUST01834,2023-05-28,Delivered,Net Banking,0.05,8.37
ORD0004509,CUST01755,2024-04-09,Delivered,Debit Card,0.1,13.64
ORD0004510,CUST00715,2024-04-15,Delivered,UPI,0.05,12.22
ORD0004511,CUST01961,2024-07-10,Delivered,Debit Card,0.0,11.28
ORD0004512,CUST00977,2024-11-04,Delivered,PayPal,0.0,5.14
ORD0004513,CUST00752,2024-06-23,Cancelled,Wallet,0.0,10.9
ORD0004514,CUST01033,2023-12-08,Delivered,Wallet,0.1,0.36
ORD0004515,CUST00483,2024-10-19,Delivered,Debit Card,0.0,7.32
ORD0004516,CUST01345,2024-11-28,Delivered,Wallet,0.0,11.66
ORD0004517,CUST01480,2024-07-20,Processing,Debit Card,0.0,5.27
ORD0004518,CUST01767,2024-10-19,Delivered,Wallet,0.0,5.86
ORD0004519,CUST01847,2023-06-26,Delivered,PayPal,0.15,6.95
ORD0004520,CUST01875,2024-11-30,Delivered,Wallet,0.0,9.68
ORD0004521,CUST01216,2022-02-06,Delivered,Debit Card,0.1,11.51
ORD0004522,CUST00843,2024-08-17,Returned,Net Banking,0.05,2.25
ORD0004523,CUST01784,2023-05-11,Processing,Wallet,0.05,11.97
ORD0004524,CUST00230,2024-06-06,Delivered,Credit Card,0.0,7.49
ORD0004525,CUST01651,2023-08-29,Delivered,Net Banking,0.1,13.85
ORD0004526,CUST00136,2022-10-08,Delivered,PayPal,0.0,14.14
ORD0004527,CUST00410,2024-06-21,Delivered,Debit Card,0.0,1.49
ORD0004528,CUST00095,2024-08-31,Cancelled,UPI,0.05,12.07
ORD0004529,CUST00573,2024-09-20,Returned,Debit Card,0.05,5.46
ORD0004530,CUST01520,2023-07-27,Delivered,UPI,0.1,2.0
ORD0004531,CUST01695,2024-12-28,Cancelled,Wallet,0.15,7.16
ORD0004532,CUST01195,2022-06-21,Delivered,Debit Card,0.05,11.88
ORD0004533,CUST00715,2024-01-03,Returned,UPI,0.0,7.19
ORD0004534,CUST00462,2024-03-02,Processing,UPI,0.05,8.83
ORD0004535,CUST01179,2024-03-19,Delivered,UPI,0.0,3.31
ORD0004536,CUST01087,2024-01-09,Delivered,Wallet,0.0,8.33
ORD0004537,CUST00380,2024-06-22,Delivered,Net Banking,0.15,13.47
ORD0004538,CUST00785,2024-10-07,Processing,UPI,0.05,6.57
ORD0004539,CUST00724,2024-12-30,Delivered,PayPal,0.0,11.71
ORD0004540,CUST00603,2024-09-04,Delivered,Wallet,0.0,11.45
ORD0004541,CUST00795,2024-02-03,Returned,Wallet,0.15,14.55
ORD0004542,CUST00476,2024-02-23,Delivered,UPI,0.05,3.46
ORD0004543,CUST00263,2024-03-06,Delivered,UPI,0.0,5.42
ORD0004544,CUST00565,2023-04-15,Delivered,Debit Card,0.2,11.71
ORD0004545,CUST01877,2024-07-27,Returned,Credit Card,0.05,12.16
ORD0004546,CUST00254,2024-12-09,Delivered,Credit Card,0.05,6.21
ORD0004547,CUST01313,2023-12-04,Delivered,Credit Card,0.15,2.17
ORD0004548,CUST00190,2024-11-05,Delivered,UPI,0.0,5.97
ORD0004549,CUST01545,2024-02-23,Delivered,Wallet,0.2,10.95
ORD0004550,CUST00384,2024-12-26,Delivered,UPI,0.05,6.08
ORD0004551,CUST00918,2024-05-29,Processing,UPI,0.0,3.15
ORD0004552,CUST01949,2024-06-17,Delivered,UPI,0.1,0.39
ORD0004553,CUST00274,2024-11-23,Delivered,Wallet,0.15,4.91
ORD0004554,CUST01469,2023-08-25,Cancelled,Net Banking,0.0,12.61
ORD0004555,CUST01108,2023-01-19,Delivered,Credit Card,0.15,10.89
ORD0004556,CUST01166,2024-05-25,Delivered,Wallet,0.0,0.7
ORD0004557,CUST01328,2024-03-11,Delivered,Debit Card,0.05,3.26
ORD0004558,CUST00655,2023-05-09,Delivered,Credit Card,0.05,2.48
ORD0004559,CUST00381,2024-10-30,Delivered,Credit Card,0.0,2.54
ORD0004560,CUST00518,2023-01-18,Delivered,UPI,0.0,5.0
ORD0004561,CUST00200,2024-07-01,Delivered,Wallet,0.0,9.2
ORD0004562,CUST01926,2024-03-19,Delivered,Debit Card,0.05,6.11
ORD0004563,CUST00122,2024-10-09,Delivered,Credit Card,0.0,4.3
ORD0004564,CUST00208,2024-04-02,Delivered,Net Banking,0.0,14.21
ORD0004565,CUST01225,2024-10-15,Delivered,Net Banking,0.05,8.49
ORD0004566,CUST00123,2023-05-26,Delivered,Credit Card,0.0,9.85
ORD0004567,CUST00869,2024-06-28,Returned,Net Banking,0.0,13.49
ORD0004568,CUST01227,2024-04-16,Delivered,UPI,0.1,9.27
ORD0004569,CUST01522,2024-07-27,Delivered,Net Banking,0.1,10.42
ORD0004570,CUST00925,2024-11-28,Processing,Wallet,0.0,13.53
ORD0004571,CUST00518,2022-12-25,Delivered,Debit Card,0.2,2.47
ORD0004572,CUST01668,2022-11-18,Cancelled,Wallet,0.0,13.06
ORD0004573,CUST00357,2023-12-25,Cancelled,UPI,0.0,7.86
ORD0004574,CUST01842,2024-09-08,Delivered,UPI,0.0,4.72
ORD0004575,CUST00144,2024-06-03,Cancelled,Debit Card,0.15,4.2
ORD0004576,CUST01173,2023-01-03,Delivered,Wallet,0.05,10.5
ORD0004577,CUST01067,2023-07-28,Delivered,UPI,0.05,3.15
ORD0004578,CUST01659,2024-05-04,Delivered,Debit Card,0.0,5.76
ORD0004579,CUST00270,2023-05-30,Delivered,Net Banking,0.0,2.27
ORD0004580,CUST01800,2024-01-04,Delivered,Wallet,0.1,0.62
ORD0004581,CUST00337,2023-10-07,Delivered,Net Banking,0.05,6.86
ORD0004582,CUST01260,2024-06-12,Delivered,Net Banking,0.2,10.97
ORD0004583,CUST01279,2024-10-14,Delivered,Credit Card,0.15,9.68
ORD0004584,CUST00402,2024-05-14,Delivered,UPI,0.05,11.67
ORD0004585,CUST00273,2023-02-02,Processing,Net Banking,0.15,12.59
ORD0004586,CUST01809,2022-08-23,Delivered,Net Banking,0.1,11.4
ORD0004587,CUST00685,2024-06-15,Returned,Net Banking,0.05,10.27
ORD0004588,CUST00233,2022-09-18,Delivered,Wallet,0.05,12.63
ORD0004589,CUST01744,2023-12-10,Delivered,Wallet,0.1,2.71
ORD0004590,CUST01977,2024-11-24,Delivered,PayPal,0.05,3.92
ORD0004591,CUST01176,2022-04-16,Delivered,Net Banking,0.05,7.13
ORD0004592,CUST01312,2024-08-27,Returned,PayPal,0.0,12.67
ORD0004593,CUST01188,2022-08-24,Delivered,PayPal,0.0,0.73
ORD0004594,CUST01176,2024-09-13,Delivered,UPI,0.15,6.97
ORD0004595,CUST01801,2024-01-22,Delivered,Net Banking,0.0,3.31
ORD0004596,CUST00920,2023-08-29,Delivered,Net Banking,0.05,2.05
ORD0004597,CUST01445,2023-04-20,Cancelled,Net Banking,0.1,9.48
ORD0004598,CUST01066,2024-07-14,Delivered,Wallet,0.1,11.71
ORD0004599,CUST00996,2023-08-23,Delivered,Wallet,0.0,12.4
ORD0004600,CUST01335,2023-10-30,Delivered,PayPal,0.15,0.23
ORD0004601,CUST00797,2024-08-08,Delivered,Credit Card,0.0,3.7
ORD0004602,CUST01926,2024-04-06,Cancelled,Wallet,0.1,14.25
ORD0004603,CUST01773,2024-08-17,Delivered,Debit Card,0.0,9.52
ORD0004604,CUST00912,2024-10-20,Processing,Wallet,0.2,13.26
ORD0004605,CUST00820,2024-04-20,Delivered,Credit Card,0.0,1.27
ORD0004606,CUST01084,2024-10-14,Delivered,UPI,0.05,6.58
ORD0004607,CUST01981,2024-05-29,Delivered,Debit Card,0.0,3.09
ORD0004608,CUST01811,2024-12-26,Cancelled,Credit Card,0.1,10.32
ORD0004609,CUST00232,2024-05-09,Delivered,Wallet,0.2,10.58
ORD0004610,CUST00946,2024-12-04,Returned,Wallet,0.0,11.74
ORD0004611,CUST01041,2024-12-18,Delivered,PayPal,0.0,9.49
ORD0004612,CUST01389,2024-09-05,Delivered,UPI,0.0,2.35
ORD0004613,CUST00148,2024-10-23,Delivered,PayPal,0.05,6.06
ORD0004614,CUST00517,2024-05-08,Delivered,Wallet,0.0,6.1
ORD0004615,CUST00784,2023-03-30,Cancelled,Wallet,0.15,8.74
ORD0004616,CUST01383,2024-11-18,Delivered,Net Banking,0.1,13.96
ORD0004617,CUST00171,2024-11-09,Delivered,PayPal,0.05,10.99
ORD0004618,CUST00223,2023-06-29,Delivered,PayPal,0.1,5.63
ORD0004619,CUST00609,2023-02-05,Delivered,UPI,0.1,2.4
ORD0004620,CUST01588,2023-04-10,Delivered,Wallet,0.0,7.21
ORD0004621,CUST00778,2024-10-23,Delivered,Debit Card,0.1,4.58
ORD0004622,CUST00361,2024-11-08,Delivered,Credit Card,0.05,2.0
ORD0004623,CUST01255,2024-11-28,Returned,Net Banking,0.05,8.51
ORD0004624,CUST01448,2024-09-02,Delivered,PayPal,0.1,6.03
ORD0004625,CUST01870,2024-01-17,Delivered,Debit Card,0.05,2.15
ORD0004626,CUST00776,2024-10-05,Delivered,UPI,0.0,5.21
ORD0004627,CUST01514,2023-12-13,Cancelled,Debit Card,0.0,0.38
ORD0004628,CUST01029,2023-04-25,Delivered,PayPal,0.05,6.97
ORD0004629,CUST00284,2024-08-21,Cancelled,Debit Card,0.0,2.9
ORD0004630,CUST00761,2024-04-09,Delivered,UPI,0.0,8.1
ORD0004631,CUST01920,2023-04-24,Delivered,PayPal,0.15,9.75
ORD0004632,CUST00737,2024-07-19,Delivered,Net Banking,0.05,13.92
ORD0004633,CUST01741,2023-02-01,Delivered,Credit Card,0.1,11.2
ORD0004634,CUST01186,2024-10-07,Delivered,Debit Card,0.05,8.69
ORD0004635,CUST00115,2024-03-19,Delivered,Wallet,0.05,5.86
ORD0004636,CUST00807,2024-07-18,Cancelled,Net Banking,0.15,9.93
ORD0004637,CUST00227,2024-11-01,Cancelled,PayPal,0.15,10.14
ORD0004638,CUST00648,2023-07-05,Delivered,UPI,0.0,5.83
ORD0004639,CUST00580,2024-01-16,Delivered,Debit Card,0.0,4.42
ORD0004640,CUST01531,2024-08-06,Returned,UPI,0.1,10.98
ORD0004641,CUST01222,2024-12-30,Delivered,PayPal,0.1,6.58
ORD0004642,CUST00965,2023-07-14,Delivered,Credit Card,0.05,12.99
ORD0004643,CUST00035,2024-09-26,Delivered,Credit Card,0.05,2.24
ORD0004644,CUST00230,2024-11-11,Cancelled,Net Banking,0.05,4.57
ORD0004645,CUST00644,2024-11-24,Delivered,Net Banking,0.1,4.0
ORD0004646,CUST00047,2024-08-28,Delivered,Credit Card,0.05,12.38
ORD0004647,CUST00712,2024-04-10,Delivered,PayPal,0.15,9.5
ORD0004648,CUST01905,2023-12-23,Delivered,Debit Card,0.05,14.84
ORD0004649,CUST01219,2024-02-13,Delivered,Net Banking,0.05,4.26
ORD0004650,CUST01072,2024-04-24,Delivered,Net Banking,0.0,13.61
ORD0004651,CUST01093,2022-08-14,Delivered,Debit Card,0.05,3.99
ORD0004652,CUST01582,2023-10-30,Delivered,PayPal,0.1,6.29
ORD0004653,CUST00120,2024-03-05,Delivered,Net Banking,0.0,1.52
ORD0004654,CUST01260,2024-05-02,Delivered,UPI,0.05,2.44
ORD0004655,CUST01890,2023-04-09,Processing,Net Banking,0.0,6.2
ORD0004656,CUST01025,2024-07-08,Delivered,Credit Card,0.15,6.46
ORD0004657,CUST00247,2024-11-29,Processing,Wallet,0.05,4.53
ORD0004658,CUST01950,2024-10-21,Delivered,PayPal,0.1,10.29
ORD0004659,CUST00792,2022-04-01,Delivered,Credit Card,0.0,0.02
ORD0004660,CUST00680,2023-12-30,Delivered,PayPal,0.0,7.04
ORD0004661,CUST00374,2023-05-06,Delivered,Wallet,0.0,14.65
ORD0004662,CUST01477,2024-10-21,Cancelled,PayPal,0.05,9.63
ORD0004663,CUST00170,2024-09-12,Delivered,PayPal,0.0,14.18
ORD0004664,CUST00957,2023-03-13,Delivered,PayPal,0.05,12.52
ORD0004665,CUST00248,2024-10-18,Delivered,Credit Card,0.0,14.33
ORD0004666,CUST00798,2024-04-06,Delivered,UPI,0.2,12.1
ORD0004667,CUST01373,2024-08-19,Delivered,Credit Card,0.1,12.48
ORD0004668,CUST01965,2024-11-17,Returned,Credit Card,0.05,10.27
ORD0004669,CUST01453,2024-05-30,Delivered,UPI,0.05,12.46
ORD0004670,CUST01829,2024-11-11,Delivered,PayPal,0.0,5.95
ORD0004671,CUST01517,2024-07-23,Delivered,Debit Card,0.15,4.66
ORD0004672,CUST01685,2023-09-29,Delivered,Credit Card,0.1,12.47
ORD0004673,CUST00483,2023-05-17,Delivered,Wallet,0.0,14.27
ORD0004674,CUST00276,2022-12-19,Delivered,Net Banking,0.15,10.6
ORD0004675,CUST01731,2024-08-23,Delivered,Credit Card,0.15,9.04
ORD0004676,CUST00809,2024-09-09,Cancelled,Net Banking,0.1,12.9
ORD0004677,CUST01597,2024-11-22,Delivered,Net Banking,0.05,0.92
ORD0004678,CUST00228,2023-08-27,Delivered,UPI,0.05,5.27
ORD0004679,CUST01046,2024-05-13,Cancelled,Wallet,0.1,3.73
ORD0004680,CUST01649,2024-10-21,Processing,Debit Card,0.05,2.39
ORD0004681,CUST00522,2023-07-21,Delivered,UPI,0.1,13.9
ORD0004682,CUST01694,2024-09-28,Delivered,Net Banking,0.0,5.8
ORD0004683,CUST01411,2024-11-22,Delivered,Credit Card,0.0,11.93
ORD0004684,CUST00158,2024-06-26,Delivered,Credit Card,0.05,8.29
ORD0004685,CUST00005,2024-11-30,Delivered,PayPal,0.0,3.36
ORD0004686,CUST00544,2023-02-01,Cancelled,Wallet,0.15,14.88
ORD0004687,CUST01570,2024-04-29,Delivered,Credit Card,0.0,7.39
ORD0004688,CUST00322,2023-10-13,Delivered,Wallet,0.1,8.64
ORD0004689,CUST01331,2023-09-10,Delivered,UPI,0.0,10.86
ORD0004690,CUST01867,2024-08-24,Delivered,Credit Card,0.1,2.27
ORD0004691,CUST00034,2024-11-20,Delivered,Debit Card,0.05,0.28
ORD0004692,CUST00487,2024-06-20,Returned,Debit Card,0.1,14.84
ORD0004693,CUST00987,2024-11-21,Delivered,UPI,0.0,2.14
ORD0004694,CUST01905,2024-02-18,Delivered,Wallet,0.15,0.61
ORD0004695,CUST00961,2024-10-19,Delivered,Wallet,0.15,8.81
ORD0004696,CUST01263,2024-06-06,Delivered,UPI,0.1,11.06
ORD0004697,CUST00765,2024-10-23,Returned,Net Banking,0.1,14.81
ORD0004698,CUST01745,2023-06-04,Cancelled,Wallet,0.0,6.91
ORD0004699,CUST01629,2024-12-09,Delivered,Debit Card,0.0,10.07
ORD0004700,CUST00359,2024-10-09,Delivered,PayPal,0.1,11.89
ORD0004701,CUST01361,2024-10-14,Delivered,Credit Card,0.0,5.09
ORD0004702,CUST01394,2024-02-13,Returned,UPI,0.0,12.96
ORD0004703,CUST00389,2023-06-04,Delivered,Wallet,0.05,1.68
ORD0004704,CUST01166,2024-06-09,Delivered,UPI,0.2,8.71
ORD0004705,CUST01461,2024-10-10,Delivered,PayPal,0.0,13.56
ORD0004706,CUST01704,2024-10-31,Returned,Credit Card,0.0,5.71
ORD0004707,CUST00551,2023-12-24,Returned,Credit Card,0.15,8.99
ORD0004708,CUST01869,2023-03-05,Delivered,Net Banking,0.0,7.19
ORD0004709,CUST01147,2023-05-30,Delivered,Debit Card,0.0,4.94
ORD0004710,CUST00464,2022-08-18,Cancelled,Wallet,0.15,8.96
ORD0004711,CUST00719,2024-03-27,Delivered,Net Banking,0.05,7.75
ORD0004712,CUST00987,2024-11-11,Delivered,Debit Card,0.0,13.86
ORD0004713,CUST00872,2024-07-29,Delivered,PayPal,0.15,11.01
ORD0004714,CUST00998,2024-03-17,Cancelled,Wallet,0.05,5.56
ORD0004715,CUST00856,2024-09-27,Delivered,Wallet,0.05,4.5
ORD0004716,CUST00387,2024-01-01,Delivered,Wallet,0.0,14.23
ORD0004717,CUST01003,2024-02-06,Delivered,Net Banking,0.0,10.9
ORD0004718,CUST00917,2023-07-13,Delivered,Wallet,0.05,1.85
ORD0004719,CUST01811,2023-07-19,Cancelled,UPI,0.1,10.16
ORD0004720,CUST01320,2024-10-10,Cancelled,Credit Card,0.0,3.53
ORD0004721,CUST01203,2024-09-29,Returned,Debit Card,0.0,2.74
ORD0004722,CUST00688,2024-03-16,Returned,Credit Card,0.1,7.47
ORD0004723,CUST00358,2024-11-05,Delivered,Wallet,0.0,4.84
ORD0004724,CUST01251,2023-01-31,Delivered,Credit Card,0.05,3.98
ORD0004725,CUST00524,2024-06-05,Delivered,UPI,0.15,6.06
ORD0004726,CUST01621,2024-10-08,Delivered,PayPal,0.15,4.87
ORD0004727,CUST00826,2024-09-03,Delivered,UPI,0.15,3.12
ORD0004728,CUST00457,2022-02-21,Delivered,Wallet,0.0,6.08
ORD0004729,CUST01298,2024-04-29,Returned,Net Banking,0.1,4.32
ORD0004730,CUST00106,2024-11-17,Delivered,Net Banking,0.05,7.43
ORD0004731,CUST00853,2024-07-31,Delivered,UPI,0.05,0.56
ORD0004732,CUST00400,2024-06-03,Delivered,Debit Card,0.0,5.61
ORD0004733,CUST01520,2023-06-09,Delivered,Debit Card,0.0,10.22
ORD0004734,CUST00629,2024-12-02,Delivered,Credit Card,0.15,9.7
ORD0004735,CUST01137,2023-05-05,Delivered,Net Banking,0.0,11.79
ORD0004736,CUST00119,2024-07-17,Processing,UPI,0.2,5.03
ORD0004737,CUST01154,2023-08-03,Delivered,PayPal,0.0,13.59
ORD0004738,CUST01872,2024-04-29,Delivered,Credit Card,0.0,14.75
ORD0004739,CUST00052,2024-10-17,Delivered,UPI,0.0,2.47
ORD0004740,CUST00941,2024-10-20,Delivered,PayPal,0.0,3.34
ORD0004741,CUST01893,2023-05-05,Delivered,Credit Card,0.15,10.1
ORD0004742,CUST00973,2023-08-18,Delivered,Debit Card,0.1,14.4
ORD0004743,CUST00463,2023-09-10,Delivered,UPI,0.05,11.03
ORD0004744,CUST01053,2024-02-10,Delivered,Wallet,0.15,5.45
ORD0004745,CUST00698,2023-01-04,Delivered,PayPal,0.0,3.72
ORD0004746,CUST01108,2024-02-12,Delivered,Credit Card,0.05,6.39
ORD0004747,CUST00615,2024-12-23,Delivered,Wallet,0.1,0.75
ORD0004748,CUST01399,2024-01-31,Delivered,Credit Card,0.2,7.94
ORD0004749,CUST01174,2024-10-31,Delivered,PayPal,0.0,0.1
ORD0004750,CUST00797,2023-10-18,Delivered,PayPal,0.0,7.11
ORD0004751,CUST01864,2023-09-30,Delivered,Net Banking,0.0,3.56
ORD0004752,CUST00938,2024-04-14,Delivered,Wallet,0.05,0.79
ORD0004753,CUST00780,2024-10-28,Delivered,Credit Card,0.0,1.85
ORD0004754,CUST01065,2023-02-11,Delivered,Wallet,0.1,4.32
ORD0004755,CUST01858,2024-09-25,Delivered,Net Banking,0.0,6.34
ORD0004756,CUST01010,2024-02-01,Processing,Net Banking,0.1,0.6
ORD0004757,CUST00853,2023-08-07,Returned,Net Banking,0.0,14.81
ORD0004758,CUST01112,2024-11-10,Delivered,Net Banking,0.15,0.39
ORD0004759,CUST01603,2024-09-15,Delivered,Credit Card,0.1,12.88
ORD0004760,CUST01766,2024-04-30,Cancelled,Net Banking,0.05,4.48
ORD0004761,CUST00888,2024-04-05,Delivered,Debit Card,0.05,13.48
ORD0004762,CUST00288,2024-09-12,Delivered,PayPal,0.0,0.82
ORD0004763,CUST00772,2024-09-22,Delivered,UPI,0.05,9.85
ORD0004764,CUST01671,2023-09-06,Returned,PayPal,0.0,10.82
ORD0004765,CUST01365,2024-12-24,Delivered,UPI,0.0,2.29
ORD0004766,CUST01721,2024-03-30,Delivered,Wallet,0.0,9.12
ORD0004767,CUST00124,2023-04-24,Delivered,PayPal,0.05,10.34
ORD0004768,CUST00195,2024-11-17,Delivered,UPI,0.1,12.72
ORD0004769,CUST00465,2024-11-14,Delivered,Credit Card,0.1,12.41
ORD0004770,CUST00110,2023-07-31,Delivered,PayPal,0.0,9.27
ORD0004771,CUST00977,2023-12-01,Returned,Net Banking,0.2,5.39
ORD0004772,CUST00694,2024-11-10,Delivered,Net Banking,0.05,14.02
ORD0004773,CUST00359,2024-10-04,Delivered,Debit Card,0.0,7.45
ORD0004774,CUST00346,2024-03-23,Delivered,Credit Card,0.15,12.05
ORD0004775,CUST01803,2024-02-05,Delivered,UPI,0.05,8.16
ORD0004776,CUST00265,2024-09-04,Delivered,Credit Card,0.0,7.26
ORD0004777,CUST00113,2024-12-21,Delivered,UPI,0.0,8.36
ORD0004778,CUST00227,2024-02-20,Delivered,PayPal,0.05,11.39
ORD0004779,CUST01297,2023-06-23,Delivered,Net Banking,0.0,10.32
ORD0004780,CUST00628,2023-12-25,Delivered,Credit Card,0.1,8.86
ORD0004781,CUST01827,2022-06-15,Delivered,Credit Card,0.05,3.33
ORD0004782,CUST00599,2024-09-14,Delivered,PayPal,0.1,4.59
ORD0004783,CUST01651,2024-03-28,Delivered,Net Banking,0.05,6.5
ORD0004784,CUST00202,2023-07-22,Delivered,PayPal,0.15,1.91
ORD0004785,CUST00192,2024-05-03,Cancelled,Net Banking,0.05,7.99
ORD0004786,CUST01079,2024-08-11,Delivered,Net Banking,0.05,14.69
ORD0004787,CUST00208,2023-10-08,Delivered,Wallet,0.05,2.48
ORD0004788,CUST01398,2023-08-01,Delivered,Credit Card,0.0,7.04
ORD0004789,CUST01702,2024-01-18,Delivered,UPI,0.0,2.82
ORD0004790,CUST01943,2024-09-16,Delivered,PayPal,0.05,10.63
ORD0004791,CUST01552,2024-09-05,Delivered,PayPal,0.0,10.47
ORD0004792,CUST00804,2023-11-12,Delivered,PayPal,0.0,11.05
ORD0004793,CUST00688,2024-09-21,Delivered,UPI,0.0,2.18
ORD0004794,CUST00890,2022-11-18,Cancelled,Credit Card,0.05,4.56
ORD0004795,CUST01972,2024-12-07,Delivered,Debit Card,0.0,14.19
ORD0004796,CUST01624,2024-05-13,Returned,Wallet,0.0,0.23
ORD0004797,CUST01063,2024-03-26,Delivered,Credit Card,0.05,9.97
ORD0004798,CUST00815,2024-05-30,Delivered,Credit Card,0.05,12.91
ORD0004799,CUST01425,2024-07-10,Delivered,UPI,0.0,0.33
ORD0004800,CUST01861,2024-07-25,Delivered,Credit Card,0.15,6.33
ORD0004801,CUST00101,2024-10-10,Delivered,UPI,0.15,7.38
ORD0004802,CUST00048,2023-06-02,Processing,PayPal,0.2,2.19
ORD0004803,CUST01782,2024-07-08,Cancelled,Wallet,0.0,1.25
ORD0004804,CUST01054,2024-12-04,Delivered,Net Banking,0.0,8.3
ORD0004805,CUST01729,2024-12-15,Delivered,Credit Card,0.0,8.39
ORD0004806,CUST01834,2023-10-10,Returned,UPI,0.05,9.88
ORD0004807,CUST00050,2022-08-19,Delivered,Debit Card,0.2,11.41
ORD0004808,CUST01148,2023-07-16,Delivered,UPI,0.1,8.82
ORD0004809,CUST01666,2024-12-02,Delivered,UPI,0.1,0.33
ORD0004810,CUST00712,2022-08-15,Delivered,PayPal,0.0,13.27
ORD0004811,CUST00416,2024-12-24,Delivered,UPI,0.0,5.89
ORD0004812,CUST00296,2023-07-06,Delivered,Net Banking,0.1,11.76
ORD0004813,CUST01484,2024-11-15,Delivered,Debit Card,0.0,10.74
ORD0004814,CUST00886,2024-09-10,Delivered,Net Banking,0.2,9.71
ORD0004815,CUST00439,2024-09-14,Delivered,Debit Card,0.0,7.09
ORD0004816,CUST01573,2024-11-14,Delivered,UPI,0.0,8.41
ORD0004817,CUST00252,2023-12-13,Cancelled,Net Banking,0.0,10.34
ORD0004818,CUST01475,2024-05-18,Delivered,Credit Card,0.15,6.44
ORD0004819,CUST00004,2024-06-29,Delivered,Net Banking,0.05,8.35
ORD0004820,CUST00907,2024-12-17,Delivered,UPI,0.05,7.14
ORD0004821,CUST00091,2023-06-15,Delivered,Debit Card,0.0,1.42
ORD0004822,CUST01686,2024-09-09,Delivered,Net Banking,0.0,7.72
ORD0004823,CUST01934,2024-11-17,Delivered,Debit Card,0.1,0.44
ORD0004824,CUST01805,2023-07-26,Cancelled,PayPal,0.1,5.18
ORD0004825,CUST01658,2024-10-10,Delivered,Credit Card,0.2,8.92
ORD0004826,CUST01343,2024-07-02,Delivered,Debit Card,0.15,2.85
ORD0004827,CUST00835,2023-06-13,Processing,Wallet,0.0,14.94
ORD0004828,CUST01116,2023-10-15,Cancelled,UPI,0.2,6.53
ORD0004829,CUST00707,2023-08-18,Delivered,Credit Card,0.05,12.16
ORD0004830,CUST01708,2024-10-19,Delivered,Credit Card,0.1,6.84
ORD0004831,CUST01197,2024-12-07,Delivered,Wallet,0.05,2.44
ORD0004832,CUST01498,2023-05-29,Delivered,Credit Card,0.0,11.76
ORD0004833,CUST00268,2023-04-22,Delivered,PayPal,0.0,11.21
ORD0004834,CUST01450,2024-11-18,Delivered,UPI,0.1,13.61
ORD0004835,CUST00140,2024-11-25,Returned,Credit Card,0.05,6.51
ORD0004836,CUST00292,2022-06-15,Delivered,PayPal,0.0,10.97
ORD0004837,CUST00410,2024-05-08,Delivered,Credit Card,0.15,3.81
ORD0004838,CUST01224,2022-11-22,Returned,Credit Card,0.0,2.87
ORD0004839,CUST01490,2024-10-07,Delivered,UPI,0.05,10.01
ORD0004840,CUST00263,2024-12-07,Delivered,Credit Card,0.1,6.32
ORD0004841,CUST00241,2023-07-10,Delivered,Wallet,0.0,10.71
ORD0004842,CUST01878,2024-10-15,Delivered,Net Banking,0.05,0.63
ORD0004843,CUST00425,2023-11-07,Delivered,PayPal,0.15,9.55
ORD0004844,CUST00647,2024-10-28,Delivered,UPI,0.05,9.9
ORD0004845,CUST01464,2023-10-10,Delivered,Credit Card,0.1,5.9
ORD0004846,CUST00618,2024-06-24,Delivered,Wallet,0.05,3.84
ORD0004847,CUST01478,2024-10-08,Delivered,PayPal,0.0,5.99
ORD0004848,CUST01053,2023-05-25,Delivered,Credit Card,0.05,5.02
ORD0004849,CUST00155,2024-12-11,Delivered,Net Banking,0.0,9.99
ORD0004850,CUST00419,2024-06-07,Delivered,Credit Card,0.1,4.81
ORD0004851,CUST00680,2023-09-11,Delivered,PayPal,0.2,4.09
ORD0004852,CUST01410,2024-06-23,Delivered,Net Banking,0.05,4.82
ORD0004853,CUST01258,2024-12-07,Delivered,PayPal,0.1,1.05
ORD0004854,CUST00661,2024-12-30,Returned,Credit Card,0.0,1.77
ORD0004855,CUST00420,2024-09-01,Delivered,Debit Card,0.1,10.41
ORD0004856,CUST00146,2024-04-01,Delivered,Wallet,0.1,9.33
ORD0004857,CUST00151,2024-12-14,Returned,Credit Card,0.2,13.12
ORD0004858,CUST01133,2024-03-17,Processing,Credit Card,0.0,7.4
ORD0004859,CUST01117,2024-10-09,Delivered,Credit Card,0.0,12.97
ORD0004860,CUST00814,2024-04-11,Delivered,Credit Card,0.0,2.28
ORD0004861,CUST00636,2023-10-01,Delivered,UPI,0.1,10.46
ORD0004862,CUST01889,2024-12-05,Returned,Credit Card,0.2,5.02
ORD0004863,CUST00158,2024-11-01,Cancelled,Credit Card,0.05,10.43
ORD0004864,CUST01221,2024-12-07,Delivered,Debit Card,0.05,9.29
ORD0004865,CUST01057,2023-07-23,Cancelled,Debit Card,0.15,5.54
ORD0004866,CUST01861,2024-12-12,Delivered,PayPal,0.15,1.67
ORD0004867,CUST01359,2024-02-02,Delivered,PayPal,0.05,14.38
ORD0004868,CUST00873,2024-10-29,Delivered,Wallet,0.0,5.11
ORD0004869,CUST01663,2023-12-11,Delivered,Credit Card,0.1,7.22
ORD0004870,CUST00643,2024-08-24,Processing,UPI,0.0,6.06
ORD0004871,CUST01517,2024-04-15,Delivered,UPI,0.1,3.71
ORD0004872,CUST00048,2023-01-24,Delivered,PayPal,0.0,2.95
ORD0004873,CUST00349,2024-02-01,Returned,Net Banking,0.1,13.3
ORD0004874,CUST00754,2024-10-07,Delivered,PayPal,0.0,0.81
ORD0004875,CUST00952,2024-12-30,Delivered,Credit Card,0.0,3.08
ORD0004876,CUST01266,2024-10-17,Returned,Wallet,0.0,4.26
ORD0004877,CUST00832,2024-12-28,Delivered,Debit Card,0.1,8.86
ORD0004878,CUST00803,2024-12-16,Delivered,Net Banking,0.05,10.55
ORD0004879,CUST00282,2024-09-05,Delivered,Wallet,0.15,7.53
ORD0004880,CUST00860,2023-08-26,Returned,Wallet,0.1,9.54
ORD0004881,CUST01693,2024-04-29,Returned,Credit Card,0.15,12.3
ORD0004882,CUST00660,2024-04-08,Delivered,Debit Card,0.2,6.91
ORD0004883,CUST00166,2024-07-04,Delivered,PayPal,0.1,1.66
ORD0004884,CUST01185,2024-06-17,Delivered,PayPal,0.05,12.94
ORD0004885,CUST00916,2024-12-29,Delivered,Debit Card,0.0,1.32
ORD0004886,CUST00723,2024-06-29,Returned,Wallet,0.0,7.74
ORD0004887,CUST01733,2024-02-29,Delivered,Credit Card,0.0,14.65
ORD0004888,CUST01661,2024-07-06,Cancelled,Wallet,0.2,11.16
ORD0004889,CUST00446,2024-09-02,Delivered,Wallet,0.05,2.46
ORD0004890,CUST01501,2024-07-29,Delivered,PayPal,0.15,7.72
ORD0004891,CUST01439,2023-09-23,Delivered,PayPal,0.0,5.43
ORD0004892,CUST00130,2024-10-23,Processing,Net Banking,0.05,14.51
ORD0004893,CUST00899,2024-11-29,Returned,Wallet,0.0,8.78
ORD0004894,CUST01725,2023-08-29,Delivered,PayPal,0.1,4.42
ORD0004895,CUST00489,2024-01-19,Delivered,Wallet,0.1,3.54
ORD0004896,CUST00300,2024-02-29,Delivered,UPI,0.05,1.28
ORD0004897,CUST01749,2024-02-25,Delivered,Wallet,0.15,6.35
ORD0004898,CUST00579,2024-11-13,Delivered,Debit Card,0.05,6.21
ORD0004899,CUST01368,2024-12-02,Delivered,Net Banking,0.0,6.82
ORD0004900,CUST01915,2024-10-04,Delivered,PayPal,0.2,3.4
ORD0004901,CUST00374,2023-06-03,Delivered,UPI,0.05,11.01
ORD0004902,CUST00022,2024-11-05,Returned,PayPal,0.0,12.98
ORD0004903,CUST00977,2023-07-21,Delivered,Wallet,0.0,10.39
ORD0004904,CUST00977,2023-06-22,Delivered,PayPal,0.15,0.76
ORD0004905,CUST01733,2024-06-24,Delivered,PayPal,0.0,9.44
ORD0004906,CUST01132,2022-08-19,Delivered,Net Banking,0.15,14.62
ORD0004907,CUST00722,2024-10-09,Delivered,Debit Card,0.15,3.94
ORD0004908,CUST01608,2023-03-10,Cancelled,UPI,0.15,12.87
ORD0004909,CUST01562,2022-11-03,Delivered,Wallet,0.15,13.14
ORD0004910,CUST00470,2024-03-15,Delivered,Wallet,0.0,11.18
ORD0004911,CUST00042,2023-10-31,Delivered,Net Banking,0.05,13.32
ORD0004912,CUST01770,2024-07-03,Delivered,Wallet,0.0,5.37
ORD0004913,CUST00509,2024-08-01,Delivered,Credit Card,0.15,2.07
ORD0004914,CUST00672,2024-12-01,Delivered,Debit Card,0.0,12.74
ORD0004915,CUST01467,2024-01-29,Processing,PayPal,0.2,4.88
ORD0004916,CUST01746,2022-12-29,Returned,UPI,0.05,8.51
ORD0004917,CUST01978,2024-06-11,Delivered,PayPal,0.1,12.28
ORD0004918,CUST00513,2024-12-21,Delivered,Debit Card,0.0,12.14
ORD0004919,CUST00235,2024-12-28,Processing,UPI,0.0,12.36
ORD0004920,CUST00512,2024-06-29,Delivered,Credit Card,0.05,0.47
ORD0004921,CUST01106,2024-09-18,Delivered,UPI,0.1,7.92
ORD0004922,CUST00941,2024-09-24,Delivered,PayPal,0.05,10.47
ORD0004923,CUST01587,2024-01-31,Delivered,Credit Card,0.05,14.6
ORD0004924,CUST00742,2024-08-11,Delivered,UPI,0.1,5.3
ORD0004925,CUST00615,2024-12-30,Delivered,Credit Card,0.1,12.75
ORD0004926,CUST01534,2024-09-10,Delivered,Wallet,0.15,6.32
ORD0004927,CUST00328,2023-03-02,Delivered,UPI,0.0,11.84
ORD0004928,CUST01480,2024-04-18,Delivered,Debit Card,0.05,6.95
ORD0004929,CUST00200,2022-08-25,Returned,PayPal,0.1,10.36
ORD0004930,CUST01758,2024-08-14,Delivered,Net Banking,0.0,4.71
ORD0004931,CUST00562,2024-07-03,Delivered,UPI,0.05,13.06
ORD0004932,CUST01099,2024-07-10,Delivered,Debit Card,0.2,1.44
ORD0004933,CUST01097,2024-11-02,Delivered,Credit Card,0.1,3.78
ORD0004934,CUST00833,2024-04-24,Delivered,Wallet,0.05,3.74
ORD0004935,CUST00361,2024-11-10,Delivered,UPI,0.0,12.59
ORD0004936,CUST00934,2024-09-26,Processing,Wallet,0.0,14.56
ORD0004937,CUST00347,2024-12-11,Delivered,PayPal,0.0,2.55
ORD0004938,CUST01037,2024-08-12,Delivered,Net Banking,0.15,9.13
ORD0004939,CUST00260,2024-01-12,Delivered,Debit Card,0.0,4.49
ORD0004940,CUST01533,2023-07-13,Delivered,PayPal,0.05,0.37
ORD0004941,CUST01485,2024-12-10,Delivered,PayPal,0.1,12.65
ORD0004942,CUST00903,2022-08-17,Delivered,UPI,0.1,3.99
ORD0004943,CUST00872,2024-12-15,Delivered,Wallet,0.0,11.36
ORD0004944,CUST00858,2022-09-21,Delivered,Wallet,0.1,8.72
ORD0004945,CUST00024,2024-03-28,Returned,Credit Card,0.0,7.16
ORD0004946,CUST01785,2024-06-24,Delivered,Net Banking,0.0,6.36
ORD0004947,CUST01464,2023-08-26,Delivered,Net Banking,0.0,4.84
ORD0004948,CUST01413,2024-02-07,Delivered,UPI,0.05,11.82
ORD0004949,CUST01474,2024-06-23,Delivered,Credit Card,0.0,7.7
ORD0004950,CUST01758,2024-03-03,Delivered,Credit Card,0.0,11.58
ORD0004951,CUST00948,2024-05-30,Delivered,PayPal,0.0,8.31
ORD0004952,CUST00038,2023-10-21,Delivered,Debit Card,0.2,13.26
ORD0004953,CUST00016,2024-08-30,Delivered,Net Banking,0.2,7.49
ORD0004954,CUST00575,2024-09-03,Delivered,Credit Card,0.0,0.52
ORD0004955,CUST01466,2023-04-16,Delivered,PayPal,0.05,2.89
ORD0004956,CUST00036,2024-06-27,Delivered,UPI,0.0,8.39
ORD0004957,CUST00135,2024-10-19,Delivered,Wallet,0.1,5.81
ORD0004958,CUST01386,2023-03-21,Delivered,Wallet,0.0,2.4
ORD0004959,CUST01119,2024-05-31,Delivered,UPI,0.0,0.58
ORD0004960,CUST01208,2024-03-31,Delivered,PayPal,0.2,14.21
ORD0004961,CUST00893,2024-12-03,Delivered,PayPal,0.15,9.65
ORD0004962,CUST00283,2024-09-29,Delivered,PayPal,0.2,9.14
ORD0004963,CUST01015,2024-09-28,Delivered,Credit Card,0.0,2.9
ORD0004964,CUST01050,2023-10-13,Delivered,Wallet,0.0,13.76
ORD0004965,CUST00699,2024-12-28,Cancelled,Debit Card,0.0,11.29
ORD0004966,CUST00482,2023-10-03,Delivered,Debit Card,0.15,0.16
ORD0004967,CUST01375,2024-04-27,Delivered,Wallet,0.15,14.78
ORD0004968,CUST01519,2024-12-10,Delivered,Wallet,0.05,13.86
ORD0004969,CUST00213,2024-07-17,Delivered,Net Banking,0.15,3.24
ORD0004970,CUST00424,2024-09-23,Delivered,Debit Card,0.1,7.74
ORD0004971,CUST00332,2022-07-29,Returned,Net Banking,0.1,2.3
ORD0004972,CUST00545,2024-11-05,Delivered,Wallet,0.0,12.11
ORD0004973,CUST00743,2024-12-30,Delivered,UPI,0.2,7.29
ORD0004974,CUST00573,2024-08-14,Delivered,Debit Card,0.0,9.84
ORD0004975,CUST01406,2024-10-04,Delivered,Credit Card,0.0,12.11
ORD0004976,CUST00186,2024-05-06,Delivered,Net Banking,0.05,11.63
ORD0004977,CUST00732,2024-10-10,Delivered,Wallet,0.1,14.21
ORD0004978,CUST01104,2023-11-12,Cancelled,PayPal,0.2,3.63
ORD0004979,CUST00447,2024-11-23,Delivered,Net Banking,0.05,10.04
ORD0004980,CUST01705,2024-12-15,Delivered,Credit Card,0.05,14.28
ORD0004981,CUST00765,2024-11-19,Delivered,Credit Card,0.15,7.87
ORD0004982,CUST00990,2024-03-26,Delivered,Credit Card,0.0,14.08
ORD0004983,CUST01832,2024-12-22,Delivered,PayPal,0.0,7.82
ORD0004984,CUST00891,2022-09-08,Returned,Net Banking,0.0,12.18
ORD0004985,CUST01092,2023-09-22,Delivered,Wallet,0.0,4.74
ORD0004986,CUST01226,2022-09-28,Delivered,Net Banking,0.15,9.88
ORD0004987,CUST00960,2024-03-30,Delivered,PayPal,0.1,3.23
ORD0004988,CUST01448,2024-10-22,Delivered,PayPal,0.0,11.84
ORD0004989,CUST00399,2024-11-05,Returned,Wallet,0.2,1.34
ORD0004990,CUST00198,2024-11-16,Processing,Wallet,0.0,3.86
ORD0004991,CUST01730,2023-09-22,Processing,Debit Card,0.0,13.54
ORD0004992,CUST00912,2024-12-29,Returned,PayPal,0.05,7.05
ORD0004993,CUST01980,2024-10-07,Delivered,Credit Card,0.0,11.25
ORD0004994,CUST00804,2024-12-09,Delivered,UPI,0.05,3.4
ORD0004995,CUST01118,2024-01-24,Delivered,Wallet,0.05,6.6
ORD0004996,CUST01683,2024-03-26,Delivered,Credit Card,0.0,9.7
ORD0004997,CUST00850,2024-12-15,Delivered,Net Banking,0.0,3.95
ORD0004998,CUST01090,2024-11-26,Delivered,Wallet,0.05,8.06
ORD0004999,CUST01977,2024-10-30,Returned,UPI,0.0,1.67
ORD0005000,CUST00254,2022-11-08,Delivered,Debit Card,0.0,6.36
ORD0005001,CUST00554,2023-11-28,Returned,Net Banking,0.05,10.25
ORD0005002,CUST01705,2024-11-10,Delivered,Net Banking,0.2,13.55
ORD0005003,CUST00399,2024-10-09,Delivered,Credit Card,0.05,5.98
ORD0005004,CUST00926,2024-08-06,Delivered,Wallet,0.15,14.9
ORD0005005,CUST00308,2023-02-26,Returned,Wallet,0.2,8.95
ORD0005006,CUST00835,2022-04-14,Delivered,Wallet,0.05,6.27
ORD0005007,CUST01685,2024-08-24,Delivered,Net Banking,0.0,10.1
ORD0005008,CUST01192,2024-08-20,Delivered,Net Banking,0.1,7.3
ORD0005009,CUST01350,2024-12-27,Processing,Wallet,0.15,3.65
ORD0005010,CUST01854,2024-11-29,Delivered,PayPal,0.15,0.08
ORD0005011,CUST00987,2024-04-27,Returned,UPI,0.15,10.37
ORD0005012,CUST01917,2024-05-07,Cancelled,PayPal,0.0,4.58
ORD0005013,CUST01700,2024-12-19,Delivered,Credit Card,0.15,11.28
ORD0005014,CUST00262,2024-03-15,Delivered,Debit Card,0.1,9.93
ORD0005015,CUST01616,2023-01-28,Delivered,Debit Card,0.1,9.9
ORD0005016,CUST01603,2024-11-23,Returned,UPI,0.05,4.75
ORD0005017,CUST01285,2024-06-08,Delivered,Debit Card,0.15,14.03
ORD0005018,CUST01689,2023-07-11,Returned,Wallet,0.1,13.96
ORD0005019,CUST01873,2023-05-22,Delivered,Credit Card,0.05,3.46
ORD0005020,CUST01095,2024-12-05,Cancelled,Net Banking,0.0,4.63
ORD0005021,CUST01682,2024-04-28,Delivered,PayPal,0.15,5.49
ORD0005022,CUST01411,2024-11-23,Delivered,PayPal,0.1,4.01
ORD0005023,CUST01049,2024-04-09,Delivered,Credit Card,0.1,4.19
ORD0005024,CUST00562,2024-07-15,Delivered,Credit Card,0.0,7.64
ORD0005025,CUST00460,2023-04-07,Delivered,Credit Card,0.05,1.17
ORD0005026,CUST01799,2023-03-31,Delivered,Credit Card,0.1,3.26
ORD0005027,CUST01831,2022-08-06,Delivered,Debit Card,0.0,4.75
ORD0005028,CUST01601,2024-01-13,Delivered,Wallet,0.0,11.4
ORD0005029,CUST01975,2023-06-08,Delivered,Net Banking,0.05,9.62
ORD0005030,CUST01280,2024-07-18,Delivered,Net Banking,0.05,13.03
ORD0005031,CUST01670,2024-10-20,Delivered,Credit Card,0.1,1.62
ORD0005032,CUST01667,2024-04-27,Delivered,Credit Card,0.2,10.02
ORD0005033,CUST01381,2024-12-14,Returned,Credit Card,0.05,6.1
ORD0005034,CUST01262,2024-08-27,Delivered,UPI,0.0,2.86
ORD0005035,CUST00765,2024-11-30,Delivered,Wallet,0.0,14.98
ORD0005036,CUST01409,2024-05-27,Delivered,UPI,0.0,6.67
ORD0005037,CUST00468,2022-10-15,Delivered,Debit Card,0.05,4.82
ORD0005038,CUST01582,2024-11-05,Delivered,Wallet,0.0,2.96
ORD0005039,CUST01044,2024-07-15,Processing,Credit Card,0.1,8.62
ORD0005040,CUST00029,2024-07-03,Delivered,UPI,0.0,11.78
ORD0005041,CUST00654,2024-03-16,Delivered,PayPal,0.0,11.96
ORD0005042,CUST01550,2022-05-22,Delivered,Wallet,0.0,11.23
ORD0005043,CUST01844,2024-06-22,Processing,Wallet,0.0,6.52
ORD0005044,CUST01192,2023-10-18,Delivered,Credit Card,0.05,4.7
ORD0005045,CUST00462,2024-02-07,Delivered,Credit Card,0.1,9.17
ORD0005046,CUST01045,2024-11-22,Delivered,Wallet,0.0,2.64
ORD0005047,CUST00820,2024-07-03,Delivered,Debit Card,0.05,3.87
ORD0005048,CUST00896,2024-01-06,Delivered,Credit Card,0.1,8.76
ORD0005049,CUST01932,2024-02-19,Delivered,Wallet,0.15,14.95
ORD0005050,CUST01215,2023-12-23,Delivered,Net Banking,0.0,1.3
ORD0005051,CUST01903,2024-12-06,Delivered,Debit Card,0.0,2.76
ORD0005052,CUST01824,2024-11-16,Processing,UPI,0.0,14.25
ORD0005053,CUST01163,2024-12-14,Processing,Wallet,0.05,5.7
ORD0005054,CUST01119,2024-10-31,Returned,Credit Card,0.05,0.2
ORD0005055,CUST00215,2023-04-06,Returned,Wallet,0.05,13.13
ORD0005056,CUST01970,2022-10-30,Delivered,PayPal,0.15,12.43
ORD0005057,CUST01915,2024-11-08,Delivered,Debit Card,0.1,3.04
ORD0005058,CUST01684,2024-12-04,Delivered,Wallet,0.1,5.48
ORD0005059,CUST01268,2023-05-06,Delivered,Wallet,0.0,12.51
ORD0005060,CUST01546,2024-11-17,Returned,Credit Card,0.0,9.85
ORD0005061,CUST00853,2024-06-23,Delivered,UPI,0.15,4.65
ORD0005062,CUST00733,2024-08-30,Delivered,Credit Card,0.0,1.26
ORD0005063,CUST01228,2023-08-17,Delivered,PayPal,0.2,13.37
ORD0005064,CUST00412,2024-05-19,Delivered,PayPal,0.0,1.25
ORD0005065,CUST01577,2023-10-04,Delivered,Credit Card,0.05,7.5
ORD0005066,CUST01515,2023-03-06,Delivered,Net Banking,0.2,14.15
ORD0005067,CUST01529,2024-04-14,Delivered,Net Banking,0.0,12.59
ORD0005068,CUST01286,2022-10-09,Delivered,Net Banking,0.0,12.69
ORD0005069,CUST00771,2023-06-20,Processing,PayPal,0.1,12.84
ORD0005070,CUST00267,2024-11-13,Returned,Debit Card,0.05,7.49
ORD0005071,CUST00858,2024-08-21,Delivered,UPI,0.05,13.69
ORD0005072,CUST01899,2023-04-28,Delivered,UPI,0.1,1.13
ORD0005073,CUST00723,2024-09-08,Returned,UPI,0.2,9.43
ORD0005074,CUST00226,2024-12-02,Delivered,Debit Card,0.2,3.83
ORD0005075,CUST00933,2024-07-17,Delivered,Debit Card,0.1,6.34
ORD0005076,CUST00053,2024-11-17,Cancelled,Credit Card,0.05,14.46
ORD0005077,CUST01006,2022-11-03,Delivered,Credit Card,0.0,5.26
ORD0005078,CUST01092,2024-03-10,Delivered,Net Banking,0.05,10.15
ORD0005079,CUST01413,2023-03-23,Delivered,Net Banking,0.05,5.46
ORD0005080,CUST01703,2024-09-24,Delivered,UPI,0.0,3.19
ORD0005081,CUST01577,2023-09-09,Delivered,UPI,0.0,6.09
ORD0005082,CUST00412,2024-03-06,Delivered,Net Banking,0.0,14.03
ORD0005083,CUST01608,2024-02-14,Returned,Credit Card,0.05,4.72
ORD0005084,CUST00738,2024-10-30,Delivered,Wallet,0.0,12.74
ORD0005085,CUST00942,2024-02-04,Returned,Net Banking,0.05,11.37
ORD0005086,CUST01406,2024-04-29,Delivered,Wallet,0.15,13.18
ORD0005087,CUST01970,2023-01-02,Delivered,Debit Card,0.05,5.94
ORD0005088,CUST01502,2024-12-29,Delivered,Debit Card,0.0,0.71
ORD0005089,CUST00843,2024-04-19,Returned,UPI,0.05,3.43
ORD0005090,CUST00404,2024-02-16,Processing,PayPal,0.05,5.94
ORD0005091,CUST00082,2024-12-25,Delivered,Credit Card,0.15,4.94
ORD0005092,CUST00419,2023-05-15,Processing,Net Banking,0.05,2.66
ORD0005093,CUST00491,2023-12-17,Processing,Debit Card,0.0,0.25
ORD0005094,CUST00383,2024-08-03,Delivered,Wallet,0.1,9.96
ORD0005095,CUST00635,2024-11-26,Delivered,Credit Card,0.1,10.13
ORD0005096,CUST01438,2024-02-20,Delivered,Wallet,0.0,8.66
ORD0005097,CUST00953,2024-11-21,Delivered,PayPal,0.05,14.76
ORD0005098,CUST01885,2023-01-08,Delivered,PayPal,0.1,13.18
ORD0005099,CUST00039,2023-09-29,Delivered,Wallet,0.0,10.09
ORD0005100,CUST00467,2024-12-08,Delivered,PayPal,0.05,6.62
ORD0005101,CUST00090,2023-12-01,Delivered,PayPal,0.1,10.96
ORD0005102,CUST01288,2024-07-11,Delivered,Net Banking,0.05,11.02
ORD0005103,CUST01297,2024-06-06,Delivered,UPI,0.0,3.51
ORD0005104,CUST00112,2023-04-05,Delivered,Credit Card,0.0,3.6
ORD0005105,CUST01739,2023-09-09,Delivered,Credit Card,0.1,7.87
ORD0005106,CUST00336,2024-09-28,Delivered,Net Banking,0.05,14.25
ORD0005107,CUST00546,2023-08-09,Returned,PayPal,0.0,10.29
ORD0005108,CUST00476,2022-05-11,Returned,UPI,0.05,12.34
ORD0005109,CUST01784,2023-09-21,Delivered,UPI,0.05,11.75
ORD0005110,CUST01509,2024-10-22,Returned,PayPal,0.05,9.48
ORD0005111,CUST00445,2024-12-06,Cancelled,UPI,0.0,11.85
ORD0005112,CUST00528,2024-02-06,Delivered,Net Banking,0.1,0.93
ORD0005113,CUST01200,2022-11-28,Delivered,PayPal,0.0,8.71
ORD0005114,CUST00918,2024-01-06,Delivered,Wallet,0.0,7.6
ORD0005115,CUST01068,2024-12-23,Delivered,UPI,0.1,12.11
ORD0005116,CUST00661,2024-12-13,Delivered,Wallet,0.0,7.48
ORD0005117,CUST00670,2024-12-08,Delivered,UPI,0.15,13.57
ORD0005118,CUST01112,2024-10-12,Delivered,UPI,0.0,8.27
ORD0005119,CUST00449,2024-08-08,Returned,Wallet,0.0,10.75
ORD0005120,CUST00169,2024-08-30,Returned,Net Banking,0.05,14.35
ORD0005121,CUST00842,2024-12-18,Delivered,Wallet,0.0,6.28
ORD0005122,CUST01293,2023-07-21,Delivered,UPI,0.15,1.64
ORD0005123,CUST01996,2023-08-30,Delivered,Net Banking,0.1,0.3
ORD0005124,CUST00264,2024-12-04,Delivered,UPI,0.15,13.85
ORD0005125,CUST01032,2023-12-17,Delivered,UPI,0.0,6.62
ORD0005126,CUST01073,2022-07-06,Delivered,Wallet,0.05,11.04
ORD0005127,CUST01531,2024-12-02,Delivered,Debit Card,0.0,10.29
ORD0005128,CUST01715,2024-07-15,Delivered,Credit Card,0.1,10.02
ORD0005129,CUST00768,2024-12-20,Delivered,Net Banking,0.15,11.91
ORD0005130,CUST01560,2023-12-26,Delivered,Debit Card,0.15,7.56
ORD0005131,CUST00888,2024-07-16,Delivered,UPI,0.1,6.13
ORD0005132,CUST01692,2023-05-23,Delivered,Debit Card,0.1,11.14
ORD0005133,CUST01645,2023-08-25,Processing,Credit Card,0.1,7.81
ORD0005134,CUST01169,2023-03-09,Delivered,Net Banking,0.0,4.45
ORD0005135,CUST00191,2024-08-07,Delivered,UPI,0.1,12.26
ORD0005136,CUST01694,2024-12-08,Delivered,Credit Card,0.15,12.08
ORD0005137,CUST01383,2024-08-16,Delivered,Net Banking,0.0,0.71
ORD0005138,CUST01542,2024-07-21,Delivered,Wallet,0.2,9.96
ORD0005139,CUST00831,2023-12-12,Delivered,UPI,0.0,12.0
ORD0005140,CUST00752,2023-11-10,Cancelled,UPI,0.15,11.74
ORD0005141,CUST01990,2022-07-07,Delivered,Credit Card,0.0,8.49
ORD0005142,CUST00702,2024-11-08,Delivered,Wallet,0.05,3.09
ORD0005143,CUST01326,2023-07-16,Returned,Net Banking,0.1,5.26
ORD0005144,CUST00999,2024-10-26,Delivered,Credit Card,0.1,5.39
ORD0005145,CUST00484,2024-11-11,Delivered,Credit Card,0.05,7.55
ORD0005146,CUST00706,2024-07-18,Processing,Credit Card,0.15,0.14
ORD0005147,CUST01851,2024-05-27,Delivered,Net Banking,0.0,11.32
ORD0005148,CUST01057,2024-01-18,Returned,Credit Card,0.0,2.91
ORD0005149,CUST01897,2024-06-27,Delivered,Credit Card,0.0,0.81
ORD0005150,CUST00398,2024-07-06,Processing,Debit Card,0.05,1.66
ORD0005151,CUST01809,2023-11-04,Cancelled,Debit Card,0.1,14.97
ORD0005152,CUST00333,2023-08-24,Delivered,Credit Card,0.0,14.88
ORD0005153,CUST00516,2024-09-15,Returned,Credit Card,0.05,2.21
ORD0005154,CUST00167,2024-08-11,Delivered,UPI,0.0,10.31
ORD0005155,CUST00393,2024-01-28,Cancelled,UPI,0.0,3.74
ORD0005156,CUST01404,2024-08-07,Cancelled,UPI,0.05,8.01
ORD0005157,CUST01561,2023-06-24,Delivered,Debit Card,0.0,9.28
ORD0005158,CUST00968,2023-10-04,Delivered,PayPal,0.0,0.4
ORD0005159,CUST01887,2023-07-25,Delivered,Credit Card,0.1,12.19
ORD0005160,CUST01196,2024-11-17,Cancelled,Credit Card,0.0,0.19
ORD0005161,CUST01054,2024-11-02,Delivered,Wallet,0.1,3.06
ORD0005162,CUST00566,2024-11-22,Delivered,UPI,0.0,9.1
ORD0005163,CUST00955,2024-01-31,Delivered,UPI,0.0,12.73
ORD0005164,CUST00524,2024-02-12,Delivered,Wallet,0.15,14.26
ORD0005165,CUST01860,2024-08-17,Delivered,Wallet,0.0,13.31
ORD0005166,CUST01472,2024-12-22,Delivered,Wallet,0.15,14.02
ORD0005167,CUST01041,2024-10-16,Delivered,Wallet,0.2,9.14
ORD0005168,CUST00072,2024-01-22,Delivered,PayPal,0.15,8.32
ORD0005169,CUST01660,2023-06-17,Delivered,UPI,0.0,5.7
ORD0005170,CUST00013,2023-07-18,Delivered,Net Banking,0.05,9.7
ORD0005171,CUST01367,2024-06-09,Delivered,Credit Card,0.05,4.91
ORD0005172,CUST00027,2024-08-05,Delivered,PayPal,0.0,6.3
ORD0005173,CUST01346,2023-09-13,Delivered,Net Banking,0.2,1.49
ORD0005174,CUST00945,2024-11-11,Processing,Net Banking,0.0,9.23
ORD0005175,CUST01346,2023-01-23,Delivered,Credit Card,0.1,5.44
ORD0005176,CUST00268,2024-04-27,Delivered,UPI,0.0,14.5
ORD0005177,CUST01738,2023-07-21,Returned,UPI,0.05,8.27
ORD0005178,CUST01496,2024-07-25,Delivered,Wallet,0.0,14.98
ORD0005179,CUST00699,2024-12-11,Cancelled,Net Banking,0.1,6.1
ORD0005180,CUST00206,2024-02-06,Returned,Net Banking,0.0,3.07
ORD0005181,CUST00599,2024-04-02,Delivered,UPI,0.05,7.32
ORD0005182,CUST01213,2024-12-08,Delivered,Credit Card,0.0,2.72
ORD0005183,CUST01408,2023-09-17,Delivered,Net Banking,0.0,13.08
ORD0005184,CUST01287,2024-03-26,Delivered,Wallet,0.05,11.75
ORD0005185,CUST00358,2024-11-14,Processing,PayPal,0.05,7.02
ORD0005186,CUST01088,2024-05-28,Delivered,Wallet,0.0,3.3
ORD0005187,CUST01105,2024-07-01,Delivered,Debit Card,0.0,13.76
ORD0005188,CUST01290,2024-10-31,Delivered,Wallet,0.0,2.98
ORD0005189,CUST00065,2024-10-09,Returned,Debit Card,0.0,13.62
ORD0005190,CUST00071,2024-07-18,Cancelled,Net Banking,0.0,9.43
ORD0005191,CUST01646,2024-10-20,Delivered,Wallet,0.0,0.95
ORD0005192,CUST01719,2023-08-28,Delivered,Net Banking,0.0,6.83
ORD0005193,CUST01643,2022-03-13,Delivered,UPI,0.0,3.69
ORD0005194,CUST01240,2024-11-11,Delivered,Credit Card,0.15,9.0
ORD0005195,CUST00621,2024-11-21,Delivered,Net Banking,0.1,11.9
ORD0005196,CUST01540,2024-01-11,Delivered,Net Banking,0.05,3.41
ORD0005197,CUST00617,2024-12-05,Delivered,Credit Card,0.05,5.31
ORD0005198,CUST01743,2023-04-20,Cancelled,PayPal,0.05,10.97
ORD0005199,CUST01728,2022-09-18,Processing,Wallet,0.15,5.54
ORD0005200,CUST00974,2023-02-01,Delivered,UPI,0.0,5.41
ORD0005201,CUST00120,2024-01-30,Delivered,Debit Card,0.0,11.67
ORD0005202,CUST00424,2024-11-20,Delivered,Debit Card,0.0,12.89
ORD0005203,CUST00044,2024-07-13,Delivered,Wallet,0.15,12.78
ORD0005204,CUST01239,2022-03-25,Delivered,Debit Card,0.05,3.91
ORD0005205,CUST01977,2024-12-26,Delivered,PayPal,0.0,3.55
ORD0005206,CUST00819,2024-10-19,Delivered,Net Banking,0.1,13.41
ORD0005207,CUST01464,2024-01-23,Delivered,Debit Card,0.15,4.19
ORD0005208,CUST01518,2024-10-28,Delivered,Wallet,0.05,6.81
ORD0005209,CUST01239,2024-12-23,Delivered,UPI,0.15,0.35
ORD0005210,CUST00497,2024-11-03,Delivered,Net Banking,0.05,7.07
ORD0005211,CUST01171,2024-09-03,Delivered,UPI,0.0,14.28
ORD0005212,CUST00612,2024-06-27,Returned,Wallet,0.0,0.08
ORD0005213,CUST01578,2024-12-08,Delivered,UPI,0.0,0.06
ORD0005214,CUST01504,2024-09-18,Returned,Net Banking,0.05,6.83
ORD0005215,CUST01350,2024-11-09,Delivered,Credit Card,0.0,2.6
ORD0005216,CUST01983,2024-12-13,Delivered,UPI,0.0,14.98
ORD0005217,CUST01297,2024-09-12,Delivered,Credit Card,0.0,4.93
ORD0005218,CUST00238,2024-12-17,Delivered,Net Banking,0.0,14.74
ORD0005219,CUST01082,2024-11-04,Delivered,Debit Card,0.0,3.06
ORD0005220,CUST01453,2024-01-07,Returned,PayPal,0.0,13.69
ORD0005221,CUST00203,2024-10-18,Processing,Credit Card,0.1,0.16
ORD0005222,CUST01825,2024-08-27,Delivered,Credit Card,0.05,1.23
ORD0005223,CUST01653,2024-05-24,Delivered,Credit Card,0.15,7.26
ORD0005224,CUST01496,2024-11-21,Delivered,UPI,0.05,2.11
ORD0005225,CUST01740,2024-10-13,Delivered,Net Banking,0.05,6.72
ORD0005226,CUST00222,2024-02-23,Delivered,Wallet,0.15,8.37
ORD0005227,CUST00146,2024-12-15,Delivered,Wallet,0.1,11.56
ORD0005228,CUST01039,2024-12-17,Delivered,Net Banking,0.05,13.29
ORD0005229,CUST00159,2023-04-16,Processing,Credit Card,0.0,13.38
ORD0005230,CUST00401,2024-12-26,Delivered,Net Banking,0.1,2.39
ORD0005231,CUST01907,2024-12-06,Delivered,Credit Card,0.0,2.75
ORD0005232,CUST01967,2022-11-15,Delivered,Credit Card,0.05,7.33
ORD0005233,CUST01726,2024-09-14,Returned,Net Banking,0.05,6.36
ORD0005234,CUST01970,2023-05-05,Delivered,PayPal,0.1,13.32
ORD0005235,CUST00251,2024-06-30,Processing,Net Banking,0.1,2.68
ORD0005236,CUST00835,2022-08-24,Processing,Debit Card,0.1,4.65
ORD0005237,CUST00455,2023-11-07,Delivered,UPI,0.05,1.97
ORD0005238,CUST01872,2024-08-03,Delivered,Debit Card,0.0,11.58
ORD0005239,CUST00240,2024-09-06,Delivered,UPI,0.05,6.35
ORD0005240,CUST00377,2024-09-13,Delivered,Credit Card,0.15,9.67
ORD0005241,CUST01195,2023-12-30,Delivered,UPI,0.0,7.44
ORD0005242,CUST00614,2024-12-21,Delivered,UPI,0.15,9.6
ORD0005243,CUST00972,2024-11-19,Returned,Wallet,0.1,2.04
ORD0005244,CUST00776,2024-12-15,Cancelled,Wallet,0.1,13.3
ORD0005245,CUST01182,2024-07-25,Delivered,Debit Card,0.1,11.61
ORD0005246,CUST00057,2024-08-15,Delivered,UPI,0.0,6.19
ORD0005247,CUST00975,2024-10-14,Delivered,Debit Card,0.05,14.36
ORD0005248,CUST01860,2024-05-08,Processing,Net Banking,0.0,11.4
ORD0005249,CUST01407,2024-11-28,Delivered,Wallet,0.0,2.61
ORD0005250,CUST00185,2024-11-26,Processing,PayPal,0.05,4.08
ORD0005251,CUST01194,2024-01-15,Delivered,PayPal,0.1,7.4
ORD0005252,CUST00339,2024-11-15,Delivered,Credit Card,0.0,5.74
ORD0005253,CUST01622,2024-12-23,Delivered,Net Banking,0.0,9.52
ORD0005254,CUST00406,2023-04-01,Cancelled,Net Banking,0.05,3.33
ORD0005255,CUST01244,2024-06-07,Delivered,PayPal,0.05,14.12
ORD0005256,CUST00855,2024-11-06,Delivered,Credit Card,0.15,1.0
ORD0005257,CUST00926,2024-01-05,Delivered,UPI,0.05,9.03
ORD0005258,CUST00150,2023-05-29,Delivered,UPI,0.0,12.74
ORD0005259,CUST00281,2024-05-21,Delivered,Credit Card,0.0,5.16
ORD0005260,CUST01260,2022-08-27,Delivered,Debit Card,0.05,12.31
ORD0005261,CUST00931,2024-10-20,Delivered,Wallet,0.0,3.57
ORD0005262,CUST01961,2024-11-06,Cancelled,Wallet,0.0,5.41
ORD0005263,CUST01224,2022-11-27,Delivered,Net Banking,0.0,2.53
ORD0005264,CUST01029,2024-09-08,Delivered,Wallet,0.15,8.3
ORD0005265,CUST00458,2023-12-21,Delivered,Wallet,0.05,9.45
ORD0005266,CUST00788,2023-09-13,Processing,Debit Card,0.05,4.79
ORD0005267,CUST00586,2024-07-27,Delivered,UPI,0.0,4.3
ORD0005268,CUST00625,2024-12-26,Delivered,Credit Card,0.05,11.6
ORD0005269,CUST01022,2024-09-08,Cancelled,PayPal,0.2,7.92
ORD0005270,CUST01680,2024-07-18,Delivered,Net Banking,0.05,12.03
ORD0005271,CUST00592,2023-06-16,Delivered,Debit Card,0.1,8.99
ORD0005272,CUST01559,2024-12-08,Delivered,PayPal,0.05,9.27
ORD0005273,CUST00361,2024-11-22,Delivered,Net Banking,0.05,5.52
ORD0005274,CUST00553,2024-09-12,Delivered,PayPal,0.0,11.0
ORD0005275,CUST01002,2023-01-16,Delivered,Debit Card,0.0,3.06
ORD0005276,CUST01413,2024-05-07,Delivered,Debit Card,0.1,7.39
ORD0005277,CUST00402,2023-11-26,Delivered,UPI,0.15,4.95
ORD0005278,CUST00710,2024-12-17,Delivered,UPI,0.05,13.66
ORD0005279,CUST00741,2022-12-09,Delivered,Debit Card,0.0,11.84
ORD0005280,CUST00342,2024-12-04,Delivered,PayPal,0.0,11.43
ORD0005281,CUST01493,2023-09-28,Delivered,UPI,0.15,2.89
ORD0005282,CUST00171,2024-11-14,Delivered,Debit Card,0.1,12.75
ORD0005283,CUST01290,2024-12-11,Delivered,UPI,0.05,3.46
ORD0005284,CUST01644,2024-06-26,Cancelled,Net Banking,0.1,12.82
ORD0005285,CUST01940,2023-05-15,Delivered,PayPal,0.05,8.61
ORD0005286,CUST00030,2024-09-15,Delivered,UPI,0.0,5.54
ORD0005287,CUST00594,2024-06-20,Delivered,Wallet,0.0,9.91
ORD0005288,CUST01487,2023-09-07,Returned,Debit Card,0.1,3.02
ORD0005289,CUST00145,2024-09-30,Delivered,UPI,0.05,4.64
ORD0005290,CUST01534,2024-02-12,Delivered,Wallet,0.1,12.33
ORD0005291,CUST00310,2024-09-10,Delivered,Credit Card,0.0,0.05
ORD0005292,CUST00083,2022-09-14,Returned,Net Banking,0.05,4.59
ORD0005293,CUST00242,2023-09-24,Processing,Net Banking,0.0,7.93
ORD0005294,CUST01441,2022-10-27,Delivered,PayPal,0.15,2.42
ORD0005295,CUST01360,2024-12-05,Cancelled,Net Banking,0.0,9.36
ORD0005296,CUST01551,2023-04-03,Delivered,Credit Card,0.05,12.77
ORD0005297,CUST01386,2023-02-08,Delivered,Debit Card,0.1,10.49
ORD0005298,CUST00211,2022-11-14,Delivered,PayPal,0.2,3.02
ORD0005299,CUST00786,2023-11-13,Delivered,UPI,0.0,1.19
ORD0005300,CUST00468,2023-03-28,Processing,PayPal,0.05,0.59
ORD0005301,CUST00171,2024-11-30,Cancelled,Wallet,0.1,14.71
ORD0005302,CUST00894,2024-12-28,Delivered,Wallet,0.15,5.75
ORD0005303,CUST00986,2023-09-22,Delivered,UPI,0.05,3.13
ORD0005304,CUST01685,2023-01-27,Returned,Net Banking,0.05,1.53
ORD0005305,CUST01138,2024-01-08,Delivered,Debit Card,0.2,13.99
ORD0005306,CUST00880,2023-01-23,Delivered,Debit Card,0.2,9.85
ORD0005307,CUST00296,2024-08-09,Delivered,PayPal,0.0,9.54
ORD0005308,CUST00026,2024-10-07,Delivered,PayPal,0.05,14.75
ORD0005309,CUST00058,2024-12-17,Delivered,Net Banking,0.2,12.49
ORD0005310,CUST00536,2024-09-09,Delivered,Debit Card,0.05,12.39
ORD0005311,CUST00598,2024-11-14,Delivered,Credit Card,0.05,6.68
ORD0005312,CUST01609,2024-12-01,Delivered,PayPal,0.0,11.77
ORD0005313,CUST00375,2024-09-03,Processing,UPI,0.05,10.47
ORD0005314,CUST01463,2023-10-10,Returned,Debit Card,0.05,4.42
ORD0005315,CUST01005,2024-10-31,Delivered,Debit Card,0.0,14.56
ORD0005316,CUST00355,2022-10-23,Cancelled,PayPal,0.05,3.41
ORD0005317,CUST01629,2024-10-02,Delivered,Credit Card,0.05,12.11
ORD0005318,CUST00079,2024-09-30,Delivered,UPI,0.0,6.95
ORD0005319,CUST00370,2023-09-09,Delivered,Net Banking,0.0,9.18
ORD0005320,CUST01708,2024-05-19,Delivered,Credit Card,0.05,5.76
ORD0005321,CUST00584,2024-05-18,Delivered,UPI,0.0,6.75
ORD0005322,CUST00661,2024-10-09,Delivered,UPI,0.0,4.79
ORD0005323,CUST00245,2023-11-11,Delivered,UPI,0.05,14.13
ORD0005324,CUST00699,2024-10-31,Cancelled,Wallet,0.0,8.96
ORD0005325,CUST00382,2024-01-25,Cancelled,Wallet,0.1,14.21
ORD0005326,CUST00266,2022-10-26,Delivered,Debit Card,0.0,7.05
ORD0005327,CUST00892,2022-03-23,Delivered,PayPal,0.05,13.45
ORD0005328,CUST01212,2023-08-19,Delivered,PayPal,0.05,8.61
ORD0005329,CUST01256,2024-09-15,Delivered,UPI,0.1,1.28
ORD0005330,CUST01432,2024-08-11,Delivered,PayPal,0.0,5.04
ORD0005331,CUST01270,2023-09-21,Delivered,Credit Card,0.2,7.82
ORD0005332,CUST01322,2024-01-21,Delivered,Credit Card,0.0,13.66
ORD0005333,CUST00774,2023-06-26,Delivered,Debit Card,0.1,8.01
ORD0005334,CUST00365,2024-08-06,Delivered,PayPal,0.0,11.75
ORD0005335,CUST01994,2024-05-21,Delivered,PayPal,0.0,13.14
ORD0005336,CUST02000,2024-11-26,Delivered,PayPal,0.05,9.77
ORD0005337,CUST00517,2023-03-07,Delivered,Net Banking,0.1,14.67
ORD0005338,CUST00204,2024-03-05,Delivered,UPI,0.15,0.46
ORD0005339,CUST01870,2024-08-03,Delivered,Credit Card,0.1,4.68
ORD0005340,CUST00716,2024-12-12,Delivered,Credit Card,0.0,11.63
ORD0005341,CUST01271,2023-11-27,Cancelled,UPI,0.1,4.55
ORD0005342,CUST01358,2023-01-19,Delivered,Credit Card,0.0,2.13
ORD0005343,CUST00711,2022-11-21,Delivered,UPI,0.0,11.88
ORD0005344,CUST01666,2024-11-11,Cancelled,UPI,0.1,4.31
ORD0005345,CUST00865,2024-10-31,Delivered,Net Banking,0.0,0.33
ORD0005346,CUST01860,2024-05-10,Delivered,Credit Card,0.2,11.18
ORD0005347,CUST00915,2022-10-26,Delivered,Credit Card,0.0,14.56
ORD0005348,CUST00597,2022-06-15,Delivered,UPI,0.0,9.5
ORD0005349,CUST01199,2024-03-20,Delivered,Credit Card,0.05,10.79
ORD0005350,CUST00223,2024-10-08,Delivered,PayPal,0.05,2.46
ORD0005351,CUST01949,2024-06-21,Delivered,Debit Card,0.0,1.19
ORD0005352,CUST01675,2024-11-01,Delivered,Credit Card,0.05,3.86
ORD0005353,CUST00161,2024-12-16,Cancelled,Wallet,0.0,0.53
ORD0005354,CUST00568,2023-09-07,Returned,Debit Card,0.0,12.51
ORD0005355,CUST01426,2024-11-13,Cancelled,Credit Card,0.0,0.05
ORD0005356,CUST01973,2024-11-15,Delivered,UPI,0.0,3.25
ORD0005357,CUST01807,2024-05-18,Delivered,Wallet,0.05,8.16
ORD0005358,CUST01667,2023-08-18,Delivered,Debit Card,0.0,12.64
ORD0005359,CUST00215,2024-09-27,Delivered,Wallet,0.15,9.68
ORD0005360,CUST01272,2024-11-22,Delivered,PayPal,0.15,9.65
ORD0005361,CUST00573,2024-12-26,Cancelled,Debit Card,0.0,6.53
ORD0005362,CUST00480,2024-12-22,Returned,PayPal,0.15,13.16
ORD0005363,CUST00834,2024-08-03,Delivered,Wallet,0.15,13.51
ORD0005364,CUST00370,2023-09-02,Delivered,PayPal,0.0,10.14
ORD0005365,CUST01854,2024-09-21,Delivered,Net Banking,0.1,9.37
ORD0005366,CUST00239,2024-12-04,Delivered,Credit Card,0.1,12.46
ORD0005367,CUST01873,2024-06-18,Delivered,UPI,0.0,13.37
ORD0005368,CUST00088,2023-07-07,Delivered,Net Banking,0.1,6.27
ORD0005369,CUST01996,2024-05-14,Processing,Wallet,0.15,14.19
ORD0005370,CUST00816,2024-05-08,Delivered,Credit Card,0.1,2.35
ORD0005371,CUST01358,2024-12-18,Delivered,Net Banking,0.05,1.62
ORD0005372,CUST01898,2024-01-23,Delivered,Credit Card,0.1,0.0
ORD0005373,CUST00341,2022-07-02,Cancelled,PayPal,0.0,12.62
ORD0005374,CUST01248,2024-12-11,Cancelled,Wallet,0.0,4.54
ORD0005375,CUST01120,2023-10-14,Delivered,Debit Card,0.0,13.37
ORD0005376,CUST00403,2024-08-20,Delivered,PayPal,0.1,7.18
ORD0005377,CUST01698,2024-11-23,Delivered,UPI,0.1,7.43
ORD0005378,CUST01419,2023-10-13,Delivered,PayPal,0.15,14.44
ORD0005379,CUST01913,2023-12-09,Processing,Net Banking,0.15,9.14
ORD0005380,CUST01915,2024-07-12,Delivered,Credit Card,0.05,2.64
ORD0005381,CUST00201,2024-12-23,Delivered,Net Banking,0.0,12.29
ORD0005382,CUST00135,2024-10-28,Delivered,UPI,0.05,7.9
ORD0005383,CUST01786,2024-04-12,Returned,Debit Card,0.1,4.12
ORD0005384,CUST00280,2024-07-06,Cancelled,PayPal,0.1,2.92
ORD0005385,CUST00305,2024-10-01,Cancelled,PayPal,0.0,1.74
ORD0005386,CUST00083,2023-03-02,Delivered,Wallet,0.05,3.9
ORD0005387,CUST00415,2024-02-11,Delivered,Credit Card,0.0,1.68
ORD0005388,CUST01817,2024-02-02,Delivered,UPI,0.0,8.67
ORD0005389,CUST00949,2024-12-20,Delivered,PayPal,0.2,11.19
ORD0005390,CUST01424,2024-02-10,Delivered,Wallet,0.15,13.44
ORD0005391,CUST01609,2024-07-25,Delivered,Wallet,0.0,7.69
ORD0005392,CUST00364,2024-06-17,Delivered,PayPal,0.0,9.92
ORD0005393,CUST01784,2023-05-31,Delivered,Debit Card,0.1,4.7
ORD0005394,CUST00836,2024-11-17,Processing,Debit Card,0.0,1.8
ORD0005395,CUST01789,2024-05-02,Cancelled,UPI,0.0,7.5
ORD0005396,CUST01276,2024-09-04,Delivered,Credit Card,0.2,12.82
ORD0005397,CUST01053,2024-08-12,Delivered,Credit Card,0.05,11.72
ORD0005398,CUST00167,2024-02-13,Cancelled,UPI,0.2,6.77
ORD0005399,CUST01011,2024-03-28,Delivered,Wallet,0.05,14.37
ORD0005400,CUST01720,2024-11-04,Delivered,Net Banking,0.0,14.72
ORD0005401,CUST01918,2023-08-12,Returned,Debit Card,0.1,0.4
ORD0005402,CUST00185,2024-12-17,Delivered,Credit Card,0.05,8.68
ORD0005403,CUST00780,2024-08-17,Delivered,PayPal,0.05,0.96
ORD0005404,CUST00112,2024-02-24,Delivered,Credit Card,0.0,14.98
ORD0005405,CUST00175,2024-10-21,Delivered,UPI,0.05,13.34
ORD0005406,CUST01272,2024-11-29,Delivered,UPI,0.0,7.32
ORD0005407,CUST00020,2024-02-19,Delivered,Wallet,0.0,1.69
ORD0005408,CUST01509,2024-06-29,Delivered,Debit Card,0.05,7.05
ORD0005409,CUST01387,2024-12-27,Processing,UPI,0.05,1.52
ORD0005410,CUST01992,2024-02-19,Delivered,Debit Card,0.05,3.22
ORD0005411,CUST00241,2023-09-26,Delivered,Debit Card,0.15,10.61
ORD0005412,CUST01500,2022-05-04,Delivered,Debit Card,0.05,7.19
ORD0005413,CUST01243,2024-07-22,Returned,UPI,0.1,6.42
ORD0005414,CUST01545,2024-09-24,Returned,Debit Card,0.2,6.53
ORD0005415,CUST00179,2024-09-05,Cancelled,PayPal,0.1,9.88
ORD0005416,CUST01896,2024-09-02,Delivered,Wallet,0.1,6.09
ORD0005417,CUST01462,2024-12-23,Delivered,Credit Card,0.05,9.61
ORD0005418,CUST00164,2023-12-04,Delivered,Credit Card,0.0,10.86
ORD0005419,CUST00684,2023-04-27,Delivered,UPI,0.1,0.1
ORD0005420,CUST00824,2024-10-07,Delivered,Wallet,0.15,5.08
ORD0005421,CUST01716,2024-10-01,Delivered,Debit Card,0.0,14.69
ORD0005422,CUST00316,2024-03-26,Delivered,Debit Card,0.0,7.23
ORD0005423,CUST00581,2024-11-17,Delivered,Net Banking,0.15,3.07
ORD0005424,CUST00990,2024-12-05,Delivered,Credit Card,0.0,7.07
ORD0005425,CUST00846,2024-08-12,Cancelled,Net Banking,0.0,5.77
ORD0005426,CUST01015,2024-07-03,Returned,Wallet,0.0,14.55
ORD0005427,CUST01991,2024-09-30,Delivered,Wallet,0.05,3.71
ORD0005428,CUST00808,2023-12-26,Delivered,Credit Card,0.0,12.86
ORD0005429,CUST00153,2024-10-05,Cancelled,Credit Card,0.05,9.61
ORD0005430,CUST01268,2023-05-23,Delivered,Debit Card,0.0,12.84
ORD0005431,CUST01250,2024-06-29,Cancelled,Wallet,0.0,9.75
ORD0005432,CUST00312,2024-08-31,Processing,Credit Card,0.1,10.38
ORD0005433,CUST00564,2023-08-16,Delivered,Net Banking,0.0,7.1
ORD0005434,CUST01645,2023-06-07,Delivered,Wallet,0.05,0.95
ORD0005435,CUST01461,2024-07-29,Delivered,PayPal,0.1,10.92
ORD0005436,CUST00577,2023-01-11,Delivered,Credit Card,0.05,8.93
ORD0005437,CUST01945,2024-01-26,Delivered,PayPal,0.0,1.79
ORD0005438,CUST00845,2024-12-13,Delivered,Net Banking,0.1,0.05
ORD0005439,CUST01629,2024-05-06,Delivered,Wallet,0.1,1.79
ORD0005440,CUST00070,2024-11-25,Returned,PayPal,0.15,5.54
ORD0005441,CUST01830,2024-05-02,Delivered,Net Banking,0.0,8.04
ORD0005442,CUST01652,2022-09-26,Delivered,Net Banking,0.0,10.4
ORD0005443,CUST01441,2023-04-02,Processing,PayPal,0.1,12.47
ORD0005444,CUST01670,2024-12-02,Delivered,Debit Card,0.0,3.13
ORD0005445,CUST00832,2023-10-07,Delivered,Debit Card,0.05,9.12
ORD0005446,CUST01547,2024-06-13,Delivered,Wallet,0.1,13.86
ORD0005447,CUST00078,2024-10-25,Delivered,Net Banking,0.05,10.5
ORD0005448,CUST01274,2022-12-19,Delivered,Credit Card,0.15,10.59
ORD0005449,CUST01158,2024-12-25,Delivered,Wallet,0.1,9.56
ORD0005450,CUST00665,2024-10-20,Delivered,Credit Card,0.15,3.05
ORD0005451,CUST00255,2024-10-17,Delivered,UPI,0.0,13.93
ORD0005452,CUST00742,2023-11-02,Returned,Debit Card,0.0,14.92
ORD0005453,CUST00853,2024-02-13,Cancelled,Wallet,0.1,9.25
ORD0005454,CUST01187,2024-10-22,Delivered,Credit Card,0.1,8.8
ORD0005455,CUST01747,2024-04-14,Returned,UPI,0.0,11.46
ORD0005456,CUST00113,2024-07-08,Delivered,Credit Card,0.15,7.64
ORD0005457,CUST00992,2024-12-22,Delivered,Wallet,0.1,6.3
ORD0005458,CUST00184,2023-08-29,Delivered,Net Banking,0.2,9.92
ORD0005459,CUST01837,2024-11-25,Delivered,Debit Card,0.05,2.64
ORD0005460,CUST00074,2024-12-29,Delivered,PayPal,0.0,11.89
ORD0005461,CUST00109,2023-12-29,Delivered,UPI,0.2,14.47
ORD0005462,CUST01337,2024-09-08,Processing,PayPal,0.05,12.56
ORD0005463,CUST01962,2024-05-13,Delivered,Wallet,0.05,14.09
ORD0005464,CUST00516,2022-11-18,Processing,Debit Card,0.1,5.34
ORD0005465,CUST00725,2024-05-01,Delivered,Debit Card,0.1,10.59
ORD0005466,CUST00872,2024-08-19,Delivered,UPI,0.05,12.82
ORD0005467,CUST01562,2023-11-05,Cancelled,Credit Card,0.0,8.72
ORD0005468,CUST00972,2024-07-04,Delivered,Debit Card,0.0,6.44
ORD0005469,CUST01609,2024-08-01,Delivered,Wallet,0.0,11.89
ORD0005470,CUST00860,2023-08-20,Delivered,UPI,0.05,2.85
ORD0005471,CUST00192,2023-08-23,Returned,Net Banking,0.05,8.08
ORD0005472,CUST00206,2023-12-25,Delivered,UPI,0.1,13.02
ORD0005473,CUST00641,2023-09-18,Delivered,Credit Card,0.1,9.11
ORD0005474,CUST00752,2023-11-09,Delivered,Credit Card,0.1,6.52
ORD0005475,CUST00639,2024-07-15,Returned,Debit Card,0.0,7.15
ORD0005476,CUST00888,2024-02-12,Delivered,Net Banking,0.0,2.09
ORD0005477,CUST00376,2024-12-28,Delivered,Credit Card,0.0,10.06
ORD0005478,CUST00336,2024-10-18,Returned,Net Banking,0.1,12.55
ORD0005479,CUST00889,2022-05-27,Returned,Wallet,0.1,13.02
ORD0005480,CUST01111,2024-10-07,Delivered,Credit Card,0.05,14.26
ORD0005481,CUST00531,2022-09-01,Delivered,Wallet,0.0,14.7
ORD0005482,CUST00613,2024-12-06,Processing,UPI,0.0,2.48
ORD0005483,CUST01184,2022-12-03,Delivered,PayPal,0.05,14.37
ORD0005484,CUST00409,2024-08-06,Delivered,Debit Card,0.0,2.36
ORD0005485,CUST01124,2023-06-09,Delivered,PayPal,0.0,5.39
ORD0005486,CUST00799,2024-06-01,Delivered,PayPal,0.0,13.4
ORD0005487,CUST01171,2024-07-10,Delivered,Net Banking,0.1,8.49
ORD0005488,CUST00716,2024-12-21,Returned,Debit Card,0.05,10.56
ORD0005489,CUST01680,2024-04-12,Delivered,Credit Card,0.1,13.49
ORD0005490,CUST01829,2024-12-11,Delivered,Credit Card,0.0,11.4
ORD0005491,CUST01626,2024-04-11,Delivered,Debit Card,0.05,3.28
ORD0005492,CUST01909,2024-11-02,Delivered,Credit Card,0.0,13.54
ORD0005493,CUST01354,2024-09-04,Delivered,PayPal,0.15,3.84
ORD0005494,CUST01787,2024-10-02,Delivered,Net Banking,0.0,13.99
ORD0005495,CUST01738,2023-10-10,Delivered,UPI,0.2,2.33
ORD0005496,CUST01163,2024-12-15,Delivered,Net Banking,0.0,13.57
ORD0005497,CUST01072,2024-07-06,Delivered,Debit Card,0.0,2.25
ORD0005498,CUST01397,2024-09-11,Returned,Debit Card,0.15,6.23
ORD0005499,CUST01889,2023-09-23,Delivered,UPI,0.05,6.27
ORD0005500,CUST00024,2023-06-15,Delivered,Net Banking,0.0,4.26
ORD0005501,CUST00299,2024-03-17,Delivered,PayPal,0.0,8.89
ORD0005502,CUST01053,2024-01-02,Delivered,Wallet,0.05,13.95
ORD0005503,CUST00477,2024-10-07,Delivered,Wallet,0.05,6.06
ORD0005504,CUST00906,2024-11-19,Returned,Debit Card,0.15,8.33
ORD0005505,CUST01805,2023-09-27,Delivered,Net Banking,0.05,8.65
ORD0005506,CUST00396,2023-06-17,Delivered,Debit Card,0.0,2.95
ORD0005507,CUST00627,2024-05-18,Delivered,Net Banking,0.0,5.53
ORD0005508,CUST00150,2023-12-03,Delivered,UPI,0.05,6.6
ORD0005509,CUST00249,2024-02-20,Delivered,Wallet,0.0,0.08
ORD0005510,CUST00341,2022-05-04,Delivered,PayPal,0.0,10.87
ORD0005511,CUST01710,2024-08-13,Delivered,Wallet,0.2,2.74
ORD0005512,CUST01982,2024-07-12,Returned,Debit Card,0.0,7.06
ORD0005513,CUST01810,2024-02-19,Returned,Net Banking,0.0,11.6
ORD0005514,CUST00258,2024-10-14,Returned,UPI,0.05,6.98
ORD0005515,CUST00598,2024-08-20,Delivered,Debit Card,0.05,3.62
ORD0005516,CUST01910,2024-09-23,Delivered,UPI,0.0,14.05
ORD0005517,CUST01948,2024-11-16,Delivered,Credit Card,0.05,10.12
ORD0005518,CUST01733,2024-05-18,Delivered,PayPal,0.0,2.45
ORD0005519,CUST00801,2024-08-07,Delivered,Net Banking,0.1,14.62
ORD0005520,CUST01840,2024-10-10,Delivered,Debit Card,0.1,6.77
ORD0005521,CUST01956,2024-03-11,Cancelled,Debit Card,0.05,3.3
ORD0005522,CUST00602,2023-02-08,Delivered,Net Banking,0.05,14.02
ORD0005523,CUST01724,2024-11-21,Delivered,Net Banking,0.05,0.7
ORD0005524,CUST01315,2024-06-10,Returned,Net Banking,0.1,9.94
ORD0005525,CUST00401,2024-05-24,Delivered,Debit Card,0.0,14.07
ORD0005526,CUST00719,2024-10-13,Returned,PayPal,0.05,13.63
ORD0005527,CUST01397,2024-09-25,Returned,Debit Card,0.0,11.96
ORD0005528,CUST01018,2024-03-30,Returned,UPI,0.0,0.99
ORD0005529,CUST01597,2024-12-26,Delivered,PayPal,0.0,9.69
ORD0005530,CUST00389,2024-10-23,Returned,Credit Card,0.1,12.39
ORD0005531,CUST00825,2023-09-25,Cancelled,Credit Card,0.0,4.38
ORD0005532,CUST00717,2024-02-22,Processing,Credit Card,0.2,12.12
ORD0005533,CUST00148,2024-08-06,Cancelled,Credit Card,0.05,2.53
ORD0005534,CUST00449,2024-09-02,Cancelled,Wallet,0.0,2.19
ORD0005535,CUST00364,2022-09-02,Delivered,UPI,0.2,6.23
ORD0005536,CUST00869,2024-08-05,Delivered,Credit Card,0.0,6.13
ORD0005537,CUST01334,2023-01-23,Delivered,Credit Card,0.0,14.72
ORD0005538,CUST00014,2023-05-23,Delivered,Credit Card,0.0,10.39
ORD0005539,CUST00630,2024-11-10,Delivered,Credit Card,0.1,9.37
ORD0005540,CUST01246,2024-06-14,Returned,Debit Card,0.1,9.38
ORD0005541,CUST01997,2024-04-17,Delivered,Net Banking,0.0,8.52
ORD0005542,CUST00726,2024-12-05,Delivered,Credit Card,0.05,2.88
ORD0005543,CUST00767,2024-07-01,Processing,Net Banking,0.0,9.28
ORD0005544,CUST01791,2024-12-23,Delivered,Credit Card,0.0,1.55
ORD0005545,CUST01449,2024-04-26,Delivered,UPI,0.1,7.07
ORD0005546,CUST00215,2023-12-07,Returned,Debit Card,0.1,10.43
ORD0005547,CUST00744,2024-05-12,Delivered,PayPal,0.0,6.6
ORD0005548,CUST01179,2024-01-28,Delivered,Wallet,0.0,3.93
ORD0005549,CUST00219,2024-07-05,Cancelled,Net Banking,0.0,8.93
ORD0005550,CUST00516,2023-05-17,Delivered,Debit Card,0.0,0.29
ORD0005551,CUST00041,2024-06-04,Returned,Credit Card,0.0,6.76
ORD0005552,CUST00139,2024-08-22,Delivered,UPI,0.05,3.58
ORD0005553,CUST01617,2024-10-13,Delivered,PayPal,0.1,8.36
ORD0005554,CUST01547,2024-01-29,Delivered,Net Banking,0.1,1.53
ORD0005555,CUST00077,2024-10-11,Delivered,Debit Card,0.15,1.24
ORD0005556,CUST01286,2024-06-09,Delivered,Net Banking,0.0,14.53
ORD0005557,CUST00971,2024-07-11,Delivered,Wallet,0.0,10.94
ORD0005558,CUST00072,2024-12-02,Returned,PayPal,0.0,10.42
ORD0005559,CUST01135,2024-06-21,Delivered,Wallet,0.0,11.28
ORD0005560,CUST00066,2024-07-23,Delivered,UPI,0.05,10.44
ORD0005561,CUST01893,2023-10-30,Delivered,PayPal,0.15,3.31
ORD0005562,CUST01439,2024-03-19,Delivered,Debit Card,0.1,13.43
ORD0005563,CUST00257,2023-10-07,Processing,Credit Card,0.0,12.38
ORD0005564,CUST00028,2024-09-07,Delivered,Net Banking,0.0,2.33
ORD0005565,CUST00836,2024-08-09,Delivered,Credit Card,0.0,0.54
ORD0005566,CUST00709,2023-06-18,Delivered,Credit Card,0.1,7.23
ORD0005567,CUST01758,2022-03-11,Delivered,Net Banking,0.15,10.77
ORD0005568,CUST00343,2024-01-05,Delivered,Debit Card,0.0,3.7
ORD0005569,CUST01524,2024-11-01,Delivered,UPI,0.0,7.88
ORD0005570,CUST00884,2024-12-14,Returned,Net Banking,0.1,3.16
ORD0005571,CUST01286,2023-12-14,Cancelled,Wallet,0.05,1.17
ORD0005572,CUST01779,2023-09-02,Delivered,Credit Card,0.05,3.77
ORD0005573,CUST01121,2024-12-27,Delivered,Wallet,0.0,2.88
ORD0005574,CUST01261,2024-08-20,Processing,Debit Card,0.0,4.57
ORD0005575,CUST01558,2024-12-20,Delivered,Net Banking,0.1,10.98
ORD0005576,CUST01392,2024-04-01,Delivered,Debit Card,0.1,4.9
ORD0005577,CUST01289,2024-11-17,Returned,Net Banking,0.15,10.36
ORD0005578,CUST01099,2024-06-13,Delivered,Credit Card,0.05,5.25
ORD0005579,CUST01732,2024-12-04,Delivered,UPI,0.0,3.59
ORD0005580,CUST01649,2024-09-06,Delivered,Debit Card,0.0,7.96
ORD0005581,CUST01237,2023-06-24,Delivered,PayPal,0.15,6.64
ORD0005582,CUST01582,2024-12-04,Delivered,Credit Card,0.0,13.95
ORD0005583,CUST00881,2022-10-16,Cancelled,Net Banking,0.05,13.44
ORD0005584,CUST01834,2024-09-17,Delivered,Credit Card,0.0,7.56
ORD0005585,CUST01857,2023-12-14,Delivered,Credit Card,0.05,14.99
ORD0005586,CUST00275,2023-11-07,Delivered,Net Banking,0.1,7.62
ORD0005587,CUST01772,2024-08-11,Cancelled,PayPal,0.0,1.2
ORD0005588,CUST01142,2023-10-05,Delivered,Wallet,0.2,3.84
ORD0005589,CUST01354,2022-09-14,Delivered,PayPal,0.2,2.99
ORD0005590,CUST01838,2024-03-20,Delivered,Credit Card,0.05,7.07
ORD0005591,CUST00733,2024-05-17,Returned,Credit Card,0.05,12.57
ORD0005592,CUST00650,2024-11-27,Delivered,UPI,0.05,13.07
ORD0005593,CUST00927,2024-05-14,Delivered,Debit Card,0.15,10.96
ORD0005594,CUST00130,2024-05-30,Delivered,Debit Card,0.05,5.09
ORD0005595,CUST00195,2022-05-05,Delivered,Wallet,0.0,14.72
ORD0005596,CUST01925,2024-12-30,Delivered,Debit Card,0.0,1.07
ORD0005597,CUST00970,2024-03-19,Returned,PayPal,0.0,4.45
ORD0005598,CUST01166,2024-06-20,Delivered,Credit Card,0.0,13.23
ORD0005599,CUST00173,2022-12-18,Delivered,UPI,0.05,5.27
ORD0005600,CUST01101,2024-09-04,Returned,Debit Card,0.1,2.35
ORD0005601,CUST00328,2023-01-14,Cancelled,Credit Card,0.05,3.92
ORD0005602,CUST00155,2024-12-06,Delivered,PayPal,0.0,0.3
ORD0005603,CUST00650,2024-12-08,Delivered,UPI,0.1,4.85
ORD0005604,CUST00328,2024-01-14,Delivered,UPI,0.0,4.6
ORD0005605,CUST00238,2024-05-21,Delivered,Wallet,0.05,5.12
ORD0005606,CUST01823,2024-11-12,Delivered,Net Banking,0.0,11.11
ORD0005607,CUST01014,2024-11-23,Delivered,Debit Card,0.05,8.55
ORD0005608,CUST01030,2023-11-24,Delivered,Credit Card,0.0,6.99
ORD0005609,CUST00067,2024-11-28,Delivered,Wallet,0.2,12.08
ORD0005610,CUST00878,2024-01-30,Delivered,Net Banking,0.1,11.07
ORD0005611,CUST00431,2024-12-05,Delivered,Wallet,0.15,14.07
ORD0005612,CUST01970,2023-11-21,Delivered,Credit Card,0.2,8.38
ORD0005613,CUST00333,2022-12-08,Cancelled,Credit Card,0.05,4.61
ORD0005614,CUST01338,2024-04-13,Delivered,UPI,0.05,0.26
ORD0005615,CUST01746,2024-06-02,Delivered,Credit Card,0.0,5.49
ORD0005616,CUST01239,2024-04-17,Delivered,Wallet,0.05,5.26
ORD0005617,CUST01874,2023-05-27,Delivered,Net Banking,0.1,8.99
ORD0005618,CUST01423,2024-11-28,Delivered,Net Banking,0.0,12.22
ORD0005619,CUST00381,2024-12-20,Delivered,Debit Card,0.0,1.85
ORD0005620,CUST01347,2024-03-21,Delivered,Wallet,0.1,2.07
ORD0005621,CUST01383,2024-11-12,Delivered,PayPal,0.0,2.08
ORD0005622,CUST00224,2022-11-02,Returned,Net Banking,0.0,13.65
ORD0005623,CUST01831,2022-09-04,Delivered,Wallet,0.0,9.6
ORD0005624,CUST00906,2024-10-20,Delivered,Wallet,0.2,7.07
ORD0005625,CUST01979,2024-12-07,Delivered,Wallet,0.1,3.18
ORD0005626,CUST01801,2024-02-01,Cancelled,PayPal,0.0,10.53
ORD0005627,CUST01904,2023-04-10,Cancelled,Debit Card,0.0,3.29
ORD0005628,CUST00775,2023-08-13,Cancelled,Net Banking,0.0,1.89
ORD0005629,CUST00477,2024-11-30,Delivered,Wallet,0.1,9.9
ORD0005630,CUST01064,2024-12-26,Delivered,Credit Card,0.1,9.01
ORD0005631,CUST00715,2024-04-29,Delivered,UPI,0.0,11.3
ORD0005632,CUST01804,2023-05-14,Cancelled,UPI,0.0,1.46
ORD0005633,CUST00500,2023-07-23,Delivered,UPI,0.0,3.73
ORD0005634,CUST01556,2024-07-22,Delivered,Wallet,0.15,0.75
ORD0005635,CUST01804,2024-01-12,Delivered,PayPal,0.1,2.6
ORD0005636,CUST01232,2023-07-14,Cancelled,PayPal,0.0,14.12
ORD0005637,CUST00418,2023-09-04,Delivered,Debit Card,0.05,11.98
ORD0005638,CUST00839,2023-07-14,Returned,PayPal,0.0,8.42
ORD0005639,CUST01735,2024-01-02,Processing,Net Banking,0.0,9.17
ORD0005640,CUST01005,2024-11-24,Returned,UPI,0.05,4.75
ORD0005641,CUST00694,2024-12-27,Delivered,Credit Card,0.15,0.35
ORD0005642,CUST00837,2024-05-16,Delivered,UPI,0.0,4.55
ORD0005643,CUST00536,2024-09-18,Delivered,Credit Card,0.1,2.28
ORD0005644,CUST01070,2022-10-24,Delivered,PayPal,0.0,10.4
ORD0005645,CUST00813,2024-06-19,Delivered,Wallet,0.0,3.72
ORD0005646,CUST01720,2024-11-13,Processing,UPI,0.2,7.46
ORD0005647,CUST00714,2024-12-16,Delivered,Wallet,0.1,8.97
ORD0005648,CUST01921,2024-11-18,Cancelled,Wallet,0.0,5.6
ORD0005649,CUST01762,2023-08-07,Delivered,Wallet,0.05,2.84
ORD0005650,CUST01582,2023-07-01,Delivered,Net Banking,0.05,3.28
ORD0005651,CUST00696,2024-04-12,Delivered,Net Banking,0.15,5.8
ORD0005652,CUST00542,2022-06-08,Delivered,Credit Card,0.1,2.89
ORD0005653,CUST00362,2023-08-27,Returned,Net Banking,0.0,0.37
ORD0005654,CUST00654,2023-02-11,Delivered,Wallet,0.05,14.26
ORD0005655,CUST01197,2024-10-11,Delivered,Net Banking,0.1,13.11
ORD0005656,CUST00154,2024-11-28,Delivered,Debit Card,0.0,3.97
ORD0005657,CUST01071,2023-10-13,Delivered,Net Banking,0.0,5.83
ORD0005658,CUST00094,2024-12-17,Returned,UPI,0.1,6.0
ORD0005659,CUST00839,2023-09-17,Delivered,Credit Card,0.15,2.47
ORD0005660,CUST00360,2023-11-16,Delivered,Net Banking,0.0,12.7
ORD0005661,CUST00148,2023-04-08,Delivered,UPI,0.05,14.81
ORD0005662,CUST01022,2024-10-30,Delivered,PayPal,0.0,10.25
ORD0005663,CUST01151,2024-02-15,Delivered,Credit Card,0.0,5.88
ORD0005664,CUST01086,2024-11-09,Delivered,PayPal,0.0,11.29
ORD0005665,CUST00093,2023-07-10,Delivered,Net Banking,0.0,6.12
ORD0005666,CUST01662,2022-07-28,Returned,UPI,0.0,4.22
ORD0005667,CUST00510,2023-04-15,Delivered,Net Banking,0.0,2.97
ORD0005668,CUST01820,2024-03-21,Delivered,Debit Card,0.05,4.91
ORD0005669,CUST01246,2023-09-21,Delivered,Net Banking,0.15,6.03
ORD0005670,CUST00949,2024-12-25,Delivered,Wallet,0.1,5.49
ORD0005671,CUST00953,2024-12-28,Delivered,PayPal,0.1,5.75
ORD0005672,CUST01349,2024-02-29,Delivered,UPI,0.0,12.81
ORD0005673,CUST00975,2024-10-28,Processing,PayPal,0.0,14.99
ORD0005674,CUST00583,2024-05-11,Delivered,PayPal,0.1,1.86
ORD0005675,CUST00749,2024-11-20,Delivered,PayPal,0.05,9.54
ORD0005676,CUST00771,2023-10-28,Delivered,Wallet,0.05,13.72
ORD0005677,CUST00894,2024-12-27,Delivered,Debit Card,0.0,5.49
ORD0005678,CUST01495,2024-12-04,Delivered,Credit Card,0.15,1.41
ORD0005679,CUST00284,2024-09-24,Delivered,Debit Card,0.1,6.0
ORD0005680,CUST00168,2024-12-19,Delivered,Debit Card,0.1,1.79
ORD0005681,CUST01730,2022-12-20,Returned,Credit Card,0.0,5.92
ORD0005682,CUST00572,2024-12-21,Returned,PayPal,0.05,8.09
ORD0005683,CUST01200,2022-12-19,Delivered,UPI,0.0,2.09
ORD0005684,CUST01679,2024-03-09,Delivered,UPI,0.15,4.16
ORD0005685,CUST01898,2024-06-23,Delivered,Net Banking,0.0,13.16
ORD0005686,CUST01316,2024-06-04,Delivered,Wallet,0.1,10.94
ORD0005687,CUST00939,2023-05-28,Delivered,Credit Card,0.0,2.4
ORD0005688,CUST01211,2023-11-03,Delivered,Wallet,0.05,9.81
ORD0005689,CUST00324,2023-09-22,Delivered,Net Banking,0.1,8.62
ORD0005690,CUST00936,2024-08-01,Delivered,Wallet,0.0,11.4
ORD0005691,CUST00215,2023-07-08,Delivered,PayPal,0.0,13.72
ORD0005692,CUST01184,2023-06-18,Delivered,Debit Card,0.1,10.38
ORD0005693,CUST00358,2024-11-04,Delivered,Net Banking,0.0,9.19
ORD0005694,CUST00506,2022-06-17,Delivered,Net Banking,0.0,8.89
ORD0005695,CUST01511,2022-11-06,Delivered,UPI,0.1,5.2
ORD0005696,CUST01724,2024-11-29,Delivered,UPI,0.2,2.7
ORD0005697,CUST01105,2024-04-20,Cancelled,Debit Card,0.05,7.22
ORD0005698,CUST00911,2024-07-14,Returned,Debit Card,0.0,1.53
ORD0005699,CUST01811,2023-05-11,Delivered,Net Banking,0.05,11.14
ORD0005700,CUST01393,2024-09-15,Cancelled,UPI,0.0,7.54
ORD0005701,CUST01846,2024-08-24,Cancelled,Wallet,0.0,14.66
ORD0005702,CUST00243,2022-02-26,Returned,Wallet,0.15,6.52
ORD0005703,CUST01927,2022-08-12,Delivered,Net Banking,0.05,5.12
ORD0005704,CUST00348,2023-10-29,Delivered,UPI,0.05,1.53
ORD0005705,CUST00161,2024-10-10,Returned,Debit Card,0.1,8.69
ORD0005706,CUST00580,2022-09-10,Delivered,Credit Card,0.05,9.36
ORD0005707,CUST00668,2024-02-09,Delivered,Wallet,0.0,12.36
ORD0005708,CUST00061,2023-09-19,Delivered,Net Banking,0.05,7.67
ORD0005709,CUST00259,2024-07-28,Delivered,PayPal,0.1,2.0
ORD0005710,CUST01763,2024-08-17,Delivered,Wallet,0.0,13.09
ORD0005711,CUST00306,2024-08-27,Delivered,Net Banking,0.0,11.31
ORD0005712,CUST00093,2024-06-09,Delivered,PayPal,0.0,3.55
ORD0005713,CUST01200,2024-01-25,Cancelled,PayPal,0.05,9.75
ORD0005714,CUST01925,2023-11-21,Delivered,Wallet,0.05,10.84
ORD0005715,CUST00804,2023-12-24,Cancelled,UPI,0.05,4.03
ORD0005716,CUST00141,2022-09-07,Delivered,PayPal,0.1,4.53
ORD0005717,CUST01262,2023-06-02,Delivered,Wallet,0.0,1.07
ORD0005718,CUST01873,2023-08-01,Delivered,Net Banking,0.1,1.65
ORD0005719,CUST00618,2024-12-12,Delivered,Credit Card,0.0,0.17
ORD0005720,CUST00885,2023-08-21,Delivered,Wallet,0.0,13.15
ORD0005721,CUST01313,2024-10-26,Delivered,Credit Card,0.2,5.05
ORD0005722,CUST01796,2023-04-09,Processing,Debit Card,0.1,9.33
ORD0005723,CUST01654,2024-11-11,Delivered,UPI,0.15,2.43
ORD0005724,CUST00647,2024-12-05,Delivered,Net Banking,0.0,5.49
ORD0005725,CUST01875,2024-12-24,Delivered,Debit Card,0.05,3.35
ORD0005726,CUST01597,2024-12-01,Delivered,UPI,0.0,1.68
ORD0005727,CUST01151,2024-10-12,Delivered,Net Banking,0.0,9.42
ORD0005728,CUST01064,2024-07-01,Delivered,Wallet,0.0,8.56
ORD0005729,CUST00191,2024-08-13,Delivered,UPI,0.05,7.48
ORD0005730,CUST01673,2023-06-09,Delivered,Wallet,0.05,8.85
ORD0005731,CUST00799,2024-12-29,Delivered,PayPal,0.15,1.01
ORD0005732,CUST00815,2024-07-15,Cancelled,Net Banking,0.0,12.25
ORD0005733,CUST01009,2022-09-18,Delivered,Net Banking,0.1,8.6
ORD0005734,CUST00673,2024-12-29,Delivered,UPI,0.1,1.18
ORD0005735,CUST01675,2024-09-08,Delivered,Credit Card,0.05,12.44
ORD0005736,CUST01685,2022-04-18,Delivered,PayPal,0.15,2.03
ORD0005737,CUST01203,2024-10-19,Delivered,PayPal,0.1,11.78
ORD0005738,CUST00572,2024-09-01,Returned,Debit Card,0.15,1.94
ORD0005739,CUST01173,2024-10-03,Delivered,PayPal,0.1,5.18
ORD0005740,CUST01629,2023-11-30,Delivered,PayPal,0.0,11.79
ORD0005741,CUST01281,2023-08-01,Returned,Debit Card,0.05,0.37
ORD0005742,CUST00477,2024-08-10,Returned,Net Banking,0.0,6.79
ORD0005743,CUST00908,2024-06-15,Cancelled,Net Banking,0.0,8.25
ORD0005744,CUST01860,2024-03-07,Delivered,Credit Card,0.2,6.6
ORD0005745,CUST00311,2023-07-13,Delivered,Net Banking,0.0,1.37
ORD0005746,CUST02000,2024-12-07,Delivered,Net Banking,0.0,10.21
ORD0005747,CUST01027,2024-05-09,Delivered,PayPal,0.1,12.49
ORD0005748,CUST00876,2024-01-12,Delivered,Wallet,0.0,3.95
ORD0005749,CUST01322,2024-08-19,Delivered,Net Banking,0.0,9.54
ORD0005750,CUST01381,2024-08-08,Delivered,Net Banking,0.0,0.98
ORD0005751,CUST00549,2024-01-02,Delivered,Wallet,0.0,7.2
ORD0005752,CUST00787,2024-03-13,Delivered,Net Banking,0.0,8.26
ORD0005753,CUST00067,2024-12-29,Delivered,Net Banking,0.05,1.42
ORD0005754,CUST01254,2024-02-05,Returned,Wallet,0.05,5.96
ORD0005755,CUST01518,2024-01-16,Cancelled,UPI,0.0,3.69
ORD0005756,CUST00915,2022-06-03,Processing,Wallet,0.15,8.71
ORD0005757,CUST01091,2024-12-01,Delivered,Net Banking,0.0,4.7
ORD0005758,CUST01304,2024-07-28,Delivered,Wallet,0.05,0.8
ORD0005759,CUST00290,2024-08-20,Delivered,PayPal,0.15,12.21
ORD0005760,CUST00525,2024-11-30,Delivered,Credit Card,0.15,11.01
ORD0005761,CUST00213,2024-11-08,Delivered,Wallet,0.1,9.82
ORD0005762,CUST01433,2024-05-19,Delivered,Debit Card,0.0,9.74
ORD0005763,CUST01367,2024-11-12,Delivered,Net Banking,0.05,14.04
ORD0005764,CUST00317,2022-11-05,Processing,PayPal,0.05,11.15
ORD0005765,CUST00025,2024-11-19,Delivered,PayPal,0.0,7.06
ORD0005766,CUST00853,2024-03-30,Delivered,UPI,0.15,2.91
ORD0005767,CUST00464,2024-03-04,Delivered,Net Banking,0.0,1.5
ORD0005768,CUST01067,2023-12-21,Delivered,Wallet,0.0,7.09
ORD0005769,CUST01185,2024-07-22,Delivered,Wallet,0.1,11.83
ORD0005770,CUST00153,2024-08-23,Delivered,PayPal,0.0,3.65
ORD0005771,CUST01292,2022-10-30,Cancelled,Net Banking,0.0,10.8
ORD0005772,CUST00392,2024-09-29,Delivered,Credit Card,0.0,2.19
ORD0005773,CUST01571,2024-06-14,Delivered,Wallet,0.0,4.47
ORD0005774,CUST01082,2024-09-06,Returned,Wallet,0.1,12.62
ORD0005775,CUST00384,2024-10-10,Delivered,Credit Card,0.05,13.13
ORD0005776,CUST00113,2024-10-04,Delivered,PayPal,0.05,11.66
ORD0005777,CUST01743,2024-03-20,Delivered,Debit Card,0.05,0.17
ORD0005778,CUST01956,2023-03-03,Delivered,UPI,0.1,13.19
ORD0005779,CUST00746,2024-12-07,Delivered,UPI,0.0,12.42
ORD0005780,CUST01381,2024-02-12,Delivered,UPI,0.15,2.77
ORD0005781,CUST00119,2024-06-30,Delivered,UPI,0.05,10.17
ORD0005782,CUST00149,2024-10-17,Delivered,Credit Card,0.15,3.83
ORD0005783,CUST01201,2023-08-12,Delivered,Debit Card,0.0,2.21
ORD0005784,CUST00918,2024-09-27,Returned,Credit Card,0.0,3.19
ORD0005785,CUST01923,2024-12-30,Delivered,Net Banking,0.15,10.89
ORD0005786,CUST00883,2024-05-13,Delivered,UPI,0.1,14.89
ORD0005787,CUST00618,2024-12-27,Processing,Debit Card,0.0,14.09
ORD0005788,CUST01677,2024-02-21,Delivered,Net Banking,0.0,13.86
ORD0005789,CUST01854,2024-03-19,Delivered,UPI,0.2,13.78
ORD0005790,CUST01386,2024-03-29,Delivered,Debit Card,0.15,13.16
ORD0005791,CUST00608,2024-07-18,Delivered,Credit Card,0.0,4.59
ORD0005792,CUST00757,2024-12-09,Delivered,Wallet,0.05,3.71
ORD0005793,CUST01611,2023-09-18,Delivered,UPI,0.15,6.61
ORD0005794,CUST01373,2023-02-03,Delivered,PayPal,0.05,9.8
ORD0005795,CUST00421,2023-10-13,Delivered,Wallet,0.2,1.07
ORD0005796,CUST00063,2024-08-31,Delivered,PayPal,0.0,0.79
ORD0005797,CUST00140,2024-07-29,Delivered,Net Banking,0.0,14.52
ORD0005798,CUST00531,2023-10-30,Delivered,Wallet,0.0,12.17
ORD0005799,CUST01556,2023-07-13,Returned,Net Banking,0.1,6.72
ORD0005800,CUST01820,2024-12-16,Delivered,Debit Card,0.15,2.98
ORD0005801,CUST00781,2024-11-30,Delivered,Credit Card,0.1,5.69
ORD0005802,CUST00708,2024-05-29,Delivered,PayPal,0.15,1.42
ORD0005803,CUST00664,2023-11-06,Delivered,Net Banking,0.0,10.16
ORD0005804,CUST00729,2024-06-18,Returned,UPI,0.2,7.2
ORD0005805,CUST01628,2024-08-20,Delivered,Net Banking,0.15,0.52
ORD0005806,CUST01476,2024-03-13,Delivered,Net Banking,0.0,2.07
ORD0005807,CUST01357,2024-12-11,Delivered,Credit Card,0.1,8.65
ORD0005808,CUST00859,2024-09-03,Delivered,UPI,0.0,2.76
ORD0005809,CUST01823,2024-05-06,Delivered,Net Banking,0.0,6.75
ORD0005810,CUST00021,2023-03-26,Delivered,PayPal,0.0,14.12
ORD0005811,CUST00924,2024-08-19,Delivered,Credit Card,0.15,9.79
ORD0005812,CUST01324,2023-09-19,Delivered,Debit Card,0.0,2.61
ORD0005813,CUST01056,2024-08-28,Delivered,Wallet,0.0,0.25
ORD0005814,CUST00277,2024-06-29,Processing,Wallet,0.15,8.69
ORD0005815,CUST00209,2023-12-11,Returned,UPI,0.1,13.64
ORD0005816,CUST01081,2024-12-03,Delivered,Debit Card,0.2,4.35
ORD0005817,CUST00609,2022-12-25,Delivered,Wallet,0.1,1.1
ORD0005818,CUST00436,2024-06-12,Delivered,UPI,0.0,0.33
ORD0005819,CUST00200,2023-02-02,Delivered,Wallet,0.1,9.9
ORD0005820,CUST00845,2024-12-19,Returned,Debit Card,0.0,0.19
ORD0005821,CUST01607,2023-03-19,Delivered,Debit Card,0.1,13.87
ORD0005822,CUST00951,2024-09-23,Delivered,Wallet,0.05,0.21
ORD0005823,CUST00008,2023-12-07,Delivered,Wallet,0.05,3.97
ORD0005824,CUST00721,2024-08-01,Delivered,Net Banking,0.1,13.78
ORD0005825,CUST01351,2022-07-15,Delivered,Debit Card,0.05,13.14
ORD0005826,CUST00298,2024-08-19,Delivered,Debit Card,0.0,1.61
ORD0005827,CUST01579,2024-10-20,Returned,Credit Card,0.0,13.26
ORD0005828,CUST00769,2022-03-21,Delivered,Net Banking,0.1,2.98
ORD0005829,CUST01005,2024-10-27,Delivered,UPI,0.0,5.33
ORD0005830,CUST00732,2024-07-12,Delivered,UPI,0.0,0.11
ORD0005831,CUST00577,2023-07-13,Delivered,Credit Card,0.15,5.26
ORD0005832,CUST01566,2024-05-19,Cancelled,PayPal,0.05,2.06
ORD0005833,CUST01126,2024-12-17,Delivered,Credit Card,0.15,4.11
ORD0005834,CUST00509,2024-05-19,Returned,Debit Card,0.0,8.84
ORD0005835,CUST00754,2023-02-19,Delivered,UPI,0.0,1.55
ORD0005836,CUST00752,2023-11-06,Delivered,Debit Card,0.05,9.88
ORD0005837,CUST00828,2023-08-27,Cancelled,Wallet,0.15,5.39
ORD0005838,CUST01163,2024-12-19,Delivered,Credit Card,0.15,2.82
ORD0005839,CUST00752,2022-04-09,Delivered,Net Banking,0.05,8.21
ORD0005840,CUST01266,2024-02-08,Delivered,Credit Card,0.1,6.18
ORD0005841,CUST00466,2023-10-08,Delivered,Wallet,0.0,14.57
ORD0005842,CUST00843,2024-02-22,Delivered,UPI,0.05,1.92
ORD0005843,CUST00945,2024-06-06,Processing,UPI,0.05,13.92
ORD0005844,CUST01227,2024-06-19,Cancelled,UPI,0.15,1.48
ORD0005845,CUST00115,2024-06-24,Delivered,PayPal,0.0,7.48
ORD0005846,CUST01247,2023-09-25,Delivered,Debit Card,0.0,9.54
ORD0005847,CUST00221,2024-07-16,Delivered,Credit Card,0.0,13.36
ORD0005848,CUST01940,2023-12-02,Delivered,Net Banking,0.05,9.32
ORD0005849,CUST01097,2024-03-30,Delivered,Wallet,0.0,9.06
ORD0005850,CUST00151,2024-12-02,Delivered,Debit Card,0.2,14.46
ORD0005851,CUST00512,2024-12-20,Delivered,UPI,0.1,10.68
ORD0005852,CUST00909,2024-02-11,Returned,Wallet,0.0,8.71
ORD0005853,CUST01198,2023-11-17,Delivered,Debit Card,0.05,6.75
ORD0005854,CUST01483,2024-06-26,Cancelled,Credit Card,0.15,11.55
ORD0005855,CUST01839,2024-07-24,Delivered,UPI,0.05,2.99
ORD0005856,CUST00313,2024-11-08,Delivered,Wallet,0.1,3.18
ORD0005857,CUST01958,2024-05-08,Delivered,PayPal,0.0,0.71
ORD0005858,CUST00317,2022-09-15,Delivered,Net Banking,0.05,14.82
ORD0005859,CUST01518,2024-02-08,Delivered,Debit Card,0.0,4.2
ORD0005860,CUST00585,2024-05-16,Delivered,Credit Card,0.0,12.17
ORD0005861,CUST00515,2023-12-26,Delivered,Debit Card,0.05,5.18
ORD0005862,CUST01843,2024-11-16,Delivered,Credit Card,0.0,0.9
ORD0005863,CUST01213,2024-11-07,Delivered,Wallet,0.05,11.43
ORD0005864,CUST01060,2023-07-11,Delivered,Debit Card,0.15,6.64
ORD0005865,CUST01230,2024-08-10,Delivered,UPI,0.0,14.97
ORD0005866,CUST01600,2023-04-23,Delivered,PayPal,0.0,1.04
ORD0005867,CUST00938,2022-12-31,Delivered,PayPal,0.0,12.9
ORD0005868,CUST00327,2024-11-06,Returned,Credit Card,0.05,8.45
ORD0005869,CUST01317,2024-12-27,Delivered,Credit Card,0.0,5.27
ORD0005870,CUST00968,2024-10-06,Returned,PayPal,0.1,13.4
ORD0005871,CUST01302,2023-09-19,Delivered,PayPal,0.0,5.63
ORD0005872,CUST01061,2023-08-18,Delivered,Wallet,0.2,9.9
ORD0005873,CUST01083,2024-11-09,Processing,Credit Card,0.1,12.23
ORD0005874,CUST00719,2024-02-04,Delivered,Debit Card,0.0,14.24
ORD0005875,CUST01527,2022-10-13,Delivered,PayPal,0.1,4.64
ORD0005876,CUST01244,2024-09-24,Delivered,Wallet,0.0,3.15
ORD0005877,CUST00330,2024-12-04,Delivered,UPI,0.0,3.86
ORD0005878,CUST01728,2022-12-07,Delivered,Net Banking,0.0,11.11
ORD0005879,CUST00583,2024-05-18,Delivered,UPI,0.0,4.21
ORD0005880,CUST00609,2023-04-14,Processing,Net Banking,0.0,13.96
ORD0005881,CUST00297,2024-01-09,Delivered,Net Banking,0.0,11.49
ORD0005882,CUST01421,2023-07-18,Cancelled,Debit Card,0.0,1.61
ORD0005883,CUST00946,2024-12-27,Delivered,Wallet,0.0,3.94
ORD0005884,CUST00122,2024-07-04,Cancelled,Debit Card,0.0,8.35
ORD0005885,CUST00239,2024-11-16,Delivered,Debit Card,0.05,1.76
ORD0005886,CUST01176,2024-04-01,Returned,Net Banking,0.0,2.89
ORD0005887,CUST01233,2024-06-13,Delivered,Credit Card,0.05,0.21
ORD0005888,CUST01884,2024-12-28,Delivered,Debit Card,0.1,8.29
ORD0005889,CUST00668,2024-12-21,Processing,Credit Card,0.05,5.0
ORD0005890,CUST01333,2022-09-30,Cancelled,Wallet,0.15,12.57
ORD0005891,CUST00738,2024-08-22,Delivered,Wallet,0.05,11.56
ORD0005892,CUST01749,2022-06-07,Delivered,Net Banking,0.0,3.16
ORD0005893,CUST00436,2022-12-16,Delivered,Net Banking,0.05,8.11
ORD0005894,CUST01027,2024-11-21,Delivered,UPI,0.2,6.98
ORD0005895,CUST00017,2022-05-25,Delivered,Wallet,0.0,13.22
ORD0005896,CUST00006,2022-10-09,Delivered,PayPal,0.0,14.46
ORD0005897,CUST00431,2024-11-17,Delivered,Net Banking,0.0,4.81
ORD0005898,CUST01939,2024-01-27,Delivered,UPI,0.2,5.85
ORD0005899,CUST00383,2023-11-10,Delivered,Credit Card,0.05,14.48
ORD0005900,CUST01321,2024-09-13,Delivered,Wallet,0.0,6.11
ORD0005901,CUST01173,2024-10-29,Delivered,Wallet,0.1,10.13
ORD0005902,CUST01629,2024-05-13,Delivered,Net Banking,0.05,1.2
ORD0005903,CUST01017,2024-09-07,Delivered,Wallet,0.0,2.75
ORD0005904,CUST00826,2024-07-02,Delivered,Wallet,0.0,3.33
ORD0005905,CUST01104,2024-06-01,Delivered,Credit Card,0.0,10.25
ORD0005906,CUST00689,2024-08-18,Delivered,Wallet,0.0,12.27
ORD0005907,CUST01324,2024-12-03,Delivered,Credit Card,0.1,11.92
ORD0005908,CUST00376,2024-12-14,Delivered,Net Banking,0.05,5.47
ORD0005909,CUST01311,2023-12-06,Delivered,Credit Card,0.0,2.03
ORD0005910,CUST00225,2023-10-21,Delivered,Debit Card,0.2,12.64
ORD0005911,CUST01940,2024-06-04,Returned,Credit Card,0.05,6.97
ORD0005912,CUST00127,2024-05-13,Delivered,Net Banking,0.05,12.32
ORD0005913,CUST00451,2022-08-22,Delivered,Debit Card,0.15,7.08
ORD0005914,CUST01623,2023-02-26,Delivered,Net Banking,0.0,7.42
ORD0005915,CUST00207,2024-05-20,Returned,Net Banking,0.0,0.34
ORD0005916,CUST01776,2024-01-16,Delivered,Debit Card,0.0,0.33
ORD0005917,CUST00928,2023-03-09,Cancelled,Credit Card,0.0,12.86
ORD0005918,CUST01406,2024-04-17,Delivered,Credit Card,0.0,6.26
ORD0005919,CUST00142,2024-07-09,Delivered,PayPal,0.0,1.06
ORD0005920,CUST00821,2024-10-16,Delivered,Net Banking,0.15,12.13
ORD0005921,CUST01914,2023-12-13,Delivered,Credit Card,0.1,1.19
ORD0005922,CUST00043,2024-12-25,Processing,Wallet,0.05,0.48
ORD0005923,CUST00683,2024-12-10,Delivered,Net Banking,0.1,9.67
ORD0005924,CUST01735,2024-10-27,Returned,Credit Card,0.0,10.51
ORD0005925,CUST00860,2024-07-16,Delivered,Net Banking,0.0,5.7
ORD0005926,CUST01183,2024-10-30,Returned,Net Banking,0.15,3.7
ORD0005927,CUST01499,2024-03-03,Delivered,Debit Card,0.15,13.73
ORD0005928,CUST01620,2022-06-07,Delivered,Wallet,0.2,4.37
ORD0005929,CUST00811,2024-12-28,Cancelled,UPI,0.0,0.22
ORD0005930,CUST01241,2024-12-20,Delivered,PayPal,0.0,10.71
ORD0005931,CUST01921,2024-08-16,Delivered,Net Banking,0.0,1.52
ORD0005932,CUST00049,2024-09-25,Delivered,PayPal,0.05,11.98
ORD0005933,CUST00322,2024-07-12,Delivered,Net Banking,0.15,2.85
ORD0005934,CUST01662,2023-11-24,Delivered,Debit Card,0.0,0.2
ORD0005935,CUST00690,2024-05-08,Delivered,Net Banking,0.0,7.03
ORD0005936,CUST01774,2023-04-23,Returned,Debit Card,0.15,5.66
ORD0005937,CUST01127,2024-02-13,Delivered,Debit Card,0.05,0.11
ORD0005938,CUST00762,2024-11-27,Returned,Credit Card,0.0,13.2
ORD0005939,CUST01317,2024-12-13,Delivered,UPI,0.05,0.31
ORD0005940,CUST00148,2024-02-15,Delivered,PayPal,0.0,2.3
ORD0005941,CUST01609,2024-09-17,Delivered,Credit Card,0.05,3.76
ORD0005942,CUST00891,2023-12-24,Delivered,Net Banking,0.15,11.14
ORD0005943,CUST00115,2024-09-24,Delivered,UPI,0.05,6.05
ORD0005944,CUST01583,2024-08-19,Delivered,UPI,0.0,1.37
ORD0005945,CUST00236,2023-10-16,Delivered,UPI,0.15,12.9
ORD0005946,CUST00401,2024-09-23,Delivered,Wallet,0.15,3.85
ORD0005947,CUST00923,2024-07-02,Processing,Net Banking,0.0,14.94
ORD0005948,CUST00494,2024-09-12,Delivered,PayPal,0.05,14.14
ORD0005949,CUST01901,2024-02-28,Delivered,Debit Card,0.1,2.38
ORD0005950,CUST01523,2024-08-24,Returned,Credit Card,0.0,4.53
ORD0005951,CUST00501,2023-02-21,Delivered,PayPal,0.0,2.01
ORD0005952,CUST00598,2023-04-24,Delivered,Wallet,0.05,7.66
ORD0005953,CUST00226,2024-11-20,Delivered,Debit Card,0.0,3.28
ORD0005954,CUST01166,2023-03-24,Cancelled,PayPal,0.1,10.46
ORD0005955,CUST00413,2023-06-19,Delivered,Wallet,0.1,6.19
ORD0005956,CUST00830,2024-01-11,Cancelled,Wallet,0.1,5.65
ORD0005957,CUST00071,2024-12-21,Delivered,Net Banking,0.05,11.42
ORD0005958,CUST01382,2024-03-11,Delivered,UPI,0.0,5.37
ORD0005959,CUST01066,2023-05-27,Processing,Net Banking,0.0,12.33
ORD0005960,CUST00334,2024-12-16,Returned,Credit Card,0.0,12.13
ORD0005961,CUST00165,2024-12-27,Returned,UPI,0.05,6.95
ORD0005962,CUST00895,2023-08-17,Delivered,UPI,0.1,10.72
ORD0005963,CUST00922,2023-12-15,Delivered,UPI,0.15,13.39
ORD0005964,CUST00601,2024-08-06,Delivered,Net Banking,0.0,11.83
ORD0005965,CUST01968,2023-01-09,Delivered,Net Banking,0.0,4.09
ORD0005966,CUST00666,2023-07-18,Delivered,UPI,0.0,1.62
ORD0005967,CUST00543,2024-06-21,Cancelled,UPI,0.0,4.67
ORD0005968,CUST00116,2023-04-16,Delivered,PayPal,0.0,1.49
ORD0005969,CUST00831,2024-02-05,Delivered,Wallet,0.0,14.38
ORD0005970,CUST00143,2024-05-12,Returned,Credit Card,0.05,10.19
ORD0005971,CUST00902,2024-12-20,Delivered,Debit Card,0.05,5.21
ORD0005972,CUST01420,2023-04-07,Cancelled,Credit Card,0.0,8.41
ORD0005973,CUST00989,2023-12-08,Delivered,Credit Card,0.0,9.35
ORD0005974,CUST00298,2024-10-18,Delivered,PayPal,0.2,7.81
ORD0005975,CUST00982,2024-05-18,Delivered,Net Banking,0.1,3.8
ORD0005976,CUST00999,2024-09-13,Cancelled,Wallet,0.1,8.1
ORD0005977,CUST01699,2024-08-24,Delivered,Credit Card,0.05,5.88
ORD0005978,CUST00222,2024-02-20,Cancelled,PayPal,0.05,0.31
ORD0005979,CUST01046,2023-08-23,Delivered,Wallet,0.0,6.94
ORD0005980,CUST01878,2024-09-15,Delivered,Credit Card,0.05,9.43
ORD0005981,CUST01186,2024-10-07,Delivered,Credit Card,0.0,12.46
ORD0005982,CUST00890,2024-09-27,Returned,Credit Card,0.15,10.29
ORD0005983,CUST00546,2024-12-10,Delivered,Wallet,0.05,12.29
ORD0005984,CUST00699,2024-10-10,Cancelled,Wallet,0.1,7.61
ORD0005985,CUST01145,2024-01-04,Delivered,PayPal,0.0,13.27
ORD0005986,CUST01943,2024-08-25,Delivered,PayPal,0.0,1.38
ORD0005987,CUST00162,2023-04-03,Delivered,Credit Card,0.05,8.29
ORD0005988,CUST00668,2024-08-22,Delivered,UPI,0.1,13.78
ORD0005989,CUST01337,2024-10-09,Delivered,Net Banking,0.1,2.75
ORD0005990,CUST01087,2024-10-04,Delivered,Credit Card,0.0,4.98
ORD0005991,CUST00373,2024-02-05,Cancelled,PayPal,0.15,8.01
ORD0005992,CUST00560,2024-08-14,Delivered,UPI,0.0,1.7
ORD0005993,CUST00141,2023-11-23,Cancelled,UPI,0.05,9.46
ORD0005994,CUST00051,2024-04-11,Delivered,Wallet,0.15,9.19
ORD0005995,CUST00708,2024-01-09,Delivered,UPI,0.1,11.67
ORD0005996,CUST01291,2024-05-02,Delivered,Debit Card,0.05,12.03
ORD0005997,CUST00802,2024-05-28,Delivered,Credit Card,0.05,5.9
ORD0005998,CUST01542,2023-11-14,Returned,Wallet,0.0,4.85
ORD0005999,CUST01969,2024-11-29,Delivered,Net Banking,0.0,8.72
ORD0006000,CUST00190,2024-10-26,Cancelled,Wallet,0.05,5.4
ORD0006001,CUST01518,2024-06-22,Delivered,Net Banking,0.0,14.08
ORD0006002,CUST01787,2023-04-30,Delivered,Credit Card,0.05,4.45
ORD0006003,CUST00484,2024-07-02,Delivered,Net Banking,0.2,5.06
ORD0006004,CUST00599,2023-10-01,Delivered,Credit Card,0.1,1.66
ORD0006005,CUST00517,2024-02-16,Delivered,Credit Card,0.1,9.76
ORD0006006,CUST01817,2024-02-26,Returned,Debit Card,0.0,8.43
ORD0006007,CUST00861,2022-10-21,Delivered,UPI,0.05,9.32
ORD0006008,CUST01860,2024-03-17,Delivered,Net Banking,0.1,9.51
ORD0006009,CUST01505,2024-02-04,Cancelled,Wallet,0.15,13.52
ORD0006010,CUST00707,2024-03-28,Delivered,Net Banking,0.0,0.6
ORD0006011,CUST01975,2023-12-01,Delivered,PayPal,0.1,0.17
ORD0006012,CUST00506,2023-08-22,Cancelled,Credit Card,0.05,11.16
ORD0006013,CUST01057,2024-01-27,Delivered,Net Banking,0.0,10.36
ORD0006014,CUST00473,2023-06-30,Delivered,UPI,0.15,8.52
ORD0006015,CUST00011,2024-08-28,Delivered,Net Banking,0.0,6.65
ORD0006016,CUST00142,2024-09-15,Delivered,PayPal,0.15,10.32
ORD0006017,CUST00542,2022-08-06,Returned,Wallet,0.0,1.83
ORD0006018,CUST00494,2024-01-05,Delivered,Net Banking,0.0,12.14
ORD0006019,CUST00133,2024-09-30,Delivered,Net Banking,0.0,3.94
ORD0006020,CUST00802,2024-10-05,Cancelled,Debit Card,0.0,9.34
ORD0006021,CUST00940,2023-05-02,Delivered,Credit Card,0.0,2.62
ORD0006022,CUST00243,2023-08-09,Returned,UPI,0.0,9.51
ORD0006023,CUST00012,2024-04-07,Delivered,Credit Card,0.0,11.61
ORD0006024,CUST01638,2024-12-19,Returned,Wallet,0.0,7.28
ORD0006025,CUST01574,2023-03-17,Delivered,UPI,0.15,2.71
ORD0006026,CUST00065,2024-10-11,Delivered,PayPal,0.0,8.39
ORD0006027,CUST00025,2024-04-28,Delivered,PayPal,0.0,0.05
ORD0006028,CUST01255,2024-07-12,Returned,Wallet,0.15,4.62
ORD0006029,CUST00592,2022-11-16,Processing,Net Banking,0.0,1.51
ORD0006030,CUST00767,2024-11-17,Delivered,Debit Card,0.15,6.29
ORD0006031,CUST00542,2022-03-23,Delivered,Credit Card,0.1,13.33
ORD0006032,CUST00382,2024-02-24,Delivered,UPI,0.0,14.64
ORD0006033,CUST00452,2024-10-16,Delivered,Debit Card,0.0,8.97
ORD0006034,CUST00631,2024-10-24,Processing,Debit Card,0.0,9.75
ORD0006035,CUST01365,2023-03-14,Delivered,Debit Card,0.0,10.07
ORD0006036,CUST01129,2024-01-29,Delivered,UPI,0.0,0.81
ORD0006037,CUST01013,2024-11-15,Delivered,UPI,0.0,7.68
ORD0006038,CUST00892,2024-09-09,Delivered,Wallet,0.0,13.24
ORD0006039,CUST00269,2023-03-20,Delivered,Credit Card,0.0,0.93
ORD0006040,CUST01084,2024-12-30,Delivered,Net Banking,0.15,10.9
ORD0006041,CUST01073,2024-02-16,Delivered,PayPal,0.2,8.62
ORD0006042,CUST01525,2024-04-21,Delivered,Credit Card,0.05,0.67
ORD0006043,CUST00382,2024-11-01,Cancelled,Credit Card,0.1,13.11
ORD0006044,CUST00844,2023-04-12,Returned,Credit Card,0.1,3.42
ORD0006045,CUST00227,2024-05-01,Cancelled,Net Banking,0.0,0.55
ORD0006046,CUST00164,2024-02-07,Delivered,Credit Card,0.05,9.13
ORD0006047,CUST00301,2024-03-18,Cancelled,PayPal,0.0,11.26
ORD0006048,CUST01499,2024-01-11,Processing,Credit Card,0.0,9.08
ORD0006049,CUST00791,2024-06-28,Returned,Debit Card,0.0,3.79
ORD0006050,CUST01232,2022-12-15,Returned,Debit Card,0.0,9.07
ORD0006051,CUST00568,2024-11-03,Delivered,Debit Card,0.1,11.59
ORD0006052,CUST01563,2023-03-08,Delivered,Debit Card,0.05,6.66
ORD0006053,CUST00479,2024-02-19,Delivered,Credit Card,0.1,0.19
ORD0006054,CUST01453,2024-01-05,Cancelled,Wallet,0.1,14.32
ORD0006055,CUST00750,2023-06-27,Delivered,UPI,0.05,13.73
ORD0006056,CUST01184,2022-07-07,Processing,UPI,0.0,4.87
ORD0006057,CUST00223,2023-05-16,Delivered,Credit Card,0.0,11.05
ORD0006058,CUST01901,2024-06-01,Delivered,Debit Card,0.15,0.71
ORD0006059,CUST01602,2023-09-09,Delivered,PayPal,0.0,5.54
ORD0006060,CUST01170,2024-07-07,Delivered,PayPal,0.15,11.6
ORD0006061,CUST01717,2023-10-27,Delivered,Credit Card,0.15,4.97
ORD0006062,CUST01423,2023-06-05,Processing,Debit Card,0.0,7.89
ORD0006063,CUST01348,2024-02-17,Cancelled,PayPal,0.0,4.98
ORD0006064,CUST00291,2024-12-29,Delivered,Net Banking,0.1,10.26
ORD0006065,CUST00133,2023-12-10,Cancelled,Net Banking,0.0,14.88
ORD0006066,CUST00460,2024-05-26,Returned,Net Banking,0.15,5.65
ORD0006067,CUST01687,2024-05-03,Delivered,Net Banking,0.1,9.1
ORD0006068,CUST01155,2024-12-10,Delivered,Net Banking,0.05,3.51
ORD0006069,CUST00886,2024-06-20,Returned,Debit Card,0.05,12.08
ORD0006070,CUST00069,2024-06-23,Delivered,PayPal,0.05,8.2
ORD0006071,CUST00245,2023-02-20,Delivered,PayPal,0.1,4.63
ORD0006072,CUST00761,2024-10-17,Delivered,Wallet,0.1,8.11
ORD0006073,CUST01656,2024-05-10,Delivered,Net Banking,0.15,7.41
ORD0006074,CUST01757,2024-08-16,Delivered,Wallet,0.05,13.11
ORD0006075,CUST00765,2024-12-03,Delivered,PayPal,0.1,10.8
ORD0006076,CUST00365,2024-01-31,Delivered,UPI,0.1,13.26
ORD0006077,CUST00295,2024-05-23,Delivered,Net Banking,0.1,7.81
ORD0006078,CUST00386,2022-12-13,Delivered,Net Banking,0.0,4.06
ORD0006079,CUST00898,2024-04-16,Delivered,Debit Card,0.0,10.61
ORD0006080,CUST00807,2024-09-03,Delivered,Wallet,0.05,10.87
ORD0006081,CUST00231,2024-01-08,Delivered,PayPal,0.0,0.17
ORD0006082,CUST00176,2024-02-24,Delivered,PayPal,0.2,13.03
ORD0006083,CUST01850,2023-01-08,Delivered,PayPal,0.05,13.86
ORD0006084,CUST00240,2023-12-27,Delivered,Debit Card,0.05,7.67
ORD0006085,CUST00717,2024-05-03,Cancelled,Debit Card,0.05,13.3
ORD0006086,CUST00758,2024-09-04,Delivered,PayPal,0.05,2.94
ORD0006087,CUST00007,2024-08-17,Delivered,PayPal,0.1,12.75
ORD0006088,CUST01737,2023-12-30,Delivered,Net Banking,0.1,12.23
ORD0006089,CUST00797,2022-06-05,Cancelled,Credit Card,0.1,10.55
ORD0006090,CUST00433,2024-11-08,Delivered,PayPal,0.0,3.36
ORD0006091,CUST01438,2024-12-23,Delivered,Debit Card,0.0,5.85
ORD0006092,CUST00339,2024-12-05,Delivered,Debit Card,0.15,2.52
ORD0006093,CUST01850,2024-02-22,Delivered,UPI,0.0,8.74
ORD0006094,CUST00724,2024-12-18,Delivered,Wallet,0.05,12.95
ORD0006095,CUST00742,2024-08-14,Delivered,Wallet,0.1,14.08
ORD0006096,CUST01144,2023-10-09,Delivered,Debit Card,0.0,9.76
ORD0006097,CUST01955,2024-02-26,Delivered,Credit Card,0.1,0.79
ORD0006098,CUST01348,2024-10-30,Returned,Wallet,0.05,2.77
ORD0006099,CUST01945,2024-11-13,Cancelled,Net Banking,0.05,9.27
ORD0006100,CUST00379,2024-11-09,Delivered,Debit Card,0.1,12.48
ORD0006101,CUST00825,2023-10-26,Processing,Wallet,0.1,4.32
ORD0006102,CUST00366,2024-09-11,Delivered,Debit Card,0.05,2.32
ORD0006103,CUST00810,2024-12-08,Processing,Wallet,0.0,8.05
ORD0006104,CUST01261,2023-10-21,Delivered,Debit Card,0.05,14.81
ORD0006105,CUST01731,2023-08-19,Delivered,Credit Card,0.0,4.44
ORD0006106,CUST00856,2024-04-29,Delivered,Credit Card,0.05,3.01
ORD0006107,CUST00610,2022-05-31,Delivered,PayPal,0.1,12.36
ORD0006108,CUST01642,2024-09-23,Delivered,Net Banking,0.05,6.28
ORD0006109,CUST00029,2024-06-08,Returned,Net Banking,0.0,4.51
ORD0006110,CUST01665,2024-03-20,Delivered,Credit Card,0.05,9.69
ORD0006111,CUST00134,2023-09-25,Returned,Net Banking,0.1,12.99
ORD0006112,CUST00018,2024-11-29,Delivered,Net Banking,0.1,12.59
ORD0006113,CUST00604,2024-12-29,Delivered,Credit Card,0.0,6.11
ORD0006114,CUST00288,2024-12-29,Delivered,Debit Card,0.0,2.28
ORD0006115,CUST01630,2023-12-07,Delivered,UPI,0.2,12.0
ORD0006116,CUST01856,2024-06-25,Delivered,Wallet,0.1,0.95
ORD0006117,CUST01751,2024-02-08,Delivered,Net Banking,0.0,14.65
ORD0006118,CUST01922,2023-08-25,Delivered,UPI,0.0,7.11
ORD0006119,CUST00720,2024-09-20,Delivered,PayPal,0.05,14.94
ORD0006120,CUST01392,2024-06-23,Delivered,Debit Card,0.2,12.77
ORD0006121,CUST01180,2024-11-08,Delivered,Debit Card,0.15,3.27
ORD0006122,CUST01022,2024-11-22,Delivered,UPI,0.15,14.63
ORD0006123,CUST00515,2024-03-05,Delivered,UPI,0.2,12.16
ORD0006124,CUST01465,2024-03-05,Delivered,Credit Card,0.05,11.1
ORD0006125,CUST00115,2024-06-15,Processing,Wallet,0.2,7.45
ORD0006126,CUST00213,2024-02-26,Delivered,PayPal,0.0,2.64
ORD0006127,CUST00156,2024-12-26,Delivered,PayPal,0.0,1.87
ORD0006128,CUST01582,2024-07-21,Delivered,Credit Card,0.1,9.54
ORD0006129,CUST00860,2024-04-07,Processing,Wallet,0.05,14.64
ORD0006130,CUST01435,2023-07-10,Cancelled,Net Banking,0.0,7.36
ORD0006131,CUST01452,2024-04-12,Delivered,Net Banking,0.05,2.38
ORD0006132,CUST01755,2024-07-05,Delivered,Debit Card,0.05,0.72
ORD0006133,CUST00045,2023-05-24,Processing,PayPal,0.05,10.12
ORD0006134,CUST01197,2024-04-03,Delivered,UPI,0.05,6.03
ORD0006135,CUST01276,2024-10-25,Delivered,Wallet,0.0,8.95
ORD0006136,CUST00367,2024-03-25,Processing,Net Banking,0.1,5.97
ORD0006137,CUST01242,2024-11-28,Delivered,Wallet,0.05,1.97
ORD0006138,CUST00160,2024-11-19,Delivered,Credit Card,0.0,7.08
ORD0006139,CUST01199,2024-03-22,Cancelled,Debit Card,0.0,4.1
ORD0006140,CUST00614,2024-02-12,Delivered,Net Banking,0.05,4.86
ORD0006141,CUST01412,2024-06-18,Delivered,PayPal,0.0,6.91
ORD0006142,CUST01451,2024-08-27,Delivered,Credit Card,0.0,13.47
ORD0006143,CUST01744,2024-07-06,Delivered,Credit Card,0.05,13.73
ORD0006144,CUST01139,2024-03-25,Delivered,UPI,0.0,12.49
ORD0006145,CUST00847,2024-06-16,Delivered,Net Banking,0.1,9.82
ORD0006146,CUST00966,2023-11-01,Delivered,PayPal,0.05,13.18
ORD0006147,CUST01000,2024-06-12,Delivered,Net Banking,0.05,5.92
ORD0006148,CUST00036,2024-03-31,Delivered,Debit Card,0.0,5.46
ORD0006149,CUST00854,2024-09-16,Delivered,UPI,0.15,9.41
ORD0006150,CUST00455,2023-09-04,Delivered,UPI,0.1,9.55
ORD0006151,CUST00983,2024-09-28,Delivered,Credit Card,0.0,14.83
ORD0006152,CUST01968,2023-07-06,Delivered,Credit Card,0.15,1.8
ORD0006153,CUST01579,2024-10-15,Delivered,Debit Card,0.0,10.88
ORD0006154,CUST01296,2023-11-29,Delivered,Net Banking,0.1,5.79
ORD0006155,CUST01770,2024-07-06,Delivered,Debit Card,0.05,13.31
ORD0006156,CUST00306,2024-09-19,Delivered,Net Banking,0.0,4.31
ORD0006157,CUST00210,2024-07-22,Delivered,Credit Card,0.0,9.04
ORD0006158,CUST01559,2024-03-26,Processing,PayPal,0.0,10.31
ORD0006159,CUST01719,2024-11-19,Delivered,UPI,0.0,3.7
ORD0006160,CUST00753,2024-01-14,Delivered,Wallet,0.1,8.32
ORD0006161,CUST01987,2024-11-22,Returned,PayPal,0.1,11.7
ORD0006162,CUST00803,2024-08-26,Delivered,Debit Card,0.0,11.89
ORD0006163,CUST00328,2023-03-12,Delivered,PayPal,0.0,8.3
ORD0006164,CUST00032,2024-05-02,Delivered,Credit Card,0.15,2.56
ORD0006165,CUST00027,2023-04-16,Delivered,Wallet,0.0,3.5
ORD0006166,CUST00868,2023-10-10,Delivered,Credit Card,0.05,13.57
ORD0006167,CUST01385,2024-07-24,Delivered,Wallet,0.1,7.56
ORD0006168,CUST00513,2024-11-18,Cancelled,Net Banking,0.1,4.26
ORD0006169,CUST01005,2024-09-28,Delivered,Debit Card,0.1,0.14
ORD0006170,CUST00492,2023-06-19,Delivered,Credit Card,0.1,1.03
ORD0006171,CUST00280,2024-10-06,Delivered,PayPal,0.0,6.3
ORD0006172,CUST00841,2024-07-04,Delivered,UPI,0.1,2.07
ORD0006173,CUST00695,2024-08-15,Processing,Wallet,0.15,10.73
ORD0006174,CUST01229,2023-08-30,Delivered,PayPal,0.05,5.88
ORD0006175,CUST00938,2023-02-10,Delivered,UPI,0.05,14.85
ORD0006176,CUST00811,2023-12-12,Cancelled,Debit Card,0.0,5.55
ORD0006177,CUST01721,2024-04-09,Returned,Credit Card,0.0,4.77
ORD0006178,CUST00907,2024-07-19,Delivered,Net Banking,0.1,9.44
ORD0006179,CUST01472,2024-12-24,Returned,Net Banking,0.05,13.02
ORD0006180,CUST01600,2024-09-17,Delivered,Net Banking,0.1,12.65
ORD0006181,CUST00882,2024-10-13,Delivered,Credit Card,0.05,10.82
ORD0006182,CUST01090,2024-01-31,Delivered,PayPal,0.0,14.72
ORD0006183,CUST01404,2024-06-08,Delivered,PayPal,0.0,14.39
ORD0006184,CUST00392,2024-11-22,Cancelled,PayPal,0.1,5.63
ORD0006185,CUST01315,2024-04-03,Delivered,Credit Card,0.05,8.45
ORD0006186,CUST00028,2024-04-13,Delivered,Net Banking,0.1,6.65
ORD0006187,CUST00245,2023-04-23,Delivered,Wallet,0.0,0.38
ORD0006188,CUST01668,2024-03-21,Delivered,UPI,0.05,3.02
ORD0006189,CUST00787,2024-01-29,Delivered,UPI,0.1,9.18
ORD0006190,CUST00076,2024-12-13,Delivered,PayPal,0.15,6.01
ORD0006191,CUST00497,2022-12-30,Delivered,Net Banking,0.0,2.83
ORD0006192,CUST00888,2024-05-08,Processing,Credit Card,0.05,5.42
ORD0006193,CUST01364,2024-07-14,Delivered,UPI,0.0,9.1
ORD0006194,CUST01662,2024-10-29,Returned,UPI,0.0,1.56
ORD0006195,CUST01666,2024-09-02,Delivered,Debit Card,0.05,4.18
ORD0006196,CUST00195,2024-07-16,Returned,Net Banking,0.1,7.88
ORD0006197,CUST01322,2024-08-30,Delivered,Debit Card,0.2,3.14
ORD0006198,CUST01439,2023-12-05,Delivered,Debit Card,0.15,2.11
ORD0006199,CUST00357,2023-09-15,Processing,Wallet,0.05,9.61
ORD0006200,CUST01455,2023-04-05,Delivered,Net Banking,0.0,10.32
ORD0006201,CUST00500,2024-11-18,Processing,Debit Card,0.05,5.58
ORD0006202,CUST00650,2023-10-29,Delivered,UPI,0.0,7.16
ORD0006203,CUST00618,2024-10-09,Delivered,PayPal,0.0,6.15
ORD0006204,CUST01472,2024-12-13,Delivered,Credit Card,0.1,0.08
ORD0006205,CUST00857,2024-12-08,Processing,Wallet,0.0,13.89
ORD0006206,CUST00750,2024-04-13,Delivered,PayPal,0.05,13.89
ORD0006207,CUST00648,2022-08-22,Delivered,Credit Card,0.05,9.61
ORD0006208,CUST01418,2024-09-18,Delivered,Credit Card,0.15,2.67
ORD0006209,CUST01613,2024-09-21,Delivered,PayPal,0.1,9.22
ORD0006210,CUST01864,2023-05-28,Delivered,Credit Card,0.15,11.3
ORD0006211,CUST01130,2024-11-07,Cancelled,Net Banking,0.0,8.13
ORD0006212,CUST00834,2023-08-30,Delivered,Debit Card,0.1,5.13
ORD0006213,CUST01384,2024-10-11,Delivered,Net Banking,0.05,5.89
ORD0006214,CUST00537,2024-09-22,Delivered,PayPal,0.15,9.0
ORD0006215,CUST01354,2024-12-18,Delivered,UPI,0.05,13.35
ORD0006216,CUST00810,2024-08-03,Delivered,PayPal,0.1,10.19
ORD0006217,CUST00713,2024-04-09,Delivered,PayPal,0.05,4.45
ORD0006218,CUST00456,2022-06-20,Delivered,UPI,0.0,11.66
ORD0006219,CUST01311,2023-09-21,Delivered,Debit Card,0.0,4.78
ORD0006220,CUST00862,2024-12-30,Delivered,Credit Card,0.0,5.1
ORD0006221,CUST01170,2024-12-17,Delivered,Wallet,0.0,0.96
ORD0006222,CUST00424,2024-12-26,Delivered,Credit Card,0.05,2.36
ORD0006223,CUST01464,2024-06-14,Returned,Net Banking,0.0,8.45
ORD0006224,CUST00359,2024-12-10,Delivered,UPI,0.0,4.99
ORD0006225,CUST00648,2024-06-04,Delivered,Debit Card,0.15,4.75
ORD0006226,CUST00039,2024-03-09,Cancelled,Debit Card,0.0,12.09
ORD0006227,CUST00369,2023-09-17,Delivered,UPI,0.15,12.44
ORD0006228,CUST00764,2024-08-20,Delivered,UPI,0.05,4.0
ORD0006229,CUST01988,2024-10-22,Delivered,Credit Card,0.0,5.66
ORD0006230,CUST01569,2024-10-26,Delivered,PayPal,0.05,1.57
ORD0006231,CUST01047,2024-09-30,Delivered,Net Banking,0.0,7.87
ORD0006232,CUST00143,2024-11-28,Delivered,UPI,0.05,6.94
ORD0006233,CUST00281,2024-03-30,Delivered,PayPal,0.1,4.98
ORD0006234,CUST00883,2024-12-08,Delivered,Debit Card,0.05,0.98
ORD0006235,CUST01894,2024-04-25,Delivered,Net Banking,0.0,13.11
ORD0006236,CUST00096,2024-01-09,Delivered,UPI,0.1,11.49
ORD0006237,CUST01665,2024-04-15,Delivered,UPI,0.05,7.49
ORD0006238,CUST01936,2024-10-18,Delivered,Net Banking,0.1,6.99
ORD0006239,CUST01369,2024-10-09,Delivered,UPI,0.15,9.84
ORD0006240,CUST01961,2024-08-10,Delivered,Net Banking,0.1,3.45
ORD0006241,CUST01105,2024-12-08,Delivered,Wallet,0.0,11.35
ORD0006242,CUST01933,2024-12-03,Delivered,Debit Card,0.05,11.34
ORD0006243,CUST00819,2024-06-19,Delivered,Net Banking,0.05,7.66
ORD0006244,CUST01135,2024-04-22,Delivered,Net Banking,0.1,10.66
ORD0006245,CUST00907,2024-12-30,Delivered,Wallet,0.0,2.85
ORD0006246,CUST00136,2023-01-13,Delivered,Wallet,0.15,0.85
ORD0006247,CUST00971,2024-12-06,Cancelled,Wallet,0.0,5.99
ORD0006248,CUST01634,2023-11-18,Cancelled,Credit Card,0.0,9.71
ORD0006249,CUST01340,2024-02-29,Delivered,UPI,0.0,2.78
ORD0006250,CUST00111,2024-08-12,Delivered,UPI,0.0,11.04
ORD0006251,CUST00074,2024-05-07,Delivered,Wallet,0.1,7.18
ORD0006252,CUST00258,2023-09-25,Delivered,Net Banking,0.2,9.64
ORD0006253,CUST00968,2024-07-13,Cancelled,Debit Card,0.2,5.15
ORD0006254,CUST01902,2023-10-13,Cancelled,Debit Card,0.05,10.33
ORD0006255,CUST00627,2024-08-28,Delivered,UPI,0.05,2.28
ORD0006256,CUST01054,2023-09-27,Delivered,Wallet,0.05,9.4
ORD0006257,CUST01386,2023-09-26,Delivered,Wallet,0.2,12.65
ORD0006258,CUST01371,2023-03-12,Cancelled,Credit Card,0.0,13.77
ORD0006259,CUST00578,2022-09-29,Returned,Debit Card,0.05,9.61
ORD0006260,CUST01080,2024-04-24,Delivered,Credit Card,0.0,11.43
ORD0006261,CUST00074,2023-03-11,Delivered,Credit Card,0.0,9.91
ORD0006262,CUST00712,2023-05-27,Delivered,PayPal,0.0,3.56
ORD0006263,CUST00059,2023-10-03,Delivered,Net Banking,0.1,13.51
ORD0006264,CUST00025,2024-11-03,Delivered,Net Banking,0.0,2.33
ORD0006265,CUST01756,2024-09-14,Delivered,Wallet,0.05,6.39
ORD0006266,CUST01149,2024-01-26,Delivered,Credit Card,0.1,14.85
ORD0006267,CUST01224,2024-08-26,Delivered,Debit Card,0.0,5.52
ORD0006268,CUST00917,2024-04-09,Returned,Debit Card,0.0,8.0
ORD0006269,CUST01587,2024-11-12,Processing,UPI,0.05,14.83
ORD0006270,CUST00296,2024-08-24,Delivered,Debit Card,0.0,6.61
ORD0006271,CUST01800,2022-03-22,Delivered,Credit Card,0.05,0.68
ORD0006272,CUST00629,2024-10-08,Delivered,Net Banking,0.0,3.29
ORD0006273,CUST01612,2024-05-21,Delivered,PayPal,0.0,11.24
ORD0006274,CUST01728,2024-02-24,Delivered,UPI,0.05,3.35
ORD0006275,CUST00752,2022-04-21,Delivered,Credit Card,0.0,1.85
ORD0006276,CUST01990,2024-07-20,Delivered,Credit Card,0.1,9.8
ORD0006277,CUST01843,2023-09-27,Delivered,Wallet,0.1,7.12
ORD0006278,CUST01009,2024-05-18,Processing,UPI,0.15,13.7
ORD0006279,CUST00606,2024-11-17,Delivered,Wallet,0.05,2.51
ORD0006280,CUST01014,2024-05-16,Delivered,Wallet,0.1,8.12
ORD0006281,CUST01035,2023-05-27,Returned,Net Banking,0.05,4.32
ORD0006282,CUST00405,2024-06-04,Delivered,Debit Card,0.05,4.18
ORD0006283,CUST00688,2024-12-09,Delivered,Net Banking,0.0,3.17
ORD0006284,CUST00281,2022-12-09,Processing,Debit Card,0.0,4.29
ORD0006285,CUST00713,2024-04-11,Delivered,Debit Card,0.1,5.6
ORD0006286,CUST01429,2023-07-09,Delivered,Credit Card,0.05,5.5
ORD0006287,CUST01333,2023-01-19,Cancelled,Wallet,0.0,7.61
ORD0006288,CUST01768,2024-09-25,Delivered,Debit Card,0.1,9.04
ORD0006289,CUST01202,2024-10-20,Delivered,PayPal,0.1,14.7
ORD0006290,CUST00300,2024-06-09,Delivered,Credit Card,0.1,14.47
ORD0006291,CUST00596,2024-10-25,Delivered,Credit Card,0.0,13.7
ORD0006292,CUST00474,2024-12-10,Delivered,Debit Card,0.05,10.8
ORD0006293,CUST01041,2024-11-14,Delivered,Credit Card,0.2,5.21
ORD0006294,CUST01342,2022-12-25,Delivered,UPI,0.0,4.06
ORD0006295,CUST00626,2024-03-18,Delivered,PayPal,0.0,6.77
ORD0006296,CUST00262,2024-08-08,Delivered,PayPal,0.0,9.98
ORD0006297,CUST01416,2024-11-05,Returned,Wallet,0.15,4.44
ORD0006298,CUST01557,2024-10-08,Delivered,Wallet,0.1,2.3
ORD0006299,CUST01326,2024-12-17,Delivered,PayPal,0.2,11.62
ORD0006300,CUST01217,2024-09-12,Delivered,Net Banking,0.15,6.74
ORD0006301,CUST01128,2024-12-20,Delivered,Credit Card,0.0,10.27
ORD0006302,CUST01687,2024-10-29,Cancelled,Wallet,0.05,12.39
ORD0006303,CUST00726,2024-06-10,Delivered,UPI,0.0,2.37
ORD0006304,CUST01098,2024-04-14,Delivered,PayPal,0.05,5.17
ORD0006305,CUST01831,2023-02-27,Delivered,Credit Card,0.05,7.59
ORD0006306,CUST01083,2023-04-01,Delivered,Debit Card,0.05,12.73
ORD0006307,CUST01546,2024-07-03,Delivered,UPI,0.05,3.53
ORD0006308,CUST01116,2024-02-04,Delivered,Wallet,0.1,13.22
ORD0006309,CUST01006,2024-07-06,Delivered,PayPal,0.2,8.22
ORD0006310,CUST00614,2023-10-01,Delivered,UPI,0.05,9.84
ORD0006311,CUST00561,2023-06-21,Delivered,Credit Card,0.0,2.85
ORD0006312,CUST00987,2024-04-03,Delivered,Net Banking,0.0,9.25
ORD0006313,CUST00905,2024-01-01,Returned,PayPal,0.05,0.89
ORD0006314,CUST01965,2024-03-28,Delivered,UPI,0.05,2.09
ORD0006315,CUST01672,2024-03-18,Delivered,Net Banking,0.1,14.16
ORD0006316,CUST00627,2024-12-01,Cancelled,Credit Card,0.1,13.7
ORD0006317,CUST00814,2023-11-19,Delivered,Wallet,0.0,7.14
ORD0006318,CUST00287,2024-05-22,Delivered,UPI,0.1,12.24
ORD0006319,CUST00627,2024-10-30,Delivered,Credit Card,0.2,1.79
ORD0006320,CUST00608,2024-08-09,Delivered,Debit Card,0.1,5.05
ORD0006321,CUST01928,2024-08-01,Delivered,PayPal,0.15,8.57
ORD0006322,CUST00723,2023-12-20,Returned,Wallet,0.0,2.94
ORD0006323,CUST00231,2024-07-13,Delivered,PayPal,0.0,1.92
ORD0006324,CUST01609,2024-11-13,Delivered,Wallet,0.0,8.13
ORD0006325,CUST00894,2024-12-08,Returned,Wallet,0.0,4.0
ORD0006326,CUST01911,2024-01-19,Delivered,Credit Card,0.05,0.17
ORD0006327,CUST01754,2024-12-08,Processing,PayPal,0.2,0.46
ORD0006328,CUST00660,2023-12-27,Delivered,Debit Card,0.05,12.69
ORD0006329,CUST00138,2024-09-12,Delivered,Credit Card,0.05,12.0
ORD0006330,CUST00493,2024-10-08,Delivered,UPI,0.05,9.83
ORD0006331,CUST01665,2024-11-30,Returned,Wallet,0.0,6.13
ORD0006332,CUST01342,2023-01-31,Processing,Credit Card,0.05,8.79
ORD0006333,CUST00105,2024-07-27,Delivered,PayPal,0.0,3.77
ORD0006334,CUST01188,2024-07-23,Returned,Wallet,0.05,12.28
ORD0006335,CUST01119,2023-07-09,Delivered,Wallet,0.0,1.95
ORD0006336,CUST01957,2024-07-30,Delivered,Wallet,0.15,5.66
ORD0006337,CUST01208,2023-08-03,Delivered,Credit Card,0.2,12.89
ORD0006338,CUST01701,2024-06-05,Delivered,Debit Card,0.0,6.44
ORD0006339,CUST00980,2024-12-18,Delivered,Wallet,0.0,13.23
ORD0006340,CUST00340,2024-05-08,Returned,UPI,0.15,9.22
ORD0006341,CUST01316,2024-04-20,Delivered,Net Banking,0.15,11.18
ORD0006342,CUST00417,2024-08-16,Cancelled,Debit Card,0.0,8.18
ORD0006343,CUST00707,2024-12-29,Returned,PayPal,0.05,0.69
ORD0006344,CUST01348,2024-04-30,Delivered,PayPal,0.05,8.64
ORD0006345,CUST01968,2024-06-03,Processing,Credit Card,0.0,13.03
ORD0006346,CUST00224,2023-11-20,Delivered,PayPal,0.0,11.12
ORD0006347,CUST00102,2024-04-13,Delivered,Wallet,0.0,0.15
ORD0006348,CUST01629,2023-11-11,Delivered,Net Banking,0.0,14.37
ORD0006349,CUST00835,2024-07-18,Cancelled,UPI,0.05,14.94
ORD0006350,CUST00545,2024-10-20,Delivered,PayPal,0.0,8.83
ORD0006351,CUST00808,2024-05-14,Delivered,Credit Card,0.0,6.95
ORD0006352,CUST01402,2024-05-06,Delivered,UPI,0.05,9.33
ORD0006353,CUST00446,2023-09-12,Delivered,Net Banking,0.0,11.66
ORD0006354,CUST01417,2023-11-28,Delivered,PayPal,0.2,0.57
ORD0006355,CUST00703,2023-10-08,Delivered,Debit Card,0.1,12.44
ORD0006356,CUST01973,2024-03-05,Delivered,Wallet,0.2,5.05
ORD0006357,CUST01781,2024-08-24,Delivered,Credit Card,0.1,2.61
ORD0006358,CUST00458,2024-08-11,Delivered,UPI,0.1,9.68
ORD0006359,CUST01035,2024-04-06,Returned,Wallet,0.1,1.21
ORD0006360,CUST01168,2024-03-15,Delivered,PayPal,0.0,12.79
ORD0006361,CUST00541,2023-12-03,Processing,Debit Card,0.1,0.52
ORD0006362,CUST01298,2024-03-11,Delivered,Wallet,0.05,0.95
ORD0006363,CUST01992,2024-09-19,Returned,Credit Card,0.1,3.95
ORD0006364,CUST01177,2024-03-19,Returned,UPI,0.0,4.72
ORD0006365,CUST00221,2024-10-21,Delivered,Credit Card,0.0,12.98
ORD0006366,CUST01868,2023-06-14,Delivered,Credit Card,0.0,14.38
ORD0006367,CUST00459,2024-10-14,Delivered,Net Banking,0.0,13.96
ORD0006368,CUST01911,2024-03-25,Delivered,Net Banking,0.1,10.96
ORD0006369,CUST01362,2024-12-27,Delivered,Debit Card,0.1,12.15
ORD0006370,CUST00246,2023-01-27,Delivered,Debit Card,0.0,1.96
ORD0006371,CUST00830,2023-08-16,Delivered,Net Banking,0.0,10.27
ORD0006372,CUST01248,2023-01-22,Delivered,Net Banking,0.2,0.23
ORD0006373,CUST01695,2024-12-10,Cancelled,Net Banking,0.0,2.8
ORD0006374,CUST01680,2024-10-13,Delivered,Wallet,0.0,13.44
ORD0006375,CUST01430,2024-05-02,Delivered,PayPal,0.0,0.79
ORD0006376,CUST00705,2023-12-30,Delivered,Credit Card,0.0,6.17
ORD0006377,CUST01990,2024-03-21,Delivered,PayPal,0.0,14.57
ORD0006378,CUST01520,2023-07-30,Delivered,Debit Card,0.0,3.5
ORD0006379,CUST00376,2024-12-15,Delivered,Wallet,0.0,11.51
ORD0006380,CUST01994,2024-11-04,Delivered,PayPal,0.05,2.17
ORD0006381,CUST00574,2023-12-07,Delivered,Debit Card,0.0,6.2
ORD0006382,CUST01321,2023-12-05,Delivered,Debit Card,0.1,1.81
ORD0006383,CUST00693,2023-07-20,Delivered,Debit Card,0.0,12.25
ORD0006384,CUST01577,2024-06-27,Delivered,UPI,0.05,8.77
ORD0006385,CUST01729,2024-12-05,Delivered,UPI,0.1,2.86
ORD0006386,CUST01752,2023-08-20,Processing,Credit Card,0.0,10.05
ORD0006387,CUST00225,2022-12-07,Delivered,Debit Card,0.0,12.28
ORD0006388,CUST00685,2024-03-03,Cancelled,Net Banking,0.0,8.71
ORD0006389,CUST02000,2024-04-24,Returned,UPI,0.15,2.64
ORD0006390,CUST00728,2024-07-25,Cancelled,Debit Card,0.0,7.65
ORD0006391,CUST00183,2023-11-20,Delivered,Debit Card,0.0,13.8
ORD0006392,CUST00465,2024-11-20,Delivered,Net Banking,0.0,13.73
ORD0006393,CUST00830,2023-12-27,Delivered,PayPal,0.1,13.85
ORD0006394,CUST00994,2024-01-12,Delivered,Debit Card,0.05,2.76
ORD0006395,CUST00219,2023-06-25,Delivered,Credit Card,0.2,14.45
ORD0006396,CUST00941,2024-10-02,Delivered,Debit Card,0.0,4.1
ORD0006397,CUST00420,2024-09-18,Delivered,Credit Card,0.05,5.34
ORD0006398,CUST00905,2024-03-07,Delivered,Credit Card,0.15,4.89
ORD0006399,CUST01349,2023-11-08,Returned,Wallet,0.0,7.24
ORD0006400,CUST00261,2024-12-15,Delivered,Wallet,0.0,2.98
ORD0006401,CUST01297,2024-01-25,Delivered,UPI,0.05,14.99
ORD0006402,CUST00470,2024-02-23,Delivered,PayPal,0.15,10.88
ORD0006403,CUST00178,2024-12-18,Delivered,UPI,0.0,11.64
ORD0006404,CUST00858,2022-11-10,Delivered,Net Banking,0.2,7.63
ORD0006405,CUST01067,2024-03-06,Delivered,Debit Card,0.0,2.97
ORD0006406,CUST01049,2022-12-10,Delivered,Wallet,0.1,2.42
ORD0006407,CUST00061,2023-11-26,Delivered,Debit Card,0.1,9.06
ORD0006408,CUST01492,2024-05-05,Delivered,Debit Card,0.0,1.0
ORD0006409,CUST00481,2024-05-15,Delivered,Wallet,0.0,6.16
ORD0006410,CUST00215,2023-08-22,Delivered,Wallet,0.0,5.51
ORD0006411,CUST01511,2024-05-08,Delivered,Wallet,0.0,13.84
ORD0006412,CUST01670,2024-02-16,Delivered,Debit Card,0.1,5.32
ORD0006413,CUST00086,2024-11-27,Delivered,Credit Card,0.0,12.92
ORD0006414,CUST00711,2023-11-16,Delivered,PayPal,0.0,6.94
ORD0006415,CUST00422,2022-12-22,Delivered,PayPal,0.1,9.59
ORD0006416,CUST01879,2023-02-05,Delivered,Wallet,0.0,11.23
ORD0006417,CUST00559,2024-12-29,Cancelled,Wallet,0.0,0.92
ORD0006418,CUST01662,2022-07-31,Delivered,PayPal,0.1,2.71
ORD0006419,CUST01648,2023-01-12,Delivered,Wallet,0.15,13.25
ORD0006420,CUST01565,2023-08-27,Delivered,Credit Card,0.0,12.58
ORD0006421,CUST01590,2024-11-12,Delivered,Net Banking,0.2,11.31
ORD0006422,CUST00776,2024-12-12,Delivered,Wallet,0.1,13.68
ORD0006423,CUST00406,2024-11-14,Delivered,PayPal,0.05,13.67
ORD0006424,CUST00231,2024-10-06,Delivered,Credit Card,0.0,5.73
ORD0006425,CUST00403,2023-04-19,Delivered,Debit Card,0.1,9.94
ORD0006426,CUST00634,2024-11-21,Delivered,Debit Card,0.0,7.6
ORD0006427,CUST00687,2024-11-15,Delivered,Credit Card,0.0,2.8
ORD0006428,CUST01440,2024-04-06,Delivered,PayPal,0.1,6.23
ORD0006429,CUST01222,2024-07-16,Delivered,Wallet,0.0,2.8
ORD0006430,CUST01844,2024-01-24,Delivered,Net Banking,0.05,14.88
ORD0006431,CUST00057,2023-09-23,Returned,UPI,0.0,10.31
ORD0006432,CUST00080,2024-04-13,Delivered,Wallet,0.05,4.97
ORD0006433,CUST01140,2024-12-04,Delivered,PayPal,0.2,3.53
ORD0006434,CUST00185,2024-11-18,Delivered,Credit Card,0.0,5.2
ORD0006435,CUST01788,2023-04-06,Delivered,Wallet,0.2,10.97
ORD0006436,CUST00302,2024-06-02,Cancelled,Wallet,0.1,1.35
ORD0006437,CUST01525,2024-11-04,Delivered,Debit Card,0.0,7.02
ORD0006438,CUST00009,2023-09-29,Delivered,Net Banking,0.05,4.23
ORD0006439,CUST00635,2024-08-10,Delivered,UPI,0.0,4.23
ORD0006440,CUST01739,2024-02-16,Delivered,Net Banking,0.05,1.12
ORD0006441,CUST01058,2022-09-25,Cancelled,Debit Card,0.0,2.2
ORD0006442,CUST00620,2024-02-04,Delivered,Credit Card,0.0,12.29
ORD0006443,CUST01822,2023-06-17,Returned,PayPal,0.05,10.78
ORD0006444,CUST00041,2024-12-30,Cancelled,Credit Card,0.05,1.11
ORD0006445,CUST00690,2024-06-16,Delivered,Net Banking,0.1,2.72
ORD0006446,CUST00603,2024-02-17,Delivered,Debit Card,0.0,2.54
ORD0006447,CUST01915,2024-10-30,Processing,Debit Card,0.05,1.74
ORD0006448,CUST01577,2022-12-01,Delivered,PayPal,0.05,12.68
ORD0006449,CUST00103,2024-08-18,Processing,Net Banking,0.15,6.67
ORD0006450,CUST00491,2024-10-21,Cancelled,Credit Card,0.0,11.66
ORD0006451,CUST00855,2024-09-15,Delivered,Net Banking,0.0,7.85
ORD0006452,CUST01416,2024-11-08,Delivered,UPI,0.15,14.42
ORD0006453,CUST00087,2024-02-08,Delivered,UPI,0.0,3.51
ORD0006454,CUST01211,2024-12-08,Delivered,Wallet,0.0,13.68
ORD0006455,CUST00066,2024-12-06,Delivered,Wallet,0.0,7.3
ORD0006456,CUST01306,2023-11-22,Cancelled,Wallet,0.0,6.41
ORD0006457,CUST01913,2024-11-12,Delivered,Credit Card,0.1,12.16
ORD0006458,CUST00911,2024-11-21,Delivered,Credit Card,0.0,3.75
ORD0006459,CUST00113,2024-08-13,Delivered,UPI,0.0,8.85
ORD0006460,CUST01186,2024-11-03,Delivered,Net Banking,0.0,8.71
ORD0006461,CUST00190,2024-08-01,Delivered,Debit Card,0.1,8.84
ORD0006462,CUST01295,2024-06-03,Delivered,PayPal,0.1,3.48
ORD0006463,CUST01476,2024-11-09,Delivered,Wallet,0.1,13.81
ORD0006464,CUST00522,2022-07-14,Delivered,Wallet,0.1,3.92
ORD0006465,CUST00888,2024-08-28,Delivered,Net Banking,0.1,9.58
ORD0006466,CUST00251,2024-05-17,Delivered,Net Banking,0.1,5.05
ORD0006467,CUST01715,2024-10-01,Delivered,Debit Card,0.0,1.58
ORD0006468,CUST01871,2023-08-31,Delivered,UPI,0.1,2.12
ORD0006469,CUST00182,2023-10-16,Delivered,PayPal,0.2,3.87
ORD0006470,CUST01732,2024-12-27,Returned,Debit Card,0.1,7.26
ORD0006471,CUST01678,2024-04-18,Delivered,Net Banking,0.0,3.43
ORD0006472,CUST00754,2023-11-08,Processing,Debit Card,0.0,13.02
ORD0006473,CUST00051,2023-06-10,Delivered,Debit Card,0.15,5.2
ORD0006474,CUST00973,2024-05-21,Delivered,Wallet,0.05,7.83
ORD0006475,CUST01489,2024-05-19,Delivered,Net Banking,0.0,5.37
ORD0006476,CUST00771,2024-12-09,Cancelled,UPI,0.15,6.67
ORD0006477,CUST01547,2024-12-10,Delivered,Debit Card,0.0,4.54
ORD0006478,CUST00075,2023-03-25,Delivered,Debit Card,0.0,8.69
ORD0006479,CUST01965,2024-02-14,Delivered,PayPal,0.15,7.52
ORD0006480,CUST00938,2023-06-14,Delivered,Debit Card,0.0,2.56
ORD0006481,CUST01169,2023-11-18,Delivered,Debit Card,0.05,13.36
ORD0006482,CUST01636,2024-07-23,Cancelled,Debit Card,0.1,7.94
ORD0006483,CUST00218,2024-08-17,Cancelled,UPI,0.0,8.94
ORD0006484,CUST00049,2024-03-30,Delivered,UPI,0.1,12.84
ORD0006485,CUST01608,2024-09-03,Delivered,Debit Card,0.0,7.95
ORD0006486,CUST01415,2024-11-23,Returned,Net Banking,0.0,0.21
ORD0006487,CUST01167,2023-02-13,Delivered,Credit Card,0.0,4.49
ORD0006488,CUST01992,2023-11-24,Delivered,PayPal,0.2,12.24
ORD0006489,CUST01913,2024-05-16,Delivered,Net Banking,0.05,0.82
ORD0006490,CUST01794,2024-07-02,Delivered,Credit Card,0.05,8.29
ORD0006491,CUST00228,2024-06-07,Delivered,Credit Card,0.0,9.17
ORD0006492,CUST01389,2024-04-15,Delivered,PayPal,0.05,11.32
ORD0006493,CUST01654,2024-10-13,Delivered,Debit Card,0.05,8.41
ORD0006494,CUST01099,2024-09-01,Delivered,Credit Card,0.0,0.41
ORD0006495,CUST00081,2024-09-06,Delivered,PayPal,0.05,4.92
ORD0006496,CUST01593,2023-07-08,Delivered,Wallet,0.05,12.42
ORD0006497,CUST00508,2024-09-28,Delivered,Debit Card,0.15,3.74
ORD0006498,CUST01277,2024-01-14,Cancelled,Net Banking,0.1,6.97
ORD0006499,CUST00021,2024-11-29,Delivered,Net Banking,0.0,1.17
ORD0006500,CUST00235,2024-11-20,Delivered,Debit Card,0.0,11.58
ORD0006501,CUST01754,2024-07-25,Delivered,Debit Card,0.0,13.56
ORD0006502,CUST00390,2024-07-21,Delivered,Wallet,0.1,2.2
ORD0006503,CUST00293,2024-06-09,Cancelled,Net Banking,0.0,4.98
ORD0006504,CUST00789,2023-09-23,Delivered,Wallet,0.0,1.58
ORD0006505,CUST00293,2023-07-12,Delivered,PayPal,0.1,14.14
ORD0006506,CUST00083,2024-04-25,Delivered,UPI,0.0,11.77
ORD0006507,CUST00192,2024-02-06,Delivered,Debit Card,0.15,14.91
ORD0006508,CUST00899,2024-01-24,Delivered,Credit Card,0.0,9.42
ORD0006509,CUST01070,2023-08-06,Delivered,UPI,0.1,0.51
ORD0006510,CUST00346,2024-02-11,Returned,PayPal,0.1,8.09
ORD0006511,CUST01769,2023-04-07,Delivered,Debit Card,0.15,11.43
ORD0006512,CUST00689,2022-04-16,Delivered,Wallet,0.0,13.81
ORD0006513,CUST01427,2024-03-26,Delivered,PayPal,0.1,11.81
ORD0006514,CUST01163,2024-12-29,Delivered,Credit Card,0.15,11.34
ORD0006515,CUST01216,2024-07-04,Delivered,Credit Card,0.0,10.1
ORD0006516,CUST00409,2024-03-21,Delivered,Debit Card,0.0,12.22
ORD0006517,CUST00931,2024-10-10,Returned,PayPal,0.1,2.52
ORD0006518,CUST00957,2022-12-30,Delivered,Credit Card,0.0,5.26
ORD0006519,CUST00141,2022-09-20,Delivered,Credit Card,0.05,4.87
ORD0006520,CUST00354,2024-11-29,Cancelled,PayPal,0.1,6.14
ORD0006521,CUST00751,2024-03-03,Delivered,PayPal,0.0,10.74
ORD0006522,CUST00616,2024-07-07,Delivered,PayPal,0.1,9.91
ORD0006523,CUST01247,2024-12-25,Delivered,UPI,0.0,10.26
ORD0006524,CUST01039,2023-03-05,Returned,Credit Card,0.0,4.03
ORD0006525,CUST01635,2024-06-05,Delivered,Debit Card,0.15,10.77
ORD0006526,CUST00501,2023-03-05,Delivered,Net Banking,0.0,8.08
ORD0006527,CUST01087,2024-07-07,Delivered,PayPal,0.2,11.03
ORD0006528,CUST01848,2024-03-16,Processing,Debit Card,0.1,2.52
ORD0006529,CUST00114,2023-09-04,Delivered,Wallet,0.05,4.55
ORD0006530,CUST01466,2023-02-19,Delivered,Net Banking,0.05,9.16
ORD0006531,CUST01297,2022-12-26,Delivered,Wallet,0.05,1.34
ORD0006532,CUST00211,2022-11-14,Delivered,PayPal,0.1,4.16
ORD0006533,CUST01146,2024-11-05,Delivered,Credit Card,0.05,14.95
ORD0006534,CUST00681,2024-04-13,Delivered,Net Banking,0.0,9.03
ORD0006535,CUST00079,2024-08-09,Delivered,Debit Card,0.1,1.54
ORD0006536,CUST01954,2024-01-17,Cancelled,Wallet,0.1,7.25
ORD0006537,CUST01453,2023-02-06,Delivered,Credit Card,0.05,13.19
ORD0006538,CUST01720,2024-11-01,Delivered,Net Banking,0.0,10.57
ORD0006539,CUST00144,2024-07-05,Delivered,Credit Card,0.0,2.77
ORD0006540,CUST00202,2024-11-20,Delivered,PayPal,0.15,3.19
ORD0006541,CUST00380,2024-09-27,Delivered,Debit Card,0.05,7.12
ORD0006542,CUST01953,2023-09-11,Delivered,Wallet,0.1,14.28
ORD0006543,CUST01507,2024-03-10,Delivered,UPI,0.0,12.22
ORD0006544,CUST01968,2023-10-07,Delivered,UPI,0.1,6.87
ORD0006545,CUST01865,2023-02-03,Delivered,UPI,0.1,8.94
ORD0006546,CUST00591,2024-08-21,Processing,PayPal,0.2,2.17
ORD0006547,CUST01574,2024-07-07,Delivered,UPI,0.15,8.55
ORD0006548,CUST00358,2024-10-30,Returned,Credit Card,0.0,3.92
ORD0006549,CUST01975,2024-12-25,Delivered,Debit Card,0.0,4.57
ORD0006550,CUST00149,2024-06-23,Delivered,UPI,0.1,0.81
ORD0006551,CUST01255,2023-02-09,Delivered,PayPal,0.1,5.66
ORD0006552,CUST00245,2023-07-04,Processing,Debit Card,0.0,2.95
ORD0006553,CUST00924,2024-02-27,Delivered,Net Banking,0.0,3.91
ORD0006554,CUST00799,2024-09-15,Processing,Wallet,0.1,7.2
ORD0006555,CUST01377,2024-05-08,Delivered,UPI,0.05,6.15
ORD0006556,CUST01497,2024-08-21,Delivered,Debit Card,0.1,3.94
ORD0006557,CUST00220,2024-04-07,Returned,Credit Card,0.05,0.37
ORD0006558,CUST00830,2023-08-23,Delivered,Wallet,0.15,13.51
ORD0006559,CUST01678,2024-02-13,Delivered,Net Banking,0.05,2.66
ORD0006560,CUST00681,2024-08-29,Delivered,Net Banking,0.0,3.45
ORD0006561,CUST00875,2022-11-17,Delivered,UPI,0.2,5.19
ORD0006562,CUST01056,2024-02-13,Cancelled,UPI,0.0,2.3
ORD0006563,CUST01474,2024-08-14,Returned,Credit Card,0.0,10.83
ORD0006564,CUST01819,2023-08-02,Delivered,UPI,0.1,10.22
ORD0006565,CUST01027,2024-08-31,Delivered,Net Banking,0.05,4.28
ORD0006566,CUST01778,2024-05-17,Cancelled,Debit Card,0.05,8.93
ORD0006567,CUST00013,2024-03-31,Cancelled,PayPal,0.05,3.81
ORD0006568,CUST00056,2022-12-21,Processing,Credit Card,0.05,2.21
ORD0006569,CUST00740,2024-07-07,Delivered,UPI,0.0,4.64
ORD0006570,CUST01114,2024-04-05,Delivered,Debit Card,0.0,1.95
ORD0006571,CUST00076,2023-11-01,Delivered,PayPal,0.1,2.68
ORD0006572,CUST00488,2023-01-18,Delivered,Wallet,0.1,3.36
ORD0006573,CUST00069,2023-10-16,Delivered,PayPal,0.05,6.73
ORD0006574,CUST01224,2022-09-15,Delivered,PayPal,0.2,8.47
ORD0006575,CUST00846,2024-10-02,Delivered,Net Banking,0.05,4.52
ORD0006576,CUST01002,2023-02-22,Returned,Net Banking,0.0,10.55
ORD0006577,CUST00114,2024-05-03,Delivered,Net Banking,0.2,13.84
ORD0006578,CUST01447,2023-07-28,Delivered,Debit Card,0.15,13.8
ORD0006579,CUST01948,2024-12-15,Delivered,Debit Card,0.0,8.01
ORD0006580,CUST01332,2024-10-27,Delivered,Net Banking,0.05,8.25
ORD0006581,CUST01154,2024-03-10,Delivered,PayPal,0.05,4.53
ORD0006582,CUST01610,2024-03-15,Delivered,Credit Card,0.15,9.48
ORD0006583,CUST01798,2024-10-19,Delivered,Net Banking,0.05,5.05
ORD0006584,CUST00685,2024-07-30,Delivered,PayPal,0.05,0.05
ORD0006585,CUST01847,2023-02-09,Returned,Credit Card,0.0,5.18
ORD0006586,CUST00401,2024-09-03,Delivered,PayPal,0.05,2.31
ORD0006587,CUST01073,2023-06-16,Delivered,Wallet,0.2,11.35
ORD0006588,CUST00394,2024-10-21,Delivered,Wallet,0.0,12.8
ORD0006589,CUST01766,2022-11-05,Delivered,PayPal,0.0,11.49
ORD0006590,CUST00173,2024-04-27,Delivered,PayPal,0.2,13.2
ORD0006591,CUST00770,2024-01-08,Delivered,UPI,0.2,7.02
ORD0006592,CUST00311,2024-02-15,Delivered,UPI,0.0,11.27
ORD0006593,CUST00281,2024-02-15,Delivered,Net Banking,0.1,12.41
ORD0006594,CUST00675,2024-05-13,Delivered,Debit Card,0.0,4.2
ORD0006595,CUST01811,2024-06-10,Cancelled,Wallet,0.05,13.68
ORD0006596,CUST00389,2023-07-12,Delivered,Net Banking,0.2,2.88
ORD0006597,CUST00382,2023-12-03,Returned,Net Banking,0.0,4.33
ORD0006598,CUST00615,2024-11-10,Delivered,Debit Card,0.1,12.31
ORD0006599,CUST00315,2024-04-07,Delivered,Debit Card,0.1,3.94
ORD0006600,CUST00588,2023-07-06,Processing,UPI,0.05,13.65
ORD0006601,CUST00690,2024-11-25,Delivered,Net Banking,0.05,4.32
ORD0006602,CUST01183,2023-11-08,Delivered,UPI,0.05,6.5
ORD0006603,CUST00192,2023-09-15,Delivered,Net Banking,0.0,9.72
ORD0006604,CUST01035,2023-01-08,Delivered,PayPal,0.0,12.54
ORD0006605,CUST00024,2023-09-12,Delivered,Wallet,0.05,2.12
ORD0006606,CUST00230,2024-05-21,Delivered,Wallet,0.0,7.83
ORD0006607,CUST01573,2024-10-26,Delivered,Credit Card,0.05,11.52
ORD0006608,CUST00893,2024-09-12,Delivered,PayPal,0.05,3.34
ORD0006609,CUST01050,2024-03-22,Delivered,PayPal,0.05,9.99
ORD0006610,CUST00675,2024-05-14,Delivered,Wallet,0.1,14.63
ORD0006611,CUST00779,2024-05-09,Delivered,Wallet,0.1,7.83
ORD0006612,CUST00904,2024-06-04,Delivered,PayPal,0.0,6.98
ORD0006613,CUST01376,2024-08-31,Cancelled,Credit Card,0.2,7.88
ORD0006614,CUST01678,2024-12-25,Delivered,PayPal,0.0,8.6
ORD0006615,CUST00921,2024-12-04,Delivered,Debit Card,0.0,7.56
ORD0006616,CUST00648,2024-03-17,Delivered,Net Banking,0.05,9.24
ORD0006617,CUST00070,2024-11-22,Delivered,UPI,0.0,12.86
ORD0006618,CUST00627,2024-09-28,Delivered,Net Banking,0.15,12.12
ORD0006619,CUST00760,2023-07-07,Delivered,PayPal,0.15,7.05
ORD0006620,CUST01507,2024-09-17,Processing,Wallet,0.1,14.79
ORD0006621,CUST00575,2024-12-24,Processing,Wallet,0.0,5.37
ORD0006622,CUST01199,2024-12-30,Delivered,PayPal,0.05,8.19
ORD0006623,CUST01667,2024-10-15,Delivered,PayPal,0.1,3.77
ORD0006624,CUST01539,2023-10-25,Delivered,Credit Card,0.1,7.25
ORD0006625,CUST01259,2023-12-25,Delivered,Debit Card,0.05,10.7
ORD0006626,CUST00070,2024-12-09,Delivered,Wallet,0.0,4.54
ORD0006627,CUST01427,2023-09-20,Delivered,Credit Card,0.1,14.39
ORD0006628,CUST00007,2024-01-27,Delivered,PayPal,0.15,1.32
ORD0006629,CUST00642,2023-05-17,Delivered,Credit Card,0.2,1.86
ORD0006630,CUST00809,2023-06-17,Delivered,Wallet,0.05,2.04
ORD0006631,CUST00265,2024-02-16,Delivered,Net Banking,0.1,7.38
ORD0006632,CUST00924,2024-03-09,Delivered,Debit Card,0.1,11.68
ORD0006633,CUST00301,2024-05-25,Cancelled,Credit Card,0.0,11.19
ORD0006634,CUST01044,2023-06-06,Delivered,UPI,0.0,14.26
ORD0006635,CUST01036,2024-11-24,Cancelled,UPI,0.05,10.49
ORD0006636,CUST01336,2024-10-10,Delivered,Wallet,0.0,10.0
ORD0006637,CUST00378,2024-05-02,Delivered,Wallet,0.1,1.21
ORD0006638,CUST01113,2024-12-05,Returned,Net Banking,0.0,9.58
ORD0006639,CUST01819,2023-04-19,Cancelled,PayPal,0.05,6.6
ORD0006640,CUST00676,2023-08-10,Delivered,PayPal,0.1,11.78
ORD0006641,CUST01795,2023-11-03,Delivered,PayPal,0.1,7.01
ORD0006642,CUST00923,2022-11-12,Cancelled,PayPal,0.0,0.13
ORD0006643,CUST00459,2024-10-18,Processing,Wallet,0.2,4.98
ORD0006644,CUST01721,2024-01-08,Delivered,UPI,0.05,14.0
ORD0006645,CUST01281,2024-05-23,Delivered,PayPal,0.15,10.26
ORD0006646,CUST00015,2023-07-27,Delivered,Debit Card,0.0,0.39
ORD0006647,CUST01508,2024-03-28,Delivered,Net Banking,0.0,12.18
ORD0006648,CUST01516,2024-08-15,Delivered,Wallet,0.05,8.27
ORD0006649,CUST00231,2024-10-01,Delivered,Debit Card,0.2,9.07
ORD0006650,CUST01366,2024-09-19,Delivered,PayPal,0.1,8.48
ORD0006651,CUST00206,2023-09-22,Delivered,PayPal,0.1,10.15
ORD0006652,CUST01120,2024-04-05,Delivered,UPI,0.0,10.32
ORD0006653,CUST01836,2024-10-15,Returned,PayPal,0.1,14.74
ORD0006654,CUST01714,2024-07-06,Delivered,Net Banking,0.0,2.91
ORD0006655,CUST00406,2023-03-14,Delivered,UPI,0.05,9.71
ORD0006656,CUST01944,2024-10-25,Delivered,UPI,0.15,5.89
ORD0006657,CUST00765,2024-10-21,Delivered,Credit Card,0.05,9.71
ORD0006658,CUST01966,2024-04-07,Delivered,Wallet,0.0,6.94
ORD0006659,CUST01811,2024-11-30,Delivered,PayPal,0.15,2.34
ORD0006660,CUST01854,2024-08-15,Processing,Wallet,0.0,12.82
ORD0006661,CUST01595,2024-11-16,Delivered,UPI,0.0,5.1
ORD0006662,CUST01521,2024-01-17,Cancelled,PayPal,0.0,7.7
ORD0006663,CUST01266,2024-05-05,Delivered,Debit Card,0.05,14.42
ORD0006664,CUST00690,2024-10-14,Delivered,Net Banking,0.0,13.01
ORD0006665,CUST01115,2024-12-29,Processing,UPI,0.0,14.45
ORD0006666,CUST00102,2024-09-29,Delivered,Wallet,0.0,7.57
ORD0006667,CUST01145,2024-03-06,Delivered,Debit Card,0.15,7.91
ORD0006668,CUST00045,2024-07-17,Delivered,UPI,0.0,4.14
ORD0006669,CUST01237,2023-09-16,Delivered,UPI,0.1,9.08
ORD0006670,CUST00443,2022-11-22,Delivered,Net Banking,0.0,10.97
ORD0006671,CUST01756,2024-05-01,Delivered,Net Banking,0.05,13.37
ORD0006672,CUST00995,2023-10-03,Cancelled,Credit Card,0.1,11.85
ORD0006673,CUST00219,2023-07-03,Cancelled,Credit Card,0.0,1.48
ORD0006674,CUST00972,2024-05-03,Delivered,PayPal,0.0,11.41
ORD0006675,CUST01244,2023-06-02,Delivered,UPI,0.05,11.89
ORD0006676,CUST00168,2024-11-26,Returned,Net Banking,0.0,5.98
ORD0006677,CUST00693,2023-06-22,Delivered,Net Banking,0.2,14.57
ORD0006678,CUST00292,2023-08-26,Delivered,Net Banking,0.0,12.76
ORD0006679,CUST00920,2023-10-14,Delivered,Debit Card,0.05,14.39
ORD0006680,CUST00229,2023-10-13,Delivered,PayPal,0.15,3.14
ORD0006681,CUST00117,2024-01-14,Delivered,Credit Card,0.1,4.13
ORD0006682,CUST01347,2024-12-14,Delivered,Debit Card,0.1,4.11
ORD0006683,CUST00054,2023-03-15,Delivered,Credit Card,0.0,13.94
ORD0006684,CUST00803,2024-09-29,Delivered,Debit Card,0.0,10.67
ORD0006685,CUST01832,2024-09-05,Delivered,Credit Card,0.0,6.51
ORD0006686,CUST01256,2023-05-06,Delivered,UPI,0.1,8.83
ORD0006687,CUST01122,2024-07-02,Delivered,Debit Card,0.1,0.84
ORD0006688,CUST00039,2023-02-20,Returned,UPI,0.1,4.13
ORD0006689,CUST01553,2023-07-26,Delivered,Wallet,0.05,1.68
ORD0006690,CUST01508,2024-11-06,Delivered,Net Banking,0.0,12.75
ORD0006691,CUST01322,2024-01-27,Delivered,Wallet,0.05,12.7
ORD0006692,CUST01494,2024-08-05,Delivered,UPI,0.0,9.22
ORD0006693,CUST01146,2023-03-01,Delivered,Net Banking,0.0,2.54
ORD0006694,CUST00316,2024-04-20,Delivered,PayPal,0.15,10.89
ORD0006695,CUST01456,2024-12-03,Delivered,Wallet,0.05,8.79
ORD0006696,CUST01251,2024-04-10,Returned,Net Banking,0.2,4.22
ORD0006697,CUST01038,2024-04-28,Delivered,Wallet,0.0,7.73
ORD0006698,CUST00151,2024-12-20,Delivered,Credit Card,0.0,7.34
ORD0006699,CUST01199,2024-03-22,Delivered,Credit Card,0.1,5.6
ORD0006700,CUST01374,2024-03-04,Delivered,Debit Card,0.05,13.01
ORD0006701,CUST00782,2024-08-04,Returned,Net Banking,0.15,6.56
ORD0006702,CUST01802,2023-07-29,Delivered,UPI,0.05,10.76
ORD0006703,CUST00577,2023-02-28,Delivered,Net Banking,0.05,8.78
ORD0006704,CUST01787,2023-01-13,Delivered,Credit Card,0.05,10.79
ORD0006705,CUST01657,2024-02-01,Delivered,Credit Card,0.0,4.96
ORD0006706,CUST01955,2024-09-27,Processing,Net Banking,0.2,9.7
ORD0006707,CUST00651,2023-04-18,Processing,Wallet,0.05,9.82
ORD0006708,CUST01625,2024-10-14,Delivered,Debit Card,0.05,7.85
ORD0006709,CUST00004,2024-08-17,Delivered,PayPal,0.05,6.12
ORD0006710,CUST01033,2024-04-03,Returned,UPI,0.05,5.12
ORD0006711,CUST01777,2024-10-11,Returned,Wallet,0.0,2.71
ORD0006712,CUST01392,2024-03-13,Cancelled,Net Banking,0.1,7.38
ORD0006713,CUST00268,2022-07-15,Cancelled,Net Banking,0.0,12.51
ORD0006714,CUST00447,2024-11-28,Delivered,PayPal,0.0,12.24
ORD0006715,CUST00113,2024-07-25,Delivered,Credit Card,0.0,11.43
ORD0006716,CUST01503,2024-10-11,Cancelled,Debit Card,0.1,5.64
ORD0006717,CUST00411,2024-09-13,Delivered,UPI,0.0,12.38
ORD0006718,CUST01043,2023-02-08,Delivered,UPI,0.0,10.76
ORD0006719,CUST01513,2023-08-12,Delivered,Debit Card,0.1,11.27
ORD0006720,CUST00719,2023-09-07,Delivered,UPI,0.05,6.29
ORD0006721,CUST01092,2024-05-09,Delivered,UPI,0.1,11.9
ORD0006722,CUST01089,2024-11-08,Delivered,UPI,0.0,10.3
ORD0006723,CUST01553,2024-01-26,Delivered,Net Banking,0.05,11.92
ORD0006724,CUST00775,2023-09-20,Delivered,Net Banking,0.1,7.89
ORD0006725,CUST00168,2024-12-14,Delivered,Wallet,0.0,2.86
ORD0006726,CUST01427,2024-06-08,Delivered,PayPal,0.05,13.33
ORD0006727,CUST01373,2023-10-18,Delivered,Wallet,0.05,0.03
ORD0006728,CUST01762,2024-03-24,Delivered,Wallet,0.2,8.89
ORD0006729,CUST00275,2024-12-08,Delivered,Wallet,0.05,3.28
ORD0006730,CUST01524,2024-10-28,Delivered,Net Banking,0.15,5.38
ORD0006731,CUST01047,2024-03-03,Delivered,Wallet,0.05,10.98
ORD0006732,CUST00285,2023-12-02,Delivered,Debit Card,0.0,4.54
ORD0006733,CUST00393,2022-10-08,Delivered,Debit Card,0.15,9.6
ORD0006734,CUST01763,2024-11-14,Delivered,UPI,0.0,1.46
ORD0006735,CUST00966,2023-12-04,Delivered,Credit Card,0.1,13.19
ORD0006736,CUST00327,2024-11-10,Delivered,PayPal,0.1,14.37
ORD0006737,CUST00165,2024-10-03,Delivered,Net Banking,0.0,1.91
ORD0006738,CUST00909,2023-04-28,Delivered,Debit Card,0.1,1.89
ORD0006739,CUST00685,2024-09-11,Returned,Credit Card,0.0,7.83
ORD0006740,CUST00063,2023-12-16,Delivered,Credit Card,0.05,5.52
ORD0006741,CUST00795,2024-11-28,Delivered,Debit Card,0.1,11.16
ORD0006742,CUST01575,2024-08-24,Delivered,Net Banking,0.0,2.23
ORD0006743,CUST01565,2024-02-18,Delivered,Debit Card,0.05,14.4
ORD0006744,CUST01137,2024-08-09,Delivered,UPI,0.0,4.7
ORD0006745,CUST01923,2024-09-15,Delivered,UPI,0.1,11.84
ORD0006746,CUST00257,2024-11-01,Delivered,PayPal,0.1,0.61
ORD0006747,CUST01891,2023-02-18,Delivered,PayPal,0.1,14.8
ORD0006748,CUST00634,2024-12-04,Processing,Credit Card,0.15,4.14
ORD0006749,CUST00643,2024-06-12,Delivered,Net Banking,0.1,1.48
ORD0006750,CUST01346,2024-05-20,Processing,UPI,0.05,14.95
ORD0006751,CUST01151,2023-03-09,Delivered,Debit Card,0.15,2.7
ORD0006752,CUST00241,2023-11-18,Cancelled,Wallet,0.0,12.38
ORD0006753,CUST01455,2022-07-29,Delivered,Debit Card,0.0,4.97
ORD0006754,CUST00932,2024-09-25,Delivered,Debit Card,0.0,5.93
ORD0006755,CUST01708,2024-10-09,Delivered,PayPal,0.1,7.11
ORD0006756,CUST00247,2024-10-29,Delivered,Debit Card,0.1,9.26
ORD0006757,CUST01596,2024-11-21,Delivered,Credit Card,0.1,5.29
ORD0006758,CUST01091,2024-11-08,Delivered,Wallet,0.05,0.92
ORD0006759,CUST01737,2024-06-30,Delivered,Net Banking,0.0,10.13
ORD0006760,CUST01009,2023-02-17,Delivered,UPI,0.05,2.98
ORD0006761,CUST01536,2024-07-10,Delivered,Debit Card,0.15,7.16
ORD0006762,CUST01360,2024-12-08,Delivered,PayPal,0.0,12.38
ORD0006763,CUST00223,2023-01-23,Delivered,UPI,0.15,6.94
ORD0006764,CUST00477,2024-12-10,Returned,Wallet,0.1,7.94
ORD0006765,CUST01468,2023-11-29,Delivered,Wallet,0.05,8.31
ORD0006766,CUST00210,2023-11-20,Delivered,PayPal,0.05,1.29
ORD0006767,CUST01404,2024-05-02,Cancelled,Net Banking,0.15,5.51
ORD0006768,CUST00416,2024-06-05,Delivered,Net Banking,0.0,11.11
ORD0006769,CUST01781,2024-07-31,Delivered,Credit Card,0.1,14.59
ORD0006770,CUST01527,2023-10-04,Delivered,Wallet,0.15,3.7
ORD0006771,CUST00627,2024-07-01,Delivered,Net Banking,0.15,9.22
ORD0006772,CUST01261,2024-07-01,Delivered,PayPal,0.1,10.37
ORD0006773,CUST00783,2024-02-16,Delivered,Wallet,0.0,9.34
ORD0006774,CUST01985,2022-05-10,Delivered,Net Banking,0.2,3.98
ORD0006775,CUST00390,2024-04-26,Delivered,UPI,0.05,5.64
ORD0006776,CUST01472,2024-12-23,Delivered,Debit Card,0.05,14.83
ORD0006777,CUST00279,2023-06-01,Delivered,Credit Card,0.05,3.2
ORD0006778,CUST00082,2023-08-16,Delivered,Debit Card,0.15,11.73
ORD0006779,CUST00987,2024-10-31,Delivered,Wallet,0.0,6.0
ORD0006780,CUST00227,2023-07-13,Delivered,Credit Card,0.1,6.06
ORD0006781,CUST01267,2023-10-08,Returned,PayPal,0.05,8.18
ORD0006782,CUST00917,2023-12-09,Returned,Wallet,0.1,7.57
ORD0006783,CUST00613,2024-11-25,Delivered,Net Banking,0.0,14.57
ORD0006784,CUST01003,2024-04-01,Delivered,UPI,0.1,9.37
ORD0006785,CUST01262,2024-12-06,Delivered,PayPal,0.0,6.95
ORD0006786,CUST00648,2024-01-19,Delivered,PayPal,0.0,14.81
ORD0006787,CUST00221,2024-09-30,Cancelled,Debit Card,0.05,10.56
ORD0006788,CUST01218,2023-10-21,Cancelled,Debit Card,0.0,3.83
ORD0006789,CUST00076,2024-09-11,Delivered,UPI,0.15,1.3
ORD0006790,CUST01625,2024-11-07,Delivered,UPI,0.0,13.69
ORD0006791,CUST01843,2023-10-18,Delivered,Credit Card,0.0,11.67
ORD0006792,CUST01008,2024-09-23,Delivered,Net Banking,0.0,14.47
ORD0006793,CUST01530,2024-12-20,Returned,Debit Card,0.05,10.08
ORD0006794,CUST01634,2023-12-15,Cancelled,Debit Card,0.0,9.4
ORD0006795,CUST00426,2024-01-20,Delivered,PayPal,0.05,6.81
ORD0006796,CUST01475,2023-10-21,Returned,Wallet,0.05,8.8
ORD0006797,CUST01377,2023-10-28,Returned,Wallet,0.1,4.1
ORD0006798,CUST01705,2024-10-30,Delivered,Wallet,0.2,5.2
ORD0006799,CUST01072,2024-11-25,Delivered,PayPal,0.1,10.51
ORD0006800,CUST00419,2024-07-10,Delivered,Debit Card,0.15,2.82
ORD0006801,CUST00306,2024-12-04,Delivered,Wallet,0.0,0.59
ORD0006802,CUST01157,2024-11-18,Delivered,Debit Card,0.05,13.17
ORD0006803,CUST00882,2024-12-12,Delivered,Credit Card,0.1,11.07
ORD0006804,CUST01206,2024-06-06,Delivered,UPI,0.0,9.0
ORD0006805,CUST01818,2023-11-18,Delivered,Credit Card,0.0,3.64
ORD0006806,CUST01385,2024-03-28,Delivered,Credit Card,0.0,1.2
ORD0006807,CUST01550,2022-11-24,Delivered,Credit Card,0.1,14.09
ORD0006808,CUST00404,2024-11-24,Delivered,Net Banking,0.0,6.9
ORD0006809,CUST01721,2024-02-08,Returned,PayPal,0.2,9.72
ORD0006810,CUST00282,2024-02-01,Delivered,UPI,0.05,5.3
ORD0006811,CUST00406,2023-09-30,Delivered,PayPal,0.05,4.56
ORD0006812,CUST00731,2024-07-24,Delivered,UPI,0.05,8.3
ORD0006813,CUST00648,2024-04-26,Delivered,Debit Card,0.0,12.95
ORD0006814,CUST01646,2024-10-24,Delivered,Net Banking,0.0,0.96
ORD0006815,CUST00901,2024-10-19,Delivered,PayPal,0.1,0.8
ORD0006816,CUST00993,2024-07-23,Delivered,Net Banking,0.05,12.87
ORD0006817,CUST00312,2023-10-24,Delivered,PayPal,0.0,3.85
ORD0006818,CUST00063,2023-10-30,Returned,Credit Card,0.0,14.01
ORD0006819,CUST01311,2023-08-31,Delivered,Credit Card,0.0,13.64
ORD0006820,CUST01296,2024-05-10,Delivered,PayPal,0.0,3.82
ORD0006821,CUST01329,2024-06-17,Delivered,Net Banking,0.0,10.53
ORD0006822,CUST01823,2024-05-28,Delivered,Debit Card,0.15,7.77
ORD0006823,CUST01940,2024-10-05,Returned,Wallet,0.0,4.3
ORD0006824,CUST01344,2023-12-28,Delivered,PayPal,0.1,0.82
ORD0006825,CUST01401,2024-08-04,Returned,Net Banking,0.1,9.97
ORD0006826,CUST01952,2024-09-09,Delivered,Credit Card,0.0,14.23
ORD0006827,CUST00264,2024-12-22,Processing,Debit Card,0.0,3.22
ORD0006828,CUST01285,2024-12-23,Delivered,UPI,0.1,9.59
ORD0006829,CUST01802,2024-03-27,Delivered,Net Banking,0.0,1.48
ORD0006830,CUST01777,2022-11-26,Delivered,Debit Card,0.2,1.92
ORD0006831,CUST01625,2022-12-25,Processing,UPI,0.05,4.69
ORD0006832,CUST00468,2023-11-17,Delivered,Net Banking,0.0,1.49
ORD0006833,CUST00666,2023-10-01,Processing,Credit Card,0.1,12.67
ORD0006834,CUST00928,2024-05-17,Returned,UPI,0.0,6.97
ORD0006835,CUST01394,2024-05-07,Processing,Debit Card,0.1,0.16
ORD0006836,CUST00760,2024-05-22,Cancelled,PayPal,0.0,8.44
ORD0006837,CUST01342,2022-12-04,Returned,Credit Card,0.05,13.55
ORD0006838,CUST00958,2024-10-16,Delivered,Wallet,0.05,8.13
ORD0006839,CUST01581,2024-11-24,Delivered,Net Banking,0.0,13.07
ORD0006840,CUST01050,2024-02-07,Delivered,UPI,0.05,10.5
ORD0006841,CUST00472,2024-01-14,Delivered,Debit Card,0.05,14.39
ORD0006842,CUST00302,2024-09-17,Delivered,Net Banking,0.2,10.05
ORD0006843,CUST01798,2023-10-01,Delivered,UPI,0.15,5.46
ORD0006844,CUST00070,2024-12-06,Delivered,Wallet,0.15,2.52
ORD0006845,CUST00355,2024-04-20,Processing,PayPal,0.05,10.09
ORD0006846,CUST01839,2024-12-20,Delivered,Credit Card,0.05,1.5
ORD0006847,CUST01835,2024-05-28,Delivered,Wallet,0.0,3.13
ORD0006848,CUST00467,2024-12-25,Returned,Net Banking,0.0,9.42
ORD0006849,CUST00096,2023-10-03,Delivered,Credit Card,0.05,3.5
ORD0006850,CUST01671,2023-04-23,Processing,Credit Card,0.1,4.9
ORD0006851,CUST00255,2024-10-24,Delivered,Net Banking,0.0,9.05
ORD0006852,CUST00420,2024-10-06,Delivered,Net Banking,0.05,5.02
ORD0006853,CUST00032,2024-07-17,Delivered,PayPal,0.1,6.14
ORD0006854,CUST01462,2024-07-10,Delivered,PayPal,0.0,4.2
ORD0006855,CUST00629,2024-07-26,Delivered,PayPal,0.05,6.28
ORD0006856,CUST00316,2024-11-25,Delivered,UPI,0.05,0.82
ORD0006857,CUST01473,2022-12-23,Delivered,Net Banking,0.0,6.31
ORD0006858,CUST00410,2024-04-02,Delivered,PayPal,0.15,14.97
ORD0006859,CUST01257,2024-05-26,Delivered,Net Banking,0.05,8.16
ORD0006860,CUST00960,2024-05-01,Delivered,UPI,0.1,7.36
ORD0006861,CUST00990,2024-10-13,Delivered,UPI,0.0,13.16
ORD0006862,CUST00785,2024-03-29,Delivered,Net Banking,0.1,7.21
ORD0006863,CUST01483,2024-03-02,Delivered,PayPal,0.0,0.89
ORD0006864,CUST00682,2024-06-21,Returned,UPI,0.15,8.4
ORD0006865,CUST01751,2024-01-09,Returned,UPI,0.1,11.52
ORD0006866,CUST01056,2024-03-10,Processing,Net Banking,0.1,2.28
ORD0006867,CUST00900,2024-01-09,Delivered,PayPal,0.0,4.82
ORD0006868,CUST01977,2024-11-09,Delivered,UPI,0.05,8.68
ORD0006869,CUST01123,2022-11-24,Delivered,Wallet,0.2,14.94
ORD0006870,CUST00897,2024-12-06,Returned,Debit Card,0.1,13.38
ORD0006871,CUST00290,2024-07-28,Delivered,UPI,0.0,12.21
ORD0006872,CUST00937,2024-06-01,Delivered,Credit Card,0.05,2.5
ORD0006873,CUST00330,2024-06-27,Delivered,PayPal,0.0,4.74
ORD0006874,CUST00579,2024-06-15,Returned,Credit Card,0.0,9.26
ORD0006875,CUST00622,2024-08-10,Delivered,PayPal,0.0,3.37
ORD0006876,CUST00653,2024-12-02,Delivered,Debit Card,0.05,13.93
ORD0006877,CUST01234,2024-08-31,Delivered,Debit Card,0.0,8.69
ORD0006878,CUST00784,2023-08-09,Returned,Credit Card,0.0,14.15
ORD0006879,CUST00946,2024-12-20,Delivered,Wallet,0.0,12.08
ORD0006880,CUST00179,2024-10-18,Delivered,Net Banking,0.05,7.61
ORD0006881,CUST01653,2024-10-12,Cancelled,PayPal,0.05,1.59
ORD0006882,CUST01834,2023-11-09,Processing,Debit Card,0.15,2.6
ORD0006883,CUST00284,2024-12-05,Delivered,Net Banking,0.05,5.87
ORD0006884,CUST01997,2023-10-04,Returned,Net Banking,0.1,2.23
ORD0006885,CUST00052,2024-07-07,Delivered,Debit Card,0.0,13.6
ORD0006886,CUST00183,2024-08-21,Delivered,Net Banking,0.05,5.79
ORD0006887,CUST00516,2023-05-05,Delivered,Wallet,0.0,0.69
ORD0006888,CUST00503,2024-07-23,Delivered,PayPal,0.05,7.4
ORD0006889,CUST00754,2023-01-28,Delivered,Debit Card,0.0,1.08
ORD0006890,CUST01576,2024-05-26,Delivered,Credit Card,0.1,10.14
ORD0006891,CUST00808,2022-10-07,Delivered,UPI,0.1,14.03
ORD0006892,CUST00286,2023-10-26,Delivered,PayPal,0.05,1.31
ORD0006893,CUST00095,2024-12-04,Delivered,Credit Card,0.15,8.81
ORD0006894,CUST00002,2024-12-17,Delivered,PayPal,0.05,1.99
ORD0006895,CUST00166,2023-10-26,Delivered,PayPal,0.2,4.73
ORD0006896,CUST01205,2024-10-03,Cancelled,Debit Card,0.0,7.76
ORD0006897,CUST01508,2024-01-28,Cancelled,Debit Card,0.0,8.16
ORD0006898,CUST00601,2024-09-16,Returned,Debit Card,0.0,6.18
ORD0006899,CUST00642,2024-07-19,Delivered,Credit Card,0.05,1.45
ORD0006900,CUST01557,2023-09-18,Delivered,UPI,0.05,10.46
ORD0006901,CUST01546,2024-06-27,Returned,Wallet,0.1,13.18
ORD0006902,CUST00238,2024-11-15,Delivered,Wallet,0.1,10.53
ORD0006903,CUST01516,2024-12-20,Processing,Credit Card,0.05,14.36
ORD0006904,CUST00846,2024-03-16,Delivered,Wallet,0.0,9.53
ORD0006905,CUST00993,2024-11-04,Delivered,Debit Card,0.05,5.46
ORD0006906,CUST01757,2024-05-10,Delivered,Wallet,0.2,11.8
ORD0006907,CUST00079,2024-08-29,Delivered,PayPal,0.0,9.43
ORD0006908,CUST01813,2023-12-25,Delivered,Debit Card,0.0,14.27
ORD0006909,CUST00253,2024-12-25,Delivered,Net Banking,0.05,2.72
ORD0006910,CUST00873,2024-06-23,Delivered,PayPal,0.15,0.14
ORD0006911,CUST01114,2024-08-30,Delivered,PayPal,0.1,2.38
ORD0006912,CUST01626,2024-03-11,Processing,UPI,0.05,7.21
ORD0006913,CUST00472,2024-09-19,Delivered,PayPal,0.2,0.1
ORD0006914,CUST01586,2023-08-21,Delivered,PayPal,0.05,6.72
ORD0006915,CUST01763,2024-11-10,Delivered,UPI,0.0,0.39
ORD0006916,CUST00520,2023-05-26,Delivered,PayPal,0.15,12.64
ORD0006917,CUST00986,2024-10-06,Delivered,UPI,0.2,0.64
ORD0006918,CUST00374,2023-09-24,Delivered,Net Banking,0.05,7.76
ORD0006919,CUST01717,2024-08-01,Delivered,Debit Card,0.0,7.65
ORD0006920,CUST00484,2024-04-19,Processing,Debit Card,0.0,8.9
ORD0006921,CUST01449,2024-09-06,Returned,Debit Card,0.15,8.34
ORD0006922,CUST01566,2024-11-17,Delivered,Debit Card,0.1,11.55
ORD0006923,CUST00282,2023-12-12,Delivered,Wallet,0.05,5.21
ORD0006924,CUST00919,2023-11-20,Delivered,UPI,0.1,8.13
ORD0006925,CUST00933,2023-02-26,Delivered,Wallet,0.2,9.91
ORD0006926,CUST00648,2023-07-10,Delivered,Debit Card,0.05,9.56
ORD0006927,CUST01950,2024-04-25,Delivered,PayPal,0.0,7.99
ORD0006928,CUST01960,2024-12-09,Delivered,Debit Card,0.2,3.85
ORD0006929,CUST00699,2024-12-26,Delivered,Debit Card,0.1,7.15
ORD0006930,CUST00481,2024-09-10,Delivered,PayPal,0.1,7.47
ORD0006931,CUST00509,2024-06-27,Processing,Net Banking,0.05,9.42
ORD0006932,CUST01551,2023-12-01,Delivered,PayPal,0.05,8.8
ORD0006933,CUST00834,2022-06-01,Processing,Credit Card,0.0,3.23
ORD0006934,CUST00175,2024-11-27,Delivered,Wallet,0.0,0.22
ORD0006935,CUST00399,2024-09-28,Delivered,Net Banking,0.1,8.34
ORD0006936,CUST00486,2023-10-18,Delivered,Debit Card,0.0,10.91
ORD0006937,CUST00805,2023-08-23,Delivered,Credit Card,0.1,8.72
ORD0006938,CUST00791,2023-11-04,Delivered,Net Banking,0.05,6.25
ORD0006939,CUST01829,2024-12-08,Delivered,Wallet,0.1,8.86
ORD0006940,CUST01420,2024-05-05,Delivered,Debit Card,0.05,0.95
ORD0006941,CUST01492,2024-08-04,Returned,UPI,0.0,5.07
ORD0006942,CUST00723,2024-10-08,Delivered,PayPal,0.0,8.31
ORD0006943,CUST00069,2023-12-13,Delivered,Wallet,0.1,9.06
ORD0006944,CUST01629,2024-06-17,Delivered,PayPal,0.2,8.87
ORD0006945,CUST00727,2024-12-07,Delivered,PayPal,0.05,9.07
ORD0006946,CUST01033,2024-07-04,Delivered,Wallet,0.0,8.71
ORD0006947,CUST00405,2024-06-15,Delivered,Credit Card,0.15,7.07
ORD0006948,CUST00114,2024-07-07,Delivered,Credit Card,0.05,2.21
ORD0006949,CUST00937,2023-03-03,Delivered,UPI,0.0,6.14
ORD0006950,CUST01859,2023-08-21,Delivered,PayPal,0.0,11.97
ORD0006951,CUST01012,2024-10-23,Cancelled,Wallet,0.15,7.68
ORD0006952,CUST01890,2023-10-18,Delivered,Net Banking,0.05,0.74
ORD0006953,CUST00544,2024-08-16,Delivered,Debit Card,0.0,0.48
ORD0006954,CUST01675,2024-11-21,Delivered,Credit Card,0.0,13.79
ORD0006955,CUST00769,2023-09-10,Returned,Debit Card,0.05,7.48
ORD0006956,CUST00789,2023-07-08,Processing,Net Banking,0.2,14.54
ORD0006957,CUST00754,2023-02-03,Delivered,Debit Card,0.05,13.62
ORD0006958,CUST01000,2024-04-08,Cancelled,PayPal,0.05,11.76
ORD0006959,CUST00357,2024-08-23,Delivered,PayPal,0.15,7.07
ORD0006960,CUST00316,2024-07-23,Delivered,Wallet,0.1,5.7
ORD0006961,CUST01044,2022-09-21,Delivered,UPI,0.2,10.62
ORD0006962,CUST01453,2023-05-25,Delivered,Debit Card,0.1,13.36
ORD0006963,CUST00700,2024-10-12,Cancelled,Wallet,0.05,13.79
ORD0006964,CUST01585,2022-12-24,Returned,Credit Card,0.1,2.55
ORD0006965,CUST00953,2024-11-05,Delivered,Credit Card,0.1,14.66
ORD0006966,CUST01950,2024-10-03,Delivered,Credit Card,0.1,1.81
ORD0006967,CUST01812,2024-12-15,Delivered,UPI,0.15,11.11
ORD0006968,CUST00588,2023-03-08,Delivered,Credit Card,0.15,13.08
ORD0006969,CUST01555,2024-04-20,Delivered,Net Banking,0.0,11.34
ORD0006970,CUST01413,2024-04-10,Delivered,Wallet,0.05,14.62
ORD0006971,CUST00813,2023-10-21,Returned,PayPal,0.1,6.72
ORD0006972,CUST00262,2024-04-22,Delivered,Net Banking,0.15,1.54
ORD0006973,CUST01548,2024-01-18,Delivered,Credit Card,0.15,9.57
ORD0006974,CUST00707,2023-10-12,Delivered,UPI,0.1,12.09
ORD0006975,CUST00796,2022-07-26,Delivered,Credit Card,0.15,1.54
ORD0006976,CUST00413,2024-01-09,Delivered,UPI,0.0,7.71
ORD0006977,CUST00908,2024-06-06,Delivered,Wallet,0.15,3.28
ORD0006978,CUST01388,2024-03-16,Delivered,Net Banking,0.1,9.76
ORD0006979,CUST00975,2024-11-05,Delivered,Net Banking,0.1,0.33
ORD0006980,CUST00696,2024-12-18,Delivered,UPI,0.05,2.48
ORD0006981,CUST01167,2023-01-27,Returned,Credit Card,0.05,12.86
ORD0006982,CUST00890,2023-10-03,Delivered,Net Banking,0.0,10.27
ORD0006983,CUST01171,2024-08-18,Delivered,PayPal,0.05,8.01
ORD0006984,CUST01290,2024-11-26,Delivered,Credit Card,0.1,13.03
ORD0006985,CUST01297,2024-10-26,Delivered,Debit Card,0.0,11.94
ORD0006986,CUST01311,2023-04-14,Delivered,Credit Card,0.0,10.66
ORD0006987,CUST00698,2022-11-12,Delivered,PayPal,0.1,10.45
ORD0006988,CUST01934,2024-11-28,Delivered,UPI,0.0,9.32
ORD0006989,CUST00294,2024-11-10,Delivered,Debit Card,0.05,4.34
ORD0006990,CUST01216,2024-04-30,Delivered,Debit Card,0.0,10.61
ORD0006991,CUST00987,2024-07-23,Delivered,Debit Card,0.05,11.81
ORD0006992,CUST00635,2024-11-28,Delivered,Debit Card,0.1,6.51
ORD0006993,CUST01630,2024-07-21,Delivered,Credit Card,0.05,9.96
ORD0006994,CUST00416,2024-07-25,Delivered,Debit Card,0.15,9.53
ORD0006995,CUST01019,2024-01-19,Delivered,PayPal,0.1,14.53
ORD0006996,CUST01579,2024-10-09,Returned,UPI,0.0,1.59
ORD0006997,CUST00544,2024-08-11,Delivered,Wallet,0.05,11.26
ORD0006998,CUST00477,2024-04-28,Returned,Wallet,0.0,13.67
ORD0006999,CUST01708,2024-06-13,Delivered,Credit Card,0.0,1.97
ORD0007000,CUST00166,2023-06-29,Delivered,Net Banking,0.05,7.02
ORD0007001,CUST00355,2024-09-05,Returned,UPI,0.05,10.01
ORD0007002,CUST01042,2024-04-10,Delivered,Debit Card,0.05,6.73
ORD0007003,CUST01676,2024-04-15,Delivered,Wallet,0.0,3.06
ORD0007004,CUST01797,2024-12-15,Delivered,Wallet,0.05,6.43
ORD0007005,CUST00502,2024-12-20,Delivered,Wallet,0.0,9.76
ORD0007006,CUST01850,2023-11-26,Returned,Net Banking,0.0,11.1
ORD0007007,CUST00638,2024-04-20,Delivered,UPI,0.05,2.23
ORD0007008,CUST01461,2024-12-03,Delivered,Net Banking,0.0,1.95
ORD0007009,CUST00122,2024-02-24,Returned,PayPal,0.05,0.33
ORD0007010,CUST00954,2024-11-25,Delivered,Wallet,0.0,11.72
ORD0007011,CUST01204,2024-07-22,Delivered,Net Banking,0.1,9.07
ORD0007012,CUST01285,2023-12-10,Cancelled,Wallet,0.0,11.71
ORD0007013,CUST01650,2024-08-15,Delivered,Wallet,0.2,10.91
ORD0007014,CUST00435,2024-09-30,Delivered,Debit Card,0.0,8.01
ORD0007015,CUST01145,2023-02-08,Delivered,Net Banking,0.1,0.41
ORD0007016,CUST00912,2024-11-18,Delivered,UPI,0.0,5.89
ORD0007017,CUST00686,2023-03-07,Delivered,Wallet,0.2,2.94
ORD0007018,CUST00713,2024-08-06,Delivered,Debit Card,0.15,11.72
ORD0007019,CUST01088,2024-06-08,Delivered,Wallet,0.0,10.55
ORD0007020,CUST01183,2024-02-19,Cancelled,UPI,0.1,0.02
ORD0007021,CUST01362,2023-11-28,Cancelled,Debit Card,0.0,10.65
ORD0007022,CUST01517,2023-06-04,Delivered,Credit Card,0.0,8.7
ORD0007023,CUST01067,2022-08-25,Delivered,Credit Card,0.1,5.26
ORD0007024,CUST00566,2024-10-23,Delivered,Net Banking,0.0,13.9
ORD0007025,CUST00545,2024-12-11,Delivered,UPI,0.0,6.19
ORD0007026,CUST01692,2024-02-10,Delivered,Debit Card,0.1,2.48
ORD0007027,CUST01737,2024-04-14,Delivered,Net Banking,0.1,11.04
ORD0007028,CUST01563,2022-07-19,Delivered,UPI,0.0,14.17
ORD0007029,CUST00404,2024-06-01,Delivered,UPI,0.05,4.46
ORD0007030,CUST00033,2024-02-07,Delivered,Wallet,0.0,14.17
ORD0007031,CUST01524,2024-08-03,Delivered,Wallet,0.05,11.13
ORD0007032,CUST01155,2024-12-27,Delivered,UPI,0.0,12.03
ORD0007033,CUST01559,2024-02-27,Delivered,Credit Card,0.0,7.42
ORD0007034,CUST00783,2024-05-03,Returned,Wallet,0.2,13.39
ORD0007035,CUST00313,2023-11-06,Delivered,PayPal,0.05,6.39
ORD0007036,CUST00156,2024-06-01,Delivered,Debit Card,0.0,14.93
ORD0007037,CUST00059,2023-12-17,Delivered,UPI,0.0,6.78
ORD0007038,CUST01276,2024-10-23,Delivered,Net Banking,0.15,10.43
ORD0007039,CUST00256,2023-08-02,Delivered,PayPal,0.0,8.85
ORD0007040,CUST00480,2024-07-23,Delivered,Debit Card,0.05,6.48
ORD0007041,CUST00649,2024-12-06,Returned,Credit Card,0.0,7.1
ORD0007042,CUST00097,2024-11-14,Delivered,UPI,0.1,11.36
ORD0007043,CUST00991,2024-07-26,Delivered,Debit Card,0.15,8.03
ORD0007044,CUST01577,2022-09-28,Delivered,UPI,0.0,8.57
ORD0007045,CUST01241,2024-11-09,Delivered,Debit Card,0.05,4.74
ORD0007046,CUST00762,2024-03-29,Processing,Net Banking,0.0,4.29
ORD0007047,CUST01353,2023-10-06,Delivered,Credit Card,0.05,9.78
ORD0007048,CUST00259,2024-11-25,Processing,Credit Card,0.0,6.39
ORD0007049,CUST01630,2024-12-16,Delivered,Net Banking,0.1,3.45
ORD0007050,CUST00414,2023-03-06,Delivered,Credit Card,0.15,12.61
ORD0007051,CUST00066,2024-11-25,Delivered,Net Banking,0.05,8.78
ORD0007052,CUST00836,2024-09-10,Delivered,Net Banking,0.15,8.41
ORD0007053,CUST00337,2024-08-08,Delivered,Credit Card,0.0,9.39
ORD0007054,CUST01490,2024-12-26,Delivered,Wallet,0.05,11.84
ORD0007055,CUST00731,2024-06-27,Delivered,Debit Card,0.0,13.79
ORD0007056,CUST01587,2024-08-10,Delivered,UPI,0.15,6.41
ORD0007057,CUST01556,2024-09-16,Delivered,PayPal,0.05,4.91
ORD0007058,CUST01143,2024-09-16,Delivered,PayPal,0.0,13.97
ORD0007059,CUST01168,2024-02-05,Delivered,Credit Card,0.2,1.55
ORD0007060,CUST01477,2024-02-24,Delivered,Credit Card,0.0,14.07
ORD0007061,CUST00113,2024-05-30,Delivered,PayPal,0.0,10.23
ORD0007062,CUST00542,2022-08-29,Delivered,Net Banking,0.05,3.83
ORD0007063,CUST01257,2024-03-13,Delivered,Wallet,0.0,6.18
ORD0007064,CUST00190,2024-11-02,Delivered,Debit Card,0.05,4.26
ORD0007065,CUST01253,2024-02-18,Delivered,PayPal,0.0,6.48
ORD0007066,CUST00968,2024-03-26,Cancelled,Debit Card,0.2,9.61
ORD0007067,CUST00984,2024-10-18,Delivered,Credit Card,0.05,14.3
ORD0007068,CUST01576,2024-05-06,Delivered,Wallet,0.1,8.85
ORD0007069,CUST01286,2023-03-23,Delivered,Debit Card,0.05,3.93
ORD0007070,CUST00372,2024-06-18,Returned,Net Banking,0.05,14.81
ORD0007071,CUST01362,2024-06-06,Returned,Credit Card,0.0,4.0
ORD0007072,CUST01527,2024-02-21,Delivered,Net Banking,0.15,8.1
ORD0007073,CUST01761,2023-04-20,Delivered,UPI,0.1,0.31
ORD0007074,CUST01246,2023-01-24,Processing,Net Banking,0.15,12.02
ORD0007075,CUST01684,2024-12-14,Delivered,PayPal,0.0,11.71
ORD0007076,CUST00442,2024-09-16,Delivered,Credit Card,0.1,2.1
ORD0007077,CUST01524,2024-08-07,Delivered,Net Banking,0.0,2.77
ORD0007078,CUST01970,2022-07-15,Delivered,UPI,0.0,11.22
ORD0007079,CUST00059,2023-04-01,Delivered,Debit Card,0.0,13.98
ORD0007080,CUST00574,2023-10-17,Delivered,Net Banking,0.05,9.45
ORD0007081,CUST01023,2024-06-02,Delivered,UPI,0.0,11.47
ORD0007082,CUST01594,2024-12-26,Delivered,UPI,0.1,8.76
ORD0007083,CUST01584,2024-10-19,Delivered,UPI,0.05,13.05
ORD0007084,CUST00938,2023-09-03,Delivered,Credit Card,0.05,2.86
ORD0007085,CUST00281,2023-11-04,Delivered,UPI,0.0,11.89
ORD0007086,CUST01892,2024-12-16,Delivered,UPI,0.1,10.41
ORD0007087,CUST00419,2023-10-28,Returned,UPI,0.0,13.05
ORD0007088,CUST01448,2024-10-13,Delivered,PayPal,0.1,9.11
ORD0007089,CUST00339,2024-12-12,Delivered,PayPal,0.1,6.82
ORD0007090,CUST01235,2024-04-19,Delivered,Credit Card,0.05,4.62
ORD0007091,CUST01273,2024-05-12,Delivered,Debit Card,0.2,10.32
ORD0007092,CUST01825,2022-11-27,Delivered,Wallet,0.0,11.38
ORD0007093,CUST01172,2023-03-29,Delivered,Net Banking,0.15,8.81
ORD0007094,CUST01848,2023-09-02,Delivered,Wallet,0.15,10.65
ORD0007095,CUST00786,2024-02-19,Cancelled,UPI,0.0,1.68
ORD0007096,CUST01545,2024-07-15,Delivered,Credit Card,0.05,5.46
ORD0007097,CUST01324,2024-07-22,Cancelled,Net Banking,0.05,2.47
ORD0007098,CUST00549,2024-04-30,Delivered,Credit Card,0.1,1.39
ORD0007099,CUST00094,2024-11-24,Returned,UPI,0.0,6.07
ORD0007100,CUST00696,2024-04-29,Delivered,Debit Card,0.0,3.02
ORD0007101,CUST01827,2024-01-07,Delivered,Debit Card,0.1,1.95
ORD0007102,CUST00425,2024-05-08,Delivered,Net Banking,0.05,3.96
ORD0007103,CUST01977,2024-12-14,Cancelled,Debit Card,0.1,2.12
ORD0007104,CUST01157,2024-11-06,Returned,PayPal,0.05,13.27
ORD0007105,CUST01676,2024-11-13,Delivered,Net Banking,0.15,12.12
ORD0007106,CUST00065,2024-10-27,Delivered,Wallet,0.1,10.9
ORD0007107,CUST01587,2023-11-01,Cancelled,UPI,0.1,13.95
ORD0007108,CUST01206,2023-01-29,Delivered,UPI,0.1,14.26
ORD0007109,CUST00247,2024-11-02,Returned,Wallet,0.15,14.88
ORD0007110,CUST01870,2024-06-15,Cancelled,PayPal,0.0,6.91
ORD0007111,CUST01082,2024-10-18,Delivered,UPI,0.1,4.89
ORD0007112,CUST00408,2024-05-09,Delivered,Wallet,0.05,3.05
ORD0007113,CUST01533,2023-07-27,Returned,UPI,0.0,12.51
ORD0007114,CUST00877,2023-03-07,Delivered,Debit Card,0.0,12.41
ORD0007115,CUST00286,2024-05-02,Delivered,PayPal,0.1,11.82
ORD0007116,CUST00488,2023-07-16,Processing,Debit Card,0.0,8.52
ORD0007117,CUST00165,2024-08-15,Delivered,Net Banking,0.05,5.65
ORD0007118,CUST01722,2024-03-19,Delivered,Debit Card,0.1,4.87
ORD0007119,CUST00417,2023-11-15,Delivered,Net Banking,0.0,1.98
ORD0007120,CUST01903,2024-08-17,Delivered,PayPal,0.0,12.79
ORD0007121,CUST00588,2023-10-11,Cancelled,Debit Card,0.1,12.81
ORD0007122,CUST00056,2024-09-16,Delivered,PayPal,0.0,2.33
ORD0007123,CUST01473,2023-04-03,Delivered,Credit Card,0.05,14.99
ORD0007124,CUST00683,2024-12-01,Delivered,UPI,0.1,3.93
ORD0007125,CUST00302,2024-04-15,Delivered,Debit Card,0.05,8.44
ORD0007126,CUST01147,2022-09-22,Delivered,UPI,0.0,3.42
ORD0007127,CUST00831,2024-08-05,Delivered,Debit Card,0.1,3.17
ORD0007128,CUST00257,2023-12-23,Delivered,PayPal,0.05,11.21
ORD0007129,CUST00398,2024-05-15,Delivered,Credit Card,0.0,2.09
ORD0007130,CUST01485,2023-06-22,Delivered,Wallet,0.1,4.07
ORD0007131,CUST01267,2022-09-16,Delivered,Wallet,0.0,7.69
ORD0007132,CUST01086,2024-12-03,Processing,Net Banking,0.1,0.57
ORD0007133,CUST01364,2024-07-12,Delivered,Credit Card,0.1,10.01
ORD0007134,CUST01866,2024-12-29,Delivered,Debit Card,0.15,2.8
ORD0007135,CUST01420,2022-07-23,Processing,Wallet,0.2,12.35
ORD0007136,CUST00675,2024-07-15,Cancelled,UPI,0.05,0.17
ORD0007137,CUST01644,2024-11-04,Delivered,Net Banking,0.0,10.04
ORD0007138,CUST01465,2024-11-29,Delivered,Debit Card,0.0,2.36
ORD0007139,CUST01024,2024-07-20,Delivered,Wallet,0.1,1.89
ORD0007140,CUST01056,2024-06-22,Delivered,Wallet,0.0,7.42
ORD0007141,CUST00645,2024-08-22,Delivered,PayPal,0.05,3.41
ORD0007142,CUST01793,2023-12-07,Delivered,Net Banking,0.0,1.04
ORD0007143,CUST01731,2024-05-03,Delivered,Debit Card,0.1,10.81
ORD0007144,CUST00928,2024-04-30,Delivered,UPI,0.0,12.64
ORD0007145,CUST00892,2024-08-13,Delivered,Wallet,0.05,6.62
ORD0007146,CUST01498,2023-12-08,Delivered,Net Banking,0.05,3.65
ORD0007147,CUST00971,2024-10-15,Delivered,Debit Card,0.05,3.66
ORD0007148,CUST00721,2024-11-16,Delivered,Credit Card,0.0,7.7
ORD0007149,CUST00339,2024-11-11,Returned,Wallet,0.0,8.55
ORD0007150,CUST00533,2024-08-24,Delivered,Credit Card,0.1,12.56
ORD0007151,CUST00695,2024-09-01,Returned,Debit Card,0.05,4.47
ORD0007152,CUST00681,2024-11-06,Delivered,Net Banking,0.1,10.54
ORD0007153,CUST00180,2024-12-05,Delivered,Debit Card,0.05,3.94
ORD0007154,CUST01762,2023-11-12,Delivered,PayPal,0.0,10.82
ORD0007155,CUST01228,2024-05-09,Cancelled,Net Banking,0.0,5.48
ORD0007156,CUST01304,2024-08-16,Delivered,UPI,0.0,1.97
ORD0007157,CUST01129,2024-02-17,Delivered,Credit Card,0.1,10.08
ORD0007158,CUST00971,2024-12-17,Delivered,PayPal,0.0,9.63
ORD0007159,CUST01028,2023-09-16,Cancelled,Credit Card,0.05,8.25
ORD0007160,CUST01936,2024-10-16,Delivered,Wallet,0.2,8.98
ORD0007161,CUST00142,2024-04-23,Delivered,PayPal,0.0,8.15
ORD0007162,CUST01432,2024-09-01,Delivered,PayPal,0.0,5.37
ORD0007163,CUST00393,2023-09-15,Delivered,UPI,0.15,14.02
ORD0007164,CUST00421,2023-02-20,Delivered,Debit Card,0.1,12.08
ORD0007165,CUST01148,2024-10-18,Delivered,Wallet,0.0,7.68
ORD0007166,CUST00397,2024-02-23,Delivered,PayPal,0.1,3.71
ORD0007167,CUST01153,2024-03-12,Delivered,UPI,0.0,2.64
ORD0007168,CUST00971,2024-12-03,Delivered,Credit Card,0.0,1.67
ORD0007169,CUST01571,2024-08-10,Returned,Net Banking,0.0,14.22
ORD0007170,CUST01582,2023-06-13,Delivered,Net Banking,0.05,2.99
ORD0007171,CUST00216,2024-11-28,Returned,Net Banking,0.05,13.88
ORD0007172,CUST00543,2023-02-20,Delivered,UPI,0.0,5.95
ORD0007173,CUST00918,2024-10-05,Delivered,UPI,0.1,11.99
ORD0007174,CUST01209,2023-10-12,Delivered,Wallet,0.1,11.66
ORD0007175,CUST00385,2024-09-27,Delivered,Wallet,0.0,3.15
ORD0007176,CUST01700,2024-10-24,Delivered,PayPal,0.15,2.19
ORD0007177,CUST00075,2024-02-04,Delivered,Credit Card,0.2,4.6
ORD0007178,CUST01505,2022-10-24,Processing,UPI,0.05,7.1
ORD0007179,CUST00666,2023-09-07,Delivered,Debit Card,0.05,4.44
ORD0007180,CUST01335,2023-07-24,Delivered,Wallet,0.2,1.34
ORD0007181,CUST00821,2024-08-23,Delivered,Credit Card,0.05,2.78
ORD0007182,CUST01823,2024-07-11,Delivered,Debit Card,0.1,10.19
ORD0007183,CUST01225,2024-10-21,Cancelled,Debit Card,0.1,12.76
ORD0007184,CUST00747,2024-12-30,Returned,Wallet,0.0,5.45
ORD0007185,CUST00749,2024-11-27,Returned,Debit Card,0.0,11.06
ORD0007186,CUST01803,2024-06-25,Delivered,Credit Card,0.1,3.57
ORD0007187,CUST01708,2024-11-11,Delivered,PayPal,0.0,11.9
ORD0007188,CUST00705,2024-04-10,Processing,PayPal,0.05,12.13
ORD0007189,CUST00549,2024-09-05,Returned,Debit Card,0.05,8.65
ORD0007190,CUST00980,2023-09-25,Delivered,PayPal,0.0,12.61
ORD0007191,CUST00661,2024-10-12,Delivered,PayPal,0.05,11.21
ORD0007192,CUST00388,2023-10-08,Delivered,Credit Card,0.05,11.02
ORD0007193,CUST00292,2024-08-29,Delivered,Net Banking,0.0,4.08
ORD0007194,CUST00065,2024-09-09,Delivered,Net Banking,0.0,13.38
ORD0007195,CUST00823,2024-09-19,Cancelled,UPI,0.0,12.78
ORD0007196,CUST01909,2024-11-03,Delivered,Debit Card,0.0,11.08
ORD0007197,CUST00221,2024-10-14,Delivered,PayPal,0.05,3.41
ORD0007198,CUST00581,2023-07-01,Delivered,PayPal,0.1,4.14
ORD0007199,CUST00043,2024-12-06,Delivered,UPI,0.1,2.54
ORD0007200,CUST01266,2024-09-08,Delivered,Debit Card,0.1,4.72
ORD0007201,CUST00440,2024-06-10,Delivered,Debit Card,0.2,11.52
ORD0007202,CUST01880,2024-10-28,Delivered,Net Banking,0.0,5.82
ORD0007203,CUST01079,2024-06-08,Delivered,Net Banking,0.0,8.2
ORD0007204,CUST01729,2024-11-27,Delivered,UPI,0.0,12.87
ORD0007205,CUST01976,2024-11-13,Delivered,UPI,0.05,11.51
ORD0007206,CUST01936,2024-10-11,Delivered,Net Banking,0.0,0.86
ORD0007207,CUST01399,2024-03-24,Cancelled,Net Banking,0.05,13.5
ORD0007208,CUST01284,2024-08-30,Processing,Debit Card,0.1,7.67
ORD0007209,CUST01503,2024-09-04,Returned,Debit Card,0.2,10.41
ORD0007210,CUST00875,2023-05-20,Returned,Debit Card,0.0,13.62
ORD0007211,CUST00989,2024-11-03,Delivered,Credit Card,0.05,2.38
ORD0007212,CUST01773,2024-08-28,Delivered,PayPal,0.05,11.08
ORD0007213,CUST01579,2024-12-20,Delivered,Credit Card,0.05,1.65
ORD0007214,CUST01446,2024-06-08,Delivered,Debit Card,0.0,2.03
ORD0007215,CUST00211,2024-04-02,Delivered,PayPal,0.1,2.81
ORD0007216,CUST01580,2024-01-24,Delivered,PayPal,0.1,3.85
ORD0007217,CUST00323,2024-03-23,Delivered,Credit Card,0.05,13.21
ORD0007218,CUST01092,2024-12-02,Delivered,Credit Card,0.05,0.95
ORD0007219,CUST00602,2024-11-14,Delivered,UPI,0.0,6.57
ORD0007220,CUST01800,2022-04-09,Delivered,PayPal,0.05,2.68
ORD0007221,CUST01893,2023-03-31,Processing,UPI,0.05,11.53
ORD0007222,CUST01270,2024-11-29,Delivered,Debit Card,0.0,0.75
ORD0007223,CUST01236,2023-11-25,Delivered,Wallet,0.05,6.9
ORD0007224,CUST00440,2024-12-22,Delivered,Credit Card,0.0,11.35
ORD0007225,CUST01794,2024-09-21,Delivered,Net Banking,0.1,1.3
ORD0007226,CUST01536,2024-12-12,Processing,Credit Card,0.05,3.48
ORD0007227,CUST01972,2024-12-15,Delivered,UPI,0.15,3.82
ORD0007228,CUST00219,2022-03-30,Cancelled,Wallet,0.0,11.26
ORD0007229,CUST00542,2022-10-25,Delivered,UPI,0.1,3.71
ORD0007230,CUST01396,2023-04-08,Processing,Net Banking,0.1,13.41
ORD0007231,CUST00498,2024-04-11,Cancelled,UPI,0.05,6.4
ORD0007232,CUST01357,2024-10-20,Delivered,PayPal,0.15,4.66
ORD0007233,CUST00846,2024-04-13,Returned,Debit Card,0.1,14.85
ORD0007234,CUST00903,2022-10-25,Delivered,PayPal,0.05,6.14
ORD0007235,CUST00539,2024-08-02,Cancelled,PayPal,0.0,12.75
ORD0007236,CUST01346,2024-01-22,Delivered,Credit Card,0.05,8.0
ORD0007237,CUST00404,2024-07-11,Delivered,Credit Card,0.15,10.21
ORD0007238,CUST01475,2024-08-28,Returned,UPI,0.1,3.63
ORD0007239,CUST01598,2024-05-15,Delivered,Credit Card,0.1,0.28
ORD0007240,CUST01679,2024-10-28,Delivered,Credit Card,0.1,4.04
ORD0007241,CUST00341,2022-12-15,Delivered,Wallet,0.15,11.94
ORD0007242,CUST00785,2024-04-03,Delivered,Wallet,0.05,6.38
ORD0007243,CUST00418,2023-04-07,Delivered,UPI,0.15,5.51
ORD0007244,CUST00794,2024-07-03,Delivered,Debit Card,0.0,14.65
ORD0007245,CUST01205,2024-12-07,Delivered,Debit Card,0.2,8.66
ORD0007246,CUST00661,2024-10-29,Delivered,PayPal,0.0,13.23
ORD0007247,CUST01455,2024-06-18,Delivered,Credit Card,0.1,14.8
ORD0007248,CUST00978,2024-08-07,Delivered,UPI,0.05,11.5
ORD0007249,CUST01382,2024-01-07,Delivered,Net Banking,0.0,14.11
ORD0007250,CUST00887,2023-09-21,Delivered,Credit Card,0.0,8.59
ORD0007251,CUST01634,2023-12-26,Delivered,Debit Card,0.2,11.99
ORD0007252,CUST01841,2024-11-05,Delivered,Credit Card,0.0,10.36
ORD0007253,CUST00015,2023-05-23,Delivered,Wallet,0.1,4.16
ORD0007254,CUST00321,2024-11-02,Delivered,Debit Card,0.0,14.99
ORD0007255,CUST00192,2024-04-23,Cancelled,Net Banking,0.0,13.03
ORD0007256,CUST01264,2024-04-05,Delivered,Net Banking,0.0,14.57
ORD0007257,CUST01649,2023-09-20,Delivered,Wallet,0.05,14.23
ORD0007258,CUST01598,2024-06-22,Delivered,Wallet,0.05,1.5
ORD0007259,CUST00035,2023-07-23,Delivered,Net Banking,0.0,7.93
ORD0007260,CUST01309,2024-09-25,Delivered,Credit Card,0.05,8.86
ORD0007261,CUST01247,2023-09-12,Delivered,PayPal,0.0,13.55
ORD0007262,CUST00415,2023-11-09,Delivered,UPI,0.05,4.36
ORD0007263,CUST01151,2023-09-08,Delivered,Net Banking,0.0,6.28
ORD0007264,CUST01488,2024-07-31,Delivered,Credit Card,0.0,2.86
ORD0007265,CUST01041,2024-09-23,Delivered,Debit Card,0.2,6.53
ORD0007266,CUST00473,2023-12-27,Delivered,UPI,0.1,14.83
ORD0007267,CUST01681,2023-04-14,Returned,PayPal,0.05,12.77
ORD0007268,CUST00537,2024-10-18,Returned,UPI,0.05,6.19
ORD0007269,CUST01454,2024-12-14,Delivered,Debit Card,0.05,9.55
ORD0007270,CUST01512,2024-03-19,Delivered,Debit Card,0.05,14.1
ORD0007271,CUST01089,2024-10-27,Returned,Credit Card,0.05,12.95
ORD0007272,CUST01947,2024-06-22,Cancelled,Net Banking,0.1,14.39
ORD0007273,CUST00707,2024-08-30,Cancelled,Credit Card,0.0,7.79
ORD0007274,CUST00793,2023-09-13,Cancelled,Net Banking,0.2,13.51
ORD0007275,CUST00993,2024-10-08,Delivered,PayPal,0.1,12.28
ORD0007276,CUST01538,2024-10-08,Delivered,Net Banking,0.05,10.2
ORD0007277,CUST01898,2024-05-16,Delivered,Credit Card,0.0,4.47
ORD0007278,CUST01019,2024-04-10,Cancelled,Wallet,0.15,7.69
ORD0007279,CUST01185,2024-12-04,Processing,Wallet,0.1,14.14
ORD0007280,CUST00634,2024-12-06,Delivered,Debit Card,0.0,0.38
ORD0007281,CUST01753,2023-08-24,Delivered,UPI,0.1,0.61
ORD0007282,CUST01253,2023-11-29,Returned,Credit Card,0.0,7.38
ORD0007283,CUST01688,2024-04-06,Delivered,Wallet,0.1,11.31
ORD0007284,CUST01256,2024-10-02,Delivered,Wallet,0.15,3.21
ORD0007285,CUST00919,2023-09-21,Delivered,Wallet,0.1,6.71
ORD0007286,CUST01522,2024-08-15,Delivered,UPI,0.0,5.11
ORD0007287,CUST00799,2024-07-16,Delivered,Wallet,0.1,3.07
ORD0007288,CUST00824,2024-05-10,Delivered,Wallet,0.2,3.77
ORD0007289,CUST01306,2024-12-24,Delivered,PayPal,0.1,14.6
ORD0007290,CUST00627,2024-09-16,Delivered,Wallet,0.0,14.44
ORD0007291,CUST00221,2024-10-23,Delivered,Debit Card,0.15,13.64
ORD0007292,CUST00414,2023-02-19,Processing,Debit Card,0.0,1.48
ORD0007293,CUST01346,2024-09-27,Delivered,PayPal,0.05,11.68
ORD0007294,CUST01730,2022-05-28,Delivered,PayPal,0.0,3.25
ORD0007295,CUST00483,2023-05-20,Delivered,Credit Card,0.0,13.21
ORD0007296,CUST01395,2024-12-11,Delivered,Credit Card,0.0,4.45
ORD0007297,CUST01032,2024-08-15,Delivered,PayPal,0.0,12.2
ORD0007298,CUST01149,2024-08-01,Delivered,UPI,0.05,5.79
ORD0007299,CUST01153,2024-10-02,Delivered,Credit Card,0.0,8.61
ORD0007300,CUST01702,2023-10-28,Returned,Wallet,0.0,7.46
ORD0007301,CUST01710,2024-12-05,Delivered,Net Banking,0.05,2.26
ORD0007302,CUST01853,2024-06-30,Delivered,Debit Card,0.15,0.57
ORD0007303,CUST00956,2024-01-01,Returned,PayPal,0.05,10.26
ORD0007304,CUST00200,2023-01-10,Delivered,PayPal,0.0,11.41
ORD0007305,CUST01672,2023-06-26,Delivered,UPI,0.0,7.97
ORD0007306,CUST00321,2024-10-18,Delivered,Credit Card,0.1,7.71
ORD0007307,CUST00091,2024-03-31,Delivered,Wallet,0.1,12.22
ORD0007308,CUST01005,2024-09-19,Delivered,UPI,0.05,3.4
ORD0007309,CUST00462,2024-01-28,Delivered,Credit Card,0.15,3.62
ORD0007310,CUST00948,2024-08-14,Delivered,Credit Card,0.1,3.07
ORD0007311,CUST01065,2024-04-13,Cancelled,Credit Card,0.0,10.19
ORD0007312,CUST01418,2024-12-07,Delivered,UPI,0.15,9.56
ORD0007313,CUST01321,2023-09-21,Cancelled,Debit Card,0.1,5.44
ORD0007314,CUST01558,2024-10-09,Delivered,UPI,0.0,3.37
ORD0007315,CUST01168,2024-09-16,Delivered,Net Banking,0.0,11.94
ORD0007316,CUST00036,2024-05-01,Returned,Net Banking,0.05,6.33
ORD0007317,CUST01857,2024-12-05,Cancelled,Credit Card,0.15,13.52
ORD0007318,CUST01822,2024-08-03,Cancelled,UPI,0.1,12.73
ORD0007319,CUST01270,2024-07-24,Delivered,PayPal,0.0,7.59
ORD0007320,CUST01203,2024-01-07,Delivered,PayPal,0.1,10.43
ORD0007321,CUST00966,2024-03-23,Delivered,UPI,0.0,13.77
ORD0007322,CUST01665,2024-04-20,Delivered,Net Banking,0.0,2.91
ORD0007323,CUST01494,2024-02-21,Delivered,Debit Card,0.1,10.74
ORD0007324,CUST00406,2024-11-12,Cancelled,Net Banking,0.1,10.71
ORD0007325,CUST01955,2024-05-17,Delivered,PayPal,0.05,6.28
ORD0007326,CUST00449,2024-11-30,Delivered,PayPal,0.0,12.82
ORD0007327,CUST01134,2024-05-15,Delivered,Net Banking,0.0,4.57
ORD0007328,CUST00241,2023-12-16,Delivered,Net Banking,0.0,13.45
ORD0007329,CUST01369,2023-11-25,Delivered,PayPal,0.05,2.92
ORD0007330,CUST00313,2024-01-22,Delivered,PayPal,0.0,3.34
ORD0007331,CUST01953,2024-06-06,Delivered,Wallet,0.1,2.73
ORD0007332,CUST01749,2024-02-17,Cancelled,PayPal,0.0,12.9
ORD0007333,CUST00346,2024-05-25,Delivered,UPI,0.0,5.87
ORD0007334,CUST01685,2024-01-23,Delivered,UPI,0.05,14.52
ORD0007335,CUST00689,2023-11-03,Delivered,PayPal,0.0,4.1
ORD0007336,CUST01192,2024-04-26,Returned,PayPal,0.0,14.05
ORD0007337,CUST00248,2024-12-16,Delivered,Net Banking,0.05,6.09
ORD0007338,CUST01115,2024-04-15,Delivered,Credit Card,0.05,7.32
ORD0007339,CUST01815,2024-05-03,Processing,PayPal,0.0,7.67
ORD0007340,CUST00352,2024-10-25,Delivered,Credit Card,0.05,13.83
ORD0007341,CUST01350,2024-11-30,Delivered,UPI,0.0,6.67
ORD0007342,CUST00197,2024-09-13,Delivered,Net Banking,0.1,4.14
ORD0007343,CUST01487,2024-10-19,Delivered,PayPal,0.0,0.13
ORD0007344,CUST00809,2024-06-24,Delivered,PayPal,0.15,14.83
ORD0007345,CUST01425,2024-11-26,Delivered,Credit Card,0.0,4.92
ORD0007346,CUST01149,2023-10-31,Delivered,PayPal,0.0,13.93
ORD0007347,CUST00819,2024-08-05,Delivered,Net Banking,0.15,4.47
ORD0007348,CUST00308,2023-07-15,Returned,Wallet,0.2,7.85
ORD0007349,CUST00881,2023-07-18,Cancelled,Debit Card,0.0,6.14
ORD0007350,CUST01475,2023-06-15,Processing,UPI,0.05,5.69
ORD0007351,CUST00958,2024-07-28,Delivered,PayPal,0.1,11.76
ORD0007352,CUST01733,2024-05-26,Delivered,Credit Card,0.05,6.39
ORD0007353,CUST00081,2024-12-13,Delivered,UPI,0.0,6.5
ORD0007354,CUST00193,2024-09-22,Returned,PayPal,0.15,6.93
ORD0007355,CUST01037,2022-06-23,Delivered,UPI,0.1,3.58
ORD0007356,CUST01175,2024-07-11,Delivered,Net Banking,0.05,10.05
ORD0007357,CUST01363,2024-09-04,Delivered,Credit Card,0.1,6.5
ORD0007358,CUST00436,2024-04-29,Delivered,Wallet,0.1,12.02
ORD0007359,CUST01424,2024-06-23,Delivered,PayPal,0.0,2.13
ORD0007360,CUST00615,2024-12-21,Returned,Credit Card,0.05,9.51
ORD0007361,CUST01724,2024-12-13,Processing,Wallet,0.05,7.85
ORD0007362,CUST01749,2024-11-23,Returned,PayPal,0.05,2.94
ORD0007363,CUST01319,2024-07-04,Delivered,Credit Card,0.15,9.63
ORD0007364,CUST00679,2024-02-25,Delivered,Debit Card,0.15,8.03
ORD0007365,CUST01712,2022-12-09,Delivered,Wallet,0.05,3.97
ORD0007366,CUST01422,2024-07-07,Returned,Net Banking,0.15,9.2
ORD0007367,CUST01011,2024-03-25,Processing,UPI,0.05,14.84
ORD0007368,CUST00679,2024-05-12,Cancelled,Wallet,0.0,12.51
ORD0007369,CUST00963,2024-12-23,Returned,Credit Card,0.05,3.19
ORD0007370,CUST01785,2022-07-30,Delivered,PayPal,0.0,10.47
ORD0007371,CUST00171,2024-12-04,Delivered,Credit Card,0.0,13.31
ORD0007372,CUST01211,2023-12-28,Delivered,UPI,0.0,2.58
ORD0007373,CUST01424,2024-06-04,Delivered,Wallet,0.0,0.69
ORD0007374,CUST01033,2024-04-15,Cancelled,Debit Card,0.05,10.1
ORD0007375,CUST00959,2023-09-28,Delivered,Debit Card,0.15,4.95
ORD0007376,CUST01593,2024-08-22,Returned,PayPal,0.05,10.11
ORD0007377,CUST01163,2024-12-27,Delivered,Debit Card,0.2,5.13
ORD0007378,CUST00511,2024-02-08,Cancelled,UPI,0.1,13.98
ORD0007379,CUST01986,2024-10-30,Delivered,Debit Card,0.05,6.49
ORD0007380,CUST01686,2024-06-04,Cancelled,Net Banking,0.1,4.2
ORD0007381,CUST01541,2024-02-20,Delivered,Net Banking,0.0,4.32
ORD0007382,CUST01605,2024-02-22,Delivered,Net Banking,0.15,5.61
ORD0007383,CUST01831,2024-12-02,Delivered,Wallet,0.1,9.68
ORD0007384,CUST00606,2024-10-27,Delivered,Net Banking,0.1,5.01
ORD0007385,CUST00220,2024-03-07,Delivered,PayPal,0.1,11.0
ORD0007386,CUST01934,2024-09-16,Cancelled,Credit Card,0.0,7.38
ORD0007387,CUST00158,2024-09-26,Delivered,PayPal,0.1,6.02
ORD0007388,CUST01094,2023-07-28,Returned,UPI,0.05,6.91
ORD0007389,CUST00326,2023-10-25,Returned,UPI,0.0,11.23
ORD0007390,CUST01565,2023-10-20,Delivered,Net Banking,0.05,14.53
ORD0007391,CUST00375,2023-04-24,Cancelled,Wallet,0.0,1.27
ORD0007392,CUST00507,2024-02-03,Returned,UPI,0.0,7.11
ORD0007393,CUST00092,2024-06-24,Delivered,PayPal,0.0,1.94
ORD0007394,CUST01105,2023-09-19,Returned,Credit Card,0.05,1.88
ORD0007395,CUST01523,2024-06-11,Delivered,UPI,0.0,5.05
ORD0007396,CUST00307,2023-05-25,Delivered,Wallet,0.0,14.66
ORD0007397,CUST00614,2024-02-10,Delivered,Credit Card,0.0,0.56
ORD0007398,CUST01930,2023-09-15,Delivered,Wallet,0.05,12.07
ORD0007399,CUST01189,2023-05-23,Delivered,PayPal,0.1,13.09
ORD0007400,CUST00926,2024-03-15,Delivered,UPI,0.0,5.87
ORD0007401,CUST00059,2022-08-17,Delivered,Credit Card,0.0,7.83
ORD0007402,CUST01658,2024-05-17,Returned,PayPal,0.0,6.74
ORD0007403,CUST00453,2023-04-25,Delivered,Wallet,0.1,1.7
ORD0007404,CUST01918,2024-12-19,Delivered,Wallet,0.0,12.95
ORD0007405,CUST00377,2024-01-22,Delivered,UPI,0.0,10.19
ORD0007406,CUST00894,2024-11-03,Cancelled,Net Banking,0.0,8.93
ORD0007407,CUST00516,2024-12-19,Processing,UPI,0.0,4.99
ORD0007408,CUST00201,2024-05-18,Delivered,Net Banking,0.0,0.93
ORD0007409,CUST00700,2023-12-10,Returned,Debit Card,0.0,3.78
ORD0007410,CUST01992,2024-11-26,Delivered,PayPal,0.0,1.42
ORD0007411,CUST00993,2024-12-01,Delivered,PayPal,0.0,12.04
ORD0007412,CUST01887,2023-06-12,Delivered,Wallet,0.2,13.0
ORD0007413,CUST00994,2024-03-23,Delivered,Wallet,0.05,6.34
ORD0007414,CUST00726,2024-02-26,Delivered,Credit Card,0.1,4.95
ORD0007415,CUST01775,2024-08-20,Delivered,PayPal,0.05,0.5
ORD0007416,CUST00757,2024-12-29,Returned,Wallet,0.1,0.56
ORD0007417,CUST01687,2024-06-11,Delivered,Net Banking,0.2,7.34
ORD0007418,CUST01221,2024-12-29,Processing,Debit Card,0.05,13.33
ORD0007419,CUST01618,2024-10-09,Delivered,Credit Card,0.0,4.99
ORD0007420,CUST00613,2024-12-14,Delivered,Credit Card,0.05,2.33
ORD0007421,CUST00698,2023-06-04,Delivered,Credit Card,0.15,14.94
ORD0007422,CUST01165,2022-08-25,Delivered,Credit Card,0.05,11.22
ORD0007423,CUST01227,2024-09-04,Delivered,Debit Card,0.1,8.81
ORD0007424,CUST01833,2024-04-24,Delivered,Net Banking,0.0,3.04
ORD0007425,CUST01995,2023-08-24,Delivered,Wallet,0.05,0.15
ORD0007426,CUST01577,2023-05-29,Delivered,Wallet,0.0,10.34
ORD0007427,CUST00608,2024-11-27,Delivered,Credit Card,0.1,1.94
ORD0007428,CUST01697,2023-10-18,Delivered,Net Banking,0.1,10.06
ORD0007429,CUST01998,2024-11-22,Delivered,Wallet,0.15,2.94
ORD0007430,CUST00099,2024-11-07,Delivered,Net Banking,0.05,9.26
ORD0007431,CUST01678,2024-04-28,Delivered,Wallet,0.15,1.83
ORD0007432,CUST00056,2024-05-28,Returned,UPI,0.15,9.18
ORD0007433,CUST00663,2023-09-09,Delivered,PayPal,0.0,1.61
ORD0007434,CUST01640,2023-12-15,Cancelled,Net Banking,0.0,2.67
ORD0007435,CUST00601,2024-12-18,Delivered,PayPal,0.0,6.31
ORD0007436,CUST01052,2023-04-12,Delivered,Wallet,0.05,3.19
ORD0007437,CUST00217,2024-12-15,Delivered,Credit Card,0.05,6.92
ORD0007438,CUST01753,2023-10-14,Delivered,Net Banking,0.05,4.92
ORD0007439,CUST01948,2024-11-16,Delivered,UPI,0.0,13.05
ORD0007440,CUST01197,2024-11-07,Delivered,Credit Card,0.05,9.27
ORD0007441,CUST00199,2023-09-05,Delivered,Net Banking,0.15,9.35
ORD0007442,CUST00676,2024-07-09,Delivered,UPI,0.0,7.57
ORD0007443,CUST01927,2024-04-09,Delivered,UPI,0.0,7.65
ORD0007444,CUST01489,2024-02-11,Delivered,Credit Card,0.15,14.39
ORD0007445,CUST00507,2023-02-07,Delivered,Net Banking,0.0,6.99
ORD0007446,CUST00171,2024-12-11,Processing,UPI,0.05,3.21
ORD0007447,CUST01559,2024-08-02,Delivered,Wallet,0.0,6.03
ORD0007448,CUST01890,2024-07-25,Delivered,Wallet,0.2,5.07
ORD0007449,CUST01016,2024-05-25,Delivered,PayPal,0.05,11.41
ORD0007450,CUST01652,2022-10-19,Delivered,PayPal,0.0,9.95
ORD0007451,CUST01449,2024-04-23,Processing,Debit Card,0.0,14.4
ORD0007452,CUST01851,2024-06-25,Processing,Wallet,0.1,5.85
ORD0007453,CUST01141,2023-09-21,Delivered,Net Banking,0.1,8.35
ORD0007454,CUST01301,2023-10-16,Delivered,Wallet,0.1,2.24
ORD0007455,CUST01728,2022-11-16,Delivered,Net Banking,0.0,2.03
ORD0007456,CUST00304,2022-07-28,Delivered,Credit Card,0.0,9.12
ORD0007457,CUST01869,2022-06-28,Delivered,Debit Card,0.0,14.4
ORD0007458,CUST01461,2024-08-07,Delivered,Net Banking,0.0,7.29
ORD0007459,CUST01088,2024-08-31,Delivered,Net Banking,0.05,5.91
ORD0007460,CUST01673,2024-11-28,Delivered,PayPal,0.05,1.97
ORD0007461,CUST00147,2024-05-19,Delivered,Net Banking,0.0,6.6
ORD0007462,CUST01234,2024-12-28,Cancelled,Wallet,0.0,0.42
ORD0007463,CUST01099,2024-09-26,Delivered,Credit Card,0.0,9.95
ORD0007464,CUST01490,2024-11-24,Delivered,Debit Card,0.2,12.21
ORD0007465,CUST01599,2024-01-13,Delivered,Credit Card,0.1,3.46
ORD0007466,CUST00978,2023-10-09,Delivered,UPI,0.0,4.09
ORD0007467,CUST01441,2023-04-15,Delivered,PayPal,0.05,0.29
ORD0007468,CUST00021,2024-01-31,Delivered,Credit Card,0.05,1.68
ORD0007469,CUST00476,2024-03-29,Processing,UPI,0.05,2.59
ORD0007470,CUST01286,2023-10-21,Delivered,Credit Card,0.1,4.59
ORD0007471,CUST01205,2024-12-26,Delivered,Credit Card,0.0,11.69
ORD0007472,CUST00385,2024-12-22,Delivered,Wallet,0.05,9.8
ORD0007473,CUST01179,2023-12-06,Delivered,UPI,0.0,1.65
ORD0007474,CUST00558,2024-04-27,Delivered,UPI,0.1,12.99
ORD0007475,CUST00731,2024-09-07,Delivered,Net Banking,0.15,13.2
ORD0007476,CUST01012,2024-07-03,Delivered,Net Banking,0.0,13.55
ORD0007477,CUST00502,2024-11-16,Returned,Debit Card,0.15,9.43
ORD0007478,CUST01066,2024-04-06,Delivered,Debit Card,0.0,0.11
ORD0007479,CUST00672,2024-12-20,Delivered,Net Banking,0.0,5.86
ORD0007480,CUST01381,2024-03-14,Cancelled,UPI,0.0,11.19
ORD0007481,CUST01481,2024-11-22,Delivered,UPI,0.05,5.89
ORD0007482,CUST00278,2023-06-08,Delivered,Wallet,0.0,2.74
ORD0007483,CUST01903,2024-09-27,Cancelled,Net Banking,0.15,5.51
ORD0007484,CUST00370,2023-09-01,Delivered,Wallet,0.0,3.93
ORD0007485,CUST00950,2023-06-30,Delivered,Debit Card,0.05,9.57
ORD0007486,CUST00321,2024-11-27,Delivered,Debit Card,0.2,9.49
ORD0007487,CUST01884,2024-10-21,Delivered,Debit Card,0.0,7.24
ORD0007488,CUST00758,2024-06-10,Delivered,Debit Card,0.1,13.18
ORD0007489,CUST00561,2023-11-01,Delivered,Wallet,0.05,4.8
ORD0007490,CUST01171,2024-10-09,Returned,Net Banking,0.0,5.03
ORD0007491,CUST00208,2023-08-23,Delivered,Credit Card,0.0,7.59
ORD0007492,CUST01024,2023-11-05,Delivered,UPI,0.0,9.48
ORD0007493,CUST01174,2024-10-06,Delivered,Debit Card,0.05,8.37
ORD0007494,CUST01365,2023-04-26,Delivered,Net Banking,0.0,13.43
ORD0007495,CUST01557,2024-06-17,Delivered,Credit Card,0.1,10.56
ORD0007496,CUST00186,2024-01-12,Delivered,Net Banking,0.1,3.23
ORD0007497,CUST01274,2023-08-27,Delivered,Debit Card,0.0,2.59
ORD0007498,CUST00742,2024-05-18,Delivered,UPI,0.1,3.58
ORD0007499,CUST00819,2024-11-18,Cancelled,Debit Card,0.05,11.01
ORD0007500,CUST00281,2024-01-12,Processing,Net Banking,0.0,9.48
ORD0007501,CUST00294,2024-06-22,Delivered,Net Banking,0.05,8.04
ORD0007502,CUST00246,2022-12-26,Delivered,Debit Card,0.05,14.34
ORD0007503,CUST01521,2024-10-06,Cancelled,UPI,0.05,4.98
ORD0007504,CUST00915,2023-01-31,Delivered,UPI,0.05,11.35
ORD0007505,CUST00219,2024-08-09,Returned,Net Banking,0.1,1.61
ORD0007506,CUST00920,2024-09-26,Delivered,PayPal,0.15,14.43
ORD0007507,CUST00825,2024-08-14,Delivered,Net Banking,0.2,10.44
ORD0007508,CUST01231,2024-10-26,Delivered,Debit Card,0.05,14.52
ORD0007509,CUST00644,2024-12-20,Delivered,Net Banking,0.1,6.49
ORD0007510,CUST00219,2023-12-13,Delivered,Net Banking,0.1,9.97
ORD0007511,CUST01217,2024-11-15,Delivered,Net Banking,0.1,1.22
ORD0007512,CUST00121,2023-08-06,Delivered,PayPal,0.1,9.76
ORD0007513,CUST00723,2024-09-11,Cancelled,PayPal,0.0,1.36
ORD0007514,CUST00776,2024-09-10,Delivered,UPI,0.0,0.69
ORD0007515,CUST01811,2024-04-12,Delivered,Wallet,0.05,11.98
ORD0007516,CUST00933,2023-08-25,Delivered,Debit Card,0.05,3.97
ORD0007517,CUST01374,2024-03-05,Delivered,UPI,0.1,13.9
ORD0007518,CUST01650,2022-04-16,Delivered,Credit Card,0.05,12.81
ORD0007519,CUST00416,2024-08-31,Delivered,UPI,0.0,9.02
ORD0007520,CUST00316,2024-05-28,Delivered,PayPal,0.0,7.83
ORD0007521,CUST01613,2024-09-21,Delivered,UPI,0.1,7.98
ORD0007522,CUST01987,2024-11-04,Delivered,Wallet,0.0,12.42
ORD0007523,CUST00732,2023-12-28,Delivered,PayPal,0.1,0.31
ORD0007524,CUST01511,2024-09-14,Delivered,Debit Card,0.0,14.7
ORD0007525,CUST01796,2022-08-27,Delivered,PayPal,0.0,1.03
ORD0007526,CUST00081,2024-11-02,Delivered,Debit Card,0.0,8.49
ORD0007527,CUST00806,2024-06-24,Delivered,Net Banking,0.15,6.96
ORD0007528,CUST00970,2023-06-09,Cancelled,PayPal,0.05,14.6
ORD0007529,CUST00863,2023-11-01,Cancelled,Net Banking,0.05,2.74
ORD0007530,CUST01704,2024-08-27,Cancelled,UPI,0.15,3.16
ORD0007531,CUST00630,2024-06-06,Delivered,Net Banking,0.1,7.16
ORD0007532,CUST01631,2024-09-03,Delivered,Wallet,0.15,7.59
ORD0007533,CUST00808,2024-02-22,Delivered,PayPal,0.15,12.63
ORD0007534,CUST00912,2024-12-06,Delivered,Credit Card,0.0,2.75
ORD0007535,CUST01731,2024-08-06,Returned,Credit Card,0.1,3.18
ORD0007536,CUST00372,2024-10-11,Cancelled,PayPal,0.0,7.97
ORD0007537,CUST01166,2023-04-23,Delivered,Credit Card,0.2,7.33
ORD0007538,CUST01752,2023-11-18,Delivered,Net Banking,0.0,5.36
ORD0007539,CUST00882,2024-11-10,Delivered,Credit Card,0.0,1.64
ORD0007540,CUST00630,2024-08-27,Delivered,Wallet,0.05,0.22
ORD0007541,CUST00416,2024-07-07,Delivered,Credit Card,0.0,13.58
ORD0007542,CUST00941,2024-12-25,Delivered,UPI,0.1,13.55
ORD0007543,CUST01719,2023-10-27,Delivered,Credit Card,0.0,14.78
ORD0007544,CUST00799,2024-12-29,Returned,Debit Card,0.05,7.51
ORD0007545,CUST01201,2024-09-13,Delivered,Wallet,0.2,2.73
ORD0007546,CUST01464,2024-05-17,Delivered,Credit Card,0.1,6.72
ORD0007547,CUST00857,2024-12-18,Delivered,Net Banking,0.15,9.11
ORD0007548,CUST01869,2022-12-16,Delivered,PayPal,0.05,13.62
ORD0007549,CUST00097,2024-10-02,Cancelled,Wallet,0.0,9.76
ORD0007550,CUST01246,2024-02-19,Delivered,Net Banking,0.0,13.34
ORD0007551,CUST00948,2024-09-07,Processing,PayPal,0.15,5.53
ORD0007552,CUST01640,2023-08-15,Delivered,PayPal,0.05,4.24
ORD0007553,CUST00344,2024-09-17,Delivered,Credit Card,0.15,2.15
ORD0007554,CUST01148,2024-12-17,Delivered,Debit Card,0.0,9.03
ORD0007555,CUST00707,2024-12-23,Delivered,UPI,0.0,13.43
ORD0007556,CUST00102,2023-04-06,Delivered,Credit Card,0.1,0.38
ORD0007557,CUST00109,2023-12-21,Delivered,UPI,0.05,10.01
ORD0007558,CUST01542,2024-09-20,Delivered,Debit Card,0.2,14.69
ORD0007559,CUST00790,2024-05-16,Cancelled,Wallet,0.0,1.31
ORD0007560,CUST00644,2024-08-18,Returned,Credit Card,0.0,9.48
ORD0007561,CUST00231,2024-11-28,Delivered,Net Banking,0.15,8.91
ORD0007562,CUST01844,2023-11-21,Processing,Debit Card,0.05,1.25
ORD0007563,CUST01519,2024-08-12,Delivered,PayPal,0.0,2.54
ORD0007564,CUST00380,2024-12-04,Cancelled,PayPal,0.1,9.1
ORD0007565,CUST00107,2022-06-04,Delivered,Credit Card,0.1,14.17
ORD0007566,CUST01596,2024-06-05,Returned,Debit Card,0.05,3.9
ORD0007567,CUST01566,2024-07-23,Delivered,Net Banking,0.1,14.11
ORD0007568,CUST00487,2024-04-22,Delivered,Net Banking,0.05,13.76
ORD0007569,CUST01124,2024-04-10,Processing,Credit Card,0.05,9.75
ORD0007570,CUST00234,2024-09-29,Delivered,PayPal,0.1,11.23
ORD0007571,CUST01286,2024-09-09,Cancelled,UPI,0.0,10.13
ORD0007572,CUST00581,2023-10-31,Delivered,Wallet,0.0,10.63
ORD0007573,CUST00550,2024-08-03,Delivered,Net Banking,0.1,11.2
ORD0007574,CUST01444,2024-09-20,Delivered,Net Banking,0.15,2.8
ORD0007575,CUST01359,2024-09-12,Delivered,PayPal,0.2,3.49
ORD0007576,CUST01770,2023-12-20,Delivered,PayPal,0.0,3.76
ORD0007577,CUST01746,2023-04-13,Delivered,Credit Card,0.05,4.91
ORD0007578,CUST01469,2023-12-04,Delivered,Debit Card,0.0,4.09
ORD0007579,CUST00856,2024-08-08,Processing,Credit Card,0.1,11.32
ORD0007580,CUST00894,2024-12-18,Delivered,UPI,0.1,4.42
ORD0007581,CUST01577,2023-10-14,Delivered,PayPal,0.15,0.99
ORD0007582,CUST00904,2024-06-30,Cancelled,Net Banking,0.05,12.56
ORD0007583,CUST01682,2024-08-16,Returned,Net Banking,0.05,14.31
ORD0007584,CUST00103,2024-11-08,Delivered,UPI,0.15,3.61
ORD0007585,CUST00766,2024-05-25,Delivered,Credit Card,0.05,13.15
ORD0007586,CUST01382,2024-06-04,Delivered,Net Banking,0.05,6.69
ORD0007587,CUST01357,2024-09-26,Delivered,Net Banking,0.05,13.95
ORD0007588,CUST00076,2024-04-26,Delivered,Credit Card,0.0,7.24
ORD0007589,CUST00084,2024-01-03,Delivered,Net Banking,0.05,7.1
ORD0007590,CUST01288,2024-07-12,Delivered,UPI,0.15,10.78
ORD0007591,CUST01654,2024-02-13,Delivered,Net Banking,0.0,5.78
ORD0007592,CUST00020,2024-05-23,Cancelled,PayPal,0.15,3.56
ORD0007593,CUST01840,2024-12-14,Delivered,Wallet,0.0,4.14
ORD0007594,CUST01986,2024-05-15,Delivered,Credit Card,0.0,11.7
ORD0007595,CUST00986,2023-08-07,Delivered,Credit Card,0.1,10.34
ORD0007596,CUST01804,2023-02-09,Delivered,Credit Card,0.1,9.34
ORD0007597,CUST01949,2024-07-28,Delivered,Credit Card,0.0,4.67
ORD0007598,CUST00795,2023-01-29,Delivered,Credit Card,0.15,13.7
ORD0007599,CUST01440,2024-04-08,Delivered,Wallet,0.0,4.75
ORD0007600,CUST01483,2022-12-24,Delivered,UPI,0.0,13.9
ORD0007601,CUST00340,2023-09-17,Delivered,UPI,0.1,2.4
ORD0007602,CUST01799,2023-01-27,Returned,Net Banking,0.0,5.63
ORD0007603,CUST01600,2024-06-28,Delivered,Net Banking,0.0,8.63
ORD0007604,CUST00751,2023-09-25,Returned,Net Banking,0.2,6.38
ORD0007605,CUST00608,2024-02-22,Delivered,Wallet,0.05,14.65
ORD0007606,CUST01269,2023-02-13,Delivered,UPI,0.1,5.53
ORD0007607,CUST00409,2024-09-19,Delivered,Net Banking,0.05,5.46
ORD0007608,CUST01531,2024-09-25,Delivered,Net Banking,0.05,10.01
ORD0007609,CUST01970,2022-11-29,Delivered,Debit Card,0.1,13.63
ORD0007610,CUST00561,2024-12-12,Delivered,Credit Card,0.05,12.66
ORD0007611,CUST01884,2024-12-30,Delivered,Wallet,0.05,5.29
ORD0007612,CUST00392,2024-10-02,Delivered,Debit Card,0.0,11.81
ORD0007613,CUST00972,2024-07-16,Delivered,Wallet,0.05,7.39
ORD0007614,CUST00328,2023-09-24,Delivered,Credit Card,0.1,0.11
ORD0007615,CUST01994,2024-03-02,Returned,UPI,0.0,13.06
ORD0007616,CUST00179,2024-05-29,Returned,Credit Card,0.1,1.38
ORD0007617,CUST01666,2024-12-24,Delivered,UPI,0.0,3.32
ORD0007618,CUST00832,2023-01-04,Delivered,Net Banking,0.0,5.0
ORD0007619,CUST00360,2024-09-07,Delivered,Credit Card,0.0,8.69
ORD0007620,CUST01233,2024-06-19,Delivered,Wallet,0.05,10.83
ORD0007621,CUST00576,2024-02-26,Delivered,Net Banking,0.05,4.12
ORD0007622,CUST00150,2023-09-20,Delivered,Wallet,0.0,5.16
ORD0007623,CUST01668,2023-12-12,Delivered,Wallet,0.2,5.55
ORD0007624,CUST01589,2023-03-15,Delivered,Net Banking,0.05,14.25
ORD0007625,CUST01773,2024-07-26,Delivered,Credit Card,0.05,2.47
ORD0007626,CUST01041,2024-08-16,Delivered,Wallet,0.0,6.94
ORD0007627,CUST00582,2024-10-01,Delivered,UPI,0.15,8.44
ORD0007628,CUST01767,2023-09-20,Delivered,Credit Card,0.15,5.1
ORD0007629,CUST00438,2024-03-02,Delivered,UPI,0.1,7.2
ORD0007630,CUST01890,2024-06-27,Processing,PayPal,0.05,10.91
ORD0007631,CUST01612,2024-10-17,Delivered,Debit Card,0.2,2.35
ORD0007632,CUST00225,2023-12-27,Delivered,Credit Card,0.1,1.97
ORD0007633,CUST00837,2024-01-03,Delivered,Debit Card,0.0,8.68
ORD0007634,CUST01224,2023-04-11,Delivered,Wallet,0.05,4.96
ORD0007635,CUST00273,2024-08-27,Delivered,PayPal,0.0,8.91
ORD0007636,CUST00895,2023-06-02,Cancelled,Debit Card,0.1,4.32
ORD0007637,CUST01060,2022-12-12,Delivered,Wallet,0.1,5.37
ORD0007638,CUST01470,2024-01-15,Returned,Debit Card,0.1,7.83
ORD0007639,CUST00431,2024-10-22,Delivered,Net Banking,0.1,8.66
ORD0007640,CUST00473,2023-03-03,Delivered,PayPal,0.15,7.75
ORD0007641,CUST00480,2024-11-23,Delivered,PayPal,0.1,14.76
ORD0007642,CUST00832,2023-09-01,Delivered,Credit Card,0.0,4.67
ORD0007643,CUST01424,2022-04-25,Delivered,Debit Card,0.0,5.52
ORD0007644,CUST00089,2024-09-20,Delivered,Credit Card,0.0,2.32
ORD0007645,CUST01739,2024-07-03,Delivered,UPI,0.0,12.41
ORD0007646,CUST00259,2024-04-10,Delivered,Wallet,0.0,12.4
ORD0007647,CUST00942,2024-07-14,Processing,Wallet,0.0,5.39
ORD0007648,CUST01680,2024-05-05,Delivered,PayPal,0.15,10.42
ORD0007649,CUST00355,2023-11-22,Returned,Net Banking,0.0,9.35
ORD0007650,CUST01063,2023-08-13,Delivered,Debit Card,0.05,13.65
ORD0007651,CUST00733,2024-06-08,Delivered,Wallet,0.0,3.4
ORD0007652,CUST00471,2024-11-16,Delivered,PayPal,0.15,10.34
ORD0007653,CUST01228,2023-11-12,Delivered,UPI,0.1,9.37
ORD0007654,CUST01741,2023-10-14,Delivered,Net Banking,0.1,6.73
ORD0007655,CUST01136,2024-07-03,Delivered,Debit Card,0.1,1.71
ORD0007656,CUST01291,2024-03-12,Delivered,UPI,0.05,8.59
ORD0007657,CUST00448,2023-10-25,Processing,Debit Card,0.05,7.41
ORD0007658,CUST01473,2023-12-22,Delivered,PayPal,0.15,11.13
ORD0007659,CUST01822,2023-10-27,Delivered,UPI,0.05,0.86
ORD0007660,CUST00895,2024-05-11,Delivered,Wallet,0.0,10.01
ORD0007661,CUST01911,2024-03-15,Returned,Wallet,0.15,13.77
ORD0007662,CUST01528,2023-09-24,Delivered,Credit Card,0.05,9.6
ORD0007663,CUST01377,2023-08-29,Delivered,Debit Card,0.0,2.28
ORD0007664,CUST01135,2024-10-05,Returned,PayPal,0.0,11.19
ORD0007665,CUST01229,2024-09-09,Delivered,Wallet,0.05,11.61
ORD0007666,CUST01253,2024-11-05,Delivered,Wallet,0.0,11.48
ORD0007667,CUST00514,2024-09-26,Delivered,Credit Card,0.0,9.62
ORD0007668,CUST00866,2024-11-13,Delivered,UPI,0.0,5.29
ORD0007669,CUST00287,2023-12-31,Delivered,PayPal,0.0,12.63
ORD0007670,CUST00628,2024-07-21,Delivered,Net Banking,0.0,5.47
ORD0007671,CUST01955,2024-08-16,Delivered,PayPal,0.0,4.1
ORD0007672,CUST00649,2024-09-26,Delivered,Wallet,0.15,1.4
ORD0007673,CUST01784,2024-05-08,Delivered,Credit Card,0.1,0.39
ORD0007674,CUST00660,2024-12-27,Processing,UPI,0.05,14.05
ORD0007675,CUST00868,2024-09-23,Delivered,Credit Card,0.05,2.23
ORD0007676,CUST01126,2024-06-04,Delivered,PayPal,0.05,4.99
ORD0007677,CUST00215,2024-01-13,Delivered,UPI,0.0,4.37
ORD0007678,CUST01234,2024-08-11,Delivered,Credit Card,0.0,10.11
ORD0007679,CUST01308,2024-04-11,Delivered,Debit Card,0.05,4.27
ORD0007680,CUST01979,2024-12-03,Delivered,Debit Card,0.05,12.45
ORD0007681,CUST00356,2024-11-26,Delivered,Net Banking,0.0,9.22
ORD0007682,CUST01748,2023-08-28,Returned,Net Banking,0.1,12.67
ORD0007683,CUST01630,2024-03-21,Returned,Credit Card,0.15,0.89
ORD0007684,CUST01750,2023-08-31,Delivered,Debit Card,0.0,3.17
ORD0007685,CUST00376,2024-12-29,Delivered,Net Banking,0.0,10.45
ORD0007686,CUST01600,2024-09-02,Delivered,Wallet,0.0,1.05
ORD0007687,CUST01046,2023-07-21,Delivered,PayPal,0.2,5.39
ORD0007688,CUST01563,2024-11-13,Delivered,PayPal,0.2,10.03
ORD0007689,CUST00544,2023-10-10,Delivered,PayPal,0.0,0.36
ORD0007690,CUST01664,2023-04-15,Returned,Credit Card,0.0,9.83
ORD0007691,CUST00611,2023-07-12,Delivered,UPI,0.0,11.34
ORD0007692,CUST01134,2024-09-29,Returned,Net Banking,0.1,1.47
ORD0007693,CUST01518,2024-01-12,Cancelled,Credit Card,0.0,6.68
ORD0007694,CUST00425,2024-08-15,Delivered,Credit Card,0.1,0.35
ORD0007695,CUST00145,2024-07-20,Delivered,UPI,0.0,2.35
ORD0007696,CUST01657,2024-09-18,Delivered,Debit Card,0.05,9.3
ORD0007697,CUST01063,2023-08-27,Delivered,PayPal,0.05,2.87
ORD0007698,CUST00503,2024-08-04,Delivered,Net Banking,0.05,3.23
ORD0007699,CUST00954,2024-11-09,Delivered,Net Banking,0.0,11.58
ORD0007700,CUST00623,2024-10-31,Returned,UPI,0.05,5.31
ORD0007701,CUST00628,2023-04-30,Delivered,PayPal,0.0,11.01
ORD0007702,CUST01214,2024-05-17,Delivered,PayPal,0.0,10.84
ORD0007703,CUST00929,2024-12-24,Delivered,Net Banking,0.05,1.06
ORD0007704,CUST01075,2024-02-13,Delivered,Credit Card,0.15,14.19
ORD0007705,CUST01803,2024-01-24,Returned,PayPal,0.1,3.77
ORD0007706,CUST01399,2024-10-02,Delivered,Debit Card,0.05,14.85
ORD0007707,CUST00446,2022-09-20,Delivered,Credit Card,0.05,1.43
ORD0007708,CUST01029,2024-06-22,Delivered,UPI,0.1,7.09
ORD0007709,CUST01268,2024-05-20,Delivered,Wallet,0.0,0.78
ORD0007710,CUST00856,2024-07-18,Delivered,Credit Card,0.1,6.47
ORD0007711,CUST01227,2024-05-28,Delivered,UPI,0.05,1.14
ORD0007712,CUST01853,2024-08-06,Delivered,PayPal,0.0,3.02
ORD0007713,CUST01853,2024-11-25,Returned,Net Banking,0.05,12.6
ORD0007714,CUST00236,2024-08-17,Delivered,Net Banking,0.15,1.18
ORD0007715,CUST01303,2024-02-29,Delivered,Debit Card,0.15,14.75
ORD0007716,CUST00139,2023-12-17,Delivered,Credit Card,0.1,5.28
ORD0007717,CUST00671,2024-08-26,Delivered,PayPal,0.0,11.81
ORD0007718,CUST01984,2024-01-20,Returned,Wallet,0.1,5.57
ORD0007719,CUST01327,2024-08-03,Delivered,Wallet,0.0,7.36
ORD0007720,CUST01522,2024-06-09,Delivered,PayPal,0.15,13.2
ORD0007721,CUST00557,2024-02-19,Delivered,PayPal,0.05,3.11
ORD0007722,CUST00881,2024-11-11,Cancelled,Credit Card,0.05,13.23
ORD0007723,CUST00836,2024-03-25,Returned,Wallet,0.0,13.99
ORD0007724,CUST00045,2023-08-26,Delivered,Net Banking,0.0,12.23
ORD0007725,CUST00820,2024-08-03,Cancelled,Wallet,0.15,4.29
ORD0007726,CUST01317,2024-12-03,Delivered,PayPal,0.0,12.52
ORD0007727,CUST01452,2024-08-17,Delivered,PayPal,0.2,6.74
ORD0007728,CUST00655,2024-07-25,Cancelled,Debit Card,0.15,12.94
ORD0007729,CUST00706,2024-11-01,Delivered,Debit Card,0.05,14.06
ORD0007730,CUST00844,2024-08-03,Returned,Wallet,0.15,10.54
ORD0007731,CUST00503,2024-10-02,Returned,PayPal,0.1,9.5
ORD0007732,CUST00370,2024-10-13,Delivered,Debit Card,0.0,10.01
ORD0007733,CUST00945,2024-01-02,Delivered,Credit Card,0.0,3.63
ORD0007734,CUST00105,2024-07-22,Processing,Credit Card,0.05,7.39
ORD0007735,CUST00577,2022-06-15,Delivered,Wallet,0.05,14.66
ORD0007736,CUST00398,2024-04-12,Returned,UPI,0.1,4.78
ORD0007737,CUST00331,2024-05-08,Delivered,PayPal,0.05,2.57
ORD0007738,CUST01906,2024-03-15,Delivered,PayPal,0.0,3.13
ORD0007739,CUST01184,2023-03-21,Delivered,Net Banking,0.05,13.44
ORD0007740,CUST01389,2024-09-29,Processing,Debit Card,0.0,6.36
ORD0007741,CUST01250,2024-07-06,Delivered,Credit Card,0.1,9.07
ORD0007742,CUST00641,2024-06-24,Processing,UPI,0.15,8.06
ORD0007743,CUST00674,2024-11-02,Delivered,Net Banking,0.15,9.83
ORD0007744,CUST00311,2024-05-22,Delivered,Debit Card,0.0,7.56
ORD0007745,CUST01194,2024-02-10,Delivered,Credit Card,0.0,11.09
ORD0007746,CUST00748,2024-05-31,Returned,UPI,0.05,13.83
ORD0007747,CUST01869,2024-09-24,Delivered,Wallet,0.1,11.46
ORD0007748,CUST01894,2022-11-19,Delivered,Credit Card,0.0,6.37
ORD0007749,CUST01655,2024-08-15,Delivered,PayPal,0.0,11.14
ORD0007750,CUST01404,2024-06-25,Delivered,UPI,0.1,13.94
ORD0007751,CUST00603,2023-08-15,Delivered,PayPal,0.0,1.12
ORD0007752,CUST01614,2024-07-11,Delivered,PayPal,0.2,11.94
ORD0007753,CUST00435,2024-08-01,Processing,Net Banking,0.05,4.58
ORD0007754,CUST00181,2023-09-17,Delivered,Debit Card,0.2,3.33
ORD0007755,CUST01313,2024-11-19,Delivered,UPI,0.05,12.38
ORD0007756,CUST00191,2024-04-27,Delivered,Wallet,0.15,5.36
ORD0007757,CUST00688,2024-03-15,Delivered,Debit Card,0.05,13.75
ORD0007758,CUST01128,2024-12-18,Delivered,PayPal,0.0,8.54
ORD0007759,CUST01470,2023-01-30,Cancelled,Net Banking,0.05,6.98
ORD0007760,CUST01511,2024-01-05,Delivered,Net Banking,0.1,12.51
ORD0007761,CUST00773,2024-11-12,Delivered,UPI,0.1,14.54
ORD0007762,CUST00256,2024-04-23,Delivered,UPI,0.0,9.21
ORD0007763,CUST00166,2024-06-06,Cancelled,Credit Card,0.1,6.99
ORD0007764,CUST00067,2024-12-26,Delivered,UPI,0.0,0.43
ORD0007765,CUST01539,2024-05-26,Delivered,Debit Card,0.0,5.5
ORD0007766,CUST01601,2024-03-04,Delivered,Credit Card,0.0,2.28
ORD0007767,CUST01177,2024-12-24,Processing,PayPal,0.0,8.8
ORD0007768,CUST00163,2024-12-22,Delivered,Debit Card,0.0,0.27
ORD0007769,CUST00400,2023-08-11,Cancelled,Debit Card,0.0,1.52
ORD0007770,CUST01316,2024-04-15,Returned,Net Banking,0.0,5.28
ORD0007771,CUST00513,2024-11-26,Returned,PayPal,0.05,8.32
ORD0007772,CUST01739,2024-03-09,Delivered,Net Banking,0.2,7.65
ORD0007773,CUST00585,2024-03-03,Delivered,Wallet,0.0,7.84
ORD0007774,CUST00438,2024-11-16,Delivered,Wallet,0.1,5.88
ORD0007775,CUST00790,2024-02-22,Delivered,Credit Card,0.05,9.83
ORD0007776,CUST00448,2023-06-09,Delivered,UPI,0.1,2.94
ORD0007777,CUST01596,2024-10-26,Delivered,Debit Card,0.05,10.05
ORD0007778,CUST01066,2023-08-14,Delivered,Credit Card,0.0,12.98
ORD0007779,CUST00306,2024-09-05,Returned,Net Banking,0.0,7.0
ORD0007780,CUST00547,2023-10-08,Delivered,Net Banking,0.2,1.86
ORD0007781,CUST00101,2024-09-30,Delivered,Wallet,0.0,9.28
ORD0007782,CUST00032,2023-09-17,Delivered,Debit Card,0.15,4.99
ORD0007783,CUST01832,2024-08-02,Delivered,Net Banking,0.0,12.46
ORD0007784,CUST00544,2024-01-31,Cancelled,PayPal,0.05,9.58
ORD0007785,CUST01522,2024-06-16,Delivered,PayPal,0.0,0.38
ORD0007786,CUST01976,2024-11-24,Delivered,Credit Card,0.05,7.54
ORD0007787,CUST00027,2024-10-23,Delivered,Wallet,0.0,12.44
ORD0007788,CUST00193,2022-09-21,Delivered,PayPal,0.1,8.48
ORD0007789,CUST01947,2024-11-22,Delivered,PayPal,0.05,8.64
ORD0007790,CUST00111,2023-01-14,Returned,Net Banking,0.1,0.35
ORD0007791,CUST00677,2024-10-30,Returned,PayPal,0.0,2.1
ORD0007792,CUST01076,2023-10-23,Returned,Credit Card,0.0,8.73
ORD0007793,CUST00052,2023-11-01,Delivered,Wallet,0.05,1.72
ORD0007794,CUST00179,2024-07-08,Returned,Debit Card,0.05,6.95
ORD0007795,CUST01801,2024-06-28,Delivered,PayPal,0.1,6.1
ORD0007796,CUST01248,2023-02-12,Delivered,Credit Card,0.0,2.98
ORD0007797,CUST00776,2024-11-16,Delivered,PayPal,0.1,5.81
ORD0007798,CUST01217,2024-01-28,Delivered,PayPal,0.0,0.55
ORD0007799,CUST01875,2024-12-20,Delivered,Credit Card,0.15,11.98
ORD0007800,CUST01562,2024-12-21,Delivered,PayPal,0.0,12.1
ORD0007801,CUST00262,2024-08-10,Processing,Wallet,0.0,7.62
ORD0007802,CUST01513,2023-05-21,Delivered,Net Banking,0.0,5.92
ORD0007803,CUST00530,2023-03-07,Returned,PayPal,0.15,5.83
ORD0007804,CUST00794,2023-12-01,Delivered,PayPal,0.0,9.66
ORD0007805,CUST01394,2024-03-27,Delivered,PayPal,0.05,3.91
ORD0007806,CUST00630,2024-11-27,Delivered,Wallet,0.1,11.96
ORD0007807,CUST01265,2023-10-13,Cancelled,Debit Card,0.05,2.17
ORD0007808,CUST00530,2023-12-10,Delivered,Net Banking,0.05,8.34
ORD0007809,CUST01059,2023-10-28,Delivered,Debit Card,0.0,7.95
ORD0007810,CUST01819,2024-08-17,Processing,Wallet,0.0,2.0
ORD0007811,CUST00419,2024-09-12,Delivered,UPI,0.1,2.01
ORD0007812,CUST00535,2024-10-23,Delivered,Debit Card,0.0,14.04
ORD0007813,CUST00572,2024-09-11,Delivered,UPI,0.0,0.53
ORD0007814,CUST01609,2024-11-01,Delivered,Wallet,0.2,3.47
ORD0007815,CUST01817,2024-09-26,Delivered,UPI,0.05,9.52
ORD0007816,CUST00991,2024-08-25,Delivered,Debit Card,0.0,0.29
ORD0007817,CUST01228,2023-09-29,Delivered,Debit Card,0.15,2.85
ORD0007818,CUST00942,2024-07-16,Returned,UPI,0.05,3.13
ORD0007819,CUST01469,2022-12-23,Delivered,Credit Card,0.1,2.2
ORD0007820,CUST01169,2024-01-24,Delivered,Net Banking,0.1,11.31
ORD0007821,CUST00642,2024-11-24,Delivered,PayPal,0.1,7.58
ORD0007822,CUST01374,2024-03-28,Delivered,Net Banking,0.0,7.75
ORD0007823,CUST01958,2024-06-28,Delivered,PayPal,0.0,5.67
ORD0007824,CUST01599,2024-12-20,Delivered,UPI,0.1,7.27
ORD0007825,CUST00779,2023-12-31,Cancelled,Credit Card,0.1,4.39
ORD0007826,CUST01033,2024-05-14,Delivered,Credit Card,0.1,2.64
ORD0007827,CUST00558,2024-04-10,Delivered,UPI,0.0,10.04
ORD0007828,CUST01474,2024-05-30,Returned,Credit Card,0.05,7.62
ORD0007829,CUST01527,2024-07-02,Delivered,Debit Card,0.0,12.67
ORD0007830,CUST00829,2022-05-25,Delivered,Debit Card,0.1,11.29
ORD0007831,CUST00448,2024-12-04,Delivered,Credit Card,0.1,12.89
ORD0007832,CUST01727,2024-11-12,Delivered,Net Banking,0.2,3.93
ORD0007833,CUST01691,2024-12-20,Delivered,Net Banking,0.1,7.88
ORD0007834,CUST00568,2024-06-02,Delivered,UPI,0.1,11.72
ORD0007835,CUST00746,2024-08-14,Cancelled,UPI,0.05,10.72
ORD0007836,CUST00284,2024-12-21,Delivered,UPI,0.1,3.57
ORD0007837,CUST01564,2024-12-18,Delivered,Net Banking,0.1,2.6
ORD0007838,CUST01719,2024-11-14,Delivered,Credit Card,0.0,0.19
ORD0007839,CUST00302,2024-02-08,Returned,Debit Card,0.15,9.86
ORD0007840,CUST01507,2024-09-07,Delivered,PayPal,0.0,11.24
ORD0007841,CUST00527,2024-08-16,Delivered,Wallet,0.1,0.17
ORD0007842,CUST01059,2024-09-22,Delivered,Credit Card,0.0,5.17
ORD0007843,CUST01900,2024-12-09,Delivered,Net Banking,0.15,10.21
ORD0007844,CUST01796,2024-11-29,Delivered,Wallet,0.15,3.43
ORD0007845,CUST00199,2024-07-01,Returned,Wallet,0.1,5.16
ORD0007846,CUST00222,2023-12-21,Delivered,UPI,0.2,11.39
ORD0007847,CUST01836,2024-10-30,Delivered,Credit Card,0.0,12.37
ORD0007848,CUST01175,2024-02-02,Delivered,Wallet,0.05,5.57
ORD0007849,CUST01251,2024-04-19,Delivered,PayPal,0.0,10.5
ORD0007850,CUST00171,2024-11-18,Cancelled,Credit Card,0.05,7.35
ORD0007851,CUST00511,2023-09-09,Delivered,PayPal,0.05,12.7
ORD0007852,CUST00064,2023-08-18,Delivered,Credit Card,0.0,13.33
ORD0007853,CUST00681,2024-02-04,Delivered,Debit Card,0.1,14.66
ORD0007854,CUST01167,2023-03-28,Delivered,Debit Card,0.0,2.18
ORD0007855,CUST00561,2023-10-01,Delivered,Credit Card,0.15,8.95
ORD0007856,CUST00817,2023-08-25,Delivered,Wallet,0.0,11.66
ORD0007857,CUST00898,2023-09-17,Delivered,Credit Card,0.1,5.51
ORD0007858,CUST00341,2023-07-05,Delivered,PayPal,0.0,12.91
ORD0007859,CUST00731,2024-05-07,Delivered,Net Banking,0.15,5.09
ORD0007860,CUST01641,2022-09-26,Delivered,PayPal,0.0,10.44
ORD0007861,CUST00181,2024-04-13,Delivered,PayPal,0.05,2.16
ORD0007862,CUST00832,2023-03-02,Delivered,Wallet,0.0,4.58
ORD0007863,CUST01793,2023-06-01,Delivered,UPI,0.05,11.41
ORD0007864,CUST01398,2023-10-25,Delivered,Debit Card,0.05,6.42
ORD0007865,CUST00534,2024-06-03,Delivered,UPI,0.0,14.89
ORD0007866,CUST00840,2024-12-20,Cancelled,Net Banking,0.05,9.22
ORD0007867,CUST00721,2024-12-14,Delivered,Debit Card,0.2,12.1
ORD0007868,CUST00527,2024-05-22,Delivered,Credit Card,0.0,9.3
ORD0007869,CUST01445,2023-05-03,Delivered,UPI,0.0,1.55
ORD0007870,CUST01583,2023-06-07,Returned,UPI,0.1,3.77
ORD0007871,CUST01476,2023-10-23,Delivered,Credit Card,0.1,10.16
ORD0007872,CUST00062,2024-01-22,Delivered,PayPal,0.0,2.88
ORD0007873,CUST00179,2024-06-29,Returned,PayPal,0.1,13.41
ORD0007874,CUST01251,2023-12-07,Delivered,UPI,0.0,11.43
ORD0007875,CUST00066,2024-09-15,Delivered,Wallet,0.1,7.88
ORD0007876,CUST01499,2024-02-19,Processing,Credit Card,0.0,12.34
ORD0007877,CUST01706,2024-06-11,Delivered,Credit Card,0.15,11.26
ORD0007878,CUST01257,2023-07-01,Delivered,PayPal,0.0,13.71
ORD0007879,CUST01113,2024-09-05,Delivered,UPI,0.15,9.83
ORD0007880,CUST01422,2023-02-20,Delivered,PayPal,0.0,3.32
ORD0007881,CUST00558,2023-06-06,Delivered,Wallet,0.1,0.57
ORD0007882,CUST01934,2024-10-03,Delivered,Debit Card,0.05,8.63
ORD0007883,CUST00379,2024-12-15,Processing,PayPal,0.0,2.54
ORD0007884,CUST01794,2024-07-30,Delivered,Credit Card,0.2,9.75
ORD0007885,CUST00431,2024-11-07,Delivered,UPI,0.2,10.87
ORD0007886,CUST01263,2024-12-12,Delivered,Debit Card,0.0,12.42
ORD0007887,CUST01457,2024-08-31,Delivered,Wallet,0.05,7.98
ORD0007888,CUST00623,2024-05-01,Delivered,Credit Card,0.1,5.21
ORD0007889,CUST01037,2022-09-11,Delivered,Debit Card,0.1,13.44
ORD0007890,CUST00939,2023-02-12,Delivered,Wallet,0.1,14.79
ORD0007891,CUST01954,2023-06-05,Delivered,Debit Card,0.0,9.67
ORD0007892,CUST00296,2023-11-28,Returned,UPI,0.1,2.99
ORD0007893,CUST00121,2024-02-24,Processing,UPI,0.0,5.83
ORD0007894,CUST00287,2024-08-07,Delivered,Net Banking,0.0,14.14
ORD0007895,CUST01358,2024-08-08,Delivered,Net Banking,0.05,1.67
ORD0007896,CUST01435,2023-02-04,Delivered,PayPal,0.0,4.56
ORD0007897,CUST00878,2024-07-06,Processing,Wallet,0.05,2.68
ORD0007898,CUST01801,2024-06-21,Cancelled,PayPal,0.05,13.96
ORD0007899,CUST00112,2024-12-14,Delivered,UPI,0.05,1.97
ORD0007900,CUST01032,2024-08-31,Delivered,Net Banking,0.1,7.01
ORD0007901,CUST00144,2024-05-19,Returned,UPI,0.05,0.06
ORD0007902,CUST00766,2024-12-15,Delivered,Wallet,0.0,3.65
ORD0007903,CUST01653,2024-09-21,Delivered,UPI,0.05,8.41
ORD0007904,CUST00669,2024-11-10,Delivered,PayPal,0.05,6.19
ORD0007905,CUST00430,2024-08-28,Delivered,Debit Card,0.0,0.85
ORD0007906,CUST00547,2023-03-26,Delivered,Debit Card,0.0,1.4
ORD0007907,CUST01503,2024-10-14,Delivered,UPI,0.0,5.89
ORD0007908,CUST01996,2024-12-26,Delivered,PayPal,0.0,13.2
ORD0007909,CUST00434,2023-02-17,Returned,UPI,0.0,1.57
ORD0007910,CUST01047,2024-06-05,Delivered,Credit Card,0.05,2.3
ORD0007911,CUST00549,2024-01-07,Delivered,Net Banking,0.0,2.7
ORD0007912,CUST01396,2024-01-25,Delivered,Wallet,0.2,13.65
ORD0007913,CUST01044,2022-07-26,Delivered,UPI,0.0,5.26
ORD0007914,CUST01166,2023-11-18,Delivered,PayPal,0.0,1.07
ORD0007915,CUST00197,2023-05-29,Delivered,Credit Card,0.0,7.29
ORD0007916,CUST00579,2024-10-21,Delivered,Credit Card,0.05,11.9
ORD0007917,CUST01568,2023-08-23,Delivered,PayPal,0.0,8.48
ORD0007918,CUST01093,2023-11-03,Delivered,Net Banking,0.0,9.16
ORD0007919,CUST01779,2024-04-18,Delivered,Wallet,0.0,9.02
ORD0007920,CUST01926,2024-11-07,Processing,PayPal,0.05,11.14
ORD0007921,CUST00925,2024-12-07,Delivered,Net Banking,0.1,3.21
ORD0007922,CUST01543,2023-10-17,Delivered,UPI,0.0,7.03
ORD0007923,CUST01425,2024-08-30,Cancelled,Wallet,0.1,10.79
ORD0007924,CUST01187,2024-12-06,Delivered,PayPal,0.1,12.29
ORD0007925,CUST00082,2023-10-04,Delivered,Net Banking,0.0,5.5
ORD0007926,CUST00934,2024-10-03,Delivered,Wallet,0.1,4.34
ORD0007927,CUST00888,2024-09-02,Delivered,Wallet,0.0,10.54
ORD0007928,CUST00370,2023-08-19,Returned,UPI,0.1,7.15
ORD0007929,CUST00480,2024-09-26,Delivered,Wallet,0.0,2.67
ORD0007930,CUST00738,2023-11-16,Delivered,Wallet,0.05,14.04
ORD0007931,CUST01867,2024-11-15,Delivered,Debit Card,0.05,12.49
ORD0007932,CUST01500,2024-06-13,Delivered,Debit Card,0.1,3.65
ORD0007933,CUST00849,2024-08-20,Cancelled,PayPal,0.0,9.65
ORD0007934,CUST01051,2024-10-20,Delivered,Credit Card,0.0,14.56
ORD0007935,CUST01035,2024-10-23,Delivered,Net Banking,0.0,6.26
ORD0007936,CUST00581,2023-03-18,Delivered,UPI,0.15,4.85
ORD0007937,CUST01976,2024-12-26,Cancelled,Wallet,0.0,1.24
ORD0007938,CUST00945,2024-06-02,Delivered,Wallet,0.1,5.99
ORD0007939,CUST01762,2024-03-22,Cancelled,Credit Card,0.0,6.9
ORD0007940,CUST01840,2024-03-01,Returned,Wallet,0.05,3.89
ORD0007941,CUST01628,2024-10-27,Delivered,Wallet,0.1,12.58
ORD0007942,CUST01727,2024-11-29,Returned,Credit Card,0.0,14.32
ORD0007943,CUST00317,2024-09-20,Delivered,Wallet,0.0,4.62
ORD0007944,CUST00977,2024-10-31,Delivered,Net Banking,0.1,3.1
ORD0007945,CUST00191,2024-01-31,Delivered,Wallet,0.0,14.05
ORD0007946,CUST00822,2023-10-14,Delivered,UPI,0.15,9.42
ORD0007947,CUST00780,2024-09-02,Delivered,Credit Card,0.15,13.24
ORD0007948,CUST01721,2024-07-20,Delivered,Wallet,0.05,0.3
ORD0007949,CUST00689,2022-06-19,Delivered,Wallet,0.05,1.2
ORD0007950,CUST00650,2024-03-17,Delivered,PayPal,0.05,8.86
ORD0007951,CUST00421,2024-03-20,Processing,UPI,0.15,9.01
ORD0007952,CUST01183,2023-10-25,Returned,PayPal,0.0,7.45
ORD0007953,CUST00548,2024-06-26,Delivered,Net Banking,0.0,13.18
ORD0007954,CUST00262,2024-12-06,Delivered,Wallet,0.0,14.17
ORD0007955,CUST00241,2022-06-29,Delivered,UPI,0.0,7.21
ORD0007956,CUST00949,2024-12-03,Delivered,PayPal,0.1,10.68
ORD0007957,CUST01035,2023-12-08,Delivered,Net Banking,0.05,2.68
ORD0007958,CUST01525,2023-12-03,Delivered,Wallet,0.1,7.78
ORD0007959,CUST00207,2023-12-04,Returned,Debit Card,0.05,5.98
ORD0007960,CUST00233,2022-06-22,Delivered,PayPal,0.0,10.78
ORD0007961,CUST00542,2023-09-04,Delivered,Wallet,0.15,12.78
ORD0007962,CUST00304,2024-02-06,Delivered,Debit Card,0.0,10.79
ORD0007963,CUST01486,2024-11-11,Delivered,PayPal,0.0,10.64
ORD0007964,CUST00025,2024-03-27,Delivered,UPI,0.05,14.1
ORD0007965,CUST00155,2024-12-21,Delivered,Net Banking,0.0,3.9
ORD0007966,CUST00979,2024-05-27,Delivered,UPI,0.1,3.41
ORD0007967,CUST01086,2024-11-22,Delivered,Debit Card,0.05,1.67
ORD0007968,CUST00238,2024-08-14,Delivered,Debit Card,0.05,2.27
ORD0007969,CUST01865,2023-10-03,Delivered,UPI,0.0,14.1
ORD0007970,CUST00035,2024-11-22,Delivered,Wallet,0.05,0.31
ORD0007971,CUST01905,2023-07-20,Delivered,Debit Card,0.1,14.72
ORD0007972,CUST00904,2024-10-09,Delivered,PayPal,0.05,9.06
ORD0007973,CUST01399,2024-11-21,Processing,PayPal,0.0,14.4
ORD0007974,CUST01183,2023-03-23,Delivered,Credit Card,0.0,8.67
ORD0007975,CUST00777,2023-11-01,Delivered,UPI,0.05,11.29
ORD0007976,CUST00905,2024-06-30,Delivered,Wallet,0.1,5.93
ORD0007977,CUST01887,2023-03-18,Delivered,UPI,0.1,0.73
ORD0007978,CUST00434,2024-04-28,Delivered,PayPal,0.05,7.43
ORD0007979,CUST01794,2024-08-11,Delivered,Credit Card,0.0,1.64
ORD0007980,CUST00909,2024-03-24,Delivered,Credit Card,0.1,14.47
ORD0007981,CUST01536,2023-10-19,Returned,UPI,0.0,5.2
ORD0007982,CUST01836,2024-11-12,Delivered,Wallet,0.0,0.97
ORD0007983,CUST00171,2024-11-06,Delivered,Debit Card,0.05,0.1
ORD0007984,CUST00839,2022-12-06,Delivered,UPI,0.0,8.98
ORD0007985,CUST00146,2024-06-24,Delivered,Net Banking,0.15,8.66
ORD0007986,CUST01428,2024-09-20,Delivered,Net Banking,0.1,11.09
ORD0007987,CUST00980,2024-05-13,Delivered,Credit Card,0.15,14.39
ORD0007988,CUST01497,2024-04-17,Delivered,PayPal,0.0,4.11
ORD0007989,CUST01114,2024-10-18,Delivered,Wallet,0.05,11.4
ORD0007990,CUST00995,2024-10-22,Delivered,Wallet,0.0,2.01
ORD0007991,CUST01793,2024-06-03,Delivered,Debit Card,0.0,12.35
ORD0007992,CUST01378,2024-07-25,Processing,Net Banking,0.05,8.27
ORD0007993,CUST01980,2024-10-15,Delivered,Wallet,0.0,7.26
ORD0007994,CUST01494,2024-10-02,Delivered,UPI,0.2,11.14
ORD0007995,CUST00034,2024-10-25,Processing,UPI,0.1,8.85
ORD0007996,CUST01060,2024-02-26,Delivered,Wallet,0.05,12.83
ORD0007997,CUST00459,2024-12-23,Delivered,UPI,0.15,6.46
ORD0007998,CUST00528,2024-02-05,Cancelled,Debit Card,0.2,12.04
ORD0007999,CUST00334,2024-12-09,Cancelled,Credit Card,0.0,0.16
ORD0008000,CUST00565,2024-02-15,Delivered,Wallet,0.15,6.96
ORD0008001,CUST00387,2023-12-24,Delivered,Net Banking,0.0,6.07
ORD0008002,CUST00713,2024-04-06,Delivered,Net Banking,0.15,6.18
ORD0008003,CUST00015,2023-02-24,Processing,Debit Card,0.15,0.42
ORD0008004,CUST01257,2023-02-11,Delivered,Net Banking,0.0,10.48
ORD0008005,CUST01318,2023-11-10,Delivered,UPI,0.05,4.07
ORD0008006,CUST00179,2024-11-13,Delivered,UPI,0.15,4.93
ORD0008007,CUST01118,2024-01-17,Delivered,UPI,0.15,3.53
ORD0008008,CUST00671,2024-06-12,Delivered,Credit Card,0.15,6.58
ORD0008009,CUST00743,2023-03-28,Delivered,Credit Card,0.05,5.78
ORD0008010,CUST01297,2024-07-17,Delivered,Wallet,0.0,11.84
ORD0008011,CUST00883,2024-02-11,Delivered,Wallet,0.2,11.15
ORD0008012,CUST01184,2022-06-24,Delivered,Net Banking,0.1,9.5
ORD0008013,CUST01655,2024-08-12,Delivered,Wallet,0.0,10.19
ORD0008014,CUST01516,2024-12-13,Delivered,Net Banking,0.0,1.24
ORD0008015,CUST00608,2024-03-22,Delivered,UPI,0.0,11.67
ORD0008016,CUST00581,2024-03-19,Cancelled,Wallet,0.05,4.98
ORD0008017,CUST01578,2024-12-04,Returned,Credit Card,0.05,9.63
ORD0008018,CUST01246,2022-04-21,Delivered,Wallet,0.1,5.23
ORD0008019,CUST00060,2023-04-24,Delivered,Debit Card,0.0,3.19
ORD0008020,CUST01995,2023-07-05,Processing,Net Banking,0.0,11.54
ORD0008021,CUST01458,2024-10-20,Delivered,Debit Card,0.0,12.88
ORD0008022,CUST01766,2023-12-24,Delivered,UPI,0.05,1.64
ORD0008023,CUST01970,2023-06-28,Delivered,PayPal,0.2,14.05
ORD0008024,CUST00626,2023-02-14,Delivered,PayPal,0.05,1.44
ORD0008025,CUST00686,2024-06-30,Delivered,UPI,0.0,6.63
ORD0008026,CUST00555,2023-08-06,Delivered,PayPal,0.05,12.9
ORD0008027,CUST01289,2024-09-13,Delivered,Net Banking,0.0,7.33
ORD0008028,CUST01075,2024-11-17,Delivered,PayPal,0.0,2.35
ORD0008029,CUST01341,2022-12-25,Delivered,Wallet,0.0,3.25
ORD0008030,CUST01107,2024-12-24,Delivered,PayPal,0.2,13.2
ORD0008031,CUST00508,2024-08-23,Cancelled,Credit Card,0.1,14.83
ORD0008032,CUST01965,2024-05-25,Delivered,Credit Card,0.15,6.94
ORD0008033,CUST01035,2024-06-20,Cancelled,Debit Card,0.0,1.51
ORD0008034,CUST00497,2022-05-27,Delivered,PayPal,0.15,5.81
ORD0008035,CUST01310,2024-07-26,Delivered,Credit Card,0.0,2.94
ORD0008036,CUST00889,2024-10-16,Cancelled,Debit Card,0.0,4.75
ORD0008037,CUST00017,2024-03-25,Delivered,Credit Card,0.0,8.4
ORD0008038,CUST00131,2024-02-08,Delivered,Debit Card,0.15,14.8
ORD0008039,CUST01234,2024-11-30,Delivered,UPI,0.0,2.57
ORD0008040,CUST00215,2024-05-13,Delivered,UPI,0.05,5.3
ORD0008041,CUST00968,2024-02-04,Delivered,Net Banking,0.0,11.37
ORD0008042,CUST01452,2024-03-17,Delivered,PayPal,0.05,13.39
ORD0008043,CUST01160,2024-08-28,Delivered,UPI,0.0,8.83
ORD0008044,CUST01514,2023-04-11,Delivered,Net Banking,0.0,12.51
ORD0008045,CUST01653,2024-07-13,Delivered,Net Banking,0.1,5.19
ORD0008046,CUST00055,2023-07-27,Cancelled,Net Banking,0.1,11.17
ORD0008047,CUST01092,2023-09-03,Returned,Credit Card,0.2,6.88
ORD0008048,CUST00074,2024-11-17,Returned,PayPal,0.1,10.27
ORD0008049,CUST01775,2023-06-08,Delivered,Net Banking,0.0,7.89
ORD0008050,CUST01755,2024-04-09,Delivered,PayPal,0.15,4.24
ORD0008051,CUST01453,2024-12-05,Delivered,Debit Card,0.05,1.49
ORD0008052,CUST01716,2024-10-07,Delivered,Credit Card,0.0,11.74
ORD0008053,CUST00466,2024-03-23,Delivered,PayPal,0.0,10.9
ORD0008054,CUST01523,2024-09-21,Delivered,Debit Card,0.0,4.65
ORD0008055,CUST01375,2024-03-27,Delivered,PayPal,0.15,10.28
ORD0008056,CUST01349,2024-07-08,Cancelled,Debit Card,0.05,13.25
ORD0008057,CUST01903,2024-12-04,Delivered,PayPal,0.05,8.21
ORD0008058,CUST01340,2024-12-08,Delivered,Debit Card,0.1,6.18
ORD0008059,CUST01517,2022-11-30,Delivered,Credit Card,0.1,4.77
ORD0008060,CUST01021,2024-10-26,Delivered,Debit Card,0.0,3.4
ORD0008061,CUST00522,2024-06-19,Delivered,PayPal,0.05,12.29
ORD0008062,CUST00765,2024-11-02,Delivered,UPI,0.1,9.41
ORD0008063,CUST01520,2023-01-30,Cancelled,Net Banking,0.0,10.07
ORD0008064,CUST00830,2023-10-22,Delivered,Wallet,0.0,14.25
ORD0008065,CUST01163,2024-12-11,Delivered,PayPal,0.05,8.94
ORD0008066,CUST01554,2024-09-25,Delivered,Debit Card,0.2,1.6
ORD0008067,CUST00023,2024-12-11,Delivered,UPI,0.0,2.2
ORD0008068,CUST01754,2023-12-12,Delivered,PayPal,0.05,0.0
ORD0008069,CUST01390,2024-10-19,Delivered,Debit Card,0.05,1.62
ORD0008070,CUST00382,2024-05-04,Delivered,Wallet,0.0,8.92
ORD0008071,CUST01902,2024-03-21,Delivered,PayPal,0.0,6.56
ORD0008072,CUST01070,2022-10-25,Returned,Credit Card,0.05,9.07
ORD0008073,CUST01930,2022-10-14,Delivered,Debit Card,0.0,5.24
ORD0008074,CUST00023,2024-10-22,Delivered,Net Banking,0.0,3.01
ORD0008075,CUST01954,2024-12-04,Processing,Credit Card,0.05,14.73
ORD0008076,CUST01500,2022-12-28,Delivered,UPI,0.05,0.68
ORD0008077,CUST01774,2024-04-02,Delivered,UPI,0.05,11.15
ORD0008078,CUST01750,2023-06-10,Delivered,Wallet,0.05,5.59
ORD0008079,CUST01148,2023-10-23,Returned,UPI,0.15,5.22
ORD0008080,CUST01674,2024-07-08,Delivered,Credit Card,0.05,9.07
ORD0008081,CUST00515,2024-04-10,Processing,Debit Card,0.0,12.27
ORD0008082,CUST00862,2024-09-14,Delivered,Debit Card,0.05,5.71
ORD0008083,CUST01123,2022-03-17,Delivered,Credit Card,0.0,2.52
ORD0008084,CUST00650,2024-09-24,Delivered,Debit Card,0.0,3.16
ORD0008085,CUST00006,2023-06-24,Delivered,Net Banking,0.1,9.81
ORD0008086,CUST01175,2024-03-04,Delivered,UPI,0.15,2.84
ORD0008087,CUST01296,2023-10-19,Cancelled,Debit Card,0.0,2.73
ORD0008088,CUST01734,2024-09-12,Delivered,UPI,0.05,1.22
ORD0008089,CUST01588,2023-07-08,Delivered,Credit Card,0.15,11.7
ORD0008090,CUST01765,2024-05-28,Delivered,Debit Card,0.15,3.16
ORD0008091,CUST00811,2023-06-04,Delivered,Net Banking,0.05,8.61
ORD0008092,CUST01657,2024-09-21,Delivered,PayPal,0.0,14.28
ORD0008093,CUST00118,2024-02-03,Cancelled,Wallet,0.1,12.73
ORD0008094,CUST01396,2022-04-18,Delivered,Credit Card,0.0,2.28
ORD0008095,CUST00097,2024-11-10,Cancelled,PayPal,0.1,3.26
ORD0008096,CUST00802,2024-06-27,Delivered,Wallet,0.05,9.27
ORD0008097,CUST01694,2024-10-15,Delivered,UPI,0.1,9.01
ORD0008098,CUST01830,2024-12-23,Delivered,PayPal,0.0,6.99
ORD0008099,CUST00557,2024-12-26,Delivered,Net Banking,0.05,7.09
ORD0008100,CUST00376,2024-12-22,Delivered,Wallet,0.2,11.11
ORD0008101,CUST00180,2022-11-24,Delivered,UPI,0.0,8.89
ORD0008102,CUST00346,2024-06-02,Delivered,Credit Card,0.05,7.05
ORD0008103,CUST01387,2024-11-28,Cancelled,Net Banking,0.05,14.22
ORD0008104,CUST01481,2024-11-02,Delivered,Net Banking,0.05,6.39
ORD0008105,CUST00704,2024-07-14,Delivered,PayPal,0.0,5.91
ORD0008106,CUST01322,2024-12-30,Delivered,Wallet,0.0,10.48
ORD0008107,CUST00884,2024-12-03,Returned,Wallet,0.0,14.54
ORD0008108,CUST00680,2024-03-31,Delivered,Wallet,0.0,11.33
ORD0008109,CUST01210,2024-10-26,Processing,PayPal,0.1,2.1
ORD0008110,CUST00400,2024-01-22,Delivered,PayPal,0.0,1.99
ORD0008111,CUST00966,2024-06-30,Delivered,Debit Card,0.0,0.26
ORD0008112,CUST00789,2024-04-19,Delivered,Net Banking,0.0,8.26
ORD0008113,CUST01012,2024-10-02,Delivered,Net Banking,0.0,14.7
ORD0008114,CUST01835,2024-12-05,Delivered,Net Banking,0.1,1.06
ORD0008115,CUST00553,2023-07-06,Returned,Credit Card,0.0,2.75
ORD0008116,CUST01880,2024-12-23,Returned,PayPal,0.0,2.71
ORD0008117,CUST01048,2022-11-09,Returned,Debit Card,0.0,5.85
ORD0008118,CUST01942,2024-02-09,Delivered,UPI,0.0,9.82
ORD0008119,CUST00357,2024-12-24,Delivered,Debit Card,0.0,6.74
ORD0008120,CUST00237,2024-11-26,Delivered,Credit Card,0.0,14.93
ORD0008121,CUST00192,2024-09-17,Delivered,Wallet,0.15,6.59
ORD0008122,CUST00704,2024-08-03,Delivered,Net Banking,0.0,11.49
ORD0008123,CUST01854,2024-10-21,Processing,Debit Card,0.05,14.76
ORD0008124,CUST00181,2023-10-22,Delivered,Debit Card,0.05,9.58
ORD0008125,CUST01685,2022-10-11,Delivered,UPI,0.15,5.47
ORD0008126,CUST01813,2023-12-18,Delivered,Net Banking,0.2,2.86
ORD0008127,CUST00234,2024-12-17,Delivered,Wallet,0.0,3.07
ORD0008128,CUST01493,2024-03-09,Delivered,PayPal,0.0,9.73
ORD0008129,CUST01704,2024-09-19,Delivered,PayPal,0.0,1.33
ORD0008130,CUST00703,2023-11-23,Delivered,Net Banking,0.0,4.13
ORD0008131,CUST00458,2023-09-01,Delivered,Wallet,0.0,10.16
ORD0008132,CUST00251,2024-07-05,Returned,Debit Card,0.05,7.21
ORD0008133,CUST01664,2024-12-21,Delivered,PayPal,0.0,0.43
ORD0008134,CUST00828,2024-01-11,Delivered,Wallet,0.0,13.56
ORD0008135,CUST01307,2024-08-19,Delivered,Net Banking,0.05,11.94
ORD0008136,CUST01251,2023-06-22,Delivered,Credit Card,0.05,7.21
ORD0008137,CUST01435,2024-07-14,Delivered,Credit Card,0.0,11.98
ORD0008138,CUST00034,2024-11-29,Cancelled,PayPal,0.0,1.69
ORD0008139,CUST00105,2024-06-18,Delivered,Credit Card,0.0,3.66
ORD0008140,CUST01112,2024-05-17,Delivered,Wallet,0.05,12.21
ORD0008141,CUST01584,2024-09-21,Delivered,Net Banking,0.0,5.06
ORD0008142,CUST00224,2024-10-13,Delivered,Wallet,0.1,12.14
ORD0008143,CUST00204,2024-03-12,Delivered,Wallet,0.15,10.76
ORD0008144,CUST00883,2024-01-16,Delivered,Credit Card,0.05,10.13
ORD0008145,CUST01175,2024-01-10,Delivered,UPI,0.0,2.27
ORD0008146,CUST00664,2024-04-05,Delivered,Wallet,0.0,6.65
ORD0008147,CUST01463,2024-07-28,Delivered,Wallet,0.05,1.09
ORD0008148,CUST01762,2024-03-26,Delivered,Debit Card,0.15,11.86
ORD0008149,CUST01545,2024-12-01,Delivered,PayPal,0.0,12.78
ORD0008150,CUST01502,2024-07-20,Delivered,Wallet,0.0,12.08
ORD0008151,CUST01611,2024-01-10,Delivered,Debit Card,0.1,1.31
ORD0008152,CUST01975,2024-08-08,Delivered,PayPal,0.0,11.27
ORD0008153,CUST00868,2024-05-23,Delivered,Wallet,0.05,2.68
ORD0008154,CUST01454,2024-12-16,Delivered,Credit Card,0.15,4.87
ORD0008155,CUST01552,2024-12-01,Delivered,Net Banking,0.05,5.0
ORD0008156,CUST01117,2024-02-18,Delivered,Wallet,0.0,9.72
ORD0008157,CUST01965,2024-10-30,Processing,Wallet,0.0,4.26
ORD0008158,CUST01289,2024-05-21,Delivered,Net Banking,0.0,2.21
ORD0008159,CUST01153,2024-10-03,Delivered,Wallet,0.2,12.39
ORD0008160,CUST01903,2024-09-09,Delivered,Wallet,0.0,10.58
ORD0008161,CUST01315,2024-07-21,Delivered,Debit Card,0.1,11.19
ORD0008162,CUST00318,2023-07-18,Cancelled,Net Banking,0.15,5.59
ORD0008163,CUST01738,2023-08-14,Delivered,UPI,0.0,10.23
ORD0008164,CUST01364,2023-06-26,Delivered,Net Banking,0.1,12.06
ORD0008165,CUST00667,2024-11-26,Delivered,PayPal,0.05,2.62
ORD0008166,CUST00935,2024-09-16,Delivered,UPI,0.1,6.09
ORD0008167,CUST00164,2023-12-29,Delivered,Debit Card,0.0,4.02
ORD0008168,CUST00597,2024-11-18,Delivered,Credit Card,0.1,8.18
ORD0008169,CUST01889,2023-06-18,Delivered,UPI,0.1,9.02
ORD0008170,CUST00049,2024-05-14,Returned,Wallet,0.0,2.65
ORD0008171,CUST01972,2024-07-07,Delivered,Wallet,0.15,0.37
ORD0008172,CUST00025,2024-10-14,Delivered,Debit Card,0.05,11.14
ORD0008173,CUST01654,2024-06-07,Delivered,Net Banking,0.15,3.34
ORD0008174,CUST01712,2023-09-09,Delivered,Debit Card,0.2,8.64
ORD0008175,CUST01433,2023-01-21,Delivered,Credit Card,0.05,1.94
ORD0008176,CUST00394,2023-09-14,Delivered,Wallet,0.05,0.12
ORD0008177,CUST00891,2024-04-26,Delivered,Debit Card,0.1,12.46
ORD0008178,CUST00203,2024-11-05,Delivered,Credit Card,0.05,7.12
ORD0008179,CUST01653,2024-05-02,Delivered,Debit Card,0.1,12.98
ORD0008180,CUST00169,2024-05-08,Processing,Net Banking,0.15,12.82
ORD0008181,CUST01861,2024-09-06,Delivered,UPI,0.1,9.83
ORD0008182,CUST00014,2023-09-21,Delivered,Net Banking,0.0,6.44
ORD0008183,CUST00796,2023-06-04,Processing,Credit Card,0.05,2.79
ORD0008184,CUST00355,2023-12-21,Delivered,Net Banking,0.15,12.76
ORD0008185,CUST00363,2024-07-01,Delivered,Wallet,0.05,1.48
ORD0008186,CUST01419,2022-11-24,Delivered,PayPal,0.0,8.26
ORD0008187,CUST01523,2024-12-18,Delivered,Wallet,0.0,8.06
ORD0008188,CUST01695,2024-12-06,Delivered,UPI,0.0,14.33
ORD0008189,CUST00556,2024-11-02,Delivered,Credit Card,0.0,2.26
ORD0008190,CUST01066,2024-11-02,Delivered,Net Banking,0.1,9.43
ORD0008191,CUST01349,2024-03-07,Delivered,Wallet,0.1,1.78
ORD0008192,CUST00790,2024-08-22,Delivered,Debit Card,0.1,3.33
ORD0008193,CUST00021,2024-06-21,Delivered,UPI,0.0,10.66
ORD0008194,CUST00365,2023-11-06,Delivered,Net Banking,0.15,14.28
ORD0008195,CUST00608,2023-11-25,Delivered,PayPal,0.0,10.47
ORD0008196,CUST00719,2024-02-16,Cancelled,Net Banking,0.0,1.83
ORD0008197,CUST01997,2024-05-26,Delivered,UPI,0.0,6.13
ORD0008198,CUST01868,2023-12-03,Delivered,Debit Card,0.05,0.87
ORD0008199,CUST01146,2024-04-13,Delivered,Wallet,0.0,0.0
ORD0008200,CUST00206,2024-09-06,Delivered,Net Banking,0.0,4.21
ORD0008201,CUST00175,2024-11-01,Returned,Net Banking,0.05,9.28
ORD0008202,CUST01466,2024-06-21,Delivered,Wallet,0.1,13.58
ORD0008203,CUST00066,2024-08-08,Cancelled,Debit Card,0.05,12.18
ORD0008204,CUST01192,2024-11-22,Delivered,PayPal,0.0,1.03
ORD0008205,CUST00110,2023-04-15,Delivered,Debit Card,0.1,7.24
ORD0008206,CUST01409,2022-12-07,Delivered,Debit Card,0.05,1.12
ORD0008207,CUST01179,2024-06-29,Delivered,UPI,0.1,10.45
ORD0008208,CUST01468,2024-03-05,Returned,UPI,0.0,1.84
ORD0008209,CUST01283,2024-10-01,Delivered,PayPal,0.1,13.15
ORD0008210,CUST01352,2024-10-29,Returned,Net Banking,0.15,12.42
ORD0008211,CUST01884,2024-12-11,Delivered,UPI,0.05,9.89
ORD0008212,CUST01272,2024-12-10,Delivered,UPI,0.0,8.96
ORD0008213,CUST00479,2023-11-16,Delivered,Wallet,0.0,5.58
ORD0008214,CUST01089,2023-09-22,Delivered,Debit Card,0.0,6.85
ORD0008215,CUST00355,2023-11-12,Delivered,PayPal,0.0,13.19
ORD0008216,CUST01030,2024-06-02,Delivered,Net Banking,0.0,3.29
ORD0008217,CUST00919,2024-11-16,Delivered,UPI,0.0,2.41
ORD0008218,CUST00556,2024-06-23,Delivered,Debit Card,0.1,2.56
ORD0008219,CUST01744,2024-01-29,Cancelled,Wallet,0.0,5.02
ORD0008220,CUST00852,2024-11-09,Delivered,PayPal,0.1,9.11
ORD0008221,CUST00482,2024-11-30,Delivered,Debit Card,0.05,10.1
ORD0008222,CUST01292,2023-02-17,Delivered,UPI,0.1,3.33
ORD0008223,CUST01116,2022-11-14,Delivered,Net Banking,0.0,5.26
ORD0008224,CUST01453,2023-04-05,Delivered,Credit Card,0.0,0.48
ORD0008225,CUST00077,2024-03-17,Delivered,Credit Card,0.05,11.57
ORD0008226,CUST01098,2024-08-18,Cancelled,Debit Card,0.1,12.74
ORD0008227,CUST01344,2024-11-08,Delivered,UPI,0.2,4.7
ORD0008228,CUST00366,2024-08-25,Delivered,UPI,0.05,4.21
ORD0008229,CUST00250,2024-10-19,Delivered,Wallet,0.2,14.94
ORD0008230,CUST01012,2024-10-30,Processing,Wallet,0.05,8.02
ORD0008231,CUST01043,2023-08-10,Returned,Debit Card,0.1,2.08
ORD0008232,CUST01374,2024-12-06,Cancelled,PayPal,0.1,11.05
ORD0008233,CUST01269,2023-01-18,Delivered,Wallet,0.0,3.27
ORD0008234,CUST00387,2024-06-01,Returned,PayPal,0.1,3.58
ORD0008235,CUST00930,2023-01-14,Delivered,Wallet,0.2,11.12
ORD0008236,CUST00522,2023-12-08,Delivered,PayPal,0.0,11.5
ORD0008237,CUST01436,2023-03-07,Delivered,Net Banking,0.1,7.77
ORD0008238,CUST01288,2024-06-28,Delivered,Credit Card,0.05,4.55
ORD0008239,CUST01081,2024-12-04,Delivered,Credit Card,0.05,7.85
ORD0008240,CUST00851,2024-07-26,Delivered,Wallet,0.0,6.83
ORD0008241,CUST00426,2023-09-28,Delivered,Net Banking,0.1,2.67
ORD0008242,CUST00819,2024-08-23,Delivered,Net Banking,0.0,3.93
ORD0008243,CUST01509,2024-05-02,Delivered,UPI,0.0,4.62
ORD0008244,CUST01413,2023-12-08,Delivered,Debit Card,0.0,1.77
ORD0008245,CUST01752,2023-04-30,Delivered,UPI,0.0,14.78
ORD0008246,CUST00805,2024-12-25,Delivered,PayPal,0.05,1.06
ORD0008247,CUST01325,2023-04-18,Delivered,Debit Card,0.15,7.57
ORD0008248,CUST01901,2022-10-02,Delivered,Wallet,0.1,9.45
ORD0008249,CUST00540,2024-10-31,Processing,PayPal,0.0,7.86
ORD0008250,CUST00703,2023-04-03,Returned,Debit Card,0.0,4.3
ORD0008251,CUST01880,2024-09-26,Delivered,Wallet,0.0,11.91
ORD0008252,CUST00668,2024-04-29,Delivered,PayPal,0.0,14.52
ORD0008253,CUST00942,2024-08-09,Delivered,Credit Card,0.2,2.0
ORD0008254,CUST01762,2024-09-08,Delivered,PayPal,0.0,13.93
ORD0008255,CUST00811,2024-01-29,Delivered,Debit Card,0.2,0.03
ORD0008256,CUST00851,2024-12-29,Delivered,UPI,0.0,6.5
ORD0008257,CUST00117,2024-11-25,Delivered,Net Banking,0.0,2.87
ORD0008258,CUST00803,2024-08-09,Delivered,PayPal,0.05,10.4
ORD0008259,CUST01792,2022-07-17,Delivered,Net Banking,0.05,4.08
ORD0008260,CUST01290,2024-12-12,Delivered,Credit Card,0.0,6.99
ORD0008261,CUST01901,2023-07-11,Processing,Credit Card,0.0,2.09
ORD0008262,CUST01096,2024-07-05,Processing,PayPal,0.0,3.09
ORD0008263,CUST01761,2024-06-28,Delivered,Net Banking,0.0,13.0
ORD0008264,CUST00981,2023-08-07,Delivered,Wallet,0.0,13.61
ORD0008265,CUST01588,2024-04-24,Delivered,UPI,0.0,10.81
ORD0008266,CUST00034,2024-10-14,Delivered,PayPal,0.1,2.78
ORD0008267,CUST00802,2024-07-05,Delivered,Net Banking,0.1,6.52
ORD0008268,CUST00153,2024-12-14,Delivered,Credit Card,0.0,14.88
ORD0008269,CUST00491,2023-09-05,Delivered,PayPal,0.1,5.37
ORD0008270,CUST00414,2023-09-09,Delivered,PayPal,0.0,11.0
ORD0008271,CUST00460,2022-12-18,Delivered,Wallet,0.0,4.71
ORD0008272,CUST00974,2022-10-20,Delivered,Credit Card,0.05,0.52
ORD0008273,CUST01293,2023-10-12,Returned,Wallet,0.05,3.2
ORD0008274,CUST01807,2023-10-13,Delivered,Net Banking,0.05,1.33
ORD0008275,CUST00283,2024-11-07,Delivered,Wallet,0.05,7.52
ORD0008276,CUST00966,2023-10-11,Delivered,Debit Card,0.0,1.65
ORD0008277,CUST00514,2024-01-11,Delivered,Debit Card,0.05,7.24
ORD0008278,CUST00716,2024-11-29,Delivered,UPI,0.1,2.21
ORD0008279,CUST00425,2023-11-01,Delivered,Credit Card,0.2,2.53
ORD0008280,CUST00543,2024-11-05,Delivered,UPI,0.05,8.25
ORD0008281,CUST00242,2023-12-16,Delivered,UPI,0.0,8.01
ORD0008282,CUST01128,2024-12-03,Delivered,Wallet,0.0,1.73
ORD0008283,CUST00176,2023-06-20,Delivered,Credit Card,0.0,10.01
ORD0008284,CUST00150,2023-09-08,Delivered,Debit Card,0.1,13.32
ORD0008285,CUST01984,2023-05-25,Delivered,Credit Card,0.1,8.79
ORD0008286,CUST01125,2022-09-18,Delivered,PayPal,0.0,1.92
ORD0008287,CUST01591,2024-09-27,Delivered,Debit Card,0.0,2.94
ORD0008288,CUST00791,2024-04-10,Delivered,Net Banking,0.0,7.23
ORD0008289,CUST00375,2024-03-14,Delivered,Wallet,0.15,6.39
ORD0008290,CUST00344,2024-10-02,Delivered,Net Banking,0.2,12.84
ORD0008291,CUST00512,2023-06-13,Delivered,Credit Card,0.05,3.01
ORD0008292,CUST00881,2024-04-11,Delivered,PayPal,0.05,8.12
ORD0008293,CUST01199,2024-01-31,Cancelled,Net Banking,0.0,10.84
ORD0008294,CUST01295,2024-03-13,Delivered,Wallet,0.05,1.81
ORD0008295,CUST00481,2024-09-02,Delivered,PayPal,0.0,9.64
ORD0008296,CUST01143,2024-08-03,Delivered,PayPal,0.0,12.59
ORD0008297,CUST01137,2024-12-05,Delivered,Net Banking,0.0,5.32
ORD0008298,CUST00397,2024-01-21,Delivered,Credit Card,0.15,8.43
ORD0008299,CUST00648,2023-05-30,Delivered,PayPal,0.0,13.28
ORD0008300,CUST00294,2024-09-03,Delivered,Debit Card,0.0,8.27
ORD0008301,CUST01994,2024-10-30,Returned,Debit Card,0.0,8.36
ORD0008302,CUST01104,2024-05-07,Delivered,PayPal,0.1,0.27
ORD0008303,CUST01122,2024-07-29,Delivered,Credit Card,0.1,11.75
ORD0008304,CUST00959,2024-11-15,Cancelled,Debit Card,0.2,13.28
ORD0008305,CUST00015,2023-10-29,Cancelled,PayPal,0.05,14.07
ORD0008306,CUST00603,2022-10-12,Delivered,Debit Card,0.15,14.97
ORD0008307,CUST01276,2024-12-01,Delivered,UPI,0.05,7.65
ORD0008308,CUST00148,2023-11-15,Delivered,Wallet,0.0,6.63
ORD0008309,CUST00071,2023-10-18,Delivered,Net Banking,0.05,5.4
ORD0008310,CUST01274,2024-08-28,Delivered,UPI,0.0,2.96
ORD0008311,CUST01178,2024-11-16,Delivered,Wallet,0.0,8.17
ORD0008312,CUST00410,2024-08-27,Delivered,UPI,0.05,6.65
ORD0008313,CUST00771,2024-05-23,Delivered,Credit Card,0.1,13.92
ORD0008314,CUST00431,2024-11-14,Delivered,Net Banking,0.15,12.39
ORD0008315,CUST01455,2023-01-28,Delivered,UPI,0.05,4.33
ORD0008316,CUST00617,2023-12-27,Delivered,Wallet,0.05,14.13
ORD0008317,CUST01502,2024-03-12,Processing,Credit Card,0.15,4.72
ORD0008318,CUST00104,2024-09-10,Delivered,Wallet,0.0,8.09
ORD0008319,CUST01416,2024-09-18,Delivered,Wallet,0.15,7.44
ORD0008320,CUST00641,2023-01-06,Delivered,Debit Card,0.1,8.9
ORD0008321,CUST01235,2024-03-31,Delivered,Net Banking,0.1,3.52
ORD0008322,CUST00834,2024-08-23,Delivered,UPI,0.05,11.23
ORD0008323,CUST01182,2024-02-29,Delivered,Net Banking,0.05,3.99
ORD0008324,CUST01444,2024-08-28,Delivered,Credit Card,0.0,12.58
ORD0008325,CUST00618,2024-11-15,Processing,Net Banking,0.15,2.17
ORD0008326,CUST01809,2023-03-02,Delivered,PayPal,0.1,8.73
ORD0008327,CUST01341,2022-11-09,Delivered,UPI,0.0,11.75
ORD0008328,CUST01091,2024-07-21,Delivered,Net Banking,0.0,12.49
ORD0008329,CUST00653,2024-12-27,Delivered,PayPal,0.15,10.9
ORD0008330,CUST00126,2024-04-01,Returned,PayPal,0.0,11.52
ORD0008331,CUST01380,2024-07-06,Delivered,PayPal,0.0,14.22
ORD0008332,CUST00034,2024-10-28,Delivered,PayPal,0.0,2.72
ORD0008333,CUST00642,2023-11-15,Delivered,UPI,0.0,9.06
ORD0008334,CUST00606,2024-11-06,Delivered,UPI,0.0,10.77
ORD0008335,CUST01728,2024-07-30,Delivered,Debit Card,0.0,6.64
ORD0008336,CUST01256,2023-03-25,Delivered,Debit Card,0.0,14.76
ORD0008337,CUST01770,2023-11-24,Delivered,Net Banking,0.05,3.22
ORD0008338,CUST00788,2024-06-14,Delivered,UPI,0.0,1.11
ORD0008339,CUST01745,2023-03-03,Delivered,Credit Card,0.05,10.38
ORD0008340,CUST00817,2023-08-15,Cancelled,Wallet,0.15,10.3
ORD0008341,CUST01905,2022-06-07,Delivered,Debit Card,0.05,4.06
ORD0008342,CUST00180,2023-10-11,Delivered,Net Banking,0.05,13.22
ORD0008343,CUST00495,2024-12-05,Delivered,Credit Card,0.2,11.43
ORD0008344,CUST01737,2023-11-26,Returned,PayPal,0.0,10.61
ORD0008345,CUST01310,2023-12-04,Cancelled,Wallet,0.0,1.59
ORD0008346,CUST01707,2024-02-01,Delivered,Credit Card,0.05,10.49
ORD0008347,CUST01408,2024-06-29,Delivered,Wallet,0.05,14.78
ORD0008348,CUST01861,2024-08-05,Delivered,PayPal,0.1,10.8
ORD0008349,CUST01637,2024-12-21,Cancelled,UPI,0.1,8.74
ORD0008350,CUST00558,2022-12-12,Delivered,Net Banking,0.15,0.5
ORD0008351,CUST01129,2024-12-01,Delivered,Credit Card,0.2,4.75
ORD0008352,CUST01548,2023-07-18,Cancelled,Debit Card,0.1,6.18
ORD0008353,CUST00812,2023-12-02,Delivered,Net Banking,0.0,0.14
ORD0008354,CUST01250,2024-01-23,Delivered,Wallet,0.2,10.16
ORD0008355,CUST00380,2024-09-24,Delivered,Credit Card,0.2,4.03
ORD0008356,CUST00887,2024-08-03,Delivered,PayPal,0.0,13.61
ORD0008357,CUST00379,2024-08-18,Delivered,Net Banking,0.1,10.15
ORD0008358,CUST01172,2024-07-03,Delivered,Debit Card,0.1,10.44
ORD0008359,CUST01591,2024-11-18,Delivered,Net Banking,0.1,7.89
ORD0008360,CUST01822,2023-07-02,Delivered,Debit Card,0.0,3.42
ORD0008361,CUST00104,2024-09-23,Cancelled,Credit Card,0.1,5.7
ORD0008362,CUST00736,2024-10-09,Delivered,Wallet,0.15,0.62
ORD0008363,CUST01592,2023-12-22,Delivered,PayPal,0.0,1.68
ORD0008364,CUST01942,2023-02-16,Processing,Debit Card,0.15,9.69
ORD0008365,CUST00873,2024-09-16,Processing,UPI,0.0,8.73
ORD0008366,CUST00393,2023-08-21,Delivered,UPI,0.1,9.56
ORD0008367,CUST00024,2024-10-03,Delivered,Credit Card,0.0,14.87
ORD0008368,CUST01958,2024-06-26,Delivered,Debit Card,0.05,11.47
ORD0008369,CUST00957,2023-12-21,Delivered,Debit Card,0.05,10.76
ORD0008370,CUST01541,2024-02-29,Returned,Wallet,0.05,12.59
ORD0008371,CUST00570,2023-09-09,Delivered,Debit Card,0.0,3.41
ORD0008372,CUST01965,2024-09-15,Returned,PayPal,0.0,1.8
ORD0008373,CUST00587,2023-06-27,Delivered,PayPal,0.05,11.7
ORD0008374,CUST01043,2024-03-22,Delivered,Debit Card,0.15,14.43
ORD0008375,CUST01057,2024-04-21,Delivered,UPI,0.0,8.82
ORD0008376,CUST00712,2024-08-05,Delivered,UPI,0.0,13.04
ORD0008377,CUST00979,2024-01-10,Delivered,Debit Card,0.05,0.42
ORD0008378,CUST00362,2024-06-28,Delivered,Debit Card,0.15,3.23
ORD0008379,CUST01510,2024-11-16,Delivered,PayPal,0.05,13.65
ORD0008380,CUST01951,2024-12-04,Delivered,Net Banking,0.05,13.47
ORD0008381,CUST00251,2024-12-13,Delivered,UPI,0.15,13.04
ORD0008382,CUST00216,2023-03-29,Delivered,Net Banking,0.05,12.62
ORD0008383,CUST01898,2024-01-17,Delivered,Debit Card,0.0,5.77
ORD0008384,CUST01717,2023-07-16,Delivered,Credit Card,0.2,2.22
ORD0008385,CUST01680,2024-03-17,Delivered,Net Banking,0.0,0.83
ORD0008386,CUST00098,2024-11-22,Delivered,PayPal,0.0,4.54
ORD0008387,CUST00727,2023-03-18,Returned,UPI,0.05,11.35
ORD0008388,CUST01879,2023-04-21,Delivered,UPI,0.15,4.83
ORD0008389,CUST01831,2023-10-31,Delivered,Debit Card,0.15,3.2
ORD0008390,CUST00862,2024-10-05,Delivered,Debit Card,0.0,6.99
ORD0008391,CUST00320,2024-12-18,Returned,UPI,0.0,9.38
ORD0008392,CUST01654,2024-12-15,Delivered,Credit Card,0.05,13.15
ORD0008393,CUST00205,2024-11-09,Delivered,Credit Card,0.05,14.32
ORD0008394,CUST01349,2024-03-29,Returned,PayPal,0.0,6.66
ORD0008395,CUST01316,2023-06-03,Processing,Credit Card,0.1,12.93
ORD0008396,CUST00681,2024-07-13,Delivered,Debit Card,0.0,6.73
ORD0008397,CUST01163,2024-12-23,Returned,Wallet,0.0,13.29
ORD0008398,CUST00570,2024-03-18,Delivered,Wallet,0.05,14.31
ORD0008399,CUST01311,2024-08-22,Delivered,Wallet,0.05,10.78
ORD0008400,CUST01893,2024-06-19,Delivered,Wallet,0.0,10.38
ORD0008401,CUST01484,2022-09-28,Delivered,Net Banking,0.05,1.05
ORD0008402,CUST01029,2024-05-26,Delivered,Debit Card,0.0,8.94
ORD0008403,CUST00666,2024-08-21,Delivered,Credit Card,0.05,0.31
ORD0008404,CUST01407,2024-10-14,Delivered,PayPal,0.1,4.28
ORD0008405,CUST01098,2024-11-30,Delivered,UPI,0.1,7.88
ORD0008406,CUST01662,2024-01-25,Returned,Net Banking,0.05,6.2
ORD0008407,CUST01557,2024-10-04,Returned,Credit Card,0.0,10.4
ORD0008408,CUST01638,2023-09-20,Delivered,UPI,0.0,10.95
ORD0008409,CUST01847,2023-10-04,Delivered,Net Banking,0.15,4.51
ORD0008410,CUST01353,2022-11-23,Delivered,Wallet,0.1,7.54
ORD0008411,CUST01104,2024-04-26,Cancelled,Wallet,0.0,1.66
ORD0008412,CUST00890,2023-05-01,Delivered,Net Banking,0.15,11.76
ORD0008413,CUST01920,2022-09-22,Delivered,Wallet,0.0,5.84
ORD0008414,CUST00382,2023-09-01,Returned,Wallet,0.05,14.84
ORD0008415,CUST01399,2024-06-05,Delivered,Wallet,0.0,14.93
ORD0008416,CUST01727,2024-10-23,Delivered,Debit Card,0.1,3.26
ORD0008417,CUST00003,2024-03-26,Delivered,UPI,0.0,7.21
ORD0008418,CUST01314,2024-09-18,Delivered,Debit Card,0.1,4.05
ORD0008419,CUST01218,2024-03-08,Delivered,UPI,0.15,6.9
ORD0008420,CUST00988,2024-08-11,Cancelled,PayPal,0.0,5.4
ORD0008421,CUST00940,2023-10-05,Delivered,Credit Card,0.0,9.98
ORD0008422,CUST01251,2024-09-06,Delivered,Net Banking,0.05,14.6
ORD0008423,CUST00506,2024-05-14,Returned,Debit Card,0.05,7.71
ORD0008424,CUST01306,2024-10-31,Delivered,UPI,0.05,14.06
ORD0008425,CUST01492,2024-07-16,Delivered,Credit Card,0.0,4.52
ORD0008426,CUST00367,2024-03-26,Returned,Credit Card,0.0,12.81
ORD0008427,CUST00833,2024-12-12,Cancelled,UPI,0.0,12.26
ORD0008428,CUST00992,2024-10-20,Delivered,Credit Card,0.1,3.07
ORD0008429,CUST00307,2022-09-14,Returned,Wallet,0.1,3.18
ORD0008430,CUST00376,2024-12-21,Delivered,Wallet,0.15,14.29
ORD0008431,CUST00476,2023-05-18,Delivered,UPI,0.1,8.7
ORD0008432,CUST01347,2024-12-29,Delivered,PayPal,0.05,7.15
ORD0008433,CUST00702,2024-08-07,Delivered,Credit Card,0.05,10.32
ORD0008434,CUST01354,2024-09-02,Delivered,Debit Card,0.15,1.17
ORD0008435,CUST00684,2023-05-10,Returned,PayPal,0.1,9.47
ORD0008436,CUST01881,2023-12-20,Processing,Net Banking,0.0,14.75
ORD0008437,CUST01470,2023-09-30,Delivered,Net Banking,0.2,10.0
ORD0008438,CUST00250,2022-08-11,Delivered,Net Banking,0.05,6.76
ORD0008439,CUST01977,2024-12-02,Delivered,Debit Card,0.0,12.91
ORD0008440,CUST00501,2023-01-30,Processing,Wallet,0.0,0.78
ORD0008441,CUST00596,2024-11-20,Delivered,Wallet,0.0,1.2
ORD0008442,CUST00562,2024-10-15,Delivered,Net Banking,0.15,2.82
ORD0008443,CUST01989,2024-11-29,Delivered,UPI,0.05,8.53
ORD0008444,CUST01650,2023-09-06,Delivered,UPI,0.05,9.27
ORD0008445,CUST00112,2024-03-12,Delivered,Credit Card,0.0,2.92
ORD0008446,CUST00064,2022-06-23,Delivered,Net Banking,0.0,6.03
ORD0008447,CUST01947,2023-11-28,Delivered,Wallet,0.15,8.45
ORD0008448,CUST00587,2024-05-25,Delivered,PayPal,0.15,7.77
ORD0008449,CUST00324,2024-11-02,Delivered,PayPal,0.05,3.21
ORD0008450,CUST01045,2022-12-01,Returned,UPI,0.1,3.64
ORD0008451,CUST01909,2024-11-04,Delivered,PayPal,0.0,4.44
ORD0008452,CUST01412,2024-08-24,Processing,Debit Card,0.1,0.64
ORD0008453,CUST01020,2024-12-19,Delivered,Debit Card,0.0,5.14
ORD0008454,CUST01579,2024-12-03,Cancelled,Debit Card,0.05,12.91
ORD0008455,CUST00148,2023-09-09,Delivered,PayPal,0.0,8.79
ORD0008456,CUST00172,2023-11-23,Delivered,Net Banking,0.0,0.77
ORD0008457,CUST00444,2024-10-20,Delivered,UPI,0.0,1.2
ORD0008458,CUST00670,2024-11-03,Delivered,Debit Card,0.0,2.92
ORD0008459,CUST01693,2023-02-25,Delivered,Wallet,0.0,14.42
ORD0008460,CUST01647,2024-03-24,Delivered,Debit Card,0.05,9.88
ORD0008461,CUST00446,2022-09-27,Delivered,Net Banking,0.05,10.51
ORD0008462,CUST01923,2024-11-08,Delivered,Credit Card,0.1,10.6
ORD0008463,CUST01815,2024-09-23,Delivered,PayPal,0.05,2.22
ORD0008464,CUST01919,2024-03-17,Processing,Net Banking,0.0,12.92
ORD0008465,CUST01196,2022-12-05,Delivered,PayPal,0.0,2.47
ORD0008466,CUST01409,2024-03-17,Delivered,Debit Card,0.05,1.2
ORD0008467,CUST01281,2024-05-27,Processing,Debit Card,0.05,14.0
ORD0008468,CUST00719,2023-11-14,Delivered,Wallet,0.0,4.73
ORD0008469,CUST01045,2022-02-21,Delivered,Credit Card,0.15,8.28
ORD0008470,CUST01634,2023-10-29,Delivered,PayPal,0.05,2.93
ORD0008471,CUST00948,2024-09-15,Delivered,Wallet,0.1,6.06
ORD0008472,CUST01016,2024-07-08,Delivered,Debit Card,0.05,1.58
ORD0008473,CUST00727,2023-04-28,Delivered,Net Banking,0.05,4.45
ORD0008474,CUST00354,2024-09-29,Delivered,PayPal,0.05,14.65
ORD0008475,CUST00227,2024-01-06,Delivered,PayPal,0.05,3.3
ORD0008476,CUST00164,2024-02-22,Delivered,UPI,0.05,3.08
ORD0008477,CUST00284,2024-09-07,Delivered,Debit Card,0.1,11.26
ORD0008478,CUST00760,2024-06-07,Delivered,PayPal,0.1,2.55
ORD0008479,CUST01983,2024-06-03,Delivered,Debit Card,0.05,13.16
ORD0008480,CUST00301,2023-10-01,Delivered,PayPal,0.0,11.9
ORD0008481,CUST01632,2023-06-06,Delivered,UPI,0.05,12.25
ORD0008482,CUST01946,2023-09-21,Delivered,Credit Card,0.0,11.64
ORD0008483,CUST00726,2023-12-20,Delivered,Credit Card,0.05,7.78
ORD0008484,CUST00425,2024-04-09,Processing,Net Banking,0.1,6.14
ORD0008485,CUST01394,2024-01-11,Delivered,Wallet,0.1,9.68
ORD0008486,CUST01055,2024-03-29,Delivered,Net Banking,0.15,8.9
ORD0008487,CUST00122,2024-07-04,Delivered,Wallet,0.0,0.6
ORD0008488,CUST00544,2022-11-25,Processing,Wallet,0.15,10.2
ORD0008489,CUST00898,2024-06-12,Delivered,Debit Card,0.0,1.95
ORD0008490,CUST01715,2024-11-25,Delivered,Debit Card,0.15,10.58
ORD0008491,CUST00436,2022-09-15,Returned,Debit Card,0.15,13.49
ORD0008492,CUST00583,2024-09-24,Delivered,Wallet,0.05,8.95
ORD0008493,CUST01937,2023-08-22,Returned,UPI,0.1,14.21
ORD0008494,CUST01013,2024-12-09,Cancelled,Net Banking,0.0,8.73
ORD0008495,CUST01878,2024-08-29,Delivered,Debit Card,0.0,4.72
ORD0008496,CUST00619,2024-05-19,Delivered,Credit Card,0.0,10.56
ORD0008497,CUST00945,2024-04-02,Delivered,Net Banking,0.1,14.57
ORD0008498,CUST01783,2024-12-23,Delivered,Net Banking,0.0,9.17
ORD0008499,CUST01891,2022-05-20,Returned,PayPal,0.0,0.97
ORD0008500,CUST01410,2024-12-15,Delivered,Wallet,0.2,10.18
ORD0008501,CUST00512,2022-12-19,Delivered,Debit Card,0.1,3.6
ORD0008502,CUST01814,2024-11-28,Delivered,Debit Card,0.0,12.91
ORD0008503,CUST00718,2022-07-02,Delivered,Debit Card,0.0,0.29
ORD0008504,CUST00080,2024-04-09,Delivered,PayPal,0.0,14.41
ORD0008505,CUST01982,2024-10-06,Delivered,Credit Card,0.0,10.34
ORD0008506,CUST00330,2024-06-30,Delivered,Wallet,0.2,14.6
ORD0008507,CUST01717,2024-09-20,Delivered,Debit Card,0.1,0.73
ORD0008508,CUST00091,2023-09-27,Delivered,PayPal,0.05,2.29
ORD0008509,CUST00667,2024-12-06,Delivered,Wallet,0.05,1.99
ORD0008510,CUST00529,2024-07-16,Delivered,UPI,0.05,5.96
ORD0008511,CUST01271,2023-05-01,Delivered,Credit Card,0.0,9.23
ORD0008512,CUST00183,2024-01-25,Cancelled,PayPal,0.05,6.08
ORD0008513,CUST00547,2022-03-26,Delivered,Wallet,0.1,6.0
ORD0008514,CUST01036,2024-05-03,Delivered,PayPal,0.05,3.01
ORD0008515,CUST00770,2024-08-01,Delivered,Debit Card,0.05,7.11
ORD0008516,CUST01027,2024-08-23,Delivered,Net Banking,0.0,9.3
ORD0008517,CUST01884,2024-12-05,Delivered,Wallet,0.05,6.9
ORD0008518,CUST01115,2024-09-04,Delivered,Credit Card,0.0,10.8
ORD0008519,CUST00891,2023-01-22,Delivered,Debit Card,0.1,0.06
ORD0008520,CUST01010,2024-10-04,Delivered,UPI,0.0,14.51
ORD0008521,CUST01409,2024-10-01,Processing,PayPal,0.1,13.49
ORD0008522,CUST00689,2024-08-18,Delivered,Wallet,0.05,1.64
ORD0008523,CUST01570,2024-09-09,Delivered,Wallet,0.2,12.8
ORD0008524,CUST00919,2024-11-25,Delivered,Credit Card,0.05,3.4
ORD0008525,CUST01010,2023-12-10,Cancelled,UPI,0.2,14.57
ORD0008526,CUST00464,2024-10-09,Delivered,Debit Card,0.0,9.56
ORD0008527,CUST00116,2022-11-06,Cancelled,Credit Card,0.1,7.08
ORD0008528,CUST01823,2024-05-27,Delivered,Wallet,0.1,1.2
ORD0008529,CUST00080,2024-02-25,Returned,Net Banking,0.05,13.24
ORD0008530,CUST01120,2023-12-19,Returned,UPI,0.0,1.51
ORD0008531,CUST01209,2024-06-03,Returned,Net Banking,0.2,2.21
ORD0008532,CUST00866,2022-11-07,Delivered,Net Banking,0.05,13.21
ORD0008533,CUST00829,2024-10-18,Delivered,UPI,0.1,1.8
ORD0008534,CUST00951,2024-11-01,Delivered,Debit Card,0.0,4.66
ORD0008535,CUST00757,2024-12-27,Delivered,Net Banking,0.0,8.77
ORD0008536,CUST00141,2024-03-17,Delivered,Debit Card,0.0,3.48
ORD0008537,CUST01908,2023-05-31,Returned,Credit Card,0.05,11.72
ORD0008538,CUST00843,2024-06-30,Returned,Net Banking,0.0,0.91
ORD0008539,CUST00690,2024-12-05,Processing,PayPal,0.1,3.67
ORD0008540,CUST00496,2024-04-25,Delivered,Wallet,0.0,8.91
ORD0008541,CUST01077,2024-07-17,Delivered,UPI,0.1,3.39
ORD0008542,CUST01206,2023-09-05,Delivered,Debit Card,0.1,7.31
ORD0008543,CUST01410,2024-10-12,Delivered,Net Banking,0.1,12.7
ORD0008544,CUST01766,2023-11-26,Delivered,Net Banking,0.05,13.9
ORD0008545,CUST00079,2024-11-13,Delivered,UPI,0.05,13.5
ORD0008546,CUST01468,2024-09-18,Delivered,UPI,0.15,1.59
ORD0008547,CUST01582,2023-02-26,Cancelled,UPI,0.1,12.52
ORD0008548,CUST00440,2024-04-16,Returned,Credit Card,0.1,6.92
ORD0008549,CUST01666,2024-11-18,Delivered,PayPal,0.05,13.08
ORD0008550,CUST00847,2024-03-13,Delivered,UPI,0.0,9.12
ORD0008551,CUST00096,2023-05-03,Delivered,UPI,0.05,12.89
ORD0008552,CUST00891,2023-01-12,Delivered,Debit Card,0.15,2.44
ORD0008553,CUST00190,2024-10-21,Delivered,PayPal,0.0,3.31
ORD0008554,CUST00049,2023-12-04,Returned,PayPal,0.15,1.77
ORD0008555,CUST01352,2024-12-06,Delivered,Credit Card,0.1,14.74
ORD0008556,CUST01809,2022-07-04,Returned,UPI,0.0,10.77
ORD0008557,CUST01786,2024-05-20,Delivered,UPI,0.1,5.52
ORD0008558,CUST01531,2024-12-08,Delivered,Net Banking,0.1,11.78
ORD0008559,CUST00087,2023-12-22,Cancelled,PayPal,0.1,1.58
ORD0008560,CUST00704,2023-06-19,Delivered,UPI,0.0,13.93
ORD0008561,CUST01051,2024-10-09,Delivered,Net Banking,0.1,2.71
ORD0008562,CUST00977,2024-03-15,Delivered,UPI,0.05,2.33
ORD0008563,CUST00554,2024-01-28,Delivered,Wallet,0.1,13.36
ORD0008564,CUST00510,2024-03-10,Returned,Credit Card,0.0,6.06
ORD0008565,CUST00040,2024-11-24,Delivered,Debit Card,0.0,6.79
ORD0008566,CUST00826,2024-12-30,Returned,Debit Card,0.0,4.7
ORD0008567,CUST01622,2024-11-22,Cancelled,Wallet,0.1,3.55
ORD0008568,CUST00528,2022-05-02,Delivered,PayPal,0.0,7.68
ORD0008569,CUST00391,2024-10-01,Delivered,PayPal,0.0,9.96
ORD0008570,CUST01877,2024-12-03,Processing,PayPal,0.0,8.55
ORD0008571,CUST00871,2024-06-22,Delivered,PayPal,0.1,4.34
ORD0008572,CUST00762,2024-03-26,Processing,Net Banking,0.15,8.71
ORD0008573,CUST01860,2024-03-10,Delivered,UPI,0.05,2.42
ORD0008574,CUST01645,2024-11-29,Delivered,Net Banking,0.0,11.66
ORD0008575,CUST01567,2023-09-05,Delivered,Wallet,0.0,8.29
ORD0008576,CUST00249,2022-04-19,Delivered,Wallet,0.1,5.31
ORD0008577,CUST00712,2023-12-30,Delivered,Wallet,0.0,1.32
ORD0008578,CUST01270,2023-06-15,Delivered,Wallet,0.1,6.8
ORD0008579,CUST00144,2024-11-21,Cancelled,PayPal,0.1,3.64
ORD0008580,CUST01635,2024-06-28,Delivered,Debit Card,0.15,14.83
ORD0008581,CUST00515,2024-10-25,Delivered,Credit Card,0.15,5.64
ORD0008582,CUST01585,2024-10-03,Returned,Wallet,0.0,14.88
ORD0008583,CUST00660,2024-01-21,Returned,PayPal,0.0,1.54
ORD0008584,CUST00460,2022-07-25,Delivered,Net Banking,0.15,14.57
ORD0008585,CUST01454,2024-07-21,Delivered,PayPal,0.0,14.83
ORD0008586,CUST00646,2024-07-20,Delivered,Credit Card,0.0,2.66
ORD0008587,CUST01091,2024-12-10,Delivered,UPI,0.15,6.79
ORD0008588,CUST01436,2024-12-22,Delivered,Debit Card,0.0,10.35
ORD0008589,CUST01259,2023-04-10,Delivered,PayPal,0.1,5.01
ORD0008590,CUST01734,2024-12-25,Delivered,UPI,0.15,12.84
ORD0008591,CUST01518,2023-08-13,Delivered,Net Banking,0.05,8.22
ORD0008592,CUST00795,2024-02-13,Delivered,Wallet,0.0,7.85
ORD0008593,CUST01339,2023-12-02,Delivered,Wallet,0.1,2.28
ORD0008594,CUST00603,2024-01-29,Delivered,Debit Card,0.05,5.56
ORD0008595,CUST00124,2023-09-07,Delivered,Net Banking,0.05,8.24
ORD0008596,CUST00486,2023-02-11,Delivered,PayPal,0.0,4.34
ORD0008597,CUST00937,2024-02-29,Delivered,PayPal,0.1,3.82
ORD0008598,CUST00463,2022-05-11,Delivered,Wallet,0.15,13.76
ORD0008599,CUST00223,2024-02-05,Delivered,Net Banking,0.05,4.54
ORD0008600,CUST01149,2024-06-29,Delivered,Net Banking,0.0,9.81
ORD0008601,CUST01706,2024-11-26,Delivered,PayPal,0.05,10.28
ORD0008602,CUST00995,2022-11-21,Delivered,PayPal,0.1,5.04
ORD0008603,CUST01594,2024-11-23,Returned,PayPal,0.0,13.77
ORD0008604,CUST01360,2024-11-11,Delivered,PayPal,0.0,13.55
ORD0008605,CUST00736,2024-05-21,Delivered,UPI,0.0,12.59
ORD0008606,CUST00970,2024-12-14,Delivered,UPI,0.05,10.86
ORD0008607,CUST00065,2024-09-25,Delivered,Wallet,0.0,12.59
ORD0008608,CUST00609,2023-04-05,Delivered,Credit Card,0.1,5.72
ORD0008609,CUST01562,2024-01-06,Delivered,Net Banking,0.0,12.38
ORD0008610,CUST01327,2024-07-26,Delivered,Net Banking,0.15,3.01
ORD0008611,CUST01924,2024-07-03,Processing,Credit Card,0.2,0.3
ORD0008612,CUST01916,2023-11-18,Delivered,UPI,0.1,10.13
ORD0008613,CUST00374,2024-11-12,Delivered,UPI,0.0,11.14
ORD0008614,CUST01250,2023-10-16,Delivered,Credit Card,0.0,3.53
ORD0008615,CUST00540,2024-01-23,Delivered,UPI,0.1,9.95
ORD0008616,CUST00276,2022-07-19,Delivered,Debit Card,0.05,7.19
ORD0008617,CUST00074,2024-08-11,Delivered,UPI,0.0,11.46
ORD0008618,CUST00819,2024-09-25,Delivered,Net Banking,0.0,0.66
ORD0008619,CUST00267,2024-10-20,Returned,Debit Card,0.0,2.58
ORD0008620,CUST01910,2024-08-21,Delivered,Debit Card,0.05,6.64
ORD0008621,CUST01632,2023-12-24,Cancelled,UPI,0.0,8.32
ORD0008622,CUST01446,2024-12-13,Delivered,Credit Card,0.0,1.73
ORD0008623,CUST00324,2024-10-23,Delivered,Credit Card,0.15,13.54
ORD0008624,CUST00841,2024-08-11,Delivered,Net Banking,0.05,14.89
ORD0008625,CUST00378,2024-01-09,Returned,Credit Card,0.1,3.57
ORD0008626,CUST00599,2024-08-23,Delivered,Debit Card,0.05,8.43
ORD0008627,CUST00277,2024-06-25,Returned,PayPal,0.1,0.47
ORD0008628,CUST01848,2023-07-01,Returned,PayPal,0.1,9.07
ORD0008629,CUST01541,2024-12-12,Delivered,UPI,0.05,7.41
ORD0008630,CUST00937,2023-06-10,Delivered,Wallet,0.1,6.13
ORD0008631,CUST00882,2024-12-12,Cancelled,PayPal,0.05,10.75
ORD0008632,CUST00035,2024-01-21,Delivered,Wallet,0.0,3.47
ORD0008633,CUST00970,2024-03-29,Delivered,Debit Card,0.15,4.88
ORD0008634,CUST01834,2024-08-04,Processing,PayPal,0.0,10.69
ORD0008635,CUST01064,2024-10-24,Delivered,Wallet,0.15,14.99
ORD0008636,CUST01234,2024-10-30,Delivered,Debit Card,0.05,10.12
ORD0008637,CUST00142,2023-05-26,Cancelled,Wallet,0.05,12.36
ORD0008638,CUST00938,2024-01-05,Delivered,PayPal,0.0,2.9
ORD0008639,CUST00177,2023-11-26,Delivered,UPI,0.0,4.14
ORD0008640,CUST01427,2024-07-05,Delivered,PayPal,0.15,8.15
ORD0008641,CUST00674,2024-07-21,Processing,Debit Card,0.0,12.53
ORD0008642,CUST00744,2024-10-15,Delivered,Debit Card,0.0,5.58
ORD0008643,CUST01628,2024-08-17,Delivered,Credit Card,0.0,8.91
ORD0008644,CUST01144,2023-07-26,Cancelled,PayPal,0.05,10.31
ORD0008645,CUST00230,2024-04-09,Delivered,Credit Card,0.05,3.01
ORD0008646,CUST01564,2023-10-02,Delivered,Wallet,0.2,13.02
ORD0008647,CUST01790,2024-10-22,Delivered,Credit Card,0.15,12.05
ORD0008648,CUST01572,2024-08-16,Delivered,Net Banking,0.05,7.74
ORD0008649,CUST00512,2024-09-05,Delivered,Debit Card,0.0,0.37
ORD0008650,CUST01899,2024-07-27,Delivered,UPI,0.0,5.95
ORD0008651,CUST01889,2024-04-06,Delivered,UPI,0.1,3.54
ORD0008652,CUST00063,2023-08-20,Delivered,Net Banking,0.0,10.65
ORD0008653,CUST00852,2024-12-30,Delivered,Net Banking,0.05,5.72
ORD0008654,CUST01632,2023-04-13,Delivered,Debit Card,0.0,4.85
ORD0008655,CUST01217,2024-11-26,Delivered,Net Banking,0.05,13.21
ORD0008656,CUST01614,2023-08-22,Delivered,UPI,0.0,9.52
ORD0008657,CUST00809,2024-12-26,Cancelled,UPI,0.2,8.17
ORD0008658,CUST01431,2024-08-29,Delivered,Net Banking,0.05,13.4
ORD0008659,CUST00621,2024-11-29,Returned,UPI,0.0,6.3
ORD0008660,CUST01031,2024-10-22,Delivered,Credit Card,0.05,11.11
ORD0008661,CUST01239,2022-03-26,Processing,Wallet,0.05,10.11
ORD0008662,CUST01101,2023-10-29,Delivered,UPI,0.05,14.04
ORD0008663,CUST00757,2024-11-20,Cancelled,PayPal,0.0,7.2
ORD0008664,CUST00598,2024-07-22,Delivered,Credit Card,0.1,9.34
ORD0008665,CUST01796,2024-01-29,Delivered,Debit Card,0.05,9.42
ORD0008666,CUST01635,2024-04-15,Delivered,Net Banking,0.1,1.03
ORD0008667,CUST00085,2023-10-18,Delivered,UPI,0.1,2.34
ORD0008668,CUST00069,2024-05-24,Delivered,Wallet,0.1,10.28
ORD0008669,CUST01562,2023-08-26,Returned,Wallet,0.1,6.16
ORD0008670,CUST01702,2024-11-05,Delivered,Credit Card,0.05,2.42
ORD0008671,CUST00366,2024-09-12,Delivered,Debit Card,0.0,5.29
ORD0008672,CUST01701,2024-09-04,Delivered,Net Banking,0.15,13.48
ORD0008673,CUST01409,2024-12-22,Delivered,UPI,0.05,8.26
ORD0008674,CUST01915,2024-10-20,Delivered,Debit Card,0.1,3.03
ORD0008675,CUST00370,2024-07-02,Processing,Wallet,0.15,10.66
ORD0008676,CUST01374,2024-06-29,Delivered,UPI,0.0,11.21
ORD0008677,CUST00943,2024-10-12,Delivered,Net Banking,0.2,0.33
ORD0008678,CUST01408,2023-12-01,Delivered,Wallet,0.15,2.63
ORD0008679,CUST01777,2022-12-15,Delivered,PayPal,0.0,2.38
ORD0008680,CUST01399,2024-10-09,Processing,PayPal,0.0,3.13
ORD0008681,CUST01447,2024-06-03,Delivered,Net Banking,0.0,3.76
ORD0008682,CUST00630,2024-06-29,Delivered,Wallet,0.1,2.15
ORD0008683,CUST00728,2024-08-06,Cancelled,Credit Card,0.05,12.9
ORD0008684,CUST01414,2023-04-08,Delivered,Credit Card,0.0,9.73
ORD0008685,CUST00114,2023-12-29,Delivered,Credit Card,0.1,11.68
ORD0008686,CUST00558,2023-07-23,Delivered,PayPal,0.1,1.06
ORD0008687,CUST00174,2024-12-25,Delivered,Debit Card,0.0,14.66
ORD0008688,CUST01362,2023-04-17,Delivered,Debit Card,0.05,3.72
ORD0008689,CUST00350,2024-08-18,Delivered,Debit Card,0.0,2.43
ORD0008690,CUST00338,2024-02-27,Delivered,UPI,0.05,8.24
ORD0008691,CUST00045,2024-08-06,Cancelled,PayPal,0.1,5.13
ORD0008692,CUST01793,2022-12-06,Delivered,Debit Card,0.0,10.81
ORD0008693,CUST00298,2023-07-02,Delivered,Debit Card,0.05,12.0
ORD0008694,CUST00803,2024-12-05,Delivered,Credit Card,0.0,13.65
ORD0008695,CUST01160,2024-10-22,Delivered,Credit Card,0.1,2.44
ORD0008696,CUST01257,2024-07-11,Delivered,Wallet,0.05,9.57
ORD0008697,CUST01229,2023-12-09,Delivered,Credit Card,0.15,7.89
ORD0008698,CUST00303,2024-11-21,Delivered,Net Banking,0.2,9.59
ORD0008699,CUST00883,2024-03-10,Delivered,UPI,0.05,4.09
ORD0008700,CUST00442,2024-02-16,Delivered,Credit Card,0.15,2.33
ORD0008701,CUST00983,2024-08-06,Delivered,UPI,0.15,13.66
ORD0008702,CUST01952,2024-01-01,Delivered,Wallet,0.05,8.18
ORD0008703,CUST00981,2024-07-22,Delivered,Debit Card,0.0,3.95
ORD0008704,CUST01075,2024-11-20,Delivered,PayPal,0.1,10.11
ORD0008705,CUST00566,2024-12-20,Delivered,PayPal,0.1,12.83
ORD0008706,CUST00921,2024-09-15,Delivered,UPI,0.15,10.57
ORD0008707,CUST01311,2023-02-02,Delivered,UPI,0.0,9.72
ORD0008708,CUST01513,2023-11-01,Delivered,Wallet,0.05,4.53
ORD0008709,CUST00764,2024-09-25,Delivered,Wallet,0.0,3.77
ORD0008710,CUST01747,2024-09-03,Delivered,Wallet,0.0,5.57
ORD0008711,CUST00241,2023-01-01,Returned,PayPal,0.1,13.28
ORD0008712,CUST01443,2023-09-01,Delivered,Wallet,0.05,11.1
ORD0008713,CUST00350,2024-10-02,Returned,Debit Card,0.0,7.6
ORD0008714,CUST00415,2023-12-10,Delivered,UPI,0.1,14.21
ORD0008715,CUST01807,2022-12-04,Delivered,UPI,0.1,8.25
ORD0008716,CUST00730,2024-11-27,Delivered,Net Banking,0.0,12.15
ORD0008717,CUST01444,2024-07-24,Delivered,Debit Card,0.1,11.01
ORD0008718,CUST00503,2024-04-30,Delivered,Net Banking,0.15,4.18
ORD0008719,CUST01017,2023-05-23,Delivered,Credit Card,0.1,8.21
ORD0008720,CUST00452,2024-10-16,Delivered,Net Banking,0.1,14.69
ORD0008721,CUST01061,2022-03-02,Delivered,Net Banking,0.1,14.75
ORD0008722,CUST00060,2024-06-24,Delivered,Credit Card,0.1,0.41
ORD0008723,CUST01541,2024-01-15,Delivered,PayPal,0.05,13.49
ORD0008724,CUST01503,2024-09-09,Returned,UPI,0.0,13.43
ORD0008725,CUST00499,2023-12-19,Delivered,PayPal,0.0,9.54
ORD0008726,CUST01108,2023-11-04,Delivered,Wallet,0.15,10.33
ORD0008727,CUST00949,2024-12-12,Delivered,PayPal,0.1,0.85
ORD0008728,CUST00081,2024-11-12,Delivered,PayPal,0.0,3.77
ORD0008729,CUST00650,2024-05-19,Delivered,UPI,0.0,6.14
ORD0008730,CUST01564,2024-08-01,Delivered,Net Banking,0.0,9.62
ORD0008731,CUST01054,2022-09-21,Delivered,Net Banking,0.0,10.31
ORD0008732,CUST00219,2022-04-03,Delivered,UPI,0.1,7.95
ORD0008733,CUST01749,2022-08-12,Delivered,Debit Card,0.0,6.82
ORD0008734,CUST00096,2024-12-11,Delivered,Wallet,0.05,7.54
ORD0008735,CUST01138,2023-03-25,Delivered,UPI,0.15,3.81
ORD0008736,CUST01349,2024-01-01,Delivered,Debit Card,0.0,10.29
ORD0008737,CUST01660,2024-05-31,Delivered,Net Banking,0.05,11.25
ORD0008738,CUST01638,2023-09-05,Delivered,UPI,0.0,10.81
ORD0008739,CUST00821,2024-08-14,Delivered,Wallet,0.05,4.72
ORD0008740,CUST01671,2024-03-01,Delivered,Wallet,0.1,9.79
ORD0008741,CUST01426,2023-01-17,Returned,Credit Card,0.2,10.76
ORD0008742,CUST00963,2024-12-30,Delivered,Debit Card,0.05,2.9
ORD0008743,CUST01962,2024-10-08,Delivered,Net Banking,0.0,8.16
ORD0008744,CUST01854,2024-10-19,Delivered,Wallet,0.0,1.32
ORD0008745,CUST00846,2024-12-22,Processing,PayPal,0.15,8.17
ORD0008746,CUST00493,2024-08-25,Delivered,UPI,0.05,1.35
ORD0008747,CUST00105,2024-11-21,Delivered,Credit Card,0.1,2.02
ORD0008748,CUST01947,2024-04-19,Cancelled,PayPal,0.05,5.86
ORD0008749,CUST01658,2024-10-24,Delivered,Credit Card,0.05,13.52
ORD0008750,CUST01479,2022-10-30,Delivered,Credit Card,0.1,0.24
ORD0008751,CUST01630,2023-11-30,Cancelled,PayPal,0.05,3.35
ORD0008752,CUST00194,2024-10-10,Returned,PayPal,0.0,13.15
ORD0008753,CUST00104,2024-07-21,Delivered,UPI,0.1,1.73
ORD0008754,CUST01392,2024-06-07,Delivered,Wallet,0.0,7.31
ORD0008755,CUST01260,2024-05-01,Delivered,PayPal,0.1,0.09
ORD0008756,CUST00086,2024-10-30,Delivered,Net Banking,0.05,1.27
ORD0008757,CUST01154,2024-03-21,Delivered,Net Banking,0.05,12.15
ORD0008758,CUST01173,2023-04-30,Returned,Wallet,0.2,7.33
ORD0008759,CUST01657,2024-07-31,Delivered,Net Banking,0.1,3.18
ORD0008760,CUST00490,2024-12-04,Delivered,Credit Card,0.05,3.5
ORD0008761,CUST00239,2024-11-28,Delivered,Wallet,0.05,12.52
ORD0008762,CUST01921,2023-11-29,Delivered,Debit Card,0.05,10.55
ORD0008763,CUST00828,2023-02-06,Delivered,PayPal,0.0,5.04
ORD0008764,CUST01428,2024-11-05,Returned,UPI,0.0,3.37
ORD0008765,CUST00510,2024-04-27,Returned,Credit Card,0.15,14.52
ORD0008766,CUST00288,2024-09-03,Delivered,Net Banking,0.05,2.67
ORD0008767,CUST01985,2023-02-24,Delivered,Net Banking,0.0,10.81
ORD0008768,CUST00028,2024-06-15,Delivered,Credit Card,0.15,11.79
ORD0008769,CUST01369,2023-10-27,Returned,Credit Card,0.0,3.3
ORD0008770,CUST01533,2023-07-21,Delivered,PayPal,0.0,3.5
ORD0008771,CUST00502,2024-07-26,Returned,Net Banking,0.0,6.42
ORD0008772,CUST01858,2024-12-12,Delivered,UPI,0.05,14.86
ORD0008773,CUST01190,2024-11-28,Delivered,PayPal,0.1,4.29
ORD0008774,CUST01384,2024-07-09,Delivered,Wallet,0.05,10.68
ORD0008775,CUST01255,2024-12-01,Delivered,UPI,0.0,8.34
ORD0008776,CUST00151,2024-11-30,Delivered,PayPal,0.05,1.15
ORD0008777,CUST01746,2023-02-03,Delivered,Net Banking,0.05,2.36
ORD0008778,CUST00404,2024-04-01,Delivered,PayPal,0.15,2.14
ORD0008779,CUST00782,2024-03-08,Cancelled,UPI,0.1,2.93
ORD0008780,CUST00479,2023-09-07,Returned,Wallet,0.15,1.3
ORD0008781,CUST00903,2023-12-17,Delivered,Net Banking,0.15,11.74
ORD0008782,CUST00471,2024-04-23,Delivered,UPI,0.15,4.13
ORD0008783,CUST00011,2024-11-27,Delivered,Net Banking,0.0,13.47
ORD0008784,CUST01615,2024-11-16,Delivered,PayPal,0.1,11.74
ORD0008785,CUST01487,2024-11-13,Returned,Debit Card,0.05,8.97
ORD0008786,CUST01312,2024-03-16,Delivered,Net Banking,0.0,10.14
ORD0008787,CUST01641,2023-05-26,Delivered,Credit Card,0.0,12.11
ORD0008788,CUST01496,2024-06-16,Delivered,Credit Card,0.1,9.23
ORD0008789,CUST01518,2024-10-22,Delivered,PayPal,0.0,14.05
ORD0008790,CUST00116,2024-12-20,Delivered,Wallet,0.05,2.68
ORD0008791,CUST01257,2022-07-19,Delivered,UPI,0.0,8.41
ORD0008792,CUST01548,2024-05-28,Returned,Credit Card,0.05,1.67
ORD0008793,CUST01426,2024-09-15,Cancelled,UPI,0.1,4.65
ORD0008794,CUST00796,2023-11-18,Delivered,UPI,0.0,2.84
ORD0008795,CUST01584,2022-10-21,Delivered,Credit Card,0.2,7.4
ORD0008796,CUST01730,2024-02-01,Delivered,Debit Card,0.0,2.37
ORD0008797,CUST00033,2024-04-02,Delivered,Credit Card,0.05,3.83
ORD0008798,CUST01913,2024-01-28,Delivered,Credit Card,0.05,14.39
ORD0008799,CUST00836,2024-10-04,Processing,Net Banking,0.1,2.91
ORD0008800,CUST01084,2024-10-10,Delivered,Net Banking,0.05,14.62
ORD0008801,CUST00885,2024-08-03,Delivered,PayPal,0.1,0.34
ORD0008802,CUST01004,2024-07-09,Delivered,UPI,0.0,3.74
ORD0008803,CUST00451,2022-12-17,Delivered,Credit Card,0.0,5.71
ORD0008804,CUST01688,2023-12-17,Delivered,Wallet,0.05,0.87
ORD0008805,CUST01661,2023-06-20,Cancelled,Debit Card,0.0,4.92
ORD0008806,CUST01662,2024-05-30,Returned,Debit Card,0.15,11.53
ORD0008807,CUST00124,2023-04-11,Delivered,Debit Card,0.05,13.6
ORD0008808,CUST01685,2022-09-26,Delivered,Credit Card,0.0,13.42
ORD0008809,CUST00876,2023-01-23,Returned,Credit Card,0.0,3.37
ORD0008810,CUST00330,2024-08-02,Processing,Debit Card,0.05,13.78
ORD0008811,CUST00768,2024-11-26,Delivered,Debit Card,0.05,6.47
ORD0008812,CUST00149,2024-02-21,Cancelled,Net Banking,0.0,11.12
ORD0008813,CUST00839,2022-08-07,Delivered,Credit Card,0.05,4.65
ORD0008814,CUST00511,2024-09-18,Delivered,UPI,0.2,12.08
ORD0008815,CUST00041,2024-07-12,Cancelled,Credit Card,0.0,6.69
ORD0008816,CUST00942,2024-12-28,Delivered,Wallet,0.05,5.57
ORD0008817,CUST00382,2023-11-06,Delivered,Wallet,0.05,13.2
ORD0008818,CUST01777,2024-07-24,Delivered,PayPal,0.1,6.78
ORD0008819,CUST00320,2024-06-23,Delivered,Wallet,0.0,13.35
ORD0008820,CUST01585,2024-11-18,Delivered,Wallet,0.05,8.38
ORD0008821,CUST01113,2024-09-29,Processing,Net Banking,0.05,6.57
ORD0008822,CUST00441,2024-02-16,Delivered,Net Banking,0.05,2.72
ORD0008823,CUST00778,2024-10-14,Delivered,Credit Card,0.0,0.06
ORD0008824,CUST01501,2024-09-06,Delivered,Debit Card,0.0,6.5
ORD0008825,CUST00521,2024-01-04,Delivered,Net Banking,0.0,0.27
ORD0008826,CUST01550,2023-12-09,Delivered,Credit Card,0.0,13.19
ORD0008827,CUST00214,2024-09-03,Delivered,Credit Card,0.05,11.03
ORD0008828,CUST00358,2024-12-25,Delivered,Net Banking,0.0,14.79
ORD0008829,CUST01593,2024-03-10,Processing,PayPal,0.1,7.85
ORD0008830,CUST00391,2024-11-11,Delivered,Wallet,0.05,6.58
ORD0008831,CUST01802,2023-07-08,Delivered,Debit Card,0.1,4.69
ORD0008832,CUST00571,2022-12-29,Delivered,Net Banking,0.0,3.53
ORD0008833,CUST00829,2022-07-28,Delivered,Net Banking,0.1,12.48
ORD0008834,CUST01838,2024-02-27,Returned,Debit Card,0.2,11.48
ORD0008835,CUST01598,2024-08-21,Cancelled,UPI,0.1,9.9
ORD0008836,CUST00654,2022-11-15,Cancelled,Credit Card,0.0,11.22
ORD0008837,CUST00876,2024-04-04,Delivered,Wallet,0.1,7.81
ORD0008838,CUST00481,2024-07-23,Delivered,Debit Card,0.0,4.25
ORD0008839,CUST00870,2022-02-25,Delivered,PayPal,0.05,13.9
ORD0008840,CUST00420,2024-11-22,Delivered,UPI,0.0,8.85
ORD0008841,CUST01223,2024-10-23,Delivered,Wallet,0.05,5.44
ORD0008842,CUST00506,2024-04-22,Delivered,UPI,0.05,9.26
ORD0008843,CUST01147,2023-12-06,Cancelled,Net Banking,0.1,14.91
ORD0008844,CUST01567,2024-07-20,Delivered,Net Banking,0.0,8.0
ORD0008845,CUST00755,2024-12-15,Delivered,PayPal,0.05,11.65
ORD0008846,CUST01503,2024-12-02,Returned,UPI,0.15,3.92
ORD0008847,CUST01420,2023-07-29,Delivered,Debit Card,0.0,12.11
ORD0008848,CUST01654,2024-11-27,Returned,UPI,0.05,11.58
ORD0008849,CUST00738,2024-12-30,Delivered,PayPal,0.05,11.66
ORD0008850,CUST01778,2024-11-12,Processing,UPI,0.0,6.31
ORD0008851,CUST00873,2024-08-17,Returned,UPI,0.0,2.56
ORD0008852,CUST00805,2024-08-10,Delivered,Net Banking,0.0,4.83
ORD0008853,CUST01863,2024-06-16,Delivered,Debit Card,0.05,4.12
ORD0008854,CUST00591,2024-10-07,Delivered,UPI,0.05,6.11
ORD0008855,CUST01845,2024-08-27,Delivered,Wallet,0.05,4.04
ORD0008856,CUST01628,2024-06-01,Delivered,PayPal,0.2,12.57
ORD0008857,CUST00309,2023-05-19,Delivered,Wallet,0.0,13.92
ORD0008858,CUST01654,2024-05-08,Delivered,UPI,0.2,7.12
ORD0008859,CUST01502,2024-10-04,Returned,Credit Card,0.0,10.28
ORD0008860,CUST01975,2023-10-12,Returned,Debit Card,0.05,4.53
ORD0008861,CUST01700,2024-09-17,Delivered,Net Banking,0.0,5.48
ORD0008862,CUST00361,2024-10-30,Delivered,Debit Card,0.05,4.87
ORD0008863,CUST00478,2023-06-24,Delivered,Credit Card,0.0,14.07
ORD0008864,CUST00975,2024-07-30,Delivered,PayPal,0.0,9.0
ORD0008865,CUST01188,2024-02-17,Delivered,PayPal,0.0,9.04
ORD0008866,CUST01491,2023-08-26,Delivered,Wallet,0.0,0.05
ORD0008867,CUST00179,2024-11-12,Delivered,UPI,0.0,2.13
ORD0008868,CUST01512,2024-05-12,Delivered,UPI,0.15,0.15
ORD0008869,CUST01728,2022-09-27,Delivered,UPI,0.05,0.75
ORD0008870,CUST00245,2023-04-30,Delivered,UPI,0.1,10.79
ORD0008871,CUST01587,2024-10-06,Delivered,Wallet,0.2,8.37
ORD0008872,CUST01103,2024-12-10,Delivered,Net Banking,0.1,3.99
ORD0008873,CUST01410,2024-11-13,Delivered,Net Banking,0.05,4.41
ORD0008874,CUST01357,2024-10-29,Delivered,UPI,0.0,11.51
ORD0008875,CUST01115,2024-08-19,Delivered,Net Banking,0.0,14.26
ORD0008876,CUST01183,2023-05-03,Delivered,Net Banking,0.0,1.76
ORD0008877,CUST01508,2023-01-17,Delivered,Wallet,0.0,3.18
ORD0008878,CUST01713,2022-06-08,Delivered,Net Banking,0.1,9.78
ORD0008879,CUST01471,2024-10-10,Delivered,PayPal,0.0,1.29
ORD0008880,CUST00448,2023-03-30,Delivered,Debit Card,0.05,10.84
ORD0008881,CUST01374,2024-04-18,Delivered,Credit Card,0.05,10.96
ORD0008882,CUST01438,2024-08-20,Processing,Debit Card,0.0,12.59
ORD0008883,CUST01845,2024-03-13,Delivered,Debit Card,0.2,9.58
ORD0008884,CUST01716,2024-09-16,Delivered,PayPal,0.0,10.85
ORD0008885,CUST00139,2023-06-12,Delivered,Credit Card,0.05,3.66
ORD0008886,CUST01081,2024-12-25,Delivered,Debit Card,0.0,2.75
ORD0008887,CUST01855,2023-12-06,Delivered,PayPal,0.05,14.29
ORD0008888,CUST01820,2024-11-14,Delivered,Net Banking,0.2,8.34
ORD0008889,CUST00981,2023-05-01,Delivered,Net Banking,0.05,6.7
ORD0008890,CUST01962,2024-10-04,Delivered,Credit Card,0.0,13.52
ORD0008891,CUST00123,2024-11-14,Delivered,Wallet,0.05,9.75
ORD0008892,CUST01139,2023-08-02,Delivered,Wallet,0.1,1.29
ORD0008893,CUST01514,2024-07-15,Delivered,Wallet,0.0,14.42
ORD0008894,CUST00236,2023-05-21,Delivered,Wallet,0.0,7.45
ORD0008895,CUST01905,2022-03-08,Delivered,Net Banking,0.2,2.75
ORD0008896,CUST00398,2024-12-28,Delivered,PayPal,0.05,11.1
ORD0008897,CUST00823,2024-10-19,Delivered,Net Banking,0.05,5.11
ORD0008898,CUST01032,2024-09-05,Delivered,Credit Card,0.05,10.44
ORD0008899,CUST01199,2024-02-28,Delivered,Net Banking,0.15,1.99
ORD0008900,CUST01956,2024-06-07,Cancelled,Wallet,0.1,1.63
ORD0008901,CUST00808,2022-10-28,Delivered,Net Banking,0.0,6.76
ORD0008902,CUST00837,2023-10-27,Returned,UPI,0.1,10.55
ORD0008903,CUST00678,2024-12-06,Delivered,Wallet,0.0,13.02
ORD0008904,CUST00453,2022-11-11,Returned,UPI,0.15,11.44
ORD0008905,CUST00343,2024-07-13,Delivered,Net Banking,0.1,11.38
ORD0008906,CUST01944,2024-09-06,Delivered,UPI,0.0,9.67
ORD0008907,CUST01787,2023-02-23,Delivered,UPI,0.0,6.35
ORD0008908,CUST00213,2024-05-15,Delivered,Debit Card,0.1,14.56
ORD0008909,CUST00795,2023-06-28,Delivered,UPI,0.1,13.52
ORD0008910,CUST00858,2023-03-17,Delivered,Net Banking,0.0,4.8
ORD0008911,CUST01238,2023-09-14,Delivered,UPI,0.2,9.01
ORD0008912,CUST00800,2024-11-03,Returned,Net Banking,0.05,11.4
ORD0008913,CUST01673,2023-11-26,Delivered,UPI,0.05,2.24
ORD0008914,CUST01491,2024-05-16,Delivered,PayPal,0.0,9.21
ORD0008915,CUST01600,2024-05-23,Delivered,Debit Card,0.05,11.77
ORD0008916,CUST01283,2024-08-02,Returned,Credit Card,0.0,3.53
ORD0008917,CUST01764,2022-10-09,Delivered,Net Banking,0.0,12.57
ORD0008918,CUST01798,2024-10-15,Delivered,UPI,0.15,11.92
ORD0008919,CUST00140,2024-07-31,Cancelled,Debit Card,0.0,3.16
ORD0008920,CUST00183,2022-11-13,Returned,Wallet,0.1,3.49
ORD0008921,CUST01200,2024-06-15,Delivered,PayPal,0.0,0.8
ORD0008922,CUST01117,2023-12-20,Returned,Wallet,0.2,3.53
ORD0008923,CUST00963,2024-12-17,Delivered,Credit Card,0.1,1.47
ORD0008924,CUST00558,2023-06-09,Delivered,PayPal,0.2,8.93
ORD0008925,CUST00967,2022-11-22,Delivered,UPI,0.0,10.71
ORD0008926,CUST00235,2024-12-17,Returned,Wallet,0.0,13.67
ORD0008927,CUST01470,2023-02-22,Delivered,PayPal,0.0,10.16
ORD0008928,CUST01494,2024-09-04,Delivered,Debit Card,0.0,14.49
ORD0008929,CUST01939,2023-07-22,Delivered,UPI,0.0,9.6
ORD0008930,CUST00413,2023-09-06,Returned,PayPal,0.0,9.66
ORD0008931,CUST01747,2024-04-10,Delivered,Net Banking,0.2,5.81
ORD0008932,CUST01204,2024-10-26,Processing,Debit Card,0.05,7.46
ORD0008933,CUST01397,2024-12-27,Delivered,Net Banking,0.05,5.57
ORD0008934,CUST00549,2024-06-09,Delivered,Debit Card,0.0,9.56
ORD0008935,CUST01233,2024-07-19,Delivered,Wallet,0.0,5.66
ORD0008936,CUST01557,2024-08-10,Delivered,Net Banking,0.05,0.84
ORD0008937,CUST01272,2024-12-13,Delivered,PayPal,0.05,7.68
ORD0008938,CUST00440,2024-01-27,Delivered,Net Banking,0.0,14.77
ORD0008939,CUST01865,2023-11-01,Delivered,PayPal,0.1,5.92
ORD0008940,CUST01257,2022-10-30,Returned,UPI,0.0,9.72
ORD0008941,CUST00362,2024-05-29,Delivered,UPI,0.0,11.67
ORD0008942,CUST01649,2023-11-06,Delivered,PayPal,0.15,4.79
ORD0008943,CUST00741,2022-08-16,Delivered,Credit Card,0.05,9.85
ORD0008944,CUST01345,2024-11-24,Processing,Debit Card,0.05,1.33
ORD0008945,CUST00502,2024-10-24,Delivered,Debit Card,0.05,2.74
ORD0008946,CUST00696,2024-12-12,Processing,Credit Card,0.05,4.46
ORD0008947,CUST00050,2024-11-20,Delivered,Credit Card,0.0,5.78
ORD0008948,CUST00374,2023-03-09,Delivered,UPI,0.0,0.36
ORD0008949,CUST01392,2023-11-16,Delivered,Wallet,0.1,12.51
ORD0008950,CUST01825,2024-03-21,Delivered,Net Banking,0.05,4.33
ORD0008951,CUST00547,2023-10-10,Delivered,Credit Card,0.05,4.27
ORD0008952,CUST00491,2023-01-20,Delivered,Credit Card,0.0,10.44
ORD0008953,CUST00617,2024-02-25,Processing,Debit Card,0.15,8.73
ORD0008954,CUST01643,2023-10-31,Delivered,Debit Card,0.0,9.14
ORD0008955,CUST00295,2023-10-30,Returned,Wallet,0.2,0.84
ORD0008956,CUST00361,2024-10-30,Delivered,Debit Card,0.15,1.96
ORD0008957,CUST00105,2024-12-05,Returned,Wallet,0.05,14.42
ORD0008958,CUST01383,2024-11-15,Delivered,UPI,0.0,12.35
ORD0008959,CUST00435,2024-09-08,Delivered,PayPal,0.2,13.3
ORD0008960,CUST01736,2023-08-24,Delivered,Net Banking,0.0,12.46
ORD0008961,CUST00764,2024-12-02,Delivered,PayPal,0.15,5.82
ORD0008962,CUST00738,2023-11-21,Delivered,Wallet,0.0,6.45
ORD0008963,CUST00811,2022-06-30,Returned,PayPal,0.1,2.02
ORD0008964,CUST00838,2023-07-10,Delivered,UPI,0.0,0.41
ORD0008965,CUST01598,2024-07-09,Cancelled,UPI,0.05,3.43
ORD0008966,CUST00428,2024-03-02,Delivered,Net Banking,0.0,2.22
ORD0008967,CUST00982,2024-05-02,Delivered,PayPal,0.05,13.85
ORD0008968,CUST01768,2024-12-29,Returned,PayPal,0.1,1.79
ORD0008969,CUST00840,2024-08-06,Cancelled,Credit Card,0.05,9.22
ORD0008970,CUST01120,2023-10-29,Delivered,Net Banking,0.0,14.27
ORD0008971,CUST00329,2024-09-06,Delivered,Credit Card,0.15,13.13
ORD0008972,CUST01114,2023-12-20,Cancelled,Debit Card,0.0,5.12
ORD0008973,CUST00674,2024-11-23,Delivered,Net Banking,0.1,12.09
ORD0008974,CUST01193,2023-07-27,Delivered,PayPal,0.1,2.71
ORD0008975,CUST01477,2023-10-14,Delivered,PayPal,0.0,9.56
ORD0008976,CUST01106,2024-12-15,Delivered,Debit Card,0.1,11.84
ORD0008977,CUST00329,2024-02-11,Delivered,Debit Card,0.15,14.49
ORD0008978,CUST00257,2023-05-10,Delivered,UPI,0.05,1.55
ORD0008979,CUST00770,2024-06-21,Delivered,UPI,0.05,10.27
ORD0008980,CUST00961,2024-06-22,Delivered,Wallet,0.0,11.41
ORD0008981,CUST01691,2024-11-07,Delivered,Wallet,0.1,0.83
ORD0008982,CUST01868,2024-11-25,Delivered,PayPal,0.0,11.43
ORD0008983,CUST01014,2024-12-12,Returned,UPI,0.05,4.15
ORD0008984,CUST01906,2024-03-07,Delivered,Wallet,0.1,13.75
ORD0008985,CUST00431,2024-12-16,Delivered,PayPal,0.0,11.41
ORD0008986,CUST00425,2024-01-31,Delivered,Wallet,0.05,8.31
ORD0008987,CUST00323,2024-08-05,Delivered,PayPal,0.0,0.7
ORD0008988,CUST01240,2024-11-04,Delivered,UPI,0.05,10.38
ORD0008989,CUST00354,2024-05-07,Delivered,Wallet,0.05,4.33
ORD0008990,CUST00442,2023-12-04,Delivered,Net Banking,0.0,0.72
ORD0008991,CUST01320,2024-02-18,Delivered,Wallet,0.05,13.99
ORD0008992,CUST00407,2024-10-22,Delivered,PayPal,0.2,11.21
ORD0008993,CUST00685,2024-11-20,Delivered,PayPal,0.1,10.39
ORD0008994,CUST00381,2024-12-27,Processing,Wallet,0.0,12.68
ORD0008995,CUST01772,2024-12-05,Cancelled,Wallet,0.0,8.27
ORD0008996,CUST00360,2024-06-01,Delivered,Wallet,0.0,2.86
ORD0008997,CUST01180,2022-11-28,Returned,UPI,0.05,5.44
ORD0008998,CUST00303,2024-12-09,Processing,Credit Card,0.05,10.48
ORD0008999,CUST00993,2024-11-09,Processing,Wallet,0.0,9.4
ORD0009000,CUST00170,2023-12-26,Returned,Wallet,0.05,11.14
ORD0009001,CUST01754,2024-12-16,Delivered,Net Banking,0.05,9.5
ORD0009002,CUST01457,2022-12-31,Delivered,Debit Card,0.0,7.43
ORD0009003,CUST01872,2024-07-19,Delivered,Wallet,0.05,6.58
ORD0009004,CUST00880,2022-12-10,Delivered,PayPal,0.1,10.12
ORD0009005,CUST01358,2023-04-10,Delivered,PayPal,0.0,4.15
ORD0009006,CUST01968,2022-08-21,Delivered,UPI,0.1,0.41
ORD0009007,CUST00503,2024-09-20,Cancelled,Wallet,0.15,5.2
ORD0009008,CUST00942,2024-10-03,Delivered,Wallet,0.0,14.71
ORD0009009,CUST01996,2024-04-05,Delivered,Net Banking,0.2,5.44
ORD0009010,CUST01423,2023-09-14,Delivered,UPI,0.0,12.58
ORD0009011,CUST01215,2022-05-31,Delivered,Wallet,0.05,1.11
ORD0009012,CUST01278,2023-08-13,Delivered,Debit Card,0.0,11.69
ORD0009013,CUST00811,2022-09-11,Delivered,Credit Card,0.05,8.78
ORD0009014,CUST00474,2023-04-05,Delivered,Net Banking,0.0,1.32
ORD0009015,CUST00834,2022-05-23,Delivered,Net Banking,0.1,0.0
ORD0009016,CUST01058,2024-02-29,Cancelled,PayPal,0.1,5.31
ORD0009017,CUST01622,2024-11-09,Delivered,PayPal,0.1,4.57
ORD0009018,CUST01273,2024-03-22,Delivered,UPI,0.05,12.86
ORD0009019,CUST00284,2024-08-24,Cancelled,Credit Card,0.05,8.77
ORD0009020,CUST01394,2024-07-28,Delivered,Credit Card,0.05,12.43
ORD0009021,CUST01994,2024-11-17,Delivered,Credit Card,0.1,7.38
ORD0009022,CUST00257,2024-01-09,Delivered,Net Banking,0.15,9.77
ORD0009023,CUST00966,2023-12-09,Delivered,Wallet,0.0,9.18
ORD0009024,CUST01362,2023-05-27,Delivered,Net Banking,0.0,11.66
ORD0009025,CUST01106,2024-11-21,Processing,Net Banking,0.1,11.8
ORD0009026,CUST01363,2023-11-25,Cancelled,Net Banking,0.0,11.83
ORD0009027,CUST00043,2024-12-03,Returned,Debit Card,0.05,12.72
ORD0009028,CUST01566,2024-04-08,Cancelled,PayPal,0.2,0.42
ORD0009029,CUST00925,2024-12-23,Delivered,Credit Card,0.2,12.0
ORD0009030,CUST00304,2023-12-09,Delivered,Wallet,0.0,9.24
ORD0009031,CUST01742,2024-01-17,Delivered,Net Banking,0.05,10.9
ORD0009032,CUST00337,2023-10-06,Returned,Credit Card,0.0,13.52
ORD0009033,CUST00088,2023-12-18,Delivered,Debit Card,0.0,8.79
ORD0009034,CUST00495,2024-12-18,Delivered,UPI,0.15,11.58
ORD0009035,CUST01653,2024-06-09,Delivered,Net Banking,0.05,13.7
ORD0009036,CUST01640,2023-05-10,Delivered,UPI,0.15,5.44
ORD0009037,CUST01558,2024-08-21,Processing,Credit Card,0.0,0.08
ORD0009038,CUST01501,2024-07-11,Delivered,Net Banking,0.0,6.19
ORD0009039,CUST01806,2023-03-07,Delivered,Net Banking,0.05,4.64
ORD0009040,CUST00353,2024-12-04,Delivered,Credit Card,0.15,3.44
ORD0009041,CUST00742,2024-08-04,Delivered,Debit Card,0.0,7.42
ORD0009042,CUST01003,2024-04-30,Delivered,Debit Card,0.1,7.45
ORD0009043,CUST01457,2023-01-13,Delivered,PayPal,0.1,13.02
ORD0009044,CUST00317,2023-01-19,Delivered,Debit Card,0.1,12.95
ORD0009045,CUST01701,2024-08-20,Delivered,Credit Card,0.0,5.0
ORD0009046,CUST01745,2024-05-25,Delivered,Wallet,0.0,10.61
ORD0009047,CUST00150,2024-10-08,Delivered,Debit Card,0.1,4.42
ORD0009048,CUST01175,2023-07-17,Delivered,UPI,0.05,10.78
ORD0009049,CUST00397,2024-05-12,Cancelled,Debit Card,0.0,6.92
ORD0009050,CUST00595,2024-11-13,Delivered,Debit Card,0.1,12.4
ORD0009051,CUST01537,2023-03-29,Returned,Credit Card,0.1,11.82
ORD0009052,CUST00223,2024-08-23,Delivered,Debit Card,0.05,2.13
ORD0009053,CUST00691,2024-07-15,Returned,Credit Card,0.05,7.94
ORD0009054,CUST00605,2024-01-05,Delivered,PayPal,0.15,8.57
ORD0009055,CUST01626,2024-10-21,Delivered,PayPal,0.1,8.41
ORD0009056,CUST00236,2023-03-24,Processing,PayPal,0.05,13.72
ORD0009057,CUST00668,2024-08-05,Cancelled,Credit Card,0.0,14.54
ORD0009058,CUST00429,2024-02-21,Delivered,Debit Card,0.0,4.96
ORD0009059,CUST01854,2024-03-17,Delivered,Wallet,0.1,6.34
ORD0009060,CUST00102,2024-08-25,Delivered,Debit Card,0.1,3.06
ORD0009061,CUST00919,2024-09-19,Delivered,Wallet,0.15,5.74
ORD0009062,CUST00508,2024-09-16,Delivered,PayPal,0.2,5.46
ORD0009063,CUST00434,2023-11-04,Delivered,Credit Card,0.0,12.85
ORD0009064,CUST00333,2024-03-15,Delivered,UPI,0.05,13.97
ORD0009065,CUST00257,2024-11-27,Delivered,Debit Card,0.05,14.45
ORD0009066,CUST01264,2022-09-09,Delivered,Wallet,0.0,10.83
ORD0009067,CUST00696,2024-03-31,Delivered,PayPal,0.1,11.16
ORD0009068,CUST01525,2024-07-03,Delivered,PayPal,0.0,12.95
ORD0009069,CUST01187,2024-12-26,Delivered,PayPal,0.15,0.15
ORD0009070,CUST00676,2023-11-27,Delivered,Wallet,0.0,14.63
ORD0009071,CUST00981,2023-03-31,Delivered,UPI,0.05,0.83
ORD0009072,CUST01598,2024-11-26,Delivered,Credit Card,0.1,12.77
ORD0009073,CUST00130,2024-03-20,Returned,UPI,0.0,5.14
ORD0009074,CUST01525,2024-07-11,Delivered,PayPal,0.1,2.33
ORD0009075,CUST00461,2023-05-23,Delivered,Net Banking,0.0,7.35
ORD0009076,CUST00380,2024-09-16,Delivered,Wallet,0.15,11.38
ORD0009077,CUST01763,2024-07-12,Returned,Debit Card,0.05,7.79
ORD0009078,CUST01449,2024-11-15,Cancelled,Wallet,0.1,14.35
ORD0009079,CUST00310,2024-06-12,Delivered,Debit Card,0.1,5.78
ORD0009080,CUST00179,2024-06-11,Delivered,Debit Card,0.0,4.88
ORD0009081,CUST00982,2022-11-07,Delivered,UPI,0.0,9.83
ORD0009082,CUST00235,2024-11-16,Delivered,UPI,0.2,10.97
ORD0009083,CUST00677,2023-11-23,Delivered,Net Banking,0.05,2.26
ORD0009084,CUST00017,2024-06-12,Delivered,Debit Card,0.05,10.84
ORD0009085,CUST00363,2024-10-10,Returned,Debit Card,0.0,7.12
ORD0009086,CUST01409,2024-07-13,Delivered,UPI,0.05,9.21
ORD0009087,CUST01486,2024-08-21,Delivered,UPI,0.05,7.26
ORD0009088,CUST01459,2023-10-26,Delivered,PayPal,0.15,10.47
ORD0009089,CUST00695,2024-07-06,Delivered,PayPal,0.0,2.94
ORD0009090,CUST00536,2024-08-13,Delivered,UPI,0.0,12.79
ORD0009091,CUST00515,2024-08-01,Delivered,Wallet,0.0,4.66
ORD0009092,CUST00904,2024-02-19,Delivered,Credit Card,0.05,13.14
ORD0009093,CUST00833,2023-02-23,Delivered,Wallet,0.15,4.56
ORD0009094,CUST00973,2022-10-27,Returned,Credit Card,0.1,3.85
ORD0009095,CUST01311,2024-04-28,Cancelled,UPI,0.05,7.2
ORD0009096,CUST00257,2024-09-15,Delivered,UPI,0.15,2.5
ORD0009097,CUST00132,2022-11-07,Delivered,Wallet,0.0,12.69
ORD0009098,CUST00478,2023-09-04,Delivered,Net Banking,0.05,13.44
ORD0009099,CUST01092,2024-11-22,Delivered,UPI,0.1,0.33
ORD0009100,CUST01446,2024-03-08,Delivered,UPI,0.05,0.39
ORD0009101,CUST00423,2023-08-31,Delivered,Wallet,0.0,9.97
ORD0009102,CUST00028,2024-12-05,Delivered,PayPal,0.05,2.34
ORD0009103,CUST01757,2024-05-22,Delivered,PayPal,0.05,1.83
ORD0009104,CUST01499,2024-10-28,Cancelled,Wallet,0.0,7.47
ORD0009105,CUST00786,2023-06-26,Returned,PayPal,0.1,3.2
ORD0009106,CUST01281,2023-04-21,Delivered,Credit Card,0.05,8.9
ORD0009107,CUST00572,2024-08-12,Delivered,Debit Card,0.0,13.64
ORD0009108,CUST01625,2024-06-30,Delivered,Net Banking,0.0,9.3
ORD0009109,CUST01635,2024-10-17,Delivered,Wallet,0.1,4.95
ORD0009110,CUST01144,2024-03-28,Returned,Net Banking,0.05,5.83
ORD0009111,CUST00200,2023-10-30,Delivered,Credit Card,0.1,5.17
ORD0009112,CUST00666,2022-12-22,Delivered,Wallet,0.05,6.32
ORD0009113,CUST00715,2023-10-09,Delivered,UPI,0.0,0.31
ORD0009114,CUST00020,2024-09-12,Delivered,Credit Card,0.05,6.69
ORD0009115,CUST00826,2024-05-05,Delivered,Wallet,0.1,14.89
ORD0009116,CUST00211,2024-06-19,Delivered,Credit Card,0.0,8.29
ORD0009117,CUST01877,2024-12-15,Delivered,PayPal,0.15,1.97
ORD0009118,CUST00517,2024-12-18,Processing,PayPal,0.0,4.87
ORD0009119,CUST00318,2024-07-19,Delivered,Debit Card,0.1,10.29
ORD0009120,CUST01912,2023-05-13,Processing,Wallet,0.05,10.99
ORD0009121,CUST00378,2023-08-31,Delivered,Debit Card,0.0,1.64
ORD0009122,CUST00653,2024-12-03,Delivered,Credit Card,0.05,12.2
ORD0009123,CUST00684,2024-10-10,Returned,Credit Card,0.0,12.13
ORD0009124,CUST01435,2023-10-21,Delivered,UPI,0.1,8.53
ORD0009125,CUST01275,2024-07-08,Delivered,Wallet,0.0,6.98
ORD0009126,CUST01991,2024-11-13,Delivered,Debit Card,0.15,5.5
ORD0009127,CUST00981,2024-04-17,Delivered,Credit Card,0.15,7.79
ORD0009128,CUST01217,2024-04-27,Delivered,Wallet,0.05,13.72
ORD0009129,CUST01826,2024-09-26,Delivered,PayPal,0.05,5.13
ORD0009130,CUST00959,2022-08-27,Delivered,PayPal,0.0,4.68
ORD0009131,CUST01733,2024-04-26,Delivered,Credit Card,0.05,14.48
ORD0009132,CUST01099,2024-07-17,Delivered,Debit Card,0.0,9.07
ORD0009133,CUST00809,2023-04-15,Delivered,UPI,0.0,7.81
ORD0009134,CUST00919,2023-05-03,Cancelled,Net Banking,0.0,11.31
ORD0009135,CUST00046,2024-10-07,Delivered,Credit Card,0.0,1.69
ORD0009136,CUST01909,2024-11-30,Delivered,UPI,0.0,7.7
ORD0009137,CUST01324,2024-12-09,Returned,UPI,0.0,5.97
ORD0009138,CUST00788,2023-12-22,Delivered,UPI,0.2,0.55
ORD0009139,CUST01713,2023-10-15,Delivered,UPI,0.05,6.3
ORD0009140,CUST01915,2024-12-01,Delivered,Net Banking,0.0,11.16
ORD0009141,CUST00192,2024-08-16,Delivered,Debit Card,0.1,6.95
ORD0009142,CUST01132,2024-02-12,Delivered,UPI,0.15,8.33
ORD0009143,CUST01669,2024-09-12,Delivered,Debit Card,0.0,12.64
ORD0009144,CUST01608,2024-08-29,Delivered,Credit Card,0.1,12.74
ORD0009145,CUST01620,2022-11-17,Delivered,Debit Card,0.0,1.08
ORD0009146,CUST00940,2024-01-06,Delivered,Debit Card,0.1,3.37
ORD0009147,CUST00905,2023-09-09,Delivered,Wallet,0.0,12.47
ORD0009148,CUST00314,2023-06-30,Cancelled,UPI,0.05,5.0
ORD0009149,CUST00996,2023-01-27,Delivered,Credit Card,0.05,5.28
ORD0009150,CUST01407,2024-10-05,Delivered,Wallet,0.1,10.91
ORD0009151,CUST00848,2023-06-21,Delivered,Wallet,0.05,12.52
ORD0009152,CUST01242,2024-08-10,Delivered,PayPal,0.0,8.6
ORD0009153,CUST00937,2023-09-05,Delivered,Debit Card,0.0,5.59
ORD0009154,CUST01001,2024-12-27,Delivered,Credit Card,0.05,6.95
ORD0009155,CUST01878,2024-12-23,Delivered,Wallet,0.05,0.97
ORD0009156,CUST00297,2024-05-09,Delivered,Net Banking,0.0,13.69
ORD0009157,CUST00824,2023-12-28,Returned,UPI,0.05,12.24
ORD0009158,CUST01175,2023-01-29,Delivered,Net Banking,0.2,11.43
ORD0009159,CUST00325,2024-08-27,Delivered,Credit Card,0.2,5.25
ORD0009160,CUST00703,2024-04-23,Delivered,Credit Card,0.05,8.68
ORD0009161,CUST01186,2024-08-12,Delivered,Wallet,0.0,4.59
ORD0009162,CUST01881,2022-10-01,Returned,UPI,0.15,8.13
ORD0009163,CUST00935,2024-10-21,Delivered,Debit Card,0.05,14.63
ORD0009164,CUST00181,2023-04-20,Delivered,UPI,0.05,1.74
ORD0009165,CUST01815,2024-09-18,Delivered,Net Banking,0.1,6.89
ORD0009166,CUST01093,2024-06-17,Processing,Net Banking,0.05,7.35
ORD0009167,CUST01819,2024-05-07,Delivered,UPI,0.0,13.96
ORD0009168,CUST01967,2023-10-19,Delivered,Credit Card,0.05,8.16
ORD0009169,CUST00454,2024-10-11,Cancelled,Debit Card,0.0,7.37
ORD0009170,CUST00199,2024-03-17,Delivered,PayPal,0.0,14.72
ORD0009171,CUST00780,2024-11-02,Delivered,Wallet,0.0,14.67
ORD0009172,CUST00421,2023-10-09,Delivered,Debit Card,0.05,5.77
ORD0009173,CUST01789,2024-01-07,Delivered,Debit Card,0.0,1.22
ORD0009174,CUST00959,2022-01-31,Delivered,Wallet,0.0,3.54
ORD0009175,CUST00822,2023-08-10,Delivered,Credit Card,0.05,9.09
ORD0009176,CUST00175,2024-12-28,Delivered,Net Banking,0.1,14.19
ORD0009177,CUST01554,2024-10-10,Delivered,PayPal,0.05,8.57
ORD0009178,CUST01536,2024-02-05,Returned,Debit Card,0.05,6.88
ORD0009179,CUST01805,2023-10-30,Delivered,UPI,0.05,2.58
ORD0009180,CUST01486,2024-11-30,Delivered,Wallet,0.05,8.06
ORD0009181,CUST01388,2023-11-23,Delivered,UPI,0.05,4.3
ORD0009182,CUST00510,2024-08-05,Cancelled,PayPal,0.1,6.52
ORD0009183,CUST00396,2023-11-01,Delivered,Wallet,0.05,1.4
ORD0009184,CUST01421,2023-07-14,Delivered,UPI,0.05,13.56
ORD0009185,CUST00726,2024-09-29,Delivered,Credit Card,0.1,9.62
ORD0009186,CUST01895,2023-12-24,Delivered,Debit Card,0.0,9.45
ORD0009187,CUST00785,2024-12-10,Delivered,Credit Card,0.0,7.26
ORD0009188,CUST00369,2022-11-21,Delivered,Wallet,0.05,13.12
ORD0009189,CUST01684,2024-11-29,Delivered,Net Banking,0.05,9.73
ORD0009190,CUST00815,2024-12-16,Delivered,Net Banking,0.1,6.92
ORD0009191,CUST01130,2024-01-05,Returned,UPI,0.05,5.22
ORD0009192,CUST00040,2024-11-06,Delivered,UPI,0.1,14.58
ORD0009193,CUST01796,2024-09-25,Delivered,Credit Card,0.05,3.22
ORD0009194,CUST01956,2023-09-01,Cancelled,Debit Card,0.05,10.87
ORD0009195,CUST01232,2022-03-25,Returned,Net Banking,0.1,9.49
ORD0009196,CUST01269,2024-01-26,Cancelled,Net Banking,0.0,13.77
ORD0009197,CUST00707,2023-10-06,Delivered,Wallet,0.05,13.45
ORD0009198,CUST00536,2024-09-25,Delivered,UPI,0.0,14.03
ORD0009199,CUST01039,2024-09-02,Delivered,Credit Card,0.0,13.82
ORD0009200,CUST00021,2024-07-16,Delivered,Net Banking,0.1,1.18
ORD0009201,CUST01348,2024-04-12,Delivered,UPI,0.15,4.23
ORD0009202,CUST01450,2023-01-06,Delivered,Debit Card,0.15,8.56
ORD0009203,CUST01037,2022-06-05,Delivered,Debit Card,0.0,13.09
ORD0009204,CUST01197,2024-09-19,Delivered,PayPal,0.0,11.47
ORD0009205,CUST01811,2024-08-21,Delivered,Net Banking,0.1,12.39
ORD0009206,CUST00040,2024-11-15,Delivered,Net Banking,0.0,14.14
ORD0009207,CUST00172,2024-02-22,Delivered,Wallet,0.15,10.46
ORD0009208,CUST01031,2022-08-26,Delivered,Credit Card,0.05,13.13
ORD0009209,CUST00993,2024-10-10,Delivered,UPI,0.05,8.1
ORD0009210,CUST00222,2024-09-22,Delivered,Credit Card,0.15,0.28
ORD0009211,CUST01288,2024-11-12,Delivered,Wallet,0.0,13.94
ORD0009212,CUST01750,2023-04-13,Delivered,Net Banking,0.1,1.23
ORD0009213,CUST00290,2023-11-28,Delivered,Debit Card,0.15,7.89
ORD0009214,CUST00765,2024-10-10,Delivered,UPI,0.0,0.99
ORD0009215,CUST01760,2024-10-20,Cancelled,UPI,0.15,9.06
ORD0009216,CUST01336,2024-03-19,Delivered,Credit Card,0.0,7.6
ORD0009217,CUST00832,2022-12-15,Delivered,Credit Card,0.05,8.49
ORD0009218,CUST00260,2024-10-15,Delivered,Wallet,0.0,10.87
ORD0009219,CUST01535,2024-11-08,Cancelled,Net Banking,0.05,13.53
ORD0009220,CUST01015,2024-10-30,Delivered,PayPal,0.05,8.9
ORD0009221,CUST01160,2024-07-10,Returned,Net Banking,0.0,1.01
ORD0009222,CUST00207,2024-03-17,Delivered,Debit Card,0.05,7.88
ORD0009223,CUST00450,2024-02-04,Delivered,Wallet,0.0,7.81
ORD0009224,CUST00581,2024-11-22,Delivered,UPI,0.0,4.6
ORD0009225,CUST00659,2024-09-27,Cancelled,PayPal,0.05,3.91
ORD0009226,CUST01994,2024-09-23,Delivered,Debit Card,0.1,11.63
ORD0009227,CUST01191,2023-12-03,Cancelled,UPI,0.0,13.91
ORD0009228,CUST00139,2023-12-22,Delivered,UPI,0.05,9.97
ORD0009229,CUST01108,2024-05-29,Delivered,UPI,0.0,2.2
ORD0009230,CUST00830,2024-04-03,Processing,UPI,0.05,6.16
ORD0009231,CUST01427,2024-06-28,Delivered,Credit Card,0.0,4.15
ORD0009232,CUST00449,2024-09-23,Returned,Net Banking,0.05,8.98
ORD0009233,CUST01290,2024-12-02,Returned,PayPal,0.15,12.37
ORD0009234,CUST00037,2024-08-16,Delivered,Debit Card,0.2,1.19
ORD0009235,CUST01945,2022-10-20,Returned,Debit Card,0.05,3.54
ORD0009236,CUST01108,2023-07-25,Delivered,PayPal,0.0,10.64
ORD0009237,CUST01960,2024-12-18,Delivered,Wallet,0.0,0.35
ORD0009238,CUST01324,2023-10-11,Returned,UPI,0.1,11.35
ORD0009239,CUST00397,2023-09-13,Delivered,PayPal,0.0,0.37
ORD0009240,CUST01786,2024-05-11,Delivered,Credit Card,0.05,14.32
ORD0009241,CUST01698,2024-09-13,Delivered,PayPal,0.0,10.46
ORD0009242,CUST00713,2024-11-13,Delivered,Credit Card,0.05,7.51
ORD0009243,CUST01152,2024-03-18,Delivered,Credit Card,0.05,6.97
ORD0009244,CUST00152,2024-03-02,Delivered,Net Banking,0.0,4.62
ORD0009245,CUST01342,2022-07-07,Delivered,PayPal,0.0,2.6
ORD0009246,CUST00734,2022-10-31,Delivered,Credit Card,0.0,11.47
ORD0009247,CUST00681,2024-03-08,Returned,PayPal,0.05,11.51
ORD0009248,CUST00922,2024-02-11,Delivered,Debit Card,0.1,3.37
ORD0009249,CUST00243,2024-09-05,Delivered,Wallet,0.2,14.27
ORD0009250,CUST00868,2024-03-19,Delivered,Net Banking,0.05,5.61
ORD0009251,CUST00301,2023-12-20,Delivered,Net Banking,0.0,6.61
ORD0009252,CUST01649,2023-10-24,Delivered,PayPal,0.0,7.16
ORD0009253,CUST00376,2024-12-05,Delivered,UPI,0.15,7.39
ORD0009254,CUST01323,2024-12-06,Delivered,Debit Card,0.1,4.57
ORD0009255,CUST01912,2024-07-28,Delivered,Net Banking,0.0,7.38
ORD0009256,CUST01042,2024-04-28,Returned,Net Banking,0.0,0.31
ORD0009257,CUST01231,2024-09-30,Processing,Credit Card,0.1,5.79
ORD0009258,CUST01675,2024-10-03,Delivered,Wallet,0.0,11.27
ORD0009259,CUST01460,2024-12-24,Cancelled,Credit Card,0.15,1.49
ORD0009260,CUST01537,2023-01-02,Processing,UPI,0.0,13.39
ORD0009261,CUST01014,2024-08-31,Delivered,UPI,0.0,5.57
ORD0009262,CUST00219,2022-08-08,Delivered,Credit Card,0.0,12.0
ORD0009263,CUST01204,2024-06-09,Delivered,UPI,0.0,1.28
ORD0009264,CUST00555,2024-07-13,Delivered,Wallet,0.15,3.54
ORD0009265,CUST00790,2024-06-26,Delivered,Wallet,0.05,4.93
ORD0009266,CUST00264,2024-12-29,Delivered,PayPal,0.0,14.33
ORD0009267,CUST00350,2024-11-20,Delivered,Debit Card,0.05,10.44
ORD0009268,CUST01683,2024-03-20,Delivered,UPI,0.05,2.15
ORD0009269,CUST00409,2024-10-10,Returned,Wallet,0.05,14.28
ORD0009270,CUST01352,2024-10-28,Delivered,Wallet,0.05,0.47
ORD0009271,CUST00468,2023-10-10,Delivered,Wallet,0.0,4.52
ORD0009272,CUST00839,2024-02-24,Delivered,Debit Card,0.0,9.91
ORD0009273,CUST00019,2024-05-25,Delivered,Wallet,0.05,4.63
ORD0009274,CUST01777,2024-11-20,Delivered,UPI,0.0,8.05
ORD0009275,CUST01979,2024-11-21,Returned,UPI,0.0,7.64
ORD0009276,CUST00832,2023-07-15,Delivered,Wallet,0.05,6.84
ORD0009277,CUST00039,2023-12-23,Delivered,Net Banking,0.1,11.77
ORD0009278,CUST01153,2024-05-12,Delivered,Net Banking,0.0,6.99
ORD0009279,CUST01881,2022-12-22,Delivered,UPI,0.0,0.54
ORD0009280,CUST01388,2023-05-20,Processing,Net Banking,0.0,1.84
ORD0009281,CUST00154,2024-12-29,Delivered,PayPal,0.1,5.41
ORD0009282,CUST00550,2024-07-04,Delivered,UPI,0.0,8.28
ORD0009283,CUST00611,2022-12-20,Delivered,Debit Card,0.1,14.42
ORD0009284,CUST01101,2024-06-20,Delivered,Credit Card,0.1,6.24
ORD0009285,CUST01087,2024-04-10,Returned,Net Banking,0.15,9.74
ORD0009286,CUST00183,2022-07-22,Delivered,Net Banking,0.0,1.08
ORD0009287,CUST00269,2023-03-13,Delivered,PayPal,0.05,3.87
ORD0009288,CUST00554,2024-05-12,Returned,Wallet,0.15,5.72
ORD0009289,CUST00743,2023-07-06,Delivered,Net Banking,0.0,9.12
ORD0009290,CUST00989,2023-05-29,Delivered,UPI,0.0,6.84
ORD0009291,CUST00276,2023-09-02,Delivered,UPI,0.0,5.01
ORD0009292,CUST00132,2023-08-28,Delivered,Debit Card,0.0,13.55
ORD0009293,CUST00351,2024-05-02,Delivered,UPI,0.1,9.91
ORD0009294,CUST01573,2024-08-18,Processing,Credit Card,0.05,8.99
ORD0009295,CUST01989,2024-08-29,Returned,UPI,0.0,6.95
ORD0009296,CUST01274,2024-05-24,Delivered,UPI,0.15,4.18
ORD0009297,CUST01093,2024-10-24,Delivered,UPI,0.05,14.73
ORD0009298,CUST01978,2024-10-08,Delivered,Wallet,0.15,4.63
ORD0009299,CUST01141,2023-10-20,Delivered,Credit Card,0.05,14.96
ORD0009300,CUST01325,2024-09-12,Delivered,UPI,0.1,0.16
ORD0009301,CUST01172,2024-05-28,Delivered,Net Banking,0.15,0.19
ORD0009302,CUST01914,2024-05-27,Returned,UPI,0.05,14.02
ORD0009303,CUST01547,2024-07-12,Delivered,Wallet,0.0,10.84
ORD0009304,CUST01497,2024-01-29,Delivered,Credit Card,0.1,13.41
ORD0009305,CUST01632,2023-06-16,Delivered,Credit Card,0.05,7.51
ORD0009306,CUST00865,2024-09-14,Delivered,Debit Card,0.0,11.23
ORD0009307,CUST01967,2022-11-20,Delivered,UPI,0.05,2.62
ORD0009308,CUST00815,2023-12-27,Returned,Wallet,0.15,14.34
ORD0009309,CUST01870,2024-04-15,Delivered,Debit Card,0.0,8.39
ORD0009310,CUST00650,2024-02-13,Delivered,Credit Card,0.0,1.7
ORD0009311,CUST01773,2024-03-27,Delivered,Net Banking,0.0,3.04
ORD0009312,CUST00344,2024-12-25,Returned,PayPal,0.0,3.19
ORD0009313,CUST01588,2023-01-08,Delivered,Credit Card,0.1,12.13
ORD0009314,CUST01694,2024-09-28,Delivered,Net Banking,0.2,6.74
ORD0009315,CUST01007,2024-12-25,Delivered,PayPal,0.1,5.97
ORD0009316,CUST00040,2024-12-18,Delivered,Credit Card,0.05,11.15
ORD0009317,CUST00827,2024-05-01,Processing,UPI,0.05,6.24
ORD0009318,CUST00931,2024-12-14,Delivered,Debit Card,0.0,5.6
ORD0009319,CUST01043,2024-12-11,Returned,Wallet,0.15,13.98
ORD0009320,CUST01513,2023-03-11,Delivered,Net Banking,0.0,14.34
ORD0009321,CUST00651,2023-09-07,Cancelled,UPI,0.0,4.0
ORD0009322,CUST00631,2024-10-16,Delivered,PayPal,0.05,9.4
ORD0009323,CUST00060,2023-09-10,Delivered,UPI,0.0,4.64
ORD0009324,CUST01713,2023-02-14,Delivered,Wallet,0.1,0.92
ORD0009325,CUST00742,2023-05-20,Delivered,Credit Card,0.0,11.04
ORD0009326,CUST01674,2024-03-23,Delivered,PayPal,0.0,12.93
ORD0009327,CUST01769,2023-12-05,Delivered,UPI,0.05,0.98
ORD0009328,CUST01055,2024-10-08,Delivered,Net Banking,0.05,2.83
ORD0009329,CUST01078,2024-03-27,Delivered,Debit Card,0.05,2.75
ORD0009330,CUST00533,2024-07-28,Processing,Wallet,0.1,0.41
ORD0009331,CUST01520,2024-10-22,Delivered,Net Banking,0.2,4.14
ORD0009332,CUST00065,2024-10-28,Delivered,PayPal,0.0,1.45
ORD0009333,CUST00477,2024-08-27,Returned,Wallet,0.1,0.56
ORD0009334,CUST01837,2024-10-20,Delivered,Net Banking,0.1,12.58
ORD0009335,CUST01354,2022-05-30,Delivered,Credit Card,0.1,8.12
ORD0009336,CUST01538,2024-07-14,Delivered,Net Banking,0.0,0.27
ORD0009337,CUST00887,2024-03-04,Delivered,UPI,0.15,4.24
ORD0009338,CUST01039,2023-01-05,Delivered,Wallet,0.15,12.77
ORD0009339,CUST01823,2024-08-02,Returned,Net Banking,0.0,3.06
ORD0009340,CUST01984,2022-10-25,Delivered,UPI,0.0,4.16
ORD0009341,CUST00539,2024-07-01,Delivered,Net Banking,0.0,13.54
ORD0009342,CUST00534,2022-11-20,Returned,UPI,0.1,14.03
ORD0009343,CUST00878,2023-10-31,Delivered,Debit Card,0.0,3.38
ORD0009344,CUST00378,2023-12-14,Cancelled,PayPal,0.05,9.37
ORD0009345,CUST00864,2024-03-04,Delivered,UPI,0.1,11.06
ORD0009346,CUST00855,2024-08-13,Delivered,Net Banking,0.0,1.29
ORD0009347,CUST00604,2024-06-30,Cancelled,Credit Card,0.05,0.71
ORD0009348,CUST01812,2024-12-19,Delivered,PayPal,0.15,8.04
ORD0009349,CUST00811,2023-06-20,Delivered,PayPal,0.1,12.58
ORD0009350,CUST01728,2022-11-12,Cancelled,UPI,0.0,12.45
ORD0009351,CUST01975,2024-09-10,Delivered,PayPal,0.05,1.61
ORD0009352,CUST00268,2023-11-06,Delivered,Debit Card,0.05,6.25
ORD0009353,CUST00050,2022-07-20,Delivered,Credit Card,0.0,14.31
ORD0009354,CUST00070,2024-12-29,Returned,PayPal,0.0,9.47
ORD0009355,CUST01893,2022-12-17,Delivered,Debit Card,0.0,1.37
ORD0009356,CUST00348,2024-12-29,Delivered,Credit Card,0.0,13.76
ORD0009357,CUST01231,2023-11-20,Delivered,UPI,0.05,1.43
ORD0009358,CUST00085,2022-12-19,Cancelled,Net Banking,0.05,5.46
ORD0009359,CUST01692,2024-05-05,Delivered,Credit Card,0.0,8.71
ORD0009360,CUST00328,2022-12-04,Delivered,PayPal,0.2,0.12
ORD0009361,CUST01882,2023-04-01,Delivered,Debit Card,0.1,13.21
ORD0009362,CUST00902,2024-12-21,Delivered,Net Banking,0.0,9.62
ORD0009363,CUST00653,2024-10-08,Delivered,Credit Card,0.0,3.33
ORD0009364,CUST01843,2024-01-20,Processing,Net Banking,0.05,10.32
ORD0009365,CUST00136,2024-02-18,Delivered,Debit Card,0.05,7.46
ORD0009366,CUST00083,2023-04-30,Delivered,Credit Card,0.05,12.93
ORD0009367,CUST00872,2024-05-08,Processing,PayPal,0.0,5.67
ORD0009368,CUST01613,2024-10-10,Returned,Credit Card,0.05,11.92
ORD0009369,CUST00085,2022-05-30,Returned,PayPal,0.05,0.47
ORD0009370,CUST00174,2024-06-13,Returned,PayPal,0.05,2.27
ORD0009371,CUST00874,2024-02-29,Delivered,Wallet,0.05,3.8
ORD0009372,CUST00278,2023-06-07,Delivered,Wallet,0.05,6.05
ORD0009373,CUST00031,2024-04-13,Delivered,UPI,0.05,6.08
ORD0009374,CUST01412,2024-06-05,Delivered,Credit Card,0.1,14.3
ORD0009375,CUST01656,2023-09-05,Delivered,Credit Card,0.05,9.31
ORD0009376,CUST00097,2024-09-16,Processing,PayPal,0.0,9.58
ORD0009377,CUST00396,2023-07-10,Delivered,PayPal,0.0,6.08
ORD0009378,CUST00953,2024-12-20,Returned,UPI,0.0,0.98
ORD0009379,CUST01235,2024-05-01,Delivered,Wallet,0.0,3.02
ORD0009380,CUST00060,2023-05-09,Processing,Credit Card,0.1,5.75
ORD0009381,CUST00705,2023-10-24,Delivered,PayPal,0.0,2.48
ORD0009382,CUST00561,2023-06-02,Delivered,UPI,0.0,4.99
ORD0009383,CUST00181,2024-08-05,Delivered,Debit Card,0.05,3.37
ORD0009384,CUST00905,2024-05-13,Delivered,Wallet,0.0,14.57
ORD0009385,CUST01968,2022-11-21,Delivered,Wallet,0.0,1.2
ORD0009386,CUST00255,2024-12-03,Delivered,Net Banking,0.0,0.49
ORD0009387,CUST01699,2024-01-07,Delivered,PayPal,0.1,4.33
ORD0009388,CUST01355,2024-11-28,Delivered,UPI,0.0,5.15
ORD0009389,CUST01823,2024-05-26,Delivered,PayPal,0.15,8.33
ORD0009390,CUST00278,2023-07-01,Delivered,Debit Card,0.1,14.36
ORD0009391,CUST01429,2022-11-15,Returned,Debit Card,0.0,6.15
ORD0009392,CUST01289,2024-08-11,Delivered,Credit Card,0.0,6.4
ORD0009393,CUST00856,2024-06-19,Delivered,Debit Card,0.0,2.42
ORD0009394,CUST01640,2024-08-24,Delivered,Wallet,0.15,12.02
ORD0009395,CUST01556,2024-09-02,Delivered,UPI,0.1,3.21
ORD0009396,CUST00779,2024-01-13,Returned,UPI,0.0,3.55
ORD0009397,CUST01425,2024-09-22,Delivered,Debit Card,0.15,5.37
ORD0009398,CUST00644,2024-05-22,Delivered,PayPal,0.0,13.2
ORD0009399,CUST01122,2023-10-20,Delivered,PayPal,0.15,5.87
ORD0009400,CUST00048,2023-03-08,Delivered,Net Banking,0.0,13.19
ORD0009401,CUST00732,2024-07-07,Cancelled,Credit Card,0.05,1.88
ORD0009402,CUST00454,2024-04-11,Delivered,Credit Card,0.1,14.98
ORD0009403,CUST01587,2024-12-20,Delivered,Credit Card,0.0,12.95
ORD0009404,CUST01650,2023-08-16,Delivered,Net Banking,0.1,11.63
ORD0009405,CUST01067,2023-01-05,Delivered,Wallet,0.05,1.62
ORD0009406,CUST01489,2024-08-31,Delivered,Debit Card,0.15,5.29
ORD0009407,CUST01643,2024-12-17,Returned,Net Banking,0.2,13.11
ORD0009408,CUST00073,2024-12-21,Delivered,Wallet,0.15,10.64
ORD0009409,CUST02000,2024-11-14,Delivered,UPI,0.0,6.28
ORD0009410,CUST00789,2024-09-19,Delivered,Debit Card,0.0,11.0
ORD0009411,CUST01924,2024-08-26,Processing,PayPal,0.15,5.79
ORD0009412,CUST00437,2022-11-24,Delivered,UPI,0.0,7.39
ORD0009413,CUST01689,2023-09-12,Delivered,Credit Card,0.0,12.45
ORD0009414,CUST00459,2024-10-09,Delivered,PayPal,0.05,3.9
ORD0009415,CUST01668,2024-05-16,Cancelled,Credit Card,0.05,9.89
ORD0009416,CUST01900,2024-10-05,Delivered,PayPal,0.05,9.51
ORD0009417,CUST00024,2024-04-19,Delivered,UPI,0.05,10.98
ORD0009418,CUST01690,2024-02-29,Delivered,Credit Card,0.0,9.85
ORD0009419,CUST00839,2023-06-22,Delivered,PayPal,0.05,13.11
ORD0009420,CUST01977,2024-10-11,Returned,Net Banking,0.0,1.74
ORD0009421,CUST01876,2023-05-21,Delivered,Debit Card,0.1,2.55
ORD0009422,CUST00805,2024-12-01,Delivered,Wallet,0.1,6.04
ORD0009423,CUST01744,2024-09-15,Delivered,Net Banking,0.1,7.73
ORD0009424,CUST00891,2024-12-16,Delivered,Credit Card,0.2,2.21
ORD0009425,CUST00026,2024-08-16,Delivered,Net Banking,0.2,12.3
ORD0009426,CUST01250,2024-05-19,Delivered,Net Banking,0.0,13.83
ORD0009427,CUST01431,2024-09-15,Delivered,Wallet,0.0,3.92
ORD0009428,CUST00562,2024-07-29,Cancelled,Wallet,0.0,2.49
ORD0009429,CUST01209,2024-02-06,Delivered,Credit Card,0.05,2.93
ORD0009430,CUST00674,2024-07-02,Delivered,Credit Card,0.0,11.84
ORD0009431,CUST01922,2023-02-11,Cancelled,Net Banking,0.15,13.19
ORD0009432,CUST00357,2023-08-24,Delivered,PayPal,0.05,2.15
ORD0009433,CUST01008,2024-12-01,Delivered,PayPal,0.05,7.63
ORD0009434,CUST01231,2024-02-26,Processing,UPI,0.1,1.22
ORD0009435,CUST00278,2023-04-01,Delivered,PayPal,0.1,12.42
ORD0009436,CUST01860,2024-05-29,Delivered,Debit Card,0.0,2.86
ORD0009437,CUST00387,2024-07-23,Delivered,PayPal,0.15,9.89
ORD0009438,CUST00002,2024-12-21,Returned,UPI,0.05,10.3
ORD0009439,CUST01836,2024-11-07,Returned,Net Banking,0.05,6.66
ORD0009440,CUST00444,2024-06-18,Delivered,Debit Card,0.0,8.6
ORD0009441,CUST01367,2024-07-22,Delivered,UPI,0.2,5.26
ORD0009442,CUST00639,2024-09-29,Delivered,Credit Card,0.15,5.45
ORD0009443,CUST01376,2023-02-20,Delivered,UPI,0.15,2.24
ORD0009444,CUST01593,2023-10-01,Returned,Credit Card,0.0,9.58
ORD0009445,CUST01348,2024-06-15,Delivered,PayPal,0.0,9.89
ORD0009446,CUST01147,2024-08-26,Delivered,Credit Card,0.0,5.89
ORD0009447,CUST00311,2023-12-13,Delivered,Debit Card,0.0,13.32
ORD0009448,CUST01726,2024-12-26,Delivered,Debit Card,0.0,4.44
ORD0009449,CUST01474,2024-05-04,Delivered,PayPal,0.15,9.33
ORD0009450,CUST00059,2024-08-10,Returned,Debit Card,0.15,0.11
ORD0009451,CUST00514,2024-11-12,Delivered,UPI,0.0,4.17
ORD0009452,CUST01921,2024-03-19,Delivered,UPI,0.0,4.14
ORD0009453,CUST00228,2024-11-07,Processing,Credit Card,0.0,7.88
ORD0009454,CUST01487,2024-09-30,Returned,PayPal,0.0,1.34
ORD0009455,CUST01088,2024-11-13,Processing,Net Banking,0.0,12.6
ORD0009456,CUST01659,2024-06-21,Delivered,UPI,0.05,8.25
ORD0009457,CUST00449,2024-10-24,Delivered,Debit Card,0.1,6.49
ORD0009458,CUST00433,2024-08-21,Processing,Net Banking,0.0,13.7
ORD0009459,CUST00582,2024-01-28,Delivered,Credit Card,0.0,9.01
ORD0009460,CUST00233,2022-03-22,Delivered,PayPal,0.2,10.91
ORD0009461,CUST00054,2024-09-12,Cancelled,Debit Card,0.1,7.7
ORD0009462,CUST01897,2024-03-23,Delivered,Debit Card,0.15,7.15
ORD0009463,CUST00517,2023-12-13,Delivered,Net Banking,0.1,8.76
ORD0009464,CUST00519,2022-05-29,Returned,Credit Card,0.0,9.77
ORD0009465,CUST00754,2023-02-01,Delivered,Wallet,0.0,4.76
ORD0009466,CUST01633,2022-08-18,Delivered,Credit Card,0.0,0.68
ORD0009467,CUST01227,2024-11-22,Delivered,UPI,0.15,3.05
ORD0009468,CUST00693,2024-02-27,Delivered,UPI,0.1,2.34
ORD0009469,CUST00546,2022-08-26,Delivered,Debit Card,0.05,12.09
ORD0009470,CUST01716,2024-11-30,Delivered,Net Banking,0.05,13.06
ORD0009471,CUST01649,2023-12-02,Delivered,Net Banking,0.1,12.82
ORD0009472,CUST01853,2023-12-17,Delivered,PayPal,0.1,2.08
ORD0009473,CUST01017,2023-10-12,Delivered,Credit Card,0.1,13.09
ORD0009474,CUST01485,2024-04-08,Delivered,PayPal,0.2,8.22
ORD0009475,CUST00645,2024-03-09,Delivered,Credit Card,0.15,7.75
ORD0009476,CUST00577,2023-02-06,Delivered,Net Banking,0.0,7.2
ORD0009477,CUST00793,2023-12-08,Delivered,UPI,0.0,13.51
ORD0009478,CUST00877,2022-05-04,Delivered,UPI,0.1,9.17
ORD0009479,CUST00475,2024-12-02,Delivered,Debit Card,0.05,3.93
ORD0009480,CUST00563,2024-10-29,Delivered,Net Banking,0.0,2.37
ORD0009481,CUST01006,2023-05-03,Delivered,Net Banking,0.05,4.25
ORD0009482,CUST00718,2023-11-03,Delivered,Credit Card,0.0,10.52
ORD0009483,CUST00538,2024-12-25,Returned,Credit Card,0.05,4.7
ORD0009484,CUST01232,2022-07-10,Delivered,Wallet,0.0,7.64
ORD0009485,CUST01021,2024-09-20,Delivered,Net Banking,0.05,5.96
ORD0009486,CUST01316,2024-10-30,Delivered,Credit Card,0.1,11.59
ORD0009487,CUST01109,2024-12-21,Delivered,Credit Card,0.05,8.11
ORD0009488,CUST00147,2023-12-26,Delivered,Credit Card,0.0,6.44
ORD0009489,CUST00544,2022-07-14,Delivered,Net Banking,0.15,12.25
ORD0009490,CUST01015,2024-01-01,Delivered,PayPal,0.0,13.7
ORD0009491,CUST01405,2024-04-17,Processing,Wallet,0.05,14.94
ORD0009492,CUST01025,2024-10-08,Delivered,Credit Card,0.05,2.61
ORD0009493,CUST01742,2023-01-22,Delivered,UPI,0.1,2.98
ORD0009494,CUST00664,2024-06-05,Returned,Wallet,0.15,3.47
ORD0009495,CUST01760,2024-09-21,Delivered,Debit Card,0.05,3.42
ORD0009496,CUST01303,2024-05-30,Delivered,Credit Card,0.1,7.0
ORD0009497,CUST01727,2024-10-21,Delivered,Credit Card,0.0,4.03
ORD0009498,CUST01270,2024-08-17,Delivered,UPI,0.05,7.19
ORD0009499,CUST01055,2024-04-25,Delivered,PayPal,0.0,9.72
ORD0009500,CUST00336,2024-05-11,Delivered,UPI,0.2,11.74
ORD0009501,CUST00928,2022-05-27,Delivered,Credit Card,0.0,10.68
ORD0009502,CUST01965,2024-11-04,Processing,Net Banking,0.05,4.45
ORD0009503,CUST01533,2024-03-01,Cancelled,Credit Card,0.0,13.65
ORD0009504,CUST00085,2024-01-24,Delivered,Wallet,0.0,10.9
ORD0009505,CUST00316,2024-05-04,Delivered,Debit Card,0.15,11.38
ORD0009506,CUST01256,2024-04-24,Returned,Net Banking,0.05,0.78
ORD0009507,CUST00084,2024-01-24,Delivered,Credit Card,0.0,2.11
ORD0009508,CUST01339,2024-04-12,Delivered,Debit Card,0.2,13.04
ORD0009509,CUST00447,2024-12-02,Delivered,UPI,0.0,10.87
ORD0009510,CUST00958,2024-07-27,Delivered,Debit Card,0.0,7.59
ORD0009511,CUST01046,2024-07-19,Delivered,Debit Card,0.05,6.75
ORD0009512,CUST01509,2024-02-07,Delivered,UPI,0.1,13.52
ORD0009513,CUST01747,2024-06-25,Delivered,Debit Card,0.15,13.67
ORD0009514,CUST00318,2024-08-07,Delivered,Net Banking,0.0,13.7
ORD0009515,CUST01882,2023-01-17,Cancelled,Credit Card,0.05,11.45
ORD0009516,CUST00446,2023-10-03,Delivered,PayPal,0.0,4.16
ORD0009517,CUST00031,2024-08-18,Delivered,Credit Card,0.0,13.56
ORD0009518,CUST00359,2024-05-27,Processing,UPI,0.05,7.23
ORD0009519,CUST01562,2023-04-01,Delivered,Credit Card,0.15,11.79
ORD0009520,CUST01623,2024-03-15,Delivered,Wallet,0.1,4.86
ORD0009521,CUST00052,2024-08-17,Delivered,Debit Card,0.0,7.01
ORD0009522,CUST01869,2022-11-11,Delivered,Credit Card,0.05,14.59
ORD0009523,CUST01299,2024-02-09,Delivered,Net Banking,0.05,1.22
ORD0009524,CUST00934,2024-11-12,Returned,Credit Card,0.05,7.23
ORD0009525,CUST00682,2024-11-08,Delivered,Wallet,0.05,0.2
ORD0009526,CUST01180,2023-09-02,Delivered,Net Banking,0.1,6.69
ORD0009527,CUST01528,2022-04-22,Delivered,Net Banking,0.0,12.93
ORD0009528,CUST01943,2024-09-29,Delivered,Wallet,0.0,12.27
ORD0009529,CUST00213,2023-09-17,Delivered,Net Banking,0.1,12.22
ORD0009530,CUST01762,2023-05-25,Delivered,Net Banking,0.2,5.23
ORD0009531,CUST01754,2024-11-09,Delivered,Debit Card,0.1,4.4
ORD0009532,CUST01483,2022-08-09,Delivered,Credit Card,0.05,0.8
ORD0009533,CUST01167,2023-05-04,Delivered,Credit Card,0.05,13.84
ORD0009534,CUST01134,2024-06-21,Delivered,Net Banking,0.0,6.49
ORD0009535,CUST00962,2023-12-21,Delivered,PayPal,0.1,6.81
ORD0009536,CUST00009,2023-09-07,Delivered,UPI,0.05,12.09
ORD0009537,CUST00764,2024-11-25,Delivered,PayPal,0.05,3.96
ORD0009538,CUST00681,2024-11-20,Delivered,Wallet,0.05,6.01
ORD0009539,CUST00286,2023-06-17,Delivered,Net Banking,0.0,9.6
ORD0009540,CUST00693,2023-06-20,Delivered,Wallet,0.1,14.65
ORD0009541,CUST00537,2024-03-29,Delivered,Debit Card,0.05,4.67
ORD0009542,CUST00093,2024-08-15,Delivered,Net Banking,0.05,0.1
ORD0009543,CUST01099,2024-07-20,Delivered,Net Banking,0.0,9.78
ORD0009544,CUST00114,2024-12-24,Delivered,Debit Card,0.0,2.56
ORD0009545,CUST01560,2023-09-20,Delivered,PayPal,0.15,12.91
ORD0009546,CUST01344,2023-01-31,Cancelled,PayPal,0.0,7.96
ORD0009547,CUST01181,2024-04-04,Delivered,PayPal,0.2,1.11
ORD0009548,CUST00286,2022-11-14,Delivered,Net Banking,0.15,5.26
ORD0009549,CUST00939,2022-10-15,Delivered,UPI,0.05,3.67
ORD0009550,CUST00051,2024-12-25,Delivered,PayPal,0.0,0.63
ORD0009551,CUST00370,2022-11-14,Delivered,Debit Card,0.05,12.09
ORD0009552,CUST00340,2024-01-18,Delivered,Net Banking,0.05,2.88
ORD0009553,CUST00984,2024-09-09,Delivered,PayPal,0.05,9.67
ORD0009554,CUST01384,2024-10-11,Delivered,UPI,0.15,5.34
ORD0009555,CUST00725,2024-07-04,Delivered,Wallet,0.05,9.03
ORD0009556,CUST01475,2023-08-29,Delivered,Net Banking,0.0,11.84
ORD0009557,CUST01907,2024-08-01,Cancelled,Debit Card,0.1,9.37
ORD0009558,CUST01317,2024-12-28,Delivered,Net Banking,0.15,0.52
ORD0009559,CUST00935,2024-09-11,Delivered,Debit Card,0.05,1.06
ORD0009560,CUST00782,2024-12-01,Delivered,Wallet,0.0,2.07
ORD0009561,CUST00622,2024-08-27,Delivered,PayPal,0.05,4.45
ORD0009562,CUST01172,2023-09-12,Returned,UPI,0.05,13.53
ORD0009563,CUST00375,2023-04-18,Delivered,Credit Card,0.05,10.98
ORD0009564,CUST01018,2022-09-28,Delivered,UPI,0.0,14.16
ORD0009565,CUST00119,2024-09-19,Processing,UPI,0.0,9.19
ORD0009566,CUST01002,2024-08-12,Returned,Net Banking,0.05,6.68
ORD0009567,CUST01955,2024-05-08,Delivered,Debit Card,0.15,3.15
ORD0009568,CUST01892,2024-12-13,Delivered,Wallet,0.05,12.55
ORD0009569,CUST00202,2023-09-15,Delivered,UPI,0.15,2.09
ORD0009570,CUST00764,2024-07-03,Returned,Debit Card,0.0,1.94
ORD0009571,CUST01615,2024-08-31,Delivered,UPI,0.0,10.99
ORD0009572,CUST00597,2024-06-15,Delivered,Debit Card,0.0,4.86
ORD0009573,CUST00610,2023-02-15,Delivered,PayPal,0.05,9.24
ORD0009574,CUST00464,2023-10-14,Delivered,Debit Card,0.15,11.1
ORD0009575,CUST01434,2024-10-24,Returned,Net Banking,0.0,1.3
ORD0009576,CUST00725,2024-10-08,Delivered,Debit Card,0.1,9.61
ORD0009577,CUST00908,2024-08-16,Returned,Debit Card,0.0,5.4
ORD0009578,CUST01153,2024-10-01,Delivered,PayPal,0.1,5.37
ORD0009579,CUST00196,2022-12-20,Delivered,PayPal,0.05,12.35
ORD0009580,CUST00503,2024-10-29,Delivered,Net Banking,0.0,13.7
ORD0009581,CUST01319,2024-11-25,Delivered,Debit Card,0.05,7.25
ORD0009582,CUST01447,2023-08-15,Delivered,Debit Card,0.0,0.47
ORD0009583,CUST01501,2024-11-22,Delivered,UPI,0.0,14.05
ORD0009584,CUST00709,2023-09-11,Delivered,Debit Card,0.0,0.32
ORD0009585,CUST01378,2024-10-15,Delivered,PayPal,0.0,2.19
ORD0009586,CUST01373,2023-11-26,Delivered,PayPal,0.1,0.2
ORD0009587,CUST00198,2024-09-26,Delivered,Debit Card,0.1,3.93
ORD0009588,CUST00008,2024-09-02,Delivered,Debit Card,0.05,8.78
ORD0009589,CUST01816,2024-11-17,Returned,Debit Card,0.15,1.32
ORD0009590,CUST01128,2024-10-13,Processing,UPI,0.0,8.68
ORD0009591,CUST01640,2024-09-04,Delivered,UPI,0.05,8.11
ORD0009592,CUST00858,2023-03-19,Delivered,Wallet,0.1,9.5
ORD0009593,CUST00253,2024-11-06,Delivered,Wallet,0.0,2.02
ORD0009594,CUST00807,2024-06-03,Delivered,Net Banking,0.15,2.6
ORD0009595,CUST01918,2024-04-02,Delivered,UPI,0.0,7.15
ORD0009596,CUST00241,2024-08-14,Delivered,Wallet,0.0,3.64
ORD0009597,CUST01275,2024-10-13,Delivered,PayPal,0.2,6.33
ORD0009598,CUST00420,2024-12-24,Delivered,Wallet,0.15,6.28
ORD0009599,CUST01591,2023-12-01,Returned,Wallet,0.15,11.61
ORD0009600,CUST00126,2024-07-31,Delivered,Net Banking,0.0,11.32
ORD0009601,CUST01447,2024-01-28,Delivered,UPI,0.0,13.01
ORD0009602,CUST00537,2023-12-26,Delivered,UPI,0.2,9.82
ORD0009603,CUST01961,2024-07-08,Delivered,PayPal,0.0,3.93
ORD0009604,CUST00649,2024-06-27,Delivered,Debit Card,0.05,0.66
ORD0009605,CUST00099,2023-10-09,Returned,PayPal,0.0,9.03
ORD0009606,CUST01979,2024-10-18,Delivered,Debit Card,0.0,1.83
ORD0009607,CUST01317,2024-11-29,Delivered,Credit Card,0.0,1.44
ORD0009608,CUST01517,2023-04-11,Delivered,PayPal,0.1,8.6
ORD0009609,CUST00494,2024-10-25,Delivered,Net Banking,0.0,1.97
ORD0009610,CUST01669,2024-12-21,Delivered,Debit Card,0.1,6.29
ORD0009611,CUST00731,2024-03-25,Delivered,Wallet,0.0,12.44
ORD0009612,CUST00988,2023-09-24,Delivered,Debit Card,0.0,10.58
ORD0009613,CUST01030,2024-12-27,Delivered,UPI,0.1,3.02
ORD0009614,CUST01697,2024-08-12,Delivered,UPI,0.0,11.62
ORD0009615,CUST01053,2024-04-15,Delivered,UPI,0.0,2.04
ORD0009616,CUST01057,2023-12-03,Processing,PayPal,0.0,4.01
ORD0009617,CUST00183,2024-06-29,Processing,Wallet,0.05,12.84
ORD0009618,CUST01797,2024-11-24,Delivered,Credit Card,0.2,0.33
ORD0009619,CUST00318,2024-05-28,Delivered,Wallet,0.0,8.57
ORD0009620,CUST00779,2023-11-14,Delivered,Credit Card,0.05,12.65
ORD0009621,CUST00212,2023-10-12,Delivered,Debit Card,0.1,3.04
ORD0009622,CUST00407,2024-01-27,Delivered,UPI,0.0,13.89
ORD0009623,CUST00501,2024-07-04,Delivered,UPI,0.05,2.86
ORD0009624,CUST01866,2024-10-05,Processing,Credit Card,0.1,13.18
ORD0009625,CUST01830,2024-06-15,Processing,Debit Card,0.1,14.61
ORD0009626,CUST00331,2024-06-29,Delivered,Net Banking,0.0,14.72
ORD0009627,CUST01449,2024-03-17,Delivered,PayPal,0.2,5.41
ORD0009628,CUST01910,2023-10-07,Delivered,Credit Card,0.0,13.36
ORD0009629,CUST01907,2024-12-28,Delivered,Net Banking,0.0,6.08
ORD0009630,CUST00908,2024-07-23,Delivered,Net Banking,0.0,6.63
ORD0009631,CUST01028,2024-04-26,Delivered,Net Banking,0.0,11.25
ORD0009632,CUST00441,2024-05-31,Delivered,Credit Card,0.15,11.27
ORD0009633,CUST00612,2024-10-31,Delivered,Net Banking,0.0,3.01
ORD0009634,CUST00644,2024-12-06,Delivered,Wallet,0.05,14.46
ORD0009635,CUST01365,2023-11-11,Cancelled,Credit Card,0.15,0.65
ORD0009636,CUST01644,2024-09-10,Delivered,PayPal,0.15,14.08
ORD0009637,CUST00153,2023-11-15,Delivered,PayPal,0.0,13.19
ORD0009638,CUST01543,2024-04-08,Delivered,Wallet,0.05,9.86
ORD0009639,CUST01316,2023-01-18,Delivered,UPI,0.1,11.71
ORD0009640,CUST00611,2022-12-15,Delivered,Credit Card,0.0,7.18
ORD0009641,CUST00319,2022-06-10,Delivered,Net Banking,0.0,0.69
ORD0009642,CUST01003,2024-07-21,Delivered,UPI,0.0,6.07
ORD0009643,CUST01242,2024-07-23,Delivered,PayPal,0.2,7.27
ORD0009644,CUST00450,2023-10-26,Returned,UPI,0.1,8.4
ORD0009645,CUST00024,2024-08-03,Delivered,Credit Card,0.1,0.21
ORD0009646,CUST01268,2022-12-18,Delivered,Wallet,0.0,14.07
ORD0009647,CUST01077,2024-10-07,Delivered,UPI,0.0,6.75
ORD0009648,CUST00007,2024-11-27,Delivered,UPI,0.1,3.81
ORD0009649,CUST00158,2024-02-02,Cancelled,Wallet,0.05,8.84
ORD0009650,CUST00993,2024-09-26,Delivered,Net Banking,0.15,11.44
ORD0009651,CUST00563,2024-12-20,Delivered,Debit Card,0.0,11.71
ORD0009652,CUST00364,2023-09-04,Delivered,Debit Card,0.0,3.56
ORD0009653,CUST00160,2024-10-22,Delivered,Wallet,0.0,11.23
ORD0009654,CUST01172,2023-01-23,Delivered,UPI,0.0,8.12
ORD0009655,CUST01654,2024-02-12,Delivered,PayPal,0.1,0.95
ORD0009656,CUST00457,2024-02-18,Delivered,Debit Card,0.1,2.33
ORD0009657,CUST00780,2024-11-11,Delivered,UPI,0.0,10.04
ORD0009658,CUST00177,2024-09-16,Delivered,Net Banking,0.05,13.87
ORD0009659,CUST00274,2024-06-20,Delivered,Credit Card,0.0,8.86
ORD0009660,CUST01224,2024-08-01,Delivered,PayPal,0.1,2.91
ORD0009661,CUST00354,2024-07-24,Delivered,UPI,0.0,12.71
ORD0009662,CUST01758,2023-02-07,Delivered,Wallet,0.05,10.19
ORD0009663,CUST00658,2023-04-06,Delivered,Credit Card,0.05,12.4
ORD0009664,CUST01792,2023-06-08,Delivered,Wallet,0.0,14.63
ORD0009665,CUST01156,2024-11-23,Cancelled,Net Banking,0.1,14.21
ORD0009666,CUST01667,2023-06-09,Delivered,PayPal,0.1,7.38
ORD0009667,CUST00078,2024-08-14,Delivered,Debit Card,0.05,1.28
ORD0009668,CUST00704,2024-12-14,Delivered,Debit Card,0.0,1.43
ORD0009669,CUST01764,2024-10-14,Delivered,Net Banking,0.0,8.83
ORD0009670,CUST01879,2023-06-15,Returned,UPI,0.0,4.29
ORD0009671,CUST00941,2024-11-09,Delivered,PayPal,0.0,14.22
ORD0009672,CUST01189,2024-07-09,Delivered,UPI,0.1,0.84
ORD0009673,CUST01994,2024-10-25,Delivered,UPI,0.1,5.96
ORD0009674,CUST01912,2023-06-12,Cancelled,UPI,0.15,14.58
ORD0009675,CUST01209,2024-09-20,Processing,UPI,0.1,4.74
ORD0009676,CUST01611,2024-06-28,Delivered,Net Banking,0.1,1.86
ORD0009677,CUST01490,2024-12-02,Delivered,Credit Card,0.05,0.53
ORD0009678,CUST01537,2023-10-24,Cancelled,Debit Card,0.1,7.09
ORD0009679,CUST01619,2024-06-05,Delivered,Debit Card,0.0,9.23
ORD0009680,CUST01879,2023-04-01,Cancelled,Credit Card,0.0,4.84
ORD0009681,CUST01951,2023-11-08,Delivered,UPI,0.0,6.76
ORD0009682,CUST01628,2024-05-18,Delivered,Credit Card,0.0,12.83
ORD0009683,CUST00094,2024-12-22,Delivered,UPI,0.15,8.86
ORD0009684,CUST01748,2024-12-07,Delivered,Net Banking,0.15,2.74
ORD0009685,CUST01100,2024-10-06,Delivered,Credit Card,0.2,14.69
ORD0009686,CUST00678,2024-08-10,Delivered,PayPal,0.1,4.55
ORD0009687,CUST01344,2024-01-24,Delivered,Wallet,0.0,14.9
ORD0009688,CUST01402,2024-09-20,Delivered,Net Banking,0.2,3.28
ORD0009689,CUST01660,2024-08-28,Delivered,Debit Card,0.0,5.5
ORD0009690,CUST01643,2023-07-01,Delivered,Net Banking,0.05,5.23
ORD0009691,CUST01677,2024-09-13,Delivered,Wallet,0.0,12.51
ORD0009692,CUST00808,2022-11-02,Delivered,UPI,0.0,5.52
ORD0009693,CUST00537,2023-10-24,Delivered,Credit Card,0.2,13.65
ORD0009694,CUST01441,2023-01-18,Delivered,Credit Card,0.05,2.53
ORD0009695,CUST00508,2024-08-09,Delivered,Net Banking,0.0,9.48
ORD0009696,CUST01543,2023-12-07,Cancelled,Credit Card,0.05,4.92
ORD0009697,CUST00488,2023-03-18,Delivered,Net Banking,0.05,7.07
ORD0009698,CUST00555,2024-04-05,Delivered,Debit Card,0.1,13.88
ORD0009699,CUST01860,2024-09-09,Delivered,Credit Card,0.05,4.8
ORD0009700,CUST01806,2022-12-09,Delivered,Debit Card,0.0,6.9
ORD0009701,CUST00580,2023-08-14,Delivered,Debit Card,0.05,3.38
ORD0009702,CUST00002,2024-12-22,Returned,Debit Card,0.0,4.05
ORD0009703,CUST01840,2024-05-26,Delivered,Credit Card,0.05,9.3
ORD0009704,CUST01970,2022-11-17,Delivered,PayPal,0.1,4.78
ORD0009705,CUST01021,2024-08-14,Processing,Net Banking,0.05,6.3
ORD0009706,CUST01243,2023-12-21,Delivered,Credit Card,0.0,2.3
ORD0009707,CUST01675,2024-07-17,Delivered,PayPal,0.0,7.86
ORD0009708,CUST01784,2024-10-07,Delivered,UPI,0.05,1.03
ORD0009709,CUST00139,2024-08-02,Delivered,PayPal,0.1,7.49
ORD0009710,CUST00194,2023-06-28,Returned,Wallet,0.0,8.45
ORD0009711,CUST00749,2024-11-11,Delivered,Wallet,0.0,11.94
ORD0009712,CUST01495,2024-06-14,Delivered,Credit Card,0.05,10.91
ORD0009713,CUST00833,2023-12-11,Returned,Wallet,0.05,12.01
ORD0009714,CUST01029,2024-10-22,Delivered,Credit Card,0.1,3.24
ORD0009715,CUST00082,2024-06-03,Delivered,PayPal,0.0,5.64
ORD0009716,CUST00698,2023-09-19,Processing,Debit Card,0.2,6.75
ORD0009717,CUST01434,2024-12-26,Cancelled,Net Banking,0.1,4.23
ORD0009718,CUST00371,2024-12-24,Delivered,Debit Card,0.0,12.99
ORD0009719,CUST00946,2024-12-13,Delivered,Debit Card,0.1,8.09
ORD0009720,CUST01263,2023-10-06,Delivered,PayPal,0.0,5.3
ORD0009721,CUST00099,2023-09-18,Delivered,Wallet,0.05,10.58
ORD0009722,CUST00294,2024-12-05,Delivered,UPI,0.0,1.23
ORD0009723,CUST01360,2024-11-03,Processing,Wallet,0.05,14.69
ORD0009724,CUST01348,2024-03-28,Delivered,PayPal,0.1,10.61
ORD0009725,CUST00551,2023-01-07,Delivered,Credit Card,0.05,6.27
ORD0009726,CUST00151,2024-12-18,Returned,Wallet,0.0,10.12
ORD0009727,CUST00527,2024-10-09,Delivered,Debit Card,0.1,12.76
ORD0009728,CUST00515,2024-09-21,Cancelled,UPI,0.1,1.81
ORD0009729,CUST00240,2023-06-05,Delivered,Net Banking,0.0,1.96
ORD0009730,CUST01111,2023-03-24,Delivered,Wallet,0.0,1.91
ORD0009731,CUST00869,2024-07-17,Delivered,Debit Card,0.05,4.55
ORD0009732,CUST01063,2023-03-20,Delivered,PayPal,0.0,11.79
ORD0009733,CUST00153,2023-05-10,Delivered,UPI,0.05,3.68
ORD0009734,CUST01770,2024-12-11,Delivered,UPI,0.1,3.2
ORD0009735,CUST01499,2023-11-25,Delivered,Net Banking,0.0,7.05
ORD0009736,CUST00408,2024-10-09,Delivered,Debit Card,0.1,3.44
ORD0009737,CUST01769,2024-12-25,Delivered,Net Banking,0.0,5.43
ORD0009738,CUST00440,2024-01-03,Delivered,PayPal,0.1,11.0
ORD0009739,CUST00311,2024-08-06,Delivered,Debit Card,0.0,4.2
ORD0009740,CUST00317,2023-01-24,Delivered,Net Banking,0.0,10.94
ORD0009741,CUST00679,2024-04-09,Cancelled,Wallet,0.1,0.21
ORD0009742,CUST00715,2024-12-13,Returned,PayPal,0.2,3.65
ORD0009743,CUST00654,2022-08-26,Delivered,Credit Card,0.0,4.33
ORD0009744,CUST00094,2024-11-10,Delivered,UPI,0.1,7.47
ORD0009745,CUST01841,2024-11-02,Delivered,Net Banking,0.0,3.16
ORD0009746,CUST01223,2024-03-10,Delivered,PayPal,0.05,14.75
ORD0009747,CUST00387,2023-08-13,Delivered,Debit Card,0.0,0.27
ORD0009748,CUST00081,2024-12-20,Delivered,Wallet,0.0,13.85
ORD0009749,CUST01026,2024-07-31,Delivered,PayPal,0.0,10.9
ORD0009750,CUST00940,2024-09-27,Delivered,PayPal,0.15,4.01
ORD0009751,CUST00593,2023-10-29,Delivered,UPI,0.0,1.28
ORD0009752,CUST01352,2024-10-24,Delivered,Debit Card,0.0,11.39
ORD0009753,CUST01693,2024-12-18,Delivered,UPI,0.0,6.22
ORD0009754,CUST00778,2024-11-07,Cancelled,Net Banking,0.05,12.9
ORD0009755,CUST00886,2024-06-12,Delivered,PayPal,0.0,0.5
ORD0009756,CUST01304,2024-09-27,Delivered,Wallet,0.15,7.98
ORD0009757,CUST01196,2023-02-19,Delivered,Wallet,0.05,1.5
ORD0009758,CUST01284,2024-09-24,Returned,Net Banking,0.0,8.44
ORD0009759,CUST01414,2023-05-27,Delivered,Credit Card,0.1,8.37
ORD0009760,CUST00148,2024-01-09,Delivered,Wallet,0.0,9.9
ORD0009761,CUST00432,2024-03-30,Delivered,Debit Card,0.0,14.64
ORD0009762,CUST01638,2023-11-14,Returned,Debit Card,0.15,7.76
ORD0009763,CUST01741,2023-04-26,Delivered,Wallet,0.0,7.38
ORD0009764,CUST00950,2023-02-14,Delivered,PayPal,0.0,14.04
ORD0009765,CUST00398,2024-02-15,Delivered,Credit Card,0.15,2.77
ORD0009766,CUST00205,2023-01-18,Delivered,Debit Card,0.0,3.06
ORD0009767,CUST00215,2023-12-08,Delivered,Credit Card,0.0,4.46
ORD0009768,CUST00717,2024-08-24,Delivered,Debit Card,0.15,3.06
ORD0009769,CUST01240,2024-10-25,Delivered,Credit Card,0.2,14.75
ORD0009770,CUST00767,2024-04-27,Processing,Net Banking,0.0,12.86
ORD0009771,CUST00908,2024-09-11,Cancelled,Credit Card,0.0,1.81
ORD0009772,CUST01237,2024-09-29,Returned,UPI,0.1,9.49
ORD0009773,CUST01447,2024-02-10,Delivered,Wallet,0.1,4.96
ORD0009774,CUST00607,2024-04-06,Delivered,Wallet,0.05,11.58
ORD0009775,CUST01594,2024-11-20,Processing,Debit Card,0.1,1.61
ORD0009776,CUST00566,2024-11-26,Delivered,Net Banking,0.1,1.4
ORD0009777,CUST00602,2024-02-16,Delivered,Debit Card,0.05,14.82
ORD0009778,CUST01478,2024-12-08,Processing,Credit Card,0.05,10.22
ORD0009779,CUST00458,2024-11-08,Delivered,PayPal,0.15,5.46
ORD0009780,CUST00950,2022-06-01,Delivered,Wallet,0.05,9.08
ORD0009781,CUST00382,2023-11-22,Delivered,Wallet,0.05,11.89
ORD0009782,CUST00515,2024-04-06,Delivered,UPI,0.0,4.31
ORD0009783,CUST01133,2022-07-15,Delivered,PayPal,0.0,2.21
ORD0009784,CUST01830,2024-04-19,Returned,Credit Card,0.1,1.85
ORD0009785,CUST01818,2023-07-01,Delivered,UPI,0.15,8.28
ORD0009786,CUST01973,2023-12-20,Processing,Net Banking,0.0,8.72
ORD0009787,CUST01764,2024-10-31,Delivered,Wallet,0.0,13.94
ORD0009788,CUST00027,2024-10-13,Delivered,Net Banking,0.0,8.69
ORD0009789,CUST01643,2023-11-21,Returned,UPI,0.0,9.63
ORD0009790,CUST01723,2023-11-30,Processing,Net Banking,0.0,11.66
ORD0009791,CUST01239,2024-07-03,Delivered,Net Banking,0.0,1.97
ORD0009792,CUST01405,2023-07-01,Delivered,PayPal,0.05,13.04
ORD0009793,CUST01741,2023-01-09,Delivered,PayPal,0.0,12.51
ORD0009794,CUST00852,2024-06-23,Delivered,Wallet,0.05,6.12
ORD0009795,CUST01473,2023-06-07,Delivered,UPI,0.05,1.65
ORD0009796,CUST01491,2023-06-11,Delivered,Wallet,0.1,6.25
ORD0009797,CUST00368,2023-08-21,Delivered,Credit Card,0.05,8.86
ORD0009798,CUST00952,2024-11-10,Delivered,PayPal,0.05,13.07
ORD0009799,CUST00217,2024-11-27,Delivered,Debit Card,0.2,3.29
ORD0009800,CUST01564,2023-09-20,Returned,Wallet,0.05,14.91
ORD0009801,CUST01962,2024-05-31,Returned,Net Banking,0.0,10.71
ORD0009802,CUST00424,2024-10-27,Delivered,Net Banking,0.0,10.4
ORD0009803,CUST00772,2024-06-21,Delivered,Debit Card,0.15,11.93
ORD0009804,CUST01862,2022-10-24,Delivered,Wallet,0.05,9.41
ORD0009805,CUST00840,2024-05-19,Delivered,PayPal,0.05,11.45
ORD0009806,CUST00660,2024-04-11,Delivered,PayPal,0.0,8.98
ORD0009807,CUST01271,2023-10-04,Cancelled,PayPal,0.1,7.68
ORD0009808,CUST01496,2024-09-25,Returned,Wallet,0.15,1.45
ORD0009809,CUST01670,2024-06-25,Delivered,PayPal,0.0,8.48
ORD0009810,CUST01839,2024-07-19,Delivered,Credit Card,0.05,7.74
ORD0009811,CUST01418,2024-05-16,Processing,UPI,0.15,6.31
ORD0009812,CUST01132,2023-04-05,Delivered,UPI,0.15,13.24
ORD0009813,CUST01890,2022-09-20,Delivered,Wallet,0.05,5.08
ORD0009814,CUST01571,2023-06-12,Delivered,Net Banking,0.1,0.51
ORD0009815,CUST01189,2024-12-11,Returned,Debit Card,0.1,1.36
ORD0009816,CUST01231,2024-04-08,Delivered,Debit Card,0.0,1.64
ORD0009817,CUST01221,2024-11-29,Delivered,Credit Card,0.05,10.03
ORD0009818,CUST01950,2024-07-10,Delivered,Wallet,0.05,8.56
ORD0009819,CUST00239,2024-12-28,Returned,Debit Card,0.1,9.07
ORD0009820,CUST00087,2024-07-13,Delivered,PayPal,0.1,4.0
ORD0009821,CUST01124,2024-04-01,Delivered,PayPal,0.0,7.54
ORD0009822,CUST01790,2024-07-13,Delivered,Net Banking,0.05,8.88
ORD0009823,CUST00114,2024-02-10,Delivered,Credit Card,0.1,1.6
ORD0009824,CUST01303,2023-10-11,Delivered,Debit Card,0.0,3.83
ORD0009825,CUST01014,2024-10-01,Returned,UPI,0.0,13.35
ORD0009826,CUST00928,2023-10-21,Delivered,PayPal,0.0,9.09
ORD0009827,CUST00235,2024-11-20,Delivered,Debit Card,0.0,13.49
ORD0009828,CUST01300,2023-07-05,Delivered,Debit Card,0.0,9.43
ORD0009829,CUST01017,2023-09-06,Returned,Net Banking,0.05,2.96
ORD0009830,CUST00168,2024-12-25,Delivered,PayPal,0.05,14.93
ORD0009831,CUST01351,2022-06-04,Delivered,Net Banking,0.05,0.17
ORD0009832,CUST00632,2023-12-16,Delivered,Credit Card,0.0,9.7
ORD0009833,CUST01766,2022-12-07,Returned,PayPal,0.05,8.15
ORD0009834,CUST01449,2024-04-15,Delivered,Debit Card,0.1,10.58
ORD0009835,CUST00553,2024-01-09,Processing,Wallet,0.05,7.59
ORD0009836,CUST00983,2024-08-19,Delivered,UPI,0.0,2.55
ORD0009837,CUST00102,2024-12-10,Delivered,PayPal,0.0,6.49
ORD0009838,CUST00537,2024-01-21,Delivered,Net Banking,0.0,10.36
ORD0009839,CUST01651,2024-03-20,Returned,Wallet,0.05,7.67
ORD0009840,CUST00372,2024-08-25,Returned,Net Banking,0.05,8.8
ORD0009841,CUST00815,2024-04-10,Delivered,PayPal,0.0,7.32
ORD0009842,CUST00139,2023-04-29,Processing,PayPal,0.05,14.49
ORD0009843,CUST00181,2024-06-20,Delivered,UPI,0.15,13.23
ORD0009844,CUST01490,2024-08-31,Cancelled,Net Banking,0.05,2.9
ORD0009845,CUST01512,2024-07-31,Returned,Wallet,0.1,8.76
ORD0009846,CUST00786,2023-04-24,Delivered,Wallet,0.05,7.72
ORD0009847,CUST00889,2023-12-31,Delivered,Debit Card,0.0,14.69
ORD0009848,CUST00228,2024-08-16,Delivered,Debit Card,0.05,0.3
ORD0009849,CUST00056,2023-04-28,Delivered,UPI,0.1,12.19
ORD0009850,CUST01584,2024-12-29,Delivered,Wallet,0.05,7.59
ORD0009851,CUST01411,2024-12-28,Delivered,UPI,0.05,2.67
ORD0009852,CUST01860,2024-01-31,Delivered,Wallet,0.05,1.4
ORD0009853,CUST01467,2023-09-12,Delivered,Wallet,0.1,0.19
ORD0009854,CUST00173,2024-01-20,Delivered,Wallet,0.0,1.73
ORD0009855,CUST00560,2024-02-07,Cancelled,Net Banking,0.1,9.84
ORD0009856,CUST00588,2024-04-28,Delivered,UPI,0.05,4.81
ORD0009857,CUST00022,2024-10-16,Delivered,Debit Card,0.1,9.86
ORD0009858,CUST00206,2024-07-19,Delivered,UPI,0.0,7.23
ORD0009859,CUST01945,2022-11-02,Returned,Wallet,0.1,0.43
ORD0009860,CUST01618,2023-10-14,Delivered,Debit Card,0.0,2.52
ORD0009861,CUST01183,2023-01-15,Delivered,Wallet,0.0,7.13
ORD0009862,CUST00616,2023-09-15,Returned,Net Banking,0.0,6.75
ORD0009863,CUST01524,2024-12-26,Returned,Wallet,0.0,4.07
ORD0009864,CUST00136,2023-04-30,Cancelled,Credit Card,0.05,2.68
ORD0009865,CUST00405,2024-09-06,Delivered,Net Banking,0.1,3.31
ORD0009866,CUST01102,2024-07-19,Delivered,UPI,0.2,2.26
ORD0009867,CUST00559,2024-11-30,Delivered,PayPal,0.0,0.98
ORD0009868,CUST00342,2024-11-22,Returned,Net Banking,0.0,11.88
ORD0009869,CUST00068,2023-11-05,Returned,Debit Card,0.05,8.08
ORD0009870,CUST01995,2023-07-16,Delivered,Credit Card,0.2,10.77
ORD0009871,CUST01766,2022-12-28,Delivered,UPI,0.05,3.46
ORD0009872,CUST01804,2024-05-21,Delivered,Wallet,0.1,2.56
ORD0009873,CUST01767,2024-05-20,Delivered,Net Banking,0.0,10.9
ORD0009874,CUST00487,2024-10-11,Delivered,Credit Card,0.0,1.38
ORD0009875,CUST00617,2024-10-24,Delivered,Wallet,0.05,11.63
ORD0009876,CUST01808,2024-10-10,Delivered,Wallet,0.05,14.3
ORD0009877,CUST01744,2024-08-05,Processing,PayPal,0.0,13.03
ORD0009878,CUST01258,2024-06-10,Delivered,Credit Card,0.0,5.07
ORD0009879,CUST01271,2024-04-30,Delivered,Net Banking,0.1,13.98
ORD0009880,CUST01865,2024-05-04,Cancelled,PayPal,0.05,4.86
ORD0009881,CUST01192,2024-08-12,Delivered,UPI,0.1,13.52
ORD0009882,CUST01785,2024-08-03,Delivered,Debit Card,0.0,5.46
ORD0009883,CUST01104,2023-12-24,Delivered,Wallet,0.0,11.87
ORD0009884,CUST01677,2024-02-27,Returned,PayPal,0.1,3.43
ORD0009885,CUST00830,2023-09-02,Delivered,Credit Card,0.2,13.49
ORD0009886,CUST01890,2024-04-21,Delivered,Credit Card,0.0,2.17
ORD0009887,CUST01788,2024-03-09,Delivered,Net Banking,0.0,4.93
ORD0009888,CUST00032,2023-01-17,Returned,Wallet,0.0,4.3
ORD0009889,CUST00709,2023-05-04,Processing,Wallet,0.0,6.64
ORD0009890,CUST01466,2023-01-03,Returned,Debit Card,0.0,3.41
ORD0009891,CUST01199,2024-09-09,Cancelled,UPI,0.0,11.22
ORD0009892,CUST01761,2024-09-22,Cancelled,Credit Card,0.05,12.62
ORD0009893,CUST01345,2024-12-05,Returned,Wallet,0.0,1.25
ORD0009894,CUST01590,2024-10-04,Delivered,UPI,0.05,9.03
ORD0009895,CUST01687,2023-10-22,Delivered,Debit Card,0.15,10.44
ORD0009896,CUST00339,2024-11-13,Delivered,Net Banking,0.05,14.29
ORD0009897,CUST01193,2023-12-17,Delivered,PayPal,0.0,6.74
ORD0009898,CUST01086,2024-11-16,Delivered,Credit Card,0.0,14.49
ORD0009899,CUST00073,2024-11-26,Delivered,Net Banking,0.0,9.89
ORD0009900,CUST01690,2023-12-11,Delivered,Credit Card,0.15,9.26
ORD0009901,CUST01640,2023-05-22,Returned,UPI,0.1,1.47
ORD0009902,CUST01585,2023-03-02,Delivered,UPI,0.0,4.62
ORD0009903,CUST01739,2023-11-11,Delivered,Net Banking,0.2,13.01
ORD0009904,CUST00419,2023-05-23,Delivered,PayPal,0.1,6.9
ORD0009905,CUST00457,2023-06-05,Delivered,Net Banking,0.0,9.31
ORD0009906,CUST00994,2024-07-29,Delivered,Debit Card,0.05,2.48
ORD0009907,CUST01715,2024-07-08,Delivered,Credit Card,0.05,8.4
ORD0009908,CUST01182,2023-12-07,Delivered,PayPal,0.1,3.49
ORD0009909,CUST01692,2024-01-22,Delivered,Net Banking,0.0,8.28
ORD0009910,CUST00606,2024-09-15,Delivered,PayPal,0.05,2.02
ORD0009911,CUST01413,2024-12-06,Delivered,Debit Card,0.05,2.28
ORD0009912,CUST00144,2024-10-09,Returned,Debit Card,0.0,9.72
ORD0009913,CUST01401,2024-10-26,Delivered,Wallet,0.1,3.99
ORD0009914,CUST01601,2024-06-25,Delivered,PayPal,0.0,14.79
ORD0009915,CUST01482,2022-10-11,Delivered,Wallet,0.05,3.54
ORD0009916,CUST01653,2024-10-21,Delivered,Credit Card,0.1,12.97
ORD0009917,CUST00877,2024-05-27,Returned,PayPal,0.0,4.44
ORD0009918,CUST01653,2024-11-17,Returned,PayPal,0.05,14.44
ORD0009919,CUST01552,2024-10-05,Delivered,Debit Card,0.1,3.83
ORD0009920,CUST00432,2024-09-20,Delivered,Wallet,0.0,0.2
ORD0009921,CUST00234,2023-03-11,Delivered,Debit Card,0.1,4.18
ORD0009922,CUST01461,2023-07-03,Delivered,Credit Card,0.0,7.86
ORD0009923,CUST00022,2024-12-13,Delivered,Net Banking,0.05,8.59
ORD0009924,CUST01254,2024-02-20,Delivered,PayPal,0.05,9.6
ORD0009925,CUST00752,2022-03-20,Delivered,Net Banking,0.15,4.38
ORD0009926,CUST00564,2024-07-28,Delivered,PayPal,0.0,7.26
ORD0009927,CUST01174,2024-11-12,Delivered,Net Banking,0.0,12.46
ORD0009928,CUST00539,2024-08-30,Delivered,Net Banking,0.2,1.71
ORD0009929,CUST00866,2023-12-03,Delivered,Net Banking,0.1,3.0
ORD0009930,CUST00389,2024-01-02,Delivered,Debit Card,0.1,7.28
ORD0009931,CUST01924,2024-06-24,Delivered,Wallet,0.15,3.91
ORD0009932,CUST01825,2023-09-21,Delivered,Debit Card,0.05,7.84
ORD0009933,CUST00830,2024-07-29,Delivered,PayPal,0.0,3.53
ORD0009934,CUST00377,2024-12-15,Delivered,UPI,0.1,6.75
ORD0009935,CUST00423,2024-09-04,Delivered,PayPal,0.05,5.19
ORD0009936,CUST00358,2024-12-09,Processing,Credit Card,0.15,3.9
ORD0009937,CUST00698,2024-08-28,Delivered,Debit Card,0.0,4.2
ORD0009938,CUST01896,2024-12-16,Returned,Debit Card,0.05,5.83
ORD0009939,CUST00314,2024-04-26,Delivered,PayPal,0.0,4.38
ORD0009940,CUST00447,2024-12-11,Delivered,UPI,0.0,10.95
ORD0009941,CUST00823,2024-11-11,Delivered,Debit Card,0.1,2.12
ORD0009942,CUST01664,2024-04-06,Delivered,Credit Card,0.05,10.16
ORD0009943,CUST01452,2024-01-23,Delivered,UPI,0.15,2.14
ORD0009944,CUST01584,2024-08-24,Cancelled,Credit Card,0.0,6.94
ORD0009945,CUST00109,2024-01-13,Delivered,PayPal,0.0,7.3
ORD0009946,CUST01282,2023-04-09,Delivered,Credit Card,0.1,2.07
ORD0009947,CUST00291,2024-02-22,Delivered,Net Banking,0.1,10.17
ORD0009948,CUST00487,2024-01-31,Returned,Debit Card,0.0,0.63
ORD0009949,CUST00490,2024-05-25,Delivered,Net Banking,0.05,2.13
ORD0009950,CUST01648,2023-09-10,Delivered,UPI,0.05,14.57
ORD0009951,CUST00188,2024-10-26,Delivered,Credit Card,0.05,3.04
ORD0009952,CUST01797,2024-08-16,Delivered,Net Banking,0.1,12.22
ORD0009953,CUST00151,2024-12-30,Delivered,PayPal,0.0,2.33
ORD0009954,CUST01948,2024-11-23,Delivered,Debit Card,0.1,2.06
ORD0009955,CUST00988,2024-05-21,Delivered,Debit Card,0.0,6.07
ORD0009956,CUST00122,2024-06-01,Delivered,UPI,0.2,5.75
ORD0009957,CUST01382,2024-01-25,Delivered,UPI,0.1,0.22
ORD0009958,CUST00152,2023-09-29,Delivered,UPI,0.15,7.68
ORD0009959,CUST00663,2024-08-31,Cancelled,Net Banking,0.1,11.42
ORD0009960,CUST00980,2024-04-04,Delivered,UPI,0.0,1.82
ORD0009961,CUST01772,2024-12-23,Delivered,PayPal,0.15,11.35
ORD0009962,CUST01826,2024-10-11,Delivered,Debit Card,0.0,7.19
ORD0009963,CUST01626,2023-08-28,Delivered,UPI,0.05,1.85
ORD0009964,CUST00935,2024-12-15,Delivered,PayPal,0.0,5.81
ORD0009965,CUST01573,2024-05-17,Delivered,Net Banking,0.0,5.32
ORD0009966,CUST00093,2022-07-31,Delivered,Credit Card,0.05,10.23
ORD0009967,CUST01664,2022-11-19,Delivered,Net Banking,0.2,10.78
ORD0009968,CUST00082,2024-02-20,Delivered,Credit Card,0.0,5.82
ORD0009969,CUST00994,2024-09-10,Delivered,UPI,0.1,3.67
ORD0009970,CUST01533,2024-12-25,Delivered,Debit Card,0.0,6.37
ORD0009971,CUST01517,2023-12-06,Delivered,PayPal,0.0,14.2
ORD0009972,CUST01395,2023-04-15,Delivered,PayPal,0.05,3.66
ORD0009973,CUST00794,2023-07-31,Delivered,UPI,0.0,11.45
ORD0009974,CUST01218,2024-03-10,Delivered,Credit Card,0.0,3.9
ORD0009975,CUST01763,2024-11-01,Delivered,UPI,0.0,4.82
ORD0009976,CUST01720,2024-12-30,Delivered,UPI,0.1,13.97
ORD0009977,CUST00520,2022-12-12,Delivered,UPI,0.1,12.91
ORD0009978,CUST00800,2024-08-27,Delivered,Debit Card,0.0,12.22
ORD0009979,CUST00434,2023-10-06,Delivered,UPI,0.0,2.32
ORD0009980,CUST00330,2024-11-08,Delivered,Credit Card,0.15,14.33
ORD0009981,CUST00192,2024-06-13,Returned,Wallet,0.05,2.6
ORD0009982,CUST00445,2024-10-12,Delivered,PayPal,0.0,6.11
ORD0009983,CUST01967,2024-03-27,Returned,Net Banking,0.0,11.43
ORD0009984,CUST01207,2024-08-14,Delivered,Debit Card,0.1,3.14
ORD0009985,CUST01526,2022-06-19,Returned,Credit Card,0.05,0.02
ORD0009986,CUST01183,2023-11-09,Delivered,Debit Card,0.1,1.23
ORD0009987,CUST00176,2023-06-01,Delivered,Credit Card,0.0,11.54
ORD0009988,CUST01061,2022-08-24,Delivered,UPI,0.1,3.73
ORD0009989,CUST00177,2023-11-21,Processing,UPI,0.05,11.44
ORD0009990,CUST01403,2023-10-19,Delivered,Net Banking,0.0,4.12
ORD0009991,CUST01452,2024-07-05,Delivered,Wallet,0.05,1.87
ORD0009992,CUST01843,2024-01-21,Delivered,Debit Card,0.0,4.99
ORD0009993,CUST01339,2024-11-09,Returned,Net Banking,0.1,2.62
ORD0009994,CUST00418,2022-10-15,Processing,Debit Card,0.0,0.47
ORD0009995,CUST00906,2023-02-20,Delivered,UPI,0.0,2.91
ORD0009996,CUST00422,2022-07-18,Processing,Credit Card,0.0,2.0
ORD0009997,CUST00691,2024-04-14,Delivered,PayPal,0.0,2.66
ORD0009998,CUST00957,2023-07-09,Delivered,UPI,0.1,9.3
ORD0009999,CUST01801,2024-04-01,Delivered,Credit Card,0.0,1.6
ORD0010000,CUST00004,2024-06-20,Delivered,Debit Card,0.05,6.18
ORD0010001,CUST01783,2024-12-15,Cancelled,Net Banking,0.0,6.58
ORD0010002,CUST01776,2023-03-29,Delivered,PayPal,0.1,11.42
ORD0010003,CUST01484,2023-09-26,Delivered,Debit Card,0.1,9.81
ORD0010004,CUST01284,2024-11-26,Delivered,PayPal,0.0,2.26
ORD0010005,CUST00910,2024-06-10,Delivered,Net Banking,0.0,10.99
ORD0010006,CUST01222,2024-06-26,Delivered,UPI,0.2,1.0
ORD0010007,CUST00627,2024-06-07,Delivered,Credit Card,0.0,9.8
ORD0010008,CUST01256,2024-07-28,Delivered,Credit Card,0.0,12.38
ORD0010009,CUST00856,2024-08-24,Delivered,UPI,0.1,6.53
ORD0010010,CUST00731,2024-05-17,Delivered,Debit Card,0.1,1.03
ORD0010011,CUST00453,2024-05-04,Delivered,UPI,0.0,6.72
ORD0010012,CUST00681,2024-11-10,Processing,Wallet,0.0,0.63
ORD0010013,CUST00422,2023-04-03,Delivered,Net Banking,0.0,6.22
ORD0010014,CUST00962,2024-07-24,Delivered,Debit Card,0.05,1.37
ORD0010015,CUST00402,2024-10-23,Delivered,Credit Card,0.0,2.01
ORD0010016,CUST00442,2023-01-04,Delivered,Credit Card,0.1,6.92
ORD0010017,CUST00887,2024-02-06,Delivered,Net Banking,0.1,2.66
ORD0010018,CUST00865,2024-11-21,Delivered,PayPal,0.0,14.97
ORD0010019,CUST00378,2024-02-04,Returned,Wallet,0.1,3.73
ORD0010020,CUST01458,2022-10-04,Returned,Net Banking,0.0,1.73
ORD0010021,CUST00229,2024-12-13,Returned,Wallet,0.05,9.39
ORD0010022,CUST01935,2024-09-30,Delivered,Net Banking,0.1,7.7
ORD0010023,CUST00329,2023-11-28,Delivered,UPI,0.0,4.62
ORD0010024,CUST00296,2023-07-29,Cancelled,Debit Card,0.15,0.73
ORD0010025,CUST00116,2024-07-06,Delivered,Credit Card,0.1,12.64
ORD0010026,CUST00217,2024-12-20,Returned,Debit Card,0.15,0.17
ORD0010027,CUST01688,2023-10-04,Delivered,Credit Card,0.05,8.38
ORD0010028,CUST01406,2024-09-20,Delivered,PayPal,0.0,0.7
ORD0010029,CUST00788,2024-01-31,Delivered,PayPal,0.05,4.51
ORD0010030,CUST01854,2024-06-14,Delivered,Credit Card,0.05,10.44
ORD0010031,CUST01074,2023-09-06,Delivered,Net Banking,0.0,13.87
ORD0010032,CUST01599,2024-08-19,Delivered,Credit Card,0.15,12.96
ORD0010033,CUST00866,2023-05-05,Delivered,UPI,0.05,6.93
ORD0010034,CUST01360,2024-10-21,Delivered,Credit Card,0.15,1.17
ORD0010035,CUST01034,2022-11-01,Returned,PayPal,0.0,12.36
ORD0010036,CUST00988,2023-12-29,Delivered,Wallet,0.1,13.15
ORD0010037,CUST00876,2023-03-09,Returned,PayPal,0.0,9.13
ORD0010038,CUST01290,2024-10-20,Delivered,Wallet,0.1,4.11
ORD0010039,CUST01342,2023-08-28,Delivered,Debit Card,0.05,1.59
ORD0010040,CUST01079,2024-07-18,Delivered,Debit Card,0.0,3.24
ORD0010041,CUST01479,2024-11-26,Delivered,Net Banking,0.05,14.43
ORD0010042,CUST01790,2024-09-22,Delivered,Debit Card,0.15,13.31
ORD0010043,CUST00441,2024-03-07,Delivered,Wallet,0.0,8.97
ORD0010044,CUST00702,2023-11-10,Processing,UPI,0.05,2.23
ORD0010045,CUST00446,2023-02-22,Returned,UPI,0.0,14.49
ORD0010046,CUST01481,2024-11-25,Cancelled,PayPal,0.1,7.75
ORD0010047,CUST01094,2023-05-05,Returned,Wallet,0.1,10.01
ORD0010048,CUST01667,2022-08-29,Delivered,Debit Card,0.05,12.05
ORD0010049,CUST01680,2024-06-11,Delivered,Net Banking,0.05,12.31
ORD0010050,CUST01199,2024-08-11,Delivered,Net Banking,0.1,14.84
ORD0010051,CUST00873,2024-08-17,Delivered,Wallet,0.05,1.42
ORD0010052,CUST00351,2023-07-31,Delivered,PayPal,0.0,2.19
ORD0010053,CUST00979,2024-03-19,Delivered,Wallet,0.0,14.89
ORD0010054,CUST01943,2024-11-14,Delivered,UPI,0.0,3.4
ORD0010055,CUST01682,2024-06-26,Delivered,PayPal,0.0,1.59
ORD0010056,CUST00898,2024-08-25,Delivered,PayPal,0.0,8.85
ORD0010057,CUST01672,2023-04-29,Delivered,Credit Card,0.05,4.45
ORD0010058,CUST00265,2024-03-01,Delivered,Net Banking,0.05,5.63
ORD0010059,CUST00302,2024-04-22,Delivered,Debit Card,0.0,5.22
ORD0010060,CUST00078,2024-07-26,Returned,PayPal,0.1,7.0
ORD0010061,CUST01543,2024-06-14,Delivered,PayPal,0.05,0.98
ORD0010062,CUST00266,2023-08-04,Delivered,Credit Card,0.0,8.71
ORD0010063,CUST01854,2024-09-04,Cancelled,PayPal,0.0,11.64
ORD0010064,CUST00328,2024-03-19,Delivered,UPI,0.0,11.07
ORD0010065,CUST01920,2024-01-28,Delivered,Wallet,0.1,2.32
ORD0010066,CUST01117,2023-06-11,Delivered,Debit Card,0.1,9.43
ORD0010067,CUST00961,2024-04-16,Delivered,Credit Card,0.05,12.88
ORD0010068,CUST01968,2024-03-12,Returned,Wallet,0.05,7.03
ORD0010069,CUST00169,2024-07-30,Delivered,PayPal,0.2,9.15
ORD0010070,CUST00374,2024-04-29,Delivered,Wallet,0.0,13.63
ORD0010071,CUST00169,2024-07-19,Delivered,Wallet,0.0,10.91
ORD0010072,CUST01534,2023-03-29,Delivered,Net Banking,0.05,7.79
ORD0010073,CUST01332,2023-09-25,Delivered,Debit Card,0.1,6.18
ORD0010074,CUST01933,2024-09-30,Delivered,UPI,0.15,4.43
ORD0010075,CUST00310,2024-10-28,Delivered,Wallet,0.2,14.09
ORD0010076,CUST01945,2024-07-05,Delivered,Wallet,0.1,3.39
ORD0010077,CUST01617,2024-10-03,Delivered,Net Banking,0.05,14.1
ORD0010078,CUST00471,2024-05-29,Delivered,PayPal,0.0,12.34
ORD0010079,CUST01283,2024-08-14,Processing,Credit Card,0.0,14.74
ORD0010080,CUST00358,2024-10-21,Returned,UPI,0.0,6.79
ORD0010081,CUST01112,2024-05-28,Delivered,Net Banking,0.05,7.22
ORD0010082,CUST00421,2023-02-15,Delivered,Net Banking,0.15,2.9
ORD0010083,CUST00177,2024-05-28,Delivered,Wallet,0.0,7.68
ORD0010084,CUST01039,2023-12-27,Delivered,UPI,0.2,9.28
ORD0010085,CUST00903,2022-07-31,Processing,UPI,0.0,8.27
ORD0010086,CUST00451,2024-07-20,Delivered,Credit Card,0.1,14.01
ORD0010087,CUST01303,2024-08-11,Delivered,Credit Card,0.2,12.98
ORD0010088,CUST01263,2024-05-01,Delivered,Net Banking,0.15,12.07
ORD0010089,CUST00212,2024-09-15,Delivered,Wallet,0.0,2.9
ORD0010090,CUST01023,2024-12-05,Processing,Debit Card,0.0,8.34
ORD0010091,CUST01207,2023-10-13,Delivered,Net Banking,0.05,13.55
ORD0010092,CUST00399,2024-10-20,Delivered,Credit Card,0.05,7.38
ORD0010093,CUST00822,2024-03-22,Returned,Debit Card,0.2,3.3
ORD0010094,CUST00324,2023-10-31,Delivered,Debit Card,0.05,9.33
ORD0010095,CUST01525,2024-07-27,Delivered,PayPal,0.0,5.2
ORD0010096,CUST00193,2024-05-03,Delivered,Credit Card,0.1,5.04
ORD0010097,CUST01740,2022-06-17,Delivered,Debit Card,0.0,5.35
ORD0010098,CUST00787,2024-01-25,Processing,Net Banking,0.0,2.31
ORD0010099,CUST00095,2024-12-24,Delivered,UPI,0.0,1.19
ORD0010100,CUST00538,2024-11-03,Delivered,Net Banking,0.05,0.31
ORD0010101,CUST00924,2024-12-19,Delivered,Net Banking,0.05,7.94
ORD0010102,CUST01984,2022-08-09,Delivered,Debit Card,0.0,9.73
ORD0010103,CUST00412,2024-06-24,Delivered,PayPal,0.05,4.8
ORD0010104,CUST00428,2024-04-02,Delivered,UPI,0.05,14.45
ORD0010105,CUST00014,2024-04-04,Delivered,Credit Card,0.0,11.16
ORD0010106,CUST01490,2024-09-28,Delivered,PayPal,0.1,9.6
ORD0010107,CUST00915,2023-02-09,Delivered,Net Banking,0.1,8.16
ORD0010108,CUST01941,2024-06-22,Delivered,Credit Card,0.0,14.53
ORD0010109,CUST01032,2024-08-02,Delivered,Net Banking,0.05,11.19
ORD0010110,CUST00223,2024-07-01,Delivered,Credit Card,0.0,9.99
ORD0010111,CUST01684,2024-12-29,Cancelled,Wallet,0.1,11.3
ORD0010112,CUST01970,2023-07-26,Delivered,Credit Card,0.1,9.5
ORD0010113,CUST01665,2023-10-28,Delivered,Credit Card,0.0,14.77
ORD0010114,CUST00935,2024-10-21,Delivered,UPI,0.1,14.08
ORD0010115,CUST01982,2024-02-15,Returned,Net Banking,0.0,13.74
ORD0010116,CUST00427,2024-09-30,Delivered,PayPal,0.1,4.63
ORD0010117,CUST01060,2023-09-14,Processing,Debit Card,0.1,13.5
ORD0010118,CUST00997,2024-06-17,Delivered,Wallet,0.0,7.16
ORD0010119,CUST01176,2024-04-01,Delivered,Credit Card,0.15,3.74
ORD0010120,CUST01378,2024-10-04,Delivered,Net Banking,0.1,3.82
ORD0010121,CUST00537,2024-12-24,Delivered,Debit Card,0.0,14.41
ORD0010122,CUST00525,2024-10-02,Returned,UPI,0.05,4.4
ORD0010123,CUST00095,2024-12-08,Delivered,Debit Card,0.15,6.91
ORD0010124,CUST00280,2024-10-31,Returned,Credit Card,0.05,4.82
ORD0010125,CUST01239,2022-10-03,Delivered,Wallet,0.05,11.75
ORD0010126,CUST00393,2023-08-09,Delivered,UPI,0.1,4.0
ORD0010127,CUST00458,2023-11-20,Delivered,Net Banking,0.1,11.18
ORD0010128,CUST01561,2024-06-09,Delivered,Wallet,0.15,8.19
ORD0010129,CUST00357,2024-06-07,Delivered,UPI,0.05,11.33
ORD0010130,CUST01848,2024-03-21,Delivered,Wallet,0.1,7.04
ORD0010131,CUST00454,2024-10-12,Delivered,PayPal,0.0,0.02
ORD0010132,CUST01678,2023-12-23,Delivered,PayPal,0.1,1.34
ORD0010133,CUST00707,2024-01-24,Delivered,PayPal,0.05,7.21
ORD0010134,CUST00179,2024-12-29,Cancelled,Net Banking,0.0,12.03
ORD0010135,CUST00911,2024-10-16,Returned,Debit Card,0.0,0.42
ORD0010136,CUST01120,2023-09-25,Processing,Credit Card,0.0,13.83
ORD0010137,CUST00390,2024-07-04,Delivered,PayPal,0.0,0.71
ORD0010138,CUST00788,2024-09-22,Delivered,Wallet,0.0,3.79
ORD0010139,CUST00740,2023-06-28,Delivered,Debit Card,0.0,9.46
ORD0010140,CUST00532,2024-10-09,Processing,Wallet,0.05,11.04
ORD0010141,CUST01042,2024-08-28,Delivered,Credit Card,0.05,11.56
ORD0010142,CUST00864,2023-04-13,Delivered,UPI,0.2,9.61
ORD0010143,CUST01984,2023-03-17,Returned,Credit Card,0.05,7.17
ORD0010144,CUST00780,2024-12-30,Delivered,Wallet,0.05,10.06
ORD0010145,CUST00010,2024-09-18,Processing,Credit Card,0.0,0.66
ORD0010146,CUST00247,2024-11-22,Delivered,PayPal,0.2,11.68
ORD0010147,CUST01020,2024-10-27,Delivered,PayPal,0.1,5.11
ORD0010148,CUST00095,2024-12-25,Processing,PayPal,0.05,13.55
ORD0010149,CUST01505,2024-11-10,Delivered,UPI,0.05,14.51
ORD0010150,CUST00451,2022-07-29,Cancelled,Debit Card,0.15,5.68
ORD0010151,CUST01392,2024-05-11,Delivered,Net Banking,0.05,13.91
ORD0010152,CUST00884,2024-12-21,Delivered,PayPal,0.1,6.45
ORD0010153,CUST00441,2023-12-22,Delivered,Credit Card,0.0,13.41
ORD0010154,CUST01071,2024-05-25,Delivered,Credit Card,0.0,1.06
ORD0010155,CUST00418,2023-09-19,Delivered,PayPal,0.1,6.84
ORD0010156,CUST00028,2024-07-18,Delivered,Debit Card,0.0,3.58
ORD0010157,CUST01345,2024-12-29,Delivered,Net Banking,0.1,11.46
ORD0010158,CUST00812,2024-03-21,Cancelled,Credit Card,0.0,0.28
ORD0010159,CUST01505,2023-12-13,Delivered,Wallet,0.05,2.14
ORD0010160,CUST01518,2023-09-07,Delivered,PayPal,0.0,7.94
ORD0010161,CUST00454,2024-01-08,Delivered,Net Banking,0.1,14.02
ORD0010162,CUST01957,2024-08-08,Delivered,PayPal,0.0,12.7
ORD0010163,CUST00028,2024-07-10,Delivered,PayPal,0.0,1.71
ORD0010164,CUST00887,2023-11-03,Delivered,Net Banking,0.0,0.8
ORD0010165,CUST01900,2024-07-24,Delivered,UPI,0.0,1.02
ORD0010166,CUST01295,2023-07-25,Delivered,UPI,0.05,7.08
ORD0010167,CUST00844,2023-03-26,Delivered,UPI,0.05,13.43
ORD0010168,CUST01469,2022-08-26,Delivered,Wallet,0.05,0.57
ORD0010169,CUST01668,2022-09-30,Delivered,PayPal,0.0,2.86
ORD0010170,CUST01796,2022-07-18,Delivered,Credit Card,0.1,7.9
ORD0010171,CUST01295,2023-10-24,Cancelled,UPI,0.05,9.99
ORD0010172,CUST01246,2024-11-26,Delivered,Debit Card,0.15,0.46
ORD0010173,CUST01777,2023-07-28,Delivered,Net Banking,0.05,3.48
ORD0010174,CUST01079,2024-03-24,Delivered,UPI,0.1,2.8
ORD0010175,CUST01914,2024-11-30,Delivered,Credit Card,0.0,13.05
ORD0010176,CUST00023,2024-09-03,Delivered,UPI,0.0,10.4
ORD0010177,CUST01226,2024-12-29,Delivered,Net Banking,0.15,7.08
ORD0010178,CUST00922,2024-05-20,Processing,PayPal,0.05,10.08
ORD0010179,CUST01056,2024-01-22,Delivered,Wallet,0.1,11.65
ORD0010180,CUST00448,2024-04-10,Cancelled,Net Banking,0.0,4.46
ORD0010181,CUST00424,2024-12-15,Delivered,UPI,0.0,8.67
ORD0010182,CUST00460,2023-07-26,Delivered,Net Banking,0.1,2.84
ORD0010183,CUST01305,2024-11-17,Delivered,Net Banking,0.0,1.22
ORD0010184,CUST01545,2023-12-21,Delivered,Net Banking,0.05,10.29
ORD0010185,CUST01774,2024-12-22,Delivered,Wallet,0.05,9.51
ORD0010186,CUST00128,2024-11-13,Returned,PayPal,0.2,9.49
ORD0010187,CUST00224,2023-05-04,Delivered,Credit Card,0.0,6.11
ORD0010188,CUST00976,2024-12-20,Delivered,Net Banking,0.05,13.66
ORD0010189,CUST00155,2024-12-15,Returned,Wallet,0.2,3.84
ORD0010190,CUST01817,2024-03-18,Delivered,UPI,0.0,6.48
ORD0010191,CUST00920,2024-10-10,Cancelled,Wallet,0.0,5.76
ORD0010192,CUST01693,2024-01-13,Delivered,Debit Card,0.0,9.97
ORD0010193,CUST01503,2024-10-12,Delivered,UPI,0.0,12.97
ORD0010194,CUST00848,2023-05-06,Delivered,Debit Card,0.0,5.46
ORD0010195,CUST00673,2024-09-27,Returned,Wallet,0.15,7.16
ORD0010196,CUST01051,2024-10-20,Delivered,Debit Card,0.05,12.31
ORD0010197,CUST00620,2024-10-25,Delivered,Debit Card,0.1,7.23
ORD0010198,CUST00719,2024-12-13,Delivered,Wallet,0.0,7.39
ORD0010199,CUST01561,2023-08-08,Delivered,Credit Card,0.1,0.04
ORD0010200,CUST00741,2022-11-24,Returned,UPI,0.0,8.17
ORD0010201,CUST00243,2024-01-03,Delivered,Debit Card,0.05,0.51
ORD0010202,CUST00085,2022-08-13,Delivered,Credit Card,0.15,3.45
ORD0010203,CUST01488,2024-09-02,Cancelled,Wallet,0.0,4.17
ORD0010204,CUST01147,2022-11-19,Delivered,Net Banking,0.05,2.51
ORD0010205,CUST00938,2022-12-08,Delivered,Credit Card,0.05,9.91
ORD0010206,CUST01415,2022-08-14,Delivered,Debit Card,0.1,12.59
ORD0010207,CUST00410,2024-07-21,Delivered,Credit Card,0.05,1.68
ORD0010208,CUST01914,2024-10-30,Delivered,Wallet,0.0,7.99
ORD0010209,CUST01239,2024-05-26,Delivered,Debit Card,0.0,4.15
ORD0010210,CUST00520,2024-03-04,Delivered,Wallet,0.0,1.68
ORD0010211,CUST00030,2023-11-04,Returned,UPI,0.1,13.45
ORD0010212,CUST00278,2022-05-08,Delivered,Credit Card,0.0,3.67
ORD0010213,CUST01311,2023-11-28,Delivered,Credit Card,0.05,12.56
ORD0010214,CUST01570,2024-06-12,Delivered,Wallet,0.15,14.15
ORD0010215,CUST01824,2024-06-17,Delivered,UPI,0.0,5.7
ORD0010216,CUST00165,2024-02-20,Delivered,Wallet,0.1,14.86
ORD0010217,CUST00331,2024-09-03,Delivered,PayPal,0.05,10.92
ORD0010218,CUST00877,2023-04-20,Delivered,Net Banking,0.0,7.44
ORD0010219,CUST00981,2024-07-02,Returned,Debit Card,0.0,14.0
ORD0010220,CUST00886,2024-09-29,Delivered,Debit Card,0.0,5.2
ORD0010221,CUST01449,2024-12-12,Delivered,Credit Card,0.1,4.21
ORD0010222,CUST01425,2024-10-08,Delivered,Credit Card,0.05,3.98
ORD0010223,CUST00982,2023-09-07,Delivered,PayPal,0.15,11.57
ORD0010224,CUST01034,2022-12-21,Delivered,Debit Card,0.15,13.01
ORD0010225,CUST01494,2023-12-21,Delivered,Debit Card,0.0,9.02
ORD0010226,CUST00342,2024-09-29,Delivered,Net Banking,0.15,13.15
ORD0010227,CUST01730,2024-05-03,Delivered,Credit Card,0.0,0.7
ORD0010228,CUST00206,2024-02-23,Returned,Net Banking,0.0,1.92
ORD0010229,CUST01750,2023-05-18,Delivered,Debit Card,0.0,2.7
ORD0010230,CUST00983,2024-10-08,Delivered,PayPal,0.0,10.68
ORD0010231,CUST01585,2024-08-06,Delivered,UPI,0.05,3.05
ORD0010232,CUST00330,2024-12-05,Delivered,Wallet,0.0,13.18
ORD0010233,CUST00773,2024-03-06,Delivered,PayPal,0.05,2.96
ORD0010234,CUST01244,2024-03-11,Returned,Net Banking,0.05,10.81
ORD0010235,CUST00187,2024-08-04,Delivered,UPI,0.0,13.7
ORD0010236,CUST01756,2024-01-01,Delivered,Wallet,0.0,10.0
ORD0010237,CUST00031,2024-12-11,Returned,Net Banking,0.15,8.83
ORD0010238,CUST01694,2024-10-19,Delivered,Credit Card,0.05,1.64
ORD0010239,CUST01436,2023-07-08,Delivered,Net Banking,0.1,1.55
ORD0010240,CUST01615,2024-09-06,Delivered,Credit Card,0.15,4.94
ORD0010241,CUST01467,2024-06-04,Delivered,Credit Card,0.1,13.38
ORD0010242,CUST01185,2024-12-26,Delivered,UPI,0.0,0.76
ORD0010243,CUST01376,2023-05-19,Delivered,Net Banking,0.0,11.71
ORD0010244,CUST01557,2024-12-03,Delivered,PayPal,0.0,9.2
ORD0010245,CUST01009,2024-04-03,Returned,Wallet,0.0,7.22
ORD0010246,CUST01068,2024-07-29,Delivered,PayPal,0.0,4.61
ORD0010247,CUST00294,2024-08-23,Delivered,Net Banking,0.0,5.17
ORD0010248,CUST01265,2022-11-20,Delivered,Debit Card,0.1,6.61
ORD0010249,CUST01330,2022-05-20,Delivered,PayPal,0.1,8.55
ORD0010250,CUST01916,2024-08-22,Delivered,Net Banking,0.1,13.56
ORD0010251,CUST01150,2022-07-03,Delivered,UPI,0.0,3.43
ORD0010252,CUST00398,2024-08-08,Processing,Wallet,0.15,4.2
ORD0010253,CUST00851,2024-11-05,Delivered,Debit Card,0.1,5.82
ORD0010254,CUST00825,2023-12-13,Delivered,Debit Card,0.05,5.08
ORD0010255,CUST00188,2024-06-16,Delivered,Net Banking,0.1,7.19
ORD0010256,CUST01231,2024-04-16,Delivered,Net Banking,0.05,7.57
ORD0010257,CUST00285,2024-11-18,Delivered,Debit Card,0.05,11.89
ORD0010258,CUST00795,2023-03-29,Delivered,Credit Card,0.0,1.71
ORD0010259,CUST00573,2024-11-14,Delivered,UPI,0.1,6.95
ORD0010260,CUST00186,2024-02-28,Delivered,Debit Card,0.05,2.02
ORD0010261,CUST01603,2024-03-01,Returned,Wallet,0.05,13.03
ORD0010262,CUST00535,2024-10-23,Delivered,PayPal,0.05,11.71
ORD0010263,CUST00696,2024-04-25,Cancelled,Wallet,0.05,1.62
ORD0010264,CUST01239,2024-12-22,Delivered,Net Banking,0.05,5.86
ORD0010265,CUST01784,2023-04-27,Processing,UPI,0.1,6.87
ORD0010266,CUST01620,2024-12-02,Delivered,Credit Card,0.0,14.5
ORD0010267,CUST01943,2024-12-01,Delivered,UPI,0.1,1.59
ORD0010268,CUST01864,2024-02-20,Delivered,UPI,0.15,13.97
ORD0010269,CUST00793,2024-10-18,Delivered,Wallet,0.0,0.99
ORD0010270,CUST00815,2023-07-06,Delivered,PayPal,0.0,4.96
ORD0010271,CUST00766,2024-08-14,Cancelled,Debit Card,0.1,9.37
ORD0010272,CUST00137,2024-09-30,Delivered,Net Banking,0.0,12.37
ORD0010273,CUST00188,2024-06-03,Cancelled,PayPal,0.05,1.27
ORD0010274,CUST00004,2024-10-07,Delivered,Debit Card,0.0,13.96
ORD0010275,CUST00548,2023-11-23,Processing,Debit Card,0.0,6.34
ORD0010276,CUST00324,2024-01-28,Delivered,Net Banking,0.1,5.2
ORD0010277,CUST00475,2024-11-13,Delivered,Debit Card,0.0,0.93
ORD0010278,CUST00024,2024-01-29,Delivered,Credit Card,0.0,4.03
ORD0010279,CUST00782,2024-09-22,Processing,PayPal,0.1,7.36
ORD0010280,CUST01769,2024-05-19,Delivered,Debit Card,0.0,9.28
ORD0010281,CUST00288,2024-07-01,Delivered,UPI,0.05,0.47
ORD0010282,CUST00462,2024-03-29,Delivered,Wallet,0.1,9.57
ORD0010283,CUST01022,2023-11-14,Delivered,UPI,0.05,10.2
ORD0010284,CUST01358,2024-04-17,Returned,UPI,0.0,13.85
ORD0010285,CUST00565,2022-10-21,Returned,Credit Card,0.15,5.93
ORD0010286,CUST00634,2024-12-15,Delivered,Wallet,0.05,10.89
ORD0010287,CUST00587,2023-04-24,Delivered,Net Banking,0.0,1.42
ORD0010288,CUST00887,2024-02-18,Returned,Wallet,0.0,6.29
ORD0010289,CUST01004,2024-11-03,Delivered,Debit Card,0.1,14.21
ORD0010290,CUST00082,2024-10-21,Processing,UPI,0.1,4.92
ORD0010291,CUST00917,2024-07-21,Cancelled,Debit Card,0.0,13.99
ORD0010292,CUST00363,2024-07-28,Returned,Net Banking,0.05,7.76
ORD0010293,CUST01234,2024-08-28,Delivered,Wallet,0.0,5.67
ORD0010294,CUST01779,2023-05-25,Processing,Debit Card,0.05,13.11
ORD0010295,CUST01158,2024-10-31,Delivered,UPI,0.0,9.66
ORD0010296,CUST01059,2024-06-05,Delivered,Net Banking,0.05,4.99
ORD0010297,CUST01579,2024-10-23,Delivered,Debit Card,0.0,8.8
ORD0010298,CUST00626,2023-01-10,Delivered,Wallet,0.0,12.52
ORD0010299,CUST01713,2022-11-26,Delivered,Wallet,0.0,3.77
ORD0010300,CUST01986,2024-08-30,Cancelled,Net Banking,0.2,3.23
ORD0010301,CUST01112,2024-08-19,Delivered,UPI,0.1,1.21
ORD0010302,CUST01419,2022-08-01,Delivered,PayPal,0.1,7.56
ORD0010303,CUST01071,2024-06-12,Returned,Credit Card,0.2,13.03
ORD0010304,CUST01423,2023-04-08,Returned,Net Banking,0.1,2.69
ORD0010305,CUST01713,2024-04-06,Delivered,PayPal,0.2,10.99
ORD0010306,CUST00388,2024-11-30,Delivered,Debit Card,0.1,5.57
ORD0010307,CUST01632,2023-12-12,Delivered,Wallet,0.0,14.64
ORD0010308,CUST01268,2023-03-08,Delivered,Wallet,0.0,13.73
ORD0010309,CUST01421,2024-11-20,Delivered,Net Banking,0.2,9.15
ORD0010310,CUST01018,2022-06-13,Delivered,Credit Card,0.05,14.01
ORD0010311,CUST00335,2024-07-08,Processing,Net Banking,0.2,7.23
ORD0010312,CUST01084,2024-12-27,Delivered,UPI,0.15,9.01
ORD0010313,CUST00640,2023-01-11,Delivered,UPI,0.0,5.27
ORD0010314,CUST01276,2024-11-01,Delivered,Credit Card,0.0,3.67
ORD0010315,CUST01403,2024-01-28,Processing,Debit Card,0.2,8.37
ORD0010316,CUST00260,2024-06-03,Delivered,Wallet,0.1,0.05
ORD0010317,CUST01525,2024-07-29,Delivered,Net Banking,0.0,7.04
ORD0010318,CUST01666,2024-12-24,Delivered,UPI,0.15,1.59
ORD0010319,CUST01891,2023-12-30,Returned,Wallet,0.15,12.5
ORD0010320,CUST00287,2023-10-27,Delivered,Net Banking,0.05,9.9
ORD0010321,CUST01399,2024-07-31,Delivered,Credit Card,0.05,5.14
ORD0010322,CUST00108,2024-10-27,Returned,Credit Card,0.2,7.35
ORD0010323,CUST00669,2023-10-02,Delivered,Debit Card,0.0,6.96
ORD0010324,CUST00064,2022-05-01,Delivered,Credit Card,0.0,3.16
ORD0010325,CUST01243,2024-01-07,Delivered,Debit Card,0.15,6.38
ORD0010326,CUST00394,2023-05-02,Delivered,Credit Card,0.15,6.34
ORD0010327,CUST00524,2023-08-21,Delivered,Debit Card,0.15,6.24
ORD0010328,CUST00441,2024-04-30,Cancelled,Credit Card,0.1,3.5
ORD0010329,CUST00563,2024-11-01,Delivered,Debit Card,0.15,9.65
ORD0010330,CUST01321,2024-01-22,Delivered,UPI,0.0,9.47
ORD0010331,CUST01931,2024-06-09,Processing,Credit Card,0.0,14.99
ORD0010332,CUST01194,2022-07-03,Delivered,UPI,0.15,0.01
ORD0010333,CUST01078,2024-11-14,Delivered,Wallet,0.1,12.18
ORD0010334,CUST01820,2022-11-18,Delivered,PayPal,0.0,0.59
ORD0010335,CUST00241,2024-11-30,Delivered,Net Banking,0.05,5.65
ORD0010336,CUST01010,2024-06-25,Delivered,Wallet,0.1,2.39
ORD0010337,CUST01228,2024-10-09,Delivered,Credit Card,0.0,5.9
ORD0010338,CUST00413,2023-11-11,Returned,Credit Card,0.0,13.41
ORD0010339,CUST01600,2023-05-04,Returned,Debit Card,0.0,5.53
ORD0010340,CUST01134,2024-02-20,Delivered,PayPal,0.1,10.36
ORD0010341,CUST01940,2023-05-02,Delivered,PayPal,0.0,4.57
ORD0010342,CUST00899,2024-01-23,Returned,Net Banking,0.0,12.24
ORD0010343,CUST00373,2023-07-25,Delivered,PayPal,0.2,5.43
ORD0010344,CUST01114,2024-11-24,Delivered,UPI,0.2,5.77
ORD0010345,CUST01961,2024-10-23,Delivered,Wallet,0.15,12.43
ORD0010346,CUST00816,2024-06-27,Returned,Net Banking,0.15,8.06
ORD0010347,CUST01042,2024-07-31,Delivered,Net Banking,0.2,13.2
ORD0010348,CUST01259,2024-02-19,Returned,Net Banking,0.0,10.69
ORD0010349,CUST01176,2022-12-16,Delivered,Debit Card,0.0,13.58
ORD0010350,CUST00191,2024-10-26,Processing,Debit Card,0.0,6.57
ORD0010351,CUST01002,2022-07-01,Cancelled,Wallet,0.1,0.01
ORD0010352,CUST00555,2024-11-10,Delivered,PayPal,0.1,13.29
ORD0010353,CUST00945,2024-02-15,Delivered,UPI,0.0,5.07
ORD0010354,CUST00873,2024-09-24,Returned,PayPal,0.0,11.93
ORD0010355,CUST00288,2024-06-30,Delivered,Wallet,0.15,4.31
ORD0010356,CUST00257,2023-03-27,Delivered,Net Banking,0.15,12.6
ORD0010357,CUST01916,2023-08-24,Delivered,PayPal,0.0,9.44
ORD0010358,CUST00831,2024-01-12,Cancelled,PayPal,0.0,0.86
ORD0010359,CUST00994,2024-01-11,Processing,Net Banking,0.05,0.52
ORD0010360,CUST01007,2024-11-27,Delivered,Debit Card,0.05,12.5
ORD0010361,CUST00260,2024-04-24,Delivered,Debit Card,0.05,14.2
ORD0010362,CUST01924,2024-06-25,Delivered,Debit Card,0.1,13.96
ORD0010363,CUST01513,2024-04-17,Delivered,Debit Card,0.05,3.88
ORD0010364,CUST00158,2024-04-08,Returned,UPI,0.05,3.33
ORD0010365,CUST00027,2024-04-05,Delivered,PayPal,0.05,5.18
ORD0010366,CUST01510,2023-10-22,Delivered,UPI,0.05,0.05
ORD0010367,CUST01374,2024-03-14,Processing,Credit Card,0.15,2.65
ORD0010368,CUST01041,2024-11-08,Delivered,Net Banking,0.0,1.15
ORD0010369,CUST00621,2024-11-22,Delivered,Net Banking,0.1,1.72
ORD0010370,CUST00646,2024-10-16,Returned,PayPal,0.05,2.15
ORD0010371,CUST00257,2024-08-18,Delivered,Wallet,0.05,10.26
ORD0010372,CUST00168,2024-11-27,Delivered,Credit Card,0.05,11.29
ORD0010373,CUST00579,2023-12-25,Returned,Net Banking,0.05,3.78
ORD0010374,CUST00426,2024-02-07,Processing,Net Banking,0.0,2.62
ORD0010375,CUST01500,2024-05-19,Delivered,UPI,0.05,9.9
ORD0010376,CUST00601,2024-07-13,Cancelled,UPI,0.05,14.98
ORD0010377,CUST01417,2023-11-26,Delivered,Net Banking,0.2,9.32
ORD0010378,CUST00181,2023-10-31,Processing,Credit Card,0.0,7.69
ORD0010379,CUST00736,2024-05-13,Delivered,Credit Card,0.1,9.67
ORD0010380,CUST00605,2024-04-19,Delivered,Wallet,0.0,5.56
ORD0010381,CUST00466,2024-07-14,Delivered,Net Banking,0.1,8.62
ORD0010382,CUST00989,2024-05-01,Processing,PayPal,0.05,12.66
ORD0010383,CUST01569,2024-11-21,Delivered,UPI,0.0,11.32
ORD0010384,CUST00001,2024-12-19,Delivered,Wallet,0.0,14.69
ORD0010385,CUST01497,2024-01-29,Delivered,Wallet,0.05,6.31
ORD0010386,CUST00682,2024-05-22,Delivered,Wallet,0.0,9.54
ORD0010387,CUST01738,2024-07-06,Returned,UPI,0.0,3.78
ORD0010388,CUST01350,2024-12-26,Returned,Net Banking,0.0,7.63
ORD0010389,CUST01605,2023-12-30,Delivered,PayPal,0.0,12.54
ORD0010390,CUST00201,2024-09-28,Delivered,Credit Card,0.15,1.02
ORD0010391,CUST01322,2024-02-11,Returned,Wallet,0.2,4.47
ORD0010392,CUST01457,2024-12-17,Delivered,Credit Card,0.05,5.52
ORD0010393,CUST00792,2024-11-30,Delivered,Debit Card,0.0,13.01
ORD0010394,CUST01145,2024-02-05,Delivered,PayPal,0.1,2.53
ORD0010395,CUST01569,2024-08-22,Delivered,Credit Card,0.0,6.17
ORD0010396,CUST00810,2024-05-12,Delivered,Debit Card,0.0,8.2
ORD0010397,CUST01266,2024-02-24,Delivered,UPI,0.0,11.38
ORD0010398,CUST00793,2024-03-23,Delivered,Debit Card,0.05,4.27
ORD0010399,CUST00938,2023-09-02,Delivered,UPI,0.1,1.82
ORD0010400,CUST01757,2024-08-04,Delivered,PayPal,0.0,8.16
ORD0010401,CUST01255,2024-10-22,Delivered,Credit Card,0.0,7.98
ORD0010402,CUST00339,2024-11-26,Delivered,Debit Card,0.05,4.23
ORD0010403,CUST00033,2024-12-06,Processing,UPI,0.05,13.84
ORD0010404,CUST01120,2024-04-09,Delivered,UPI,0.15,3.88
ORD0010405,CUST01549,2023-12-11,Processing,Debit Card,0.05,0.39
ORD0010406,CUST01527,2023-02-05,Delivered,Credit Card,0.0,10.35
ORD0010407,CUST00306,2024-09-11,Delivered,PayPal,0.05,11.84
ORD0010408,CUST00145,2023-10-01,Delivered,Net Banking,0.05,6.07
ORD0010409,CUST01932,2024-04-05,Delivered,Wallet,0.0,0.43
ORD0010410,CUST00408,2024-12-19,Delivered,PayPal,0.1,2.8
ORD0010411,CUST01463,2022-09-13,Delivered,Wallet,0.0,6.44
ORD0010412,CUST00927,2024-10-02,Delivered,Debit Card,0.0,0.68
ORD0010413,CUST01244,2023-12-09,Cancelled,PayPal,0.0,2.23
ORD0010414,CUST00424,2024-11-12,Delivered,UPI,0.1,6.49
ORD0010415,CUST00983,2024-10-24,Delivered,Wallet,0.1,6.63
ORD0010416,CUST01797,2024-08-08,Returned,UPI,0.05,3.09
ORD0010417,CUST00361,2024-12-29,Delivered,Wallet,0.15,1.74
ORD0010418,CUST00926,2024-12-08,Returned,Debit Card,0.15,0.63
ORD0010419,CUST00067,2024-12-23,Delivered,UPI,0.0,13.66
ORD0010420,CUST00710,2024-12-11,Delivered,PayPal,0.1,4.46
ORD0010421,CUST00530,2022-12-11,Delivered,Wallet,0.05,8.32
ORD0010422,CUST00306,2024-11-30,Delivered,PayPal,0.2,6.49
ORD0010423,CUST00645,2023-10-10,Delivered,Wallet,0.1,2.22
ORD0010424,CUST01062,2024-01-26,Delivered,UPI,0.0,7.11
ORD0010425,CUST00120,2024-07-22,Processing,Credit Card,0.0,3.74
ORD0010426,CUST00187,2023-07-25,Delivered,UPI,0.05,1.63
ORD0010427,CUST00892,2024-08-10,Delivered,Credit Card,0.15,8.4
ORD0010428,CUST01515,2023-05-25,Delivered,Credit Card,0.1,7.57
ORD0010429,CUST01175,2024-12-10,Delivered,Wallet,0.1,0.72
ORD0010430,CUST01278,2024-06-08,Delivered,Credit Card,0.0,4.01
ORD0010431,CUST00096,2023-06-27,Delivered,Debit Card,0.0,3.18
ORD0010432,CUST00183,2023-04-09,Delivered,Wallet,0.2,7.2
ORD0010433,CUST01655,2024-07-06,Delivered,Debit Card,0.0,10.23
ORD0010434,CUST01716,2024-08-20,Delivered,Net Banking,0.0,5.74
ORD0010435,CUST01138,2023-02-28,Delivered,Credit Card,0.0,4.41
ORD0010436,CUST01504,2024-11-17,Delivered,Wallet,0.1,14.66
ORD0010437,CUST00300,2024-01-05,Delivered,Wallet,0.0,8.8
ORD0010438,CUST00587,2022-03-20,Delivered,Debit Card,0.1,14.15
ORD0010439,CUST00125,2023-12-01,Delivered,Debit Card,0.0,5.29
ORD0010440,CUST01110,2023-10-23,Delivered,Wallet,0.05,5.91
ORD0010441,CUST01125,2022-07-03,Delivered,Net Banking,0.0,11.12
ORD0010442,CUST01072,2024-05-30,Delivered,UPI,0.1,10.39
ORD0010443,CUST01851,2024-01-14,Delivered,Credit Card,0.0,7.18
ORD0010444,CUST01368,2024-10-10,Delivered,Debit Card,0.0,0.61
ORD0010445,CUST01223,2022-05-25,Delivered,UPI,0.1,12.56
ORD0010446,CUST01584,2023-07-06,Delivered,Net Banking,0.05,0.01
ORD0010447,CUST00771,2024-12-19,Delivered,Credit Card,0.15,13.59
ORD0010448,CUST00774,2024-07-27,Returned,Net Banking,0.05,11.96
ORD0010449,CUST01961,2024-08-26,Delivered,Wallet,0.0,11.72
ORD0010450,CUST00854,2023-11-27,Delivered,PayPal,0.0,14.36
ORD0010451,CUST01207,2023-08-22,Processing,PayPal,0.0,2.23
ORD0010452,CUST01030,2024-03-31,Delivered,Credit Card,0.1,14.36
ORD0010453,CUST00072,2024-08-27,Delivered,Wallet,0.15,13.92
ORD0010454,CUST01283,2024-08-25,Delivered,Debit Card,0.05,3.68
ORD0010455,CUST01823,2024-09-02,Delivered,UPI,0.15,12.57
ORD0010456,CUST01248,2023-09-24,Delivered,Wallet,0.05,13.56
ORD0010457,CUST01379,2024-07-11,Delivered,Credit Card,0.15,2.92
ORD0010458,CUST00163,2024-12-21,Delivered,UPI,0.0,3.95
ORD0010459,CUST00268,2024-09-17,Delivered,Debit Card,0.05,13.54
ORD0010460,CUST00458,2024-07-18,Delivered,Net Banking,0.15,1.97
ORD0010461,CUST00440,2024-06-14,Delivered,PayPal,0.15,9.0
ORD0010462,CUST01146,2024-04-19,Delivered,Credit Card,0.1,8.69
ORD0010463,CUST00995,2023-03-06,Delivered,Net Banking,0.0,6.45
ORD0010464,CUST01964,2024-04-13,Delivered,Debit Card,0.05,2.33
ORD0010465,CUST01191,2023-01-13,Returned,UPI,0.1,9.45
ORD0010466,CUST00862,2024-12-20,Cancelled,UPI,0.0,0.24
ORD0010467,CUST00105,2024-06-20,Delivered,Wallet,0.2,6.98
ORD0010468,CUST01183,2023-07-05,Delivered,Credit Card,0.0,12.3
ORD0010469,CUST01108,2024-02-21,Delivered,Credit Card,0.05,9.13
ORD0010470,CUST00800,2024-02-17,Delivered,Credit Card,0.0,6.55
ORD0010471,CUST01951,2024-02-11,Delivered,Debit Card,0.15,6.63
ORD0010472,CUST01284,2024-09-15,Delivered,Wallet,0.0,0.54
ORD0010473,CUST01947,2023-10-04,Delivered,UPI,0.0,14.36
ORD0010474,CUST00157,2023-01-12,Delivered,Credit Card,0.05,4.28
ORD0010475,CUST01078,2024-04-15,Delivered,UPI,0.05,9.55
ORD0010476,CUST01464,2024-02-26,Delivered,UPI,0.1,0.74
ORD0010477,CUST00300,2024-09-07,Delivered,Credit Card,0.15,14.89
ORD0010478,CUST01213,2024-10-27,Delivered,Credit Card,0.0,6.07
ORD0010479,CUST01847,2024-03-14,Delivered,Net Banking,0.0,10.43
ORD0010480,CUST01014,2024-11-12,Delivered,Credit Card,0.15,5.92
ORD0010481,CUST01244,2024-09-14,Delivered,UPI,0.1,11.53
ORD0010482,CUST00503,2024-05-05,Delivered,Credit Card,0.15,14.99
ORD0010483,CUST01832,2024-12-06,Delivered,Net Banking,0.0,7.88
ORD0010484,CUST00002,2024-11-18,Delivered,PayPal,0.1,1.49
ORD0010485,CUST00758,2024-12-05,Delivered,Wallet,0.1,6.38
ORD0010486,CUST00742,2023-04-16,Delivered,Credit Card,0.0,11.13
ORD0010487,CUST00950,2022-08-31,Delivered,PayPal,0.1,13.89
ORD0010488,CUST00195,2023-04-10,Delivered,Net Banking,0.0,4.21
ORD0010489,CUST00241,2022-12-14,Delivered,Debit Card,0.05,5.36
ORD0010490,CUST00692,2024-12-06,Delivered,Net Banking,0.1,6.76
ORD0010491,CUST01542,2024-01-24,Delivered,Debit Card,0.05,11.6
ORD0010492,CUST01427,2023-11-06,Delivered,PayPal,0.05,0.99
ORD0010493,CUST00840,2024-10-10,Delivered,Debit Card,0.1,8.49
ORD0010494,CUST01814,2024-12-16,Delivered,Net Banking,0.05,13.51
ORD0010495,CUST00608,2023-08-24,Delivered,Debit Card,0.0,11.89
ORD0010496,CUST01939,2022-11-26,Delivered,Net Banking,0.0,3.82
ORD0010497,CUST01742,2022-07-05,Processing,Net Banking,0.05,14.65
ORD0010498,CUST00358,2024-11-07,Delivered,Wallet,0.1,4.51
ORD0010499,CUST00522,2024-08-13,Processing,Credit Card,0.05,5.21
ORD0010500,CUST01032,2024-12-29,Cancelled,PayPal,0.05,11.52
ORD0010501,CUST01504,2024-11-09,Delivered,UPI,0.0,0.83
ORD0010502,CUST00471,2024-02-13,Delivered,Net Banking,0.15,4.12
ORD0010503,CUST01791,2024-11-06,Delivered,UPI,0.1,9.16
ORD0010504,CUST00688,2024-09-08,Delivered,Wallet,0.0,10.04
ORD0010505,CUST01000,2024-12-11,Delivered,Net Banking,0.1,6.07
ORD0010506,CUST00459,2024-12-09,Delivered,Debit Card,0.05,12.68
ORD0010507,CUST01022,2023-05-03,Returned,Net Banking,0.2,10.74
ORD0010508,CUST01707,2024-06-01,Delivered,Debit Card,0.05,9.71
ORD0010509,CUST01183,2024-06-03,Delivered,Net Banking,0.0,8.77
ORD0010510,CUST01652,2024-03-06,Delivered,PayPal,0.15,4.91
ORD0010511,CUST00415,2023-11-09,Delivered,Wallet,0.2,5.24
ORD0010512,CUST00787,2023-09-08,Delivered,PayPal,0.0,14.84
ORD0010513,CUST00229,2023-09-25,Returned,PayPal,0.05,10.29
ORD0010514,CUST01070,2022-11-08,Returned,Credit Card,0.0,1.98
ORD0010515,CUST00753,2023-09-29,Delivered,Net Banking,0.1,3.61
ORD0010516,CUST00882,2024-10-08,Delivered,UPI,0.05,8.58
ORD0010517,CUST01103,2024-07-29,Delivered,Wallet,0.0,9.48
ORD0010518,CUST01443,2024-11-13,Delivered,Net Banking,0.15,0.57
ORD0010519,CUST01783,2024-11-29,Delivered,Credit Card,0.05,9.04
ORD0010520,CUST00432,2024-07-19,Delivered,Net Banking,0.0,3.56
ORD0010521,CUST01637,2024-10-02,Returned,Net Banking,0.05,13.76
ORD0010522,CUST00930,2024-09-02,Delivered,PayPal,0.1,7.27
ORD0010523,CUST00746,2024-11-24,Processing,PayPal,0.05,14.63
ORD0010524,CUST00139,2024-08-01,Delivered,Credit Card,0.1,11.45
ORD0010525,CUST01377,2024-01-24,Delivered,PayPal,0.1,2.14
ORD0010526,CUST00834,2022-12-24,Delivered,PayPal,0.05,1.9
ORD0010527,CUST01604,2023-07-21,Delivered,PayPal,0.05,9.74
ORD0010528,CUST00078,2024-07-27,Delivered,UPI,0.1,6.6
ORD0010529,CUST01401,2024-08-27,Returned,Credit Card,0.0,4.29
ORD0010530,CUST01247,2023-10-21,Delivered,PayPal,0.1,8.08
ORD0010531,CUST01839,2024-08-11,Delivered,UPI,0.0,9.19
ORD0010532,CUST00884,2024-12-13,Returned,Credit Card,0.0,9.89
ORD0010533,CUST01439,2024-02-11,Returned,Debit Card,0.05,12.05
ORD0010534,CUST00364,2023-02-09,Delivered,Net Banking,0.0,4.12
ORD0010535,CUST01037,2022-06-17,Delivered,Debit Card,0.1,1.91
ORD0010536,CUST01426,2022-10-01,Delivered,Wallet,0.1,4.0
ORD0010537,CUST01438,2024-08-01,Delivered,PayPal,0.0,2.0
ORD0010538,CUST01620,2023-10-03,Delivered,Debit Card,0.15,3.23
ORD0010539,CUST00998,2023-12-09,Delivered,PayPal,0.1,14.63
ORD0010540,CUST00212,2023-10-29,Delivered,Debit Card,0.1,14.41
ORD0010541,CUST01462,2024-11-03,Delivered,Net Banking,0.05,3.72
ORD0010542,CUST01732,2024-11-26,Delivered,PayPal,0.1,11.48
ORD0010543,CUST01452,2024-09-28,Delivered,PayPal,0.1,2.52
ORD0010544,CUST00770,2024-07-20,Returned,Wallet,0.1,3.16
ORD0010545,CUST01151,2024-04-14,Returned,Debit Card,0.2,1.61
ORD0010546,CUST00554,2024-07-14,Cancelled,Net Banking,0.15,8.92
ORD0010547,CUST00922,2023-10-15,Delivered,PayPal,0.0,2.61
ORD0010548,CUST00379,2024-11-27,Delivered,Wallet,0.0,4.16
ORD0010549,CUST00879,2023-02-07,Returned,Debit Card,0.1,8.4
ORD0010550,CUST01830,2024-10-03,Delivered,Credit Card,0.15,7.08
ORD0010551,CUST00198,2024-12-28,Delivered,PayPal,0.05,1.17
ORD0010552,CUST00061,2023-07-09,Delivered,Wallet,0.05,10.96
ORD0010553,CUST01792,2022-10-02,Delivered,Wallet,0.1,9.11
ORD0010554,CUST00741,2022-09-29,Cancelled,Debit Card,0.05,4.43
ORD0010555,CUST01262,2023-01-23,Delivered,Debit Card,0.0,12.4
ORD0010556,CUST00603,2023-01-01,Delivered,Credit Card,0.0,13.76
ORD0010557,CUST01488,2024-08-22,Delivered,UPI,0.1,11.48
ORD0010558,CUST01580,2024-08-22,Delivered,Net Banking,0.1,3.49
ORD0010559,CUST01830,2024-12-11,Delivered,UPI,0.05,4.4
ORD0010560,CUST00429,2024-05-14,Delivered,Net Banking,0.05,11.97
ORD0010561,CUST00389,2024-06-25,Delivered,Debit Card,0.05,13.22
ORD0010562,CUST00295,2024-05-21,Processing,Credit Card,0.05,0.1
ORD0010563,CUST01147,2022-09-18,Delivered,Wallet,0.1,11.75
ORD0010564,CUST00234,2024-01-08,Delivered,Debit Card,0.15,1.39
ORD0010565,CUST01162,2024-12-24,Delivered,PayPal,0.1,4.86
ORD0010566,CUST01864,2024-10-20,Delivered,PayPal,0.05,10.82
ORD0010567,CUST00035,2023-12-26,Cancelled,Debit Card,0.1,14.84
ORD0010568,CUST01379,2024-12-12,Returned,Debit Card,0.05,2.03
ORD0010569,CUST00574,2024-02-23,Delivered,UPI,0.0,9.94
ORD0010570,CUST01319,2024-06-30,Delivered,Net Banking,0.0,1.24
ORD0010571,CUST01492,2024-12-02,Delivered,Net Banking,0.0,4.4
ORD0010572,CUST00573,2024-07-16,Delivered,Wallet,0.05,2.12
ORD0010573,CUST01531,2024-05-24,Delivered,Debit Card,0.05,7.86
ORD0010574,CUST00874,2024-08-18,Delivered,Net Banking,0.1,5.2
ORD0010575,CUST00870,2023-01-21,Cancelled,Debit Card,0.0,3.74
ORD0010576,CUST00179,2024-11-15,Delivered,Credit Card,0.0,4.12
ORD0010577,CUST01101,2023-11-26,Delivered,Debit Card,0.0,2.62
ORD0010578,CUST01258,2024-08-24,Delivered,Credit Card,0.0,9.01
ORD0010579,CUST01744,2023-12-22,Delivered,UPI,0.15,6.69
ORD0010580,CUST00591,2024-12-06,Delivered,Debit Card,0.05,8.62
ORD0010581,CUST00512,2022-11-04,Delivered,Debit Card,0.1,1.15
ORD0010582,CUST01696,2024-04-25,Cancelled,UPI,0.1,14.12
ORD0010583,CUST00958,2023-03-29,Delivered,PayPal,0.0,10.6
ORD0010584,CUST00744,2024-11-14,Returned,Wallet,0.05,6.29
ORD0010585,CUST01788,2024-02-05,Delivered,UPI,0.05,14.62
ORD0010586,CUST00860,2024-01-14,Cancelled,Credit Card,0.0,12.55
ORD0010587,CUST01979,2024-11-05,Delivered,Net Banking,0.1,7.11
ORD0010588,CUST00550,2023-07-24,Delivered,Net Banking,0.0,5.87
ORD0010589,CUST00991,2024-07-12,Delivered,UPI,0.0,7.08
ORD0010590,CUST01979,2024-12-12,Cancelled,Net Banking,0.15,13.36
ORD0010591,CUST01287,2024-01-31,Returned,Debit Card,0.05,5.3
ORD0010592,CUST00165,2024-09-19,Delivered,Debit Card,0.0,5.94
ORD0010593,CUST00603,2023-05-17,Delivered,Net Banking,0.0,10.16
ORD0010594,CUST00781,2024-12-30,Delivered,PayPal,0.0,10.72
ORD0010595,CUST00112,2024-06-08,Returned,PayPal,0.0,2.01
ORD0010596,CUST01209,2023-10-06,Returned,Credit Card,0.05,6.86
ORD0010597,CUST01455,2024-12-10,Delivered,Debit Card,0.0,3.76
ORD0010598,CUST00296,2024-03-22,Delivered,PayPal,0.1,2.96
ORD0010599,CUST01913,2024-08-14,Delivered,Credit Card,0.0,2.63
ORD0010600,CUST00926,2024-11-13,Delivered,Wallet,0.05,12.91
ORD0010601,CUST01396,2022-08-24,Delivered,PayPal,0.2,11.36
ORD0010602,CUST00517,2023-03-01,Delivered,PayPal,0.05,1.94
ORD0010603,CUST01280,2024-06-22,Delivered,PayPal,0.0,0.31
ORD0010604,CUST01739,2023-08-13,Cancelled,Debit Card,0.1,7.08
ORD0010605,CUST01165,2023-03-01,Delivered,Net Banking,0.0,2.5
ORD0010606,CUST00334,2024-12-27,Cancelled,Net Banking,0.05,5.96
ORD0010607,CUST00908,2024-05-18,Delivered,UPI,0.0,3.27
ORD0010608,CUST01468,2024-10-04,Cancelled,Net Banking,0.15,4.24
ORD0010609,CUST01608,2023-03-29,Returned,Wallet,0.0,14.1
ORD0010610,CUST00476,2023-08-04,Delivered,Wallet,0.0,9.56
ORD0010611,CUST00992,2024-01-25,Delivered,PayPal,0.15,8.11
ORD0010612,CUST00770,2024-10-05,Delivered,Net Banking,0.0,14.56
ORD0010613,CUST01301,2024-11-29,Delivered,PayPal,0.1,14.41
ORD0010614,CUST00464,2022-07-26,Delivered,Net Banking,0.05,13.03
ORD0010615,CUST00355,2023-06-20,Delivered,Net Banking,0.05,10.41
ORD0010616,CUST00966,2023-09-28,Delivered,Debit Card,0.05,6.99
ORD0010617,CUST01998,2024-12-30,Delivered,Wallet,0.05,7.96
ORD0010618,CUST01261,2024-01-09,Delivered,PayPal,0.0,0.18
ORD0010619,CUST00500,2024-11-18,Delivered,Credit Card,0.15,3.39
ORD0010620,CUST00767,2024-09-26,Delivered,UPI,0.05,7.07
ORD0010621,CUST01639,2024-10-28,Delivered,Debit Card,0.1,3.89
ORD0010622,CUST01148,2023-05-18,Delivered,PayPal,0.15,11.33
ORD0010623,CUST01910,2023-04-28,Cancelled,Net Banking,0.0,13.34
ORD0010624,CUST01642,2024-10-02,Delivered,UPI,0.1,13.12
ORD0010625,CUST01975,2023-05-15,Delivered,Credit Card,0.15,14.96
ORD0010626,CUST01416,2024-10-29,Delivered,PayPal,0.15,9.2
ORD0010627,CUST01580,2024-08-20,Delivered,Debit Card,0.05,0.67
ORD0010628,CUST01742,2024-08-26,Delivered,Debit Card,0.0,8.54
ORD0010629,CUST00569,2024-01-02,Delivered,Net Banking,0.2,3.62
ORD0010630,CUST00400,2022-12-03,Delivered,Debit Card,0.05,8.93
ORD0010631,CUST01833,2024-05-14,Cancelled,Wallet,0.1,7.03
ORD0010632,CUST01692,2023-07-10,Cancelled,PayPal,0.1,1.98
ORD0010633,CUST00089,2024-08-17,Delivered,Credit Card,0.15,1.85
ORD0010634,CUST00501,2023-02-28,Delivered,UPI,0.05,3.31
ORD0010635,CUST00599,2023-12-27,Cancelled,Debit Card,0.2,7.39
ORD0010636,CUST00812,2024-09-02,Delivered,PayPal,0.05,5.27
ORD0010637,CUST00542,2023-05-08,Delivered,Wallet,0.15,8.97
ORD0010638,CUST00109,2023-07-29,Cancelled,Net Banking,0.0,5.15
ORD0010639,CUST00017,2023-10-01,Delivered,PayPal,0.05,10.03
ORD0010640,CUST01462,2024-10-19,Returned,Net Banking,0.0,11.96
ORD0010641,CUST00643,2024-05-15,Returned,UPI,0.0,3.69
ORD0010642,CUST00501,2022-09-16,Delivered,UPI,0.05,14.43
ORD0010643,CUST01276,2024-10-09,Delivered,Wallet,0.05,3.88
ORD0010644,CUST00862,2024-12-16,Delivered,PayPal,0.0,3.69
ORD0010645,CUST00041,2024-10-08,Delivered,Credit Card,0.0,6.0
ORD0010646,CUST01616,2023-05-04,Delivered,UPI,0.15,6.88
ORD0010647,CUST01064,2024-12-23,Returned,Net Banking,0.1,1.39
ORD0010648,CUST00956,2024-09-10,Delivered,Wallet,0.15,0.43
ORD0010649,CUST00764,2024-07-20,Delivered,Debit Card,0.0,11.56
ORD0010650,CUST00373,2023-11-26,Processing,Credit Card,0.15,2.22
ORD0010651,CUST01556,2023-04-05,Delivered,Credit Card,0.05,10.35
ORD0010652,CUST01948,2024-12-22,Delivered,PayPal,0.0,6.98
ORD0010653,CUST00403,2022-09-22,Processing,Debit Card,0.0,1.63
ORD0010654,CUST00213,2023-10-07,Processing,Debit Card,0.05,0.36
ORD0010655,CUST00363,2024-07-28,Cancelled,Wallet,0.1,3.75
ORD0010656,CUST01151,2023-06-07,Cancelled,Debit Card,0.0,5.83
ORD0010657,CUST01911,2024-05-31,Delivered,UPI,0.15,3.22
ORD0010658,CUST00429,2024-04-21,Delivered,Net Banking,0.05,7.54
ORD0010659,CUST01033,2024-07-07,Cancelled,UPI,0.1,13.45
ORD0010660,CUST01684,2024-12-23,Delivered,UPI,0.05,14.69
ORD0010661,CUST01792,2023-01-10,Processing,Wallet,0.1,14.33
ORD0010662,CUST00767,2024-03-28,Cancelled,Wallet,0.15,6.34
ORD0010663,CUST01630,2024-05-27,Returned,Debit Card,0.05,8.99
ORD0010664,CUST01550,2023-12-06,Delivered,Credit Card,0.2,2.91
ORD0010665,CUST00214,2024-11-19,Delivered,UPI,0.0,10.23
ORD0010666,CUST00456,2022-07-03,Delivered,Net Banking,0.0,6.2
ORD0010667,CUST00856,2024-07-17,Delivered,Debit Card,0.05,12.21
ORD0010668,CUST01868,2024-02-10,Delivered,PayPal,0.1,2.83
ORD0010669,CUST00438,2024-12-02,Delivered,Net Banking,0.0,11.38
ORD0010670,CUST00944,2024-12-02,Returned,UPI,0.15,8.67
ORD0010671,CUST01652,2024-11-19,Cancelled,Wallet,0.15,12.16
ORD0010672,CUST01373,2023-07-07,Delivered,Debit Card,0.05,13.84
ORD0010673,CUST01582,2023-06-06,Processing,Net Banking,0.0,8.82
ORD0010674,CUST01031,2024-07-29,Delivered,Wallet,0.0,10.72
ORD0010675,CUST00357,2023-10-20,Processing,Net Banking,0.1,14.85
ORD0010676,CUST01352,2024-09-24,Delivered,PayPal,0.15,4.33
ORD0010677,CUST00761,2024-01-06,Delivered,PayPal,0.1,6.46
ORD0010678,CUST01716,2024-09-21,Delivered,Credit Card,0.0,6.07
ORD0010679,CUST00666,2024-07-19,Delivered,Net Banking,0.1,3.68
ORD0010680,CUST01527,2024-02-21,Delivered,Credit Card,0.05,6.3
ORD0010681,CUST01047,2024-03-09,Processing,Credit Card,0.0,11.81
ORD0010682,CUST00492,2024-04-16,Delivered,Credit Card,0.0,4.06
ORD0010683,CUST01648,2022-09-23,Delivered,PayPal,0.2,4.24
ORD0010684,CUST01764,2024-09-11,Delivered,Credit Card,0.05,7.46
ORD0010685,CUST00148,2024-02-10,Processing,Net Banking,0.1,8.01
ORD0010686,CUST00415,2024-01-01,Delivered,Net Banking,0.15,0.27
ORD0010687,CUST01065,2023-09-25,Delivered,Wallet,0.0,11.56
ORD0010688,CUST00293,2024-12-27,Delivered,Net Banking,0.1,9.07
ORD0010689,CUST00088,2023-08-09,Delivered,Credit Card,0.0,11.06
ORD0010690,CUST00287,2024-09-21,Delivered,Debit Card,0.05,5.29
ORD0010691,CUST01391,2023-08-15,Delivered,Wallet,0.05,4.39
ORD0010692,CUST00417,2023-09-27,Returned,Debit Card,0.0,8.72
ORD0010693,CUST00721,2024-12-27,Delivered,Debit Card,0.15,1.65
ORD0010694,CUST01061,2023-02-24,Delivered,Credit Card,0.0,8.32
ORD0010695,CUST01270,2023-12-29,Delivered,Credit Card,0.1,1.22
ORD0010696,CUST00397,2024-07-08,Delivered,Credit Card,0.0,2.79
ORD0010697,CUST01605,2024-11-04,Cancelled,Debit Card,0.15,2.25
ORD0010698,CUST01230,2024-09-28,Delivered,Net Banking,0.15,8.75
ORD0010699,CUST00310,2024-12-26,Delivered,UPI,0.0,11.52
ORD0010700,CUST00717,2024-09-29,Delivered,Wallet,0.15,2.8
ORD0010701,CUST00901,2024-10-27,Delivered,Debit Card,0.0,4.17
ORD0010702,CUST00431,2024-12-30,Delivered,UPI,0.0,10.39
ORD0010703,CUST01199,2024-06-26,Cancelled,Net Banking,0.05,6.57
ORD0010704,CUST01193,2022-12-13,Delivered,UPI,0.0,3.54
ORD0010705,CUST00602,2023-04-05,Cancelled,PayPal,0.15,1.96
ORD0010706,CUST01596,2024-08-30,Returned,Net Banking,0.05,1.53
ORD0010707,CUST00715,2024-09-28,Cancelled,Credit Card,0.05,9.44
ORD0010708,CUST00140,2024-08-01,Delivered,Debit Card,0.0,10.67
ORD0010709,CUST01837,2024-10-10,Delivered,Credit Card,0.1,10.43
ORD0010710,CUST01631,2024-10-29,Delivered,Credit Card,0.05,13.15
ORD0010711,CUST00226,2024-12-12,Delivered,UPI,0.15,1.96
ORD0010712,CUST01626,2024-09-24,Delivered,PayPal,0.15,10.39
ORD0010713,CUST00787,2024-01-23,Delivered,Credit Card,0.0,2.76
ORD0010714,CUST01207,2023-11-25,Delivered,UPI,0.0,1.51
ORD0010715,CUST00580,2023-02-04,Delivered,Debit Card,0.0,2.36
ORD0010716,CUST01898,2023-09-02,Delivered,Credit Card,0.1,4.89
ORD0010717,CUST01838,2024-11-23,Delivered,UPI,0.1,11.09
ORD0010718,CUST00616,2024-11-08,Delivered,Debit Card,0.05,10.67
ORD0010719,CUST00807,2024-11-03,Returned,Credit Card,0.1,7.24
ORD0010720,CUST01630,2024-01-19,Delivered,UPI,0.0,14.74
ORD0010721,CUST01209,2024-01-12,Delivered,Net Banking,0.05,8.88
ORD0010722,CUST01197,2024-08-14,Delivered,Wallet,0.15,5.38
ORD0010723,CUST00288,2024-07-08,Delivered,PayPal,0.0,4.56
ORD0010724,CUST00474,2023-05-13,Returned,PayPal,0.15,14.07
ORD0010725,CUST00558,2024-01-03,Delivered,UPI,0.05,13.86
ORD0010726,CUST01323,2024-01-24,Delivered,Wallet,0.0,12.36
ORD0010727,CUST00119,2023-11-19,Returned,Net Banking,0.0,3.39
ORD0010728,CUST01753,2024-07-29,Returned,Debit Card,0.1,3.29
ORD0010729,CUST01050,2023-07-11,Delivered,Net Banking,0.0,13.99
ORD0010730,CUST01410,2024-10-11,Delivered,Net Banking,0.0,7.3
ORD0010731,CUST00661,2024-12-14,Processing,Credit Card,0.1,6.37
ORD0010732,CUST00184,2023-11-04,Delivered,Credit Card,0.0,0.54
ORD0010733,CUST01045,2024-03-13,Delivered,Debit Card,0.0,7.88
ORD0010734,CUST01442,2024-03-25,Delivered,Net Banking,0.0,10.27
ORD0010735,CUST00249,2024-06-22,Delivered,Wallet,0.0,0.82
ORD0010736,CUST00185,2024-12-06,Delivered,Net Banking,0.05,5.57
ORD0010737,CUST00155,2024-12-11,Delivered,UPI,0.2,14.15
ORD0010738,CUST01238,2024-02-08,Delivered,PayPal,0.05,5.82
ORD0010739,CUST01867,2023-08-11,Delivered,Debit Card,0.0,4.68
ORD0010740,CUST00713,2024-07-16,Delivered,Net Banking,0.1,9.37
ORD0010741,CUST00893,2024-12-21,Delivered,PayPal,0.0,12.25
ORD0010742,CUST01429,2022-11-08,Delivered,PayPal,0.0,9.67
ORD0010743,CUST00965,2023-02-05,Delivered,Wallet,0.05,4.9
ORD0010744,CUST01619,2023-12-15,Delivered,Wallet,0.05,8.53
ORD0010745,CUST01203,2024-08-31,Delivered,UPI,0.0,2.11
ORD0010746,CUST00001,2024-10-12,Delivered,Credit Card,0.1,9.43
ORD0010747,CUST00060,2024-10-08,Delivered,Net Banking,0.05,3.23
ORD0010748,CUST00798,2023-08-21,Returned,UPI,0.0,12.49
ORD0010749,CUST01140,2024-12-08,Returned,Wallet,0.05,6.17
ORD0010750,CUST00280,2024-05-21,Returned,Credit Card,0.1,12.6
ORD0010751,CUST01571,2023-12-05,Delivered,Net Banking,0.05,10.27
ORD0010752,CUST00900,2024-01-10,Returned,Net Banking,0.0,13.72
ORD0010753,CUST01935,2024-10-21,Delivered,Credit Card,0.0,9.4
ORD0010754,CUST01506,2023-09-15,Delivered,UPI,0.0,6.06
ORD0010755,CUST01697,2024-07-27,Delivered,Debit Card,0.15,7.4
ORD0010756,CUST01544,2023-12-15,Delivered,Credit Card,0.05,13.89
ORD0010757,CUST01699,2024-06-30,Delivered,Wallet,0.1,13.43
ORD0010758,CUST01538,2024-11-25,Delivered,PayPal,0.05,14.2
ORD0010759,CUST01683,2024-08-19,Delivered,Credit Card,0.15,12.24
ORD0010760,CUST00150,2023-05-15,Delivered,Credit Card,0.0,14.04
ORD0010761,CUST00067,2024-12-06,Delivered,Net Banking,0.1,4.9
ORD0010762,CUST00938,2022-11-14,Returned,PayPal,0.2,1.73
ORD0010763,CUST00110,2024-05-29,Returned,Credit Card,0.0,0.93
ORD0010764,CUST01904,2023-06-06,Cancelled,Debit Card,0.1,11.42
ORD0010765,CUST01901,2022-05-19,Delivered,UPI,0.05,5.5
ORD0010766,CUST00822,2024-05-11,Delivered,Credit Card,0.15,13.6
ORD0010767,CUST00210,2024-12-19,Delivered,PayPal,0.05,6.33
ORD0010768,CUST00163,2024-12-17,Delivered,Credit Card,0.0,7.07
ORD0010769,CUST01159,2023-01-17,Delivered,Wallet,0.1,1.37
ORD0010770,CUST01309,2024-10-08,Delivered,Credit Card,0.0,0.62
ORD0010771,CUST01376,2023-08-02,Delivered,Wallet,0.2,3.58
ORD0010772,CUST00012,2023-11-25,Delivered,Debit Card,0.0,2.18
ORD0010773,CUST00165,2024-11-23,Delivered,Wallet,0.0,1.24
ORD0010774,CUST00740,2023-08-20,Delivered,Debit Card,0.1,9.67
ORD0010775,CUST01998,2024-12-12,Delivered,Wallet,0.1,1.07
ORD0010776,CUST01687,2023-12-16,Delivered,Net Banking,0.1,12.49
ORD0010777,CUST01036,2024-01-27,Delivered,Credit Card,0.0,2.78
ORD0010778,CUST00119,2024-07-24,Delivered,Debit Card,0.0,14.84
ORD0010779,CUST01536,2024-02-26,Returned,Debit Card,0.0,1.34
ORD0010780,CUST01075,2024-08-04,Delivered,PayPal,0.1,14.54
ORD0010781,CUST01181,2023-10-08,Delivered,Debit Card,0.05,8.64
ORD0010782,CUST00772,2024-10-07,Delivered,UPI,0.05,8.15
ORD0010783,CUST01450,2023-06-23,Returned,Wallet,0.1,11.68
ORD0010784,CUST01821,2024-09-17,Delivered,Net Banking,0.1,1.35
ORD0010785,CUST01646,2024-08-20,Delivered,Wallet,0.1,2.23
ORD0010786,CUST00570,2024-01-26,Delivered,Credit Card,0.0,0.22
ORD0010787,CUST00550,2024-06-20,Delivered,Debit Card,0.0,9.07
ORD0010788,CUST00844,2024-12-03,Delivered,PayPal,0.0,3.76
ORD0010789,CUST01489,2023-09-30,Delivered,Debit Card,0.0,4.14
ORD0010790,CUST01265,2023-01-16,Delivered,Debit Card,0.0,11.6
ORD0010791,CUST01604,2023-07-04,Delivered,UPI,0.05,10.5
ORD0010792,CUST00601,2024-10-13,Processing,UPI,0.05,2.4
ORD0010793,CUST01470,2024-07-13,Delivered,PayPal,0.05,3.95
ORD0010794,CUST01057,2023-12-21,Delivered,Credit Card,0.15,2.46
ORD0010795,CUST01160,2024-08-12,Delivered,Credit Card,0.0,4.21
ORD0010796,CUST00450,2024-11-02,Delivered,Debit Card,0.05,12.96
ORD0010797,CUST00387,2024-03-16,Delivered,Debit Card,0.0,12.46
ORD0010798,CUST01834,2024-06-13,Delivered,Debit Card,0.05,1.09
ORD0010799,CUST00978,2024-11-17,Delivered,Wallet,0.05,0.33
ORD0010800,CUST00393,2024-04-16,Delivered,Wallet,0.0,13.54
ORD0010801,CUST00879,2023-08-15,Delivered,Debit Card,0.05,6.75
ORD0010802,CUST00361,2024-12-04,Delivered,PayPal,0.15,2.64
ORD0010803,CUST00043,2024-11-14,Delivered,Net Banking,0.15,3.67
ORD0010804,CUST00958,2023-07-14,Delivered,PayPal,0.0,12.85
ORD0010805,CUST01127,2024-03-29,Delivered,UPI,0.1,3.74
ORD0010806,CUST00663,2024-02-09,Delivered,Debit Card,0.1,8.58
ORD0010807,CUST01068,2024-11-23,Delivered,UPI,0.0,0.32
ORD0010808,CUST01906,2023-12-27,Returned,Credit Card,0.05,6.32
ORD0010809,CUST01739,2023-06-08,Delivered,Credit Card,0.1,3.33
ORD0010810,CUST01101,2024-10-23,Cancelled,Wallet,0.2,11.15
ORD0010811,CUST01888,2024-12-05,Delivered,Credit Card,0.05,3.68
ORD0010812,CUST01937,2023-06-21,Delivered,UPI,0.15,3.15
ORD0010813,CUST00662,2024-06-12,Delivered,Net Banking,0.1,1.67
ORD0010814,CUST00611,2023-02-25,Delivered,Debit Card,0.0,0.8
ORD0010815,CUST00560,2024-10-12,Delivered,PayPal,0.0,7.47
ORD0010816,CUST01132,2022-11-28,Processing,Net Banking,0.0,6.38
ORD0010817,CUST00151,2024-12-22,Delivered,PayPal,0.1,5.1
ORD0010818,CUST01567,2022-08-19,Delivered,Credit Card,0.2,1.09
ORD0010819,CUST01985,2024-07-14,Delivered,Debit Card,0.1,8.83
ORD0010820,CUST00422,2024-03-14,Delivered,Net Banking,0.05,0.05
ORD0010821,CUST00751,2023-08-18,Delivered,Net Banking,0.0,13.31
ORD0010822,CUST01369,2024-01-24,Delivered,Credit Card,0.0,12.58
ORD0010823,CUST01569,2024-08-29,Delivered,PayPal,0.05,2.33
ORD0010824,CUST01468,2024-01-02,Delivered,UPI,0.0,12.81
ORD0010825,CUST01714,2024-08-19,Cancelled,Net Banking,0.0,3.36
ORD0010826,CUST01401,2024-10-05,Delivered,PayPal,0.05,12.03
ORD0010827,CUST01498,2024-02-16,Delivered,Net Banking,0.0,4.37
ORD0010828,CUST01686,2024-08-29,Delivered,Debit Card,0.0,0.35
ORD0010829,CUST00253,2024-08-13,Delivered,UPI,0.15,9.19
ORD0010830,CUST00819,2024-07-06,Returned,Net Banking,0.05,9.71
ORD0010831,CUST00119,2024-05-11,Processing,Wallet,0.15,8.07
ORD0010832,CUST00670,2024-10-27,Delivered,Net Banking,0.05,11.44
ORD0010833,CUST01593,2023-08-18,Delivered,UPI,0.0,0.17
ORD0010834,CUST01861,2024-10-28,Delivered,UPI,0.05,4.68
ORD0010835,CUST01725,2024-06-21,Processing,PayPal,0.0,9.21
ORD0010836,CUST01611,2024-05-10,Returned,Credit Card,0.15,13.07
ORD0010837,CUST00915,2023-12-06,Returned,UPI,0.0,10.43
ORD0010838,CUST00446,2023-11-28,Cancelled,PayPal,0.0,11.69
ORD0010839,CUST01481,2024-10-19,Returned,Debit Card,0.0,7.69
ORD0010840,CUST00977,2024-10-21,Delivered,Debit Card,0.1,6.21
ORD0010841,CUST00697,2024-08-26,Delivered,Net Banking,0.05,10.28
ORD0010842,CUST00802,2024-12-09,Delivered,Credit Card,0.15,1.35
ORD0010843,CUST00479,2023-12-23,Delivered,UPI,0.15,14.02
ORD0010844,CUST01306,2022-08-21,Delivered,Net Banking,0.1,2.31
ORD0010845,CUST01782,2024-06-28,Returned,PayPal,0.0,0.01
ORD0010846,CUST01120,2023-07-25,Returned,PayPal,0.1,9.35
ORD0010847,CUST00317,2023-08-21,Returned,PayPal,0.05,13.92
ORD0010848,CUST01679,2024-02-15,Delivered,Wallet,0.0,9.87
ORD0010849,CUST00041,2024-05-10,Delivered,Net Banking,0.1,7.29
ORD0010850,CUST00511,2023-07-14,Delivered,Debit Card,0.05,5.15
ORD0010851,CUST00922,2024-10-30,Processing,Debit Card,0.0,12.05
ORD0010852,CUST01093,2024-08-05,Delivered,Debit Card,0.0,1.79
ORD0010853,CUST01987,2024-12-12,Delivered,Net Banking,0.15,5.76
ORD0010854,CUST00903,2024-02-05,Delivered,Debit Card,0.05,10.6
ORD0010855,CUST00847,2024-06-14,Delivered,Debit Card,0.05,10.19
ORD0010856,CUST00818,2024-08-04,Cancelled,PayPal,0.0,10.8
ORD0010857,CUST00478,2023-06-09,Delivered,Net Banking,0.1,13.47
ORD0010858,CUST00288,2024-11-09,Delivered,Wallet,0.2,4.27
ORD0010859,CUST00979,2023-11-08,Delivered,PayPal,0.2,7.2
ORD0010860,CUST01981,2024-05-03,Delivered,Wallet,0.05,4.52
ORD0010861,CUST01546,2024-05-31,Delivered,Credit Card,0.0,14.6
ORD0010862,CUST01788,2024-06-08,Delivered,UPI,0.0,1.43
ORD0010863,CUST00352,2024-07-22,Delivered,Wallet,0.15,4.13
ORD0010864,CUST01690,2024-06-16,Delivered,Wallet,0.0,7.59
ORD0010865,CUST00414,2024-09-01,Returned,Credit Card,0.1,0.46
ORD0010866,CUST00803,2024-12-04,Cancelled,Wallet,0.1,12.01
ORD0010867,CUST01559,2023-11-30,Delivered,PayPal,0.0,11.65
ORD0010868,CUST01569,2024-09-30,Delivered,PayPal,0.0,9.5
ORD0010869,CUST00877,2022-08-24,Delivered,Wallet,0.0,5.44
ORD0010870,CUST00734,2024-05-01,Delivered,Credit Card,0.2,2.89
ORD0010871,CUST00897,2024-12-05,Delivered,Credit Card,0.0,2.57
ORD0010872,CUST01634,2024-01-11,Delivered,Wallet,0.0,3.07
ORD0010873,CUST00355,2023-04-14,Returned,Credit Card,0.1,9.58
ORD0010874,CUST01020,2024-10-04,Delivered,UPI,0.0,0.87
ORD0010875,CUST00821,2024-07-02,Processing,Net Banking,0.05,8.37
ORD0010876,CUST01129,2024-12-04,Processing,Credit Card,0.05,5.89
ORD0010877,CUST00735,2023-04-17,Delivered,Net Banking,0.0,4.32
ORD0010878,CUST00536,2024-11-28,Delivered,Net Banking,0.15,1.82
ORD0010879,CUST01248,2023-09-10,Delivered,UPI,0.05,13.37
ORD0010880,CUST00936,2023-03-19,Delivered,Wallet,0.0,13.62
ORD0010881,CUST00261,2024-10-28,Cancelled,PayPal,0.05,1.63
ORD0010882,CUST01126,2024-05-28,Delivered,UPI,0.2,12.35
ORD0010883,CUST00223,2023-03-13,Delivered,UPI,0.2,10.14
ORD0010884,CUST00270,2022-11-26,Delivered,UPI,0.0,6.79
ORD0010885,CUST00130,2024-11-08,Cancelled,Credit Card,0.0,0.95
ORD0010886,CUST01274,2022-11-13,Delivered,Debit Card,0.15,5.03
ORD0010887,CUST00289,2024-03-30,Delivered,UPI,0.05,0.67
ORD0010888,CUST01865,2023-11-07,Delivered,UPI,0.0,1.69
ORD0010889,CUST00499,2024-09-16,Delivered,Net Banking,0.1,2.86
ORD0010890,CUST00466,2024-04-28,Delivered,Wallet,0.15,8.58
ORD0010891,CUST01175,2024-06-28,Processing,Credit Card,0.0,0.2
ORD0010892,CUST00776,2024-10-26,Delivered,PayPal,0.0,6.4
ORD0010893,CUST01241,2024-12-13,Delivered,Net Banking,0.05,8.81
ORD0010894,CUST01649,2024-10-18,Delivered,UPI,0.05,2.76
ORD0010895,CUST00083,2023-01-12,Returned,Debit Card,0.0,7.15
ORD0010896,CUST00169,2024-10-21,Delivered,UPI,0.0,12.96
ORD0010897,CUST01300,2022-08-23,Cancelled,Net Banking,0.1,3.1
ORD0010898,CUST00652,2024-04-22,Delivered,Debit Card,0.05,14.26
ORD0010899,CUST00573,2024-12-11,Delivered,PayPal,0.0,14.66
ORD0010900,CUST01067,2024-02-05,Delivered,Credit Card,0.1,6.4
ORD0010901,CUST01995,2023-05-13,Delivered,PayPal,0.0,3.85
ORD0010902,CUST00141,2024-08-07,Delivered,PayPal,0.1,11.29
ORD0010903,CUST01758,2023-04-12,Delivered,Net Banking,0.05,13.91
ORD0010904,CUST01118,2024-06-08,Delivered,Net Banking,0.0,14.01
ORD0010905,CUST01298,2023-12-04,Processing,Wallet,0.05,13.49
ORD0010906,CUST01036,2024-09-15,Delivered,Debit Card,0.15,10.81
ORD0010907,CUST01844,2023-12-28,Delivered,UPI,0.0,4.76
ORD0010908,CUST01085,2024-06-05,Delivered,Net Banking,0.1,7.09
ORD0010909,CUST00299,2023-07-21,Delivered,PayPal,0.05,6.91
ORD0010910,CUST00563,2024-12-26,Delivered,Wallet,0.05,0.81
ORD0010911,CUST01168,2024-06-30,Processing,Wallet,0.15,5.18
ORD0010912,CUST00966,2024-10-27,Delivered,Net Banking,0.05,10.16
ORD0010913,CUST01731,2023-12-06,Delivered,Credit Card,0.05,4.56
ORD0010914,CUST01877,2024-10-30,Delivered,PayPal,0.0,11.41
ORD0010915,CUST00502,2023-11-09,Delivered,UPI,0.15,13.18
ORD0010916,CUST01268,2023-03-15,Cancelled,Wallet,0.0,5.04
ORD0010917,CUST01574,2023-04-05,Delivered,Credit Card,0.0,0.96
ORD0010918,CUST00693,2024-03-02,Delivered,Net Banking,0.05,7.14
ORD0010919,CUST01512,2024-11-14,Delivered,Debit Card,0.0,14.96
ORD0010920,CUST00572,2024-09-07,Delivered,UPI,0.1,11.53
ORD0010921,CUST00662,2023-05-21,Delivered,Wallet,0.05,5.69
ORD0010922,CUST01402,2023-11-14,Delivered,PayPal,0.05,12.97
ORD0010923,CUST01824,2024-04-20,Delivered,UPI,0.15,10.37
ORD0010924,CUST00080,2024-04-05,Delivered,UPI,0.0,5.33
ORD0010925,CUST01038,2024-06-19,Delivered,PayPal,0.0,9.13
ORD0010926,CUST00461,2024-07-23,Delivered,PayPal,0.0,1.45
ORD0010927,CUST01716,2024-11-02,Delivered,PayPal,0.0,2.71
ORD0010928,CUST00078,2024-05-02,Returned,Debit Card,0.15,7.8
ORD0010929,CUST01118,2024-03-06,Returned,Credit Card,0.05,4.41
ORD0010930,CUST01251,2023-01-29,Delivered,Wallet,0.2,5.5
ORD0010931,CUST01626,2023-06-02,Delivered,Debit Card,0.05,14.85
ORD0010932,CUST00598,2023-10-13,Delivered,Credit Card,0.1,2.98
ORD0010933,CUST01273,2023-03-06,Returned,Credit Card,0.1,7.91
ORD0010934,CUST01654,2024-12-19,Delivered,Debit Card,0.0,1.12
ORD0010935,CUST01002,2024-12-25,Processing,Net Banking,0.2,11.33
ORD0010936,CUST00719,2023-10-30,Delivered,Net Banking,0.05,2.2
ORD0010937,CUST00611,2024-04-13,Delivered,Debit Card,0.05,2.47
ORD0010938,CUST00774,2023-11-08,Delivered,PayPal,0.0,9.94
ORD0010939,CUST00746,2024-11-19,Cancelled,Wallet,0.1,1.3
ORD0010940,CUST00500,2024-08-24,Delivered,UPI,0.1,7.22
ORD0010941,CUST00984,2024-10-08,Delivered,PayPal,0.0,9.39
ORD0010942,CUST01184,2024-10-07,Delivered,Wallet,0.05,13.83
ORD0010943,CUST01336,2024-01-23,Returned,Credit Card,0.1,0.94
ORD0010944,CUST00388,2024-03-19,Delivered,PayPal,0.1,4.19
ORD0010945,CUST01060,2023-04-11,Cancelled,Debit Card,0.0,8.15
ORD0010946,CUST01241,2024-12-25,Returned,UPI,0.05,13.33
ORD0010947,CUST00881,2024-05-11,Delivered,Net Banking,0.1,3.96
ORD0010948,CUST00678,2024-08-20,Delivered,Net Banking,0.0,4.5
ORD0010949,CUST01997,2024-12-15,Delivered,UPI,0.1,8.27
ORD0010950,CUST00570,2024-04-29,Delivered,Net Banking,0.05,9.11
ORD0010951,CUST01642,2024-08-08,Delivered,Debit Card,0.0,4.25
ORD0010952,CUST00505,2024-11-04,Delivered,Net Banking,0.1,10.81
ORD0010953,CUST00018,2024-11-13,Delivered,Debit Card,0.1,2.91
ORD0010954,CUST01939,2023-11-28,Delivered,PayPal,0.05,14.66
ORD0010955,CUST00087,2024-02-08,Delivered,Debit Card,0.0,9.62
ORD0010956,CUST00632,2023-08-06,Cancelled,Wallet,0.05,5.38
ORD0010957,CUST01655,2024-11-30,Delivered,PayPal,0.15,2.22
ORD0010958,CUST01532,2024-03-12,Delivered,PayPal,0.1,10.02
ORD0010959,CUST01723,2024-04-16,Delivered,UPI,0.1,12.37
ORD0010960,CUST01673,2024-02-29,Delivered,UPI,0.0,8.9
ORD0010961,CUST00509,2024-10-27,Cancelled,Net Banking,0.0,11.23
ORD0010962,CUST00118,2024-03-11,Delivered,Net Banking,0.2,10.02
ORD0010963,CUST00943,2024-04-08,Delivered,PayPal,0.0,11.69
ORD0010964,CUST01493,2024-04-24,Delivered,Credit Card,0.1,14.36
ORD0010965,CUST01708,2024-08-19,Delivered,Wallet,0.0,13.26
ORD0010966,CUST01036,2023-11-22,Processing,UPI,0.0,1.8
ORD0010967,CUST01736,2023-11-20,Delivered,Debit Card,0.0,5.91
ORD0010968,CUST01611,2023-03-15,Delivered,UPI,0.0,13.48
ORD0010969,CUST01992,2024-09-17,Delivered,UPI,0.05,4.01
ORD0010970,CUST01755,2024-06-16,Returned,UPI,0.05,11.24
ORD0010971,CUST01924,2023-11-09,Delivered,Wallet,0.05,1.37
ORD0010972,CUST00069,2024-08-16,Delivered,Debit Card,0.05,12.94
ORD0010973,CUST00652,2024-03-12,Delivered,Net Banking,0.05,9.75
ORD0010974,CUST01858,2024-09-05,Returned,Credit Card,0.0,4.97
ORD0010975,CUST01538,2024-05-09,Delivered,PayPal,0.0,14.77
ORD0010976,CUST00031,2024-12-23,Delivered,Credit Card,0.05,3.09
ORD0010977,CUST00526,2023-11-08,Delivered,Net Banking,0.0,5.42
ORD0010978,CUST01440,2024-06-10,Delivered,Credit Card,0.1,9.81
ORD0010979,CUST01637,2024-04-18,Delivered,PayPal,0.2,2.66
ORD0010980,CUST01476,2024-11-03,Delivered,PayPal,0.0,9.29
ORD0010981,CUST01438,2024-09-04,Delivered,UPI,0.05,1.98
ORD0010982,CUST01429,2022-12-22,Delivered,Net Banking,0.0,14.93
ORD0010983,CUST00682,2024-04-26,Returned,Debit Card,0.15,4.57
ORD0010984,CUST01768,2024-10-17,Delivered,Debit Card,0.15,0.15
ORD0010985,CUST00409,2024-12-29,Delivered,Net Banking,0.0,14.64
ORD0010986,CUST00220,2024-05-03,Delivered,Net Banking,0.15,2.01
ORD0010987,CUST00375,2023-05-04,Delivered,PayPal,0.05,6.98
ORD0010988,CUST00367,2024-12-22,Delivered,Wallet,0.1,1.59
ORD0010989,CUST01119,2024-08-25,Delivered,Wallet,0.05,12.85
ORD0010990,CUST00472,2024-08-13,Delivered,Wallet,0.15,1.84
ORD0010991,CUST00840,2024-05-16,Delivered,Credit Card,0.1,1.68
ORD0010992,CUST00676,2023-12-09,Delivered,Credit Card,0.1,13.17
ORD0010993,CUST00140,2024-10-07,Delivered,UPI,0.1,1.55
ORD0010994,CUST00903,2022-08-14,Delivered,Wallet,0.1,6.3
ORD0010995,CUST01159,2024-06-22,Returned,PayPal,0.05,13.92
ORD0010996,CUST00333,2024-03-29,Delivered,Wallet,0.0,12.16
ORD0010997,CUST00407,2023-09-22,Delivered,UPI,0.0,14.42
ORD0010998,CUST00436,2023-01-12,Delivered,UPI,0.0,4.95
ORD0010999,CUST00404,2024-04-03,Delivered,Net Banking,0.2,10.55
ORD0011000,CUST01804,2024-12-28,Returned,Debit Card,0.1,10.54
ORD0011001,CUST00311,2024-10-30,Delivered,Wallet,0.0,4.4
ORD0011002,CUST00995,2024-05-06,Delivered,Net Banking,0.0,4.72
ORD0011003,CUST01097,2024-09-14,Delivered,UPI,0.0,11.89
ORD0011004,CUST00935,2024-09-18,Returned,Wallet,0.0,8.18
ORD0011005,CUST00332,2022-11-10,Delivered,PayPal,0.0,14.24
ORD0011006,CUST00087,2024-09-22,Delivered,UPI,0.0,5.17
ORD0011007,CUST01423,2024-07-21,Returned,PayPal,0.0,12.29
ORD0011008,CUST01915,2024-07-29,Delivered,Net Banking,0.15,14.19
ORD0011009,CUST01320,2023-11-22,Cancelled,Debit Card,0.1,7.08
ORD0011010,CUST01928,2023-04-14,Delivered,Net Banking,0.0,0.69
ORD0011011,CUST00505,2024-10-05,Delivered,Net Banking,0.2,4.76
ORD0011012,CUST01617,2024-05-02,Delivered,PayPal,0.1,6.05
ORD0011013,CUST01105,2024-10-14,Delivered,Net Banking,0.15,0.12
ORD0011014,CUST00187,2024-05-22,Returned,Credit Card,0.2,13.01
ORD0011015,CUST00670,2024-10-02,Delivered,PayPal,0.0,10.48
ORD0011016,CUST01460,2024-04-03,Delivered,Wallet,0.0,0.44
ORD0011017,CUST00870,2024-12-04,Delivered,Net Banking,0.1,3.33
ORD0011018,CUST00504,2022-07-01,Delivered,Debit Card,0.05,8.87
ORD0011019,CUST00211,2023-04-17,Delivered,PayPal,0.0,14.17
ORD0011020,CUST01209,2024-12-24,Processing,PayPal,0.0,5.56
ORD0011021,CUST01433,2023-05-20,Delivered,Net Banking,0.05,0.39
ORD0011022,CUST01487,2023-09-16,Delivered,Debit Card,0.05,10.41
ORD0011023,CUST00097,2024-09-02,Returned,Net Banking,0.1,10.14
ORD0011024,CUST00064,2023-04-20,Returned,Wallet,0.0,4.19
ORD0011025,CUST00679,2024-10-08,Delivered,UPI,0.0,3.41
ORD0011026,CUST01485,2024-12-13,Delivered,Net Banking,0.0,2.06
ORD0011027,CUST01332,2023-12-31,Delivered,Credit Card,0.05,8.9
ORD0011028,CUST00239,2024-12-06,Delivered,UPI,0.15,14.19
ORD0011029,CUST01962,2024-04-04,Delivered,UPI,0.2,7.7
ORD0011030,CUST01494,2023-12-06,Delivered,Debit Card,0.0,8.4
ORD0011031,CUST00429,2024-06-16,Cancelled,Net Banking,0.15,2.04
ORD0011032,CUST01376,2024-10-20,Delivered,Wallet,0.05,7.01
ORD0011033,CUST01427,2024-05-18,Delivered,PayPal,0.05,6.04
ORD0011034,CUST00186,2024-09-21,Returned,Credit Card,0.1,5.78
ORD0011035,CUST00488,2024-04-25,Delivered,Credit Card,0.1,10.68
ORD0011036,CUST01680,2024-09-09,Cancelled,Wallet,0.05,11.44
ORD0011037,CUST00459,2024-11-04,Delivered,PayPal,0.0,0.96
ORD0011038,CUST01208,2024-07-05,Delivered,PayPal,0.05,4.22
ORD0011039,CUST00028,2024-04-10,Delivered,Wallet,0.0,10.66
ORD0011040,CUST01716,2024-09-04,Cancelled,Credit Card,0.0,9.33
ORD0011041,CUST01547,2024-03-18,Returned,Wallet,0.0,11.07
ORD0011042,CUST01602,2023-02-26,Processing,UPI,0.0,11.71
ORD0011043,CUST01028,2023-06-17,Cancelled,Credit Card,0.0,9.75
ORD0011044,CUST00212,2022-06-22,Delivered,Credit Card,0.0,5.65
ORD0011045,CUST00215,2024-03-01,Delivered,UPI,0.05,5.44
ORD0011046,CUST00234,2024-01-27,Delivered,UPI,0.05,7.46
ORD0011047,CUST01877,2024-11-28,Delivered,Debit Card,0.2,0.55
ORD0011048,CUST00358,2024-09-23,Delivered,Wallet,0.15,10.88
ORD0011049,CUST00930,2024-10-06,Delivered,UPI,0.0,6.73
ORD0011050,CUST01321,2024-02-06,Cancelled,Credit Card,0.0,11.6
ORD0011051,CUST00616,2023-11-13,Returned,PayPal,0.1,12.48
ORD0011052,CUST00983,2024-12-01,Delivered,UPI,0.15,1.96
ORD0011053,CUST00560,2023-05-30,Processing,PayPal,0.2,8.16
ORD0011054,CUST00414,2023-05-05,Returned,Credit Card,0.0,9.34
ORD0011055,CUST01764,2022-08-05,Returned,Wallet,0.1,2.07
ORD0011056,CUST01604,2023-02-05,Delivered,Net Banking,0.0,5.05
ORD0011057,CUST00985,2024-12-27,Delivered,Wallet,0.0,10.09
ORD0011058,CUST01833,2024-08-13,Delivered,Credit Card,0.1,14.98
ORD0011059,CUST00252,2023-03-27,Delivered,PayPal,0.0,5.5
ORD0011060,CUST01556,2023-09-23,Delivered,PayPal,0.05,9.13
ORD0011061,CUST00447,2024-12-11,Delivered,Wallet,0.05,0.51
ORD0011062,CUST00389,2024-03-07,Delivered,Net Banking,0.0,5.31
ORD0011063,CUST00772,2024-09-16,Delivered,Net Banking,0.0,8.22
ORD0011064,CUST00718,2023-03-16,Delivered,Credit Card,0.1,0.53
ORD0011065,CUST00584,2024-03-17,Delivered,Wallet,0.05,3.24
ORD0011066,CUST00297,2023-04-15,Delivered,UPI,0.15,9.04
ORD0011067,CUST01908,2024-08-27,Delivered,Credit Card,0.1,5.2
ORD0011068,CUST00140,2024-12-29,Delivered,PayPal,0.0,3.42
ORD0011069,CUST01090,2024-10-25,Delivered,Net Banking,0.05,6.0
ORD0011070,CUST01285,2023-03-12,Delivered,Credit Card,0.05,3.67
ORD0011071,CUST00140,2024-08-31,Delivered,UPI,0.05,13.72
ORD0011072,CUST00013,2022-10-03,Delivered,Net Banking,0.1,8.65
ORD0011073,CUST00551,2022-08-03,Delivered,Credit Card,0.0,6.47
ORD0011074,CUST01493,2024-04-15,Returned,Debit Card,0.0,7.12
ORD0011075,CUST00590,2024-06-21,Delivered,Net Banking,0.0,8.6
ORD0011076,CUST01900,2024-09-13,Delivered,Wallet,0.05,9.28
ORD0011077,CUST01227,2024-05-06,Delivered,UPI,0.15,0.36
ORD0011078,CUST00527,2024-12-02,Delivered,Debit Card,0.0,5.33
ORD0011079,CUST00338,2024-12-06,Delivered,Debit Card,0.0,5.37
ORD0011080,CUST00360,2024-01-11,Delivered,Debit Card,0.1,5.3
ORD0011081,CUST00956,2024-02-03,Delivered,UPI,0.1,10.85
ORD0011082,CUST00965,2023-01-15,Delivered,Credit Card,0.0,4.78
ORD0011083,CUST00862,2024-11-02,Delivered,Net Banking,0.0,1.88
ORD0011084,CUST01278,2023-07-09,Delivered,PayPal,0.05,13.14
ORD0011085,CUST01447,2024-01-08,Delivered,Net Banking,0.1,0.62
ORD0011086,CUST01161,2024-08-09,Delivered,UPI,0.0,4.31
ORD0011087,CUST01948,2024-12-23,Delivered,Debit Card,0.15,13.39
ORD0011088,CUST00981,2024-09-05,Delivered,PayPal,0.1,6.51
ORD0011089,CUST00683,2024-11-24,Delivered,Debit Card,0.0,1.93
ORD0011090,CUST01426,2023-02-19,Cancelled,Net Banking,0.05,1.64
ORD0011091,CUST00827,2024-07-17,Delivered,Credit Card,0.05,0.35
ORD0011092,CUST00099,2024-11-04,Delivered,UPI,0.0,2.83
ORD0011093,CUST01664,2022-10-12,Delivered,Wallet,0.2,4.73
ORD0011094,CUST00563,2024-10-07,Delivered,UPI,0.05,13.79
ORD0011095,CUST01387,2024-12-10,Delivered,Debit Card,0.0,8.07
ORD0011096,CUST01950,2024-10-15,Delivered,UPI,0.1,1.31
ORD0011097,CUST00048,2024-01-10,Delivered,Debit Card,0.0,14.39
ORD0011098,CUST00511,2024-06-05,Delivered,Debit Card,0.0,6.12
ORD0011099,CUST00013,2023-08-18,Delivered,Net Banking,0.0,9.97
ORD0011100,CUST01162,2024-12-29,Delivered,PayPal,0.0,4.11
ORD0011101,CUST00398,2024-03-06,Delivered,Net Banking,0.05,11.6
ORD0011102,CUST00561,2024-04-24,Delivered,Debit Card,0.0,10.05
ORD0011103,CUST01435,2024-07-06,Delivered,Debit Card,0.1,14.23
ORD0011104,CUST01000,2024-06-07,Delivered,Wallet,0.0,4.21
ORD0011105,CUST01402,2024-09-01,Delivered,Wallet,0.05,9.88
ORD0011106,CUST00508,2024-11-29,Delivered,PayPal,0.0,6.37
ORD0011107,CUST01635,2024-07-20,Delivered,Net Banking,0.15,1.55
ORD0011108,CUST00333,2024-11-24,Delivered,PayPal,0.0,0.96
ORD0011109,CUST01760,2024-11-27,Delivered,UPI,0.2,6.95
ORD0011110,CUST01398,2024-01-14,Delivered,Wallet,0.2,7.39
ORD0011111,CUST00092,2024-10-11,Delivered,Debit Card,0.05,5.18
ORD0011112,CUST01101,2024-03-28,Delivered,PayPal,0.05,5.63
ORD0011113,CUST00002,2024-12-25,Delivered,UPI,0.0,5.75
ORD0011114,CUST00031,2024-06-03,Returned,PayPal,0.15,1.49
ORD0011115,CUST01977,2024-12-28,Delivered,Credit Card,0.0,4.25
ORD0011116,CUST00299,2023-01-19,Delivered,Credit Card,0.05,1.8
ORD0011117,CUST01029,2024-10-02,Delivered,Debit Card,0.1,1.13
ORD0011118,CUST00905,2024-11-27,Processing,Credit Card,0.15,14.49
ORD0011119,CUST01620,2024-09-04,Delivered,Net Banking,0.05,3.32
ORD0011120,CUST00692,2023-04-25,Delivered,UPI,0.15,3.91
ORD0011121,CUST00162,2023-11-20,Processing,PayPal,0.05,5.0
ORD0011122,CUST00645,2024-11-02,Cancelled,Credit Card,0.0,12.22
ORD0011123,CUST00910,2024-06-01,Delivered,Net Banking,0.1,11.4
ORD0011124,CUST01856,2024-11-07,Delivered,Credit Card,0.1,5.84
ORD0011125,CUST00576,2024-04-16,Delivered,Debit Card,0.05,10.94
ORD0011126,CUST01891,2022-02-10,Delivered,Credit Card,0.05,3.4
ORD0011127,CUST01633,2022-09-25,Returned,UPI,0.05,14.42
ORD0011128,CUST01261,2024-08-23,Delivered,UPI,0.1,3.22
ORD0011129,CUST00893,2024-11-24,Delivered,UPI,0.0,14.41
ORD0011130,CUST00076,2024-02-20,Delivered,PayPal,0.1,4.03
ORD0011131,CUST00922,2023-06-21,Delivered,Credit Card,0.05,10.19
ORD0011132,CUST00612,2024-07-13,Delivered,PayPal,0.0,0.73
ORD0011133,CUST00536,2024-08-25,Delivered,Wallet,0.0,0.46
ORD0011134,CUST01138,2024-02-07,Delivered,PayPal,0.05,8.75
ORD0011135,CUST00530,2023-03-26,Processing,Debit Card,0.05,10.74
ORD0011136,CUST00294,2024-06-12,Delivered,Net Banking,0.0,0.54
ORD0011137,CUST01401,2024-10-16,Delivered,Debit Card,0.1,1.68
ORD0011138,CUST00331,2024-07-23,Delivered,Debit Card,0.15,1.58
ORD0011139,CUST01311,2024-07-19,Delivered,Credit Card,0.05,8.49
ORD0011140,CUST00311,2024-03-19,Delivered,Debit Card,0.0,4.02
ORD0011141,CUST01842,2024-07-11,Delivered,Debit Card,0.05,6.35
ORD0011142,CUST00334,2024-11-01,Returned,Wallet,0.05,3.69
ORD0011143,CUST01358,2023-04-21,Delivered,UPI,0.0,14.38
ORD0011144,CUST00696,2024-10-16,Returned,Debit Card,0.1,9.25
ORD0011145,CUST00941,2024-10-27,Delivered,UPI,0.0,13.29
ORD0011146,CUST00576,2024-10-25,Delivered,PayPal,0.15,0.53
ORD0011147,CUST01838,2023-12-13,Delivered,Debit Card,0.0,13.14
ORD0011148,CUST01249,2023-12-20,Delivered,Net Banking,0.1,2.69
ORD0011149,CUST01176,2024-12-14,Delivered,Wallet,0.0,5.1
ORD0011150,CUST01566,2024-09-17,Delivered,Credit Card,0.05,13.43
ORD0011151,CUST01576,2024-03-06,Cancelled,UPI,0.05,1.37
ORD0011152,CUST00582,2023-08-18,Returned,Net Banking,0.0,12.33
ORD0011153,CUST01842,2024-09-06,Delivered,Debit Card,0.1,1.32
ORD0011154,CUST01277,2024-07-13,Delivered,PayPal,0.0,0.9
ORD0011155,CUST00011,2024-09-23,Delivered,Wallet,0.05,4.2
ORD0011156,CUST00349,2023-08-09,Delivered,UPI,0.0,3.03
ORD0011157,CUST00134,2023-01-27,Delivered,Debit Card,0.1,0.34
ORD0011158,CUST00456,2022-10-14,Returned,Net Banking,0.0,11.35
ORD0011159,CUST01061,2023-11-29,Delivered,PayPal,0.05,11.26
ORD0011160,CUST01752,2023-11-19,Delivered,Credit Card,0.1,13.97
ORD0011161,CUST01269,2022-08-30,Delivered,Wallet,0.15,10.48
ORD0011162,CUST00235,2024-12-08,Cancelled,Credit Card,0.05,11.46
ORD0011163,CUST00009,2023-12-11,Delivered,PayPal,0.0,3.83
ORD0011164,CUST00899,2024-09-03,Delivered,UPI,0.1,5.22
ORD0011165,CUST00097,2024-09-14,Delivered,UPI,0.0,0.14
ORD0011166,CUST01813,2024-12-24,Delivered,Wallet,0.0,4.59
ORD0011167,CUST00890,2023-05-03,Delivered,Net Banking,0.0,13.46
ORD0011168,CUST00367,2024-07-13,Delivered,Debit Card,0.1,1.45
ORD0011169,CUST01683,2024-07-13,Cancelled,Debit Card,0.0,9.19
ORD0011170,CUST01650,2024-02-05,Delivered,Credit Card,0.0,13.68
ORD0011171,CUST00646,2024-06-17,Delivered,Wallet,0.2,2.65
ORD0011172,CUST00241,2024-09-03,Delivered,UPI,0.0,6.46
ORD0011173,CUST01365,2023-11-20,Delivered,Wallet,0.05,1.79
ORD0011174,CUST00173,2023-10-03,Processing,Credit Card,0.1,13.05
ORD0011175,CUST01883,2024-09-02,Delivered,Net Banking,0.1,3.33
ORD0011176,CUST01001,2023-11-19,Delivered,PayPal,0.0,8.93
ORD0011177,CUST00513,2024-11-27,Delivered,Debit Card,0.1,11.77
ORD0011178,CUST01352,2024-12-24,Processing,UPI,0.15,6.26
ORD0011179,CUST00484,2024-12-26,Delivered,Credit Card,0.1,3.72
ORD0011180,CUST01955,2024-12-09,Delivered,PayPal,0.0,12.61
ORD0011181,CUST01266,2023-11-04,Delivered,PayPal,0.05,0.14
ORD0011182,CUST01790,2024-09-01,Delivered,Credit Card,0.05,0.96
ORD0011183,CUST01529,2024-12-14,Delivered,Credit Card,0.15,0.52
ORD0011184,CUST00564,2024-10-14,Delivered,Net Banking,0.0,9.53
ORD0011185,CUST00067,2024-12-28,Cancelled,Credit Card,0.0,14.59
ORD0011186,CUST00734,2022-08-12,Delivered,Wallet,0.0,5.34
ORD0011187,CUST00355,2023-07-21,Delivered,PayPal,0.1,6.4
ORD0011188,CUST01198,2024-04-25,Processing,Wallet,0.1,1.05
ORD0011189,CUST01585,2024-09-24,Delivered,Debit Card,0.0,7.16
ORD0011190,CUST01353,2024-03-18,Returned,Debit Card,0.05,3.77
ORD0011191,CUST01593,2023-09-29,Delivered,Wallet,0.1,13.4
ORD0011192,CUST01619,2024-11-06,Delivered,Wallet,0.0,6.01
ORD0011193,CUST01405,2023-07-03,Delivered,UPI,0.0,0.09
ORD0011194,CUST00097,2024-09-07,Cancelled,Wallet,0.0,12.46
ORD0011195,CUST00464,2024-05-02,Returned,Debit Card,0.05,5.47
ORD0011196,CUST01202,2024-12-17,Delivered,Net Banking,0.1,0.54
ORD0011197,CUST01227,2024-12-10,Processing,Debit Card,0.0,10.6
ORD0011198,CUST00290,2023-08-31,Processing,Credit Card,0.1,4.17
ORD0011199,CUST01473,2023-03-09,Delivered,Debit Card,0.15,10.06
ORD0011200,CUST00979,2023-10-10,Processing,PayPal,0.05,14.83
ORD0011201,CUST01060,2022-09-15,Delivered,UPI,0.1,0.18
ORD0011202,CUST01883,2024-06-07,Returned,Net Banking,0.05,9.55
ORD0011203,CUST00509,2024-08-29,Delivered,UPI,0.2,3.61
ORD0011204,CUST00854,2023-04-16,Delivered,Wallet,0.2,10.46
ORD0011205,CUST01458,2023-04-20,Delivered,Debit Card,0.0,8.46
ORD0011206,CUST01523,2024-08-03,Delivered,UPI,0.1,10.76
ORD0011207,CUST01482,2024-04-22,Delivered,Wallet,0.2,6.05
ORD0011208,CUST01747,2024-12-13,Delivered,Debit Card,0.05,6.33
ORD0011209,CUST00291,2023-12-15,Delivered,Net Banking,0.0,0.64
ORD0011210,CUST00916,2024-11-18,Delivered,Wallet,0.0,0.49
ORD0011211,CUST00507,2024-12-11,Delivered,Credit Card,0.15,0.94
ORD0011212,CUST00975,2024-07-22,Returned,Wallet,0.0,2.65
ORD0011213,CUST01580,2024-07-16,Delivered,Wallet,0.0,3.32
ORD0011214,CUST01904,2024-09-06,Delivered,UPI,0.0,1.59
ORD0011215,CUST01800,2024-02-28,Processing,UPI,0.0,0.39
ORD0011216,CUST01508,2022-10-05,Delivered,PayPal,0.0,4.36
ORD0011217,CUST00537,2024-11-16,Returned,Credit Card,0.1,5.93
ORD0011218,CUST01738,2023-11-30,Delivered,PayPal,0.05,6.18
ORD0011219,CUST00868,2024-09-09,Delivered,UPI,0.15,8.54
ORD0011220,CUST01025,2024-12-19,Delivered,PayPal,0.05,7.84
ORD0011221,CUST00098,2023-06-06,Delivered,Credit Card,0.15,6.99
ORD0011222,CUST01402,2024-12-02,Delivered,Credit Card,0.05,11.88
ORD0011223,CUST00398,2024-10-13,Delivered,Wallet,0.1,11.72
ORD0011224,CUST00924,2024-07-14,Delivered,Credit Card,0.05,1.54
ORD0011225,CUST00217,2024-11-30,Processing,Debit Card,0.1,1.88
ORD0011226,CUST00312,2023-05-24,Delivered,Debit Card,0.0,14.28
ORD0011227,CUST00337,2022-08-20,Returned,Net Banking,0.1,1.14
ORD0011228,CUST00419,2023-03-19,Delivered,Credit Card,0.1,7.38
ORD0011229,CUST01099,2024-09-12,Delivered,Credit Card,0.0,9.97
ORD0011230,CUST00237,2024-03-19,Delivered,Credit Card,0.05,13.16
ORD0011231,CUST01629,2023-12-25,Delivered,Debit Card,0.05,3.83
ORD0011232,CUST00357,2023-11-12,Returned,Wallet,0.0,8.28
ORD0011233,CUST00533,2024-03-06,Delivered,Debit Card,0.05,2.37
ORD0011234,CUST00563,2024-11-04,Cancelled,Net Banking,0.05,6.71
ORD0011235,CUST01574,2023-12-16,Delivered,Wallet,0.1,6.31
ORD0011236,CUST01298,2024-07-25,Delivered,Net Banking,0.0,14.25
ORD0011237,CUST00505,2024-09-29,Delivered,PayPal,0.1,6.06
ORD0011238,CUST00170,2023-12-18,Returned,Net Banking,0.15,8.88
ORD0011239,CUST01880,2024-09-07,Delivered,Wallet,0.0,13.54
ORD0011240,CUST01268,2023-12-14,Delivered,UPI,0.1,10.88
ORD0011241,CUST00825,2023-05-20,Returned,Wallet,0.1,4.53
ORD0011242,CUST00688,2024-10-06,Delivered,PayPal,0.0,14.62
ORD0011243,CUST01723,2024-10-11,Delivered,Credit Card,0.1,2.9
ORD0011244,CUST00976,2024-11-28,Cancelled,Wallet,0.0,3.62
ORD0011245,CUST01640,2024-02-29,Returned,Debit Card,0.05,8.37
ORD0011246,CUST00880,2023-04-28,Delivered,UPI,0.15,13.17
ORD0011247,CUST00349,2024-05-24,Delivered,PayPal,0.0,6.04
ORD0011248,CUST00523,2024-07-28,Delivered,PayPal,0.1,7.99
ORD0011249,CUST01820,2023-09-27,Delivered,Wallet,0.0,4.19
ORD0011250,CUST01013,2024-02-27,Delivered,Wallet,0.05,12.98
ORD0011251,CUST00531,2024-01-05,Delivered,Debit Card,0.0,6.67
ORD0011252,CUST00309,2024-04-29,Delivered,Net Banking,0.0,8.24
ORD0011253,CUST01633,2022-11-02,Cancelled,PayPal,0.1,3.15
ORD0011254,CUST00742,2024-06-02,Delivered,PayPal,0.2,8.7
ORD0011255,CUST01111,2024-10-04,Delivered,UPI,0.1,12.57
ORD0011256,CUST00103,2024-10-05,Delivered,Credit Card,0.0,4.69
ORD0011257,CUST00458,2023-11-23,Cancelled,Credit Card,0.0,6.21
ORD0011258,CUST00169,2024-07-02,Delivered,Credit Card,0.05,6.02
ORD0011259,CUST01036,2024-12-14,Cancelled,UPI,0.1,0.46
ORD0011260,CUST01040,2024-07-14,Delivered,Net Banking,0.2,6.07
ORD0011261,CUST01118,2024-07-18,Delivered,UPI,0.1,12.03
ORD0011262,CUST00022,2024-10-05,Delivered,Debit Card,0.05,2.35
ORD0011263,CUST01755,2024-11-10,Delivered,UPI,0.05,3.09
ORD0011264,CUST01384,2024-07-31,Returned,Debit Card,0.0,2.83
ORD0011265,CUST01635,2024-12-19,Cancelled,UPI,0.05,1.08
ORD0011266,CUST00901,2024-12-12,Returned,PayPal,0.0,5.39
ORD0011267,CUST00028,2024-05-16,Delivered,Debit Card,0.0,11.83
ORD0011268,CUST01223,2024-05-23,Returned,Debit Card,0.0,7.84
ORD0011269,CUST00003,2024-02-13,Cancelled,UPI,0.05,11.23
ORD0011270,CUST00381,2024-11-30,Returned,PayPal,0.05,13.75
ORD0011271,CUST00493,2024-05-10,Delivered,Credit Card,0.05,8.02
ORD0011272,CUST01608,2024-05-03,Delivered,Net Banking,0.0,3.28
ORD0011273,CUST01135,2024-05-18,Delivered,PayPal,0.15,1.04
ORD0011274,CUST01044,2023-05-08,Delivered,Credit Card,0.2,14.25
ORD0011275,CUST00243,2022-04-28,Delivered,Net Banking,0.0,11.3
ORD0011276,CUST00544,2022-06-23,Cancelled,Credit Card,0.1,10.07
ORD0011277,CUST01856,2024-01-19,Returned,Wallet,0.1,2.08
ORD0011278,CUST01258,2024-06-08,Delivered,Net Banking,0.1,2.27
ORD0011279,CUST00835,2022-12-26,Delivered,UPI,0.1,7.05
ORD0011280,CUST01843,2024-09-25,Delivered,Net Banking,0.0,6.93
ORD0011281,CUST01771,2024-11-07,Delivered,Credit Card,0.0,4.61
ORD0011282,CUST00456,2024-07-25,Delivered,Net Banking,0.1,8.78
ORD0011283,CUST01343,2024-01-26,Delivered,UPI,0.05,3.99
ORD0011284,CUST01378,2024-08-19,Returned,Credit Card,0.15,9.64
ORD0011285,CUST00062,2024-10-20,Returned,PayPal,0.0,4.17
ORD0011286,CUST01506,2024-05-22,Delivered,Credit Card,0.1,2.63
ORD0011287,CUST01963,2024-12-01,Cancelled,UPI,0.0,3.23
ORD0011288,CUST01143,2024-10-22,Delivered,UPI,0.0,3.51
ORD0011289,CUST00285,2023-06-16,Delivered,Credit Card,0.1,6.19
ORD0011290,CUST00490,2022-12-07,Delivered,PayPal,0.15,12.17
ORD0011291,CUST01922,2022-04-08,Delivered,UPI,0.1,3.83
ORD0011292,CUST01730,2024-10-24,Delivered,Debit Card,0.0,11.24
ORD0011293,CUST01768,2024-10-14,Delivered,PayPal,0.0,4.21
ORD0011294,CUST01015,2024-11-02,Processing,Debit Card,0.1,0.96
ORD0011295,CUST01426,2023-09-28,Delivered,Credit Card,0.05,5.66
ORD0011296,CUST00475,2024-11-24,Processing,Net Banking,0.05,10.74
ORD0011297,CUST00657,2023-11-24,Delivered,Debit Card,0.05,7.7
ORD0011298,CUST01431,2024-05-08,Cancelled,Net Banking,0.0,11.59
ORD0011299,CUST00287,2024-07-06,Returned,Debit Card,0.05,13.89
ORD0011300,CUST01928,2024-08-19,Delivered,Debit Card,0.0,9.26
ORD0011301,CUST01664,2022-09-05,Delivered,PayPal,0.0,2.68
ORD0011302,CUST00570,2024-02-20,Delivered,PayPal,0.1,8.01
ORD0011303,CUST01284,2024-08-26,Delivered,PayPal,0.05,7.65
ORD0011304,CUST00592,2023-12-31,Delivered,PayPal,0.0,12.52
ORD0011305,CUST00274,2024-08-02,Delivered,UPI,0.0,14.47
ORD0011306,CUST00882,2024-10-06,Delivered,UPI,0.05,3.78
ORD0011307,CUST00749,2024-10-01,Delivered,Debit Card,0.1,6.57
ORD0011308,CUST01165,2024-04-13,Delivered,Wallet,0.0,4.06
ORD0011309,CUST01094,2023-09-30,Delivered,Wallet,0.1,13.72
ORD0011310,CUST00049,2024-10-16,Delivered,Credit Card,0.1,7.49
ORD0011311,CUST01757,2024-07-19,Delivered,Net Banking,0.0,0.41
ORD0011312,CUST01654,2024-06-04,Cancelled,Net Banking,0.05,0.11
ORD0011313,CUST01536,2024-05-21,Delivered,UPI,0.0,7.86
ORD0011314,CUST01606,2024-11-22,Delivered,PayPal,0.05,7.77
ORD0011315,CUST01462,2024-12-24,Delivered,Net Banking,0.0,13.92
ORD0011316,CUST01379,2024-10-23,Delivered,Wallet,0.0,12.84
ORD0011317,CUST01844,2023-02-03,Delivered,Wallet,0.0,8.49
ORD0011318,CUST00105,2024-11-01,Delivered,PayPal,0.0,1.07
ORD0011319,CUST00947,2024-12-11,Cancelled,UPI,0.05,11.69
ORD0011320,CUST00101,2024-03-29,Delivered,Wallet,0.05,3.53
ORD0011321,CUST01482,2024-08-23,Delivered,UPI,0.0,4.4
ORD0011322,CUST00567,2024-09-14,Cancelled,Net Banking,0.1,5.7
ORD0011323,CUST01629,2024-06-10,Returned,UPI,0.0,14.0
ORD0011324,CUST00099,2023-12-30,Processing,Credit Card,0.0,7.24
ORD0011325,CUST01135,2023-09-18,Delivered,PayPal,0.0,12.38
ORD0011326,CUST00578,2023-07-13,Delivered,Credit Card,0.0,4.77
ORD0011327,CUST01994,2024-10-11,Delivered,PayPal,0.05,6.42
ORD0011328,CUST00540,2022-10-10,Delivered,Credit Card,0.05,6.85
ORD0011329,CUST01564,2023-08-11,Cancelled,PayPal,0.0,2.49
ORD0011330,CUST00195,2024-01-26,Delivered,Credit Card,0.05,0.32
ORD0011331,CUST00640,2024-12-21,Delivered,Debit Card,0.05,9.9
ORD0011332,CUST00468,2024-10-20,Returned,Debit Card,0.0,3.59
ORD0011333,CUST00307,2023-09-13,Delivered,Net Banking,0.05,6.3
ORD0011334,CUST00132,2024-04-16,Delivered,Debit Card,0.05,13.35
ORD0011335,CUST00062,2024-07-19,Delivered,UPI,0.0,3.15
ORD0011336,CUST00620,2024-03-01,Delivered,Net Banking,0.0,5.85
ORD0011337,CUST01192,2023-11-16,Delivered,PayPal,0.0,0.79
ORD0011338,CUST00977,2024-05-14,Delivered,UPI,0.0,1.36
ORD0011339,CUST01034,2022-12-22,Delivered,Net Banking,0.0,0.85
ORD0011340,CUST01131,2022-08-05,Returned,Net Banking,0.0,2.18
ORD0011341,CUST00754,2023-05-04,Delivered,Debit Card,0.0,11.14
ORD0011342,CUST01784,2023-03-09,Delivered,Debit Card,0.0,14.64
ORD0011343,CUST01089,2024-01-11,Returned,Debit Card,0.15,12.29
ORD0011344,CUST00395,2024-09-29,Delivered,Debit Card,0.0,5.91
ORD0011345,CUST01747,2024-11-27,Delivered,Credit Card,0.0,2.08
ORD0011346,CUST01932,2024-03-10,Delivered,UPI,0.05,10.24
ORD0011347,CUST01276,2024-10-27,Delivered,Net Banking,0.1,8.38
ORD0011348,CUST01680,2024-02-02,Delivered,Debit Card,0.0,10.33
ORD0011349,CUST01148,2024-05-05,Delivered,UPI,0.0,3.34
ORD0011350,CUST00521,2024-06-06,Delivered,Debit Card,0.0,2.88
ORD0011351,CUST00780,2024-11-19,Delivered,PayPal,0.15,4.63
ORD0011352,CUST01085,2023-09-19,Delivered,Credit Card,0.0,3.44
ORD0011353,CUST01331,2024-05-26,Delivered,Credit Card,0.0,11.94
ORD0011354,CUST00963,2024-12-27,Delivered,UPI,0.0,3.46
ORD0011355,CUST01621,2024-09-19,Delivered,PayPal,0.1,0.13
ORD0011356,CUST01295,2024-11-17,Cancelled,UPI,0.0,9.41
ORD0011357,CUST01650,2024-09-28,Returned,Credit Card,0.05,4.88
ORD0011358,CUST01013,2024-11-11,Delivered,Credit Card,0.1,6.09
ORD0011359,CUST00254,2024-01-14,Delivered,Net Banking,0.05,6.92
ORD0011360,CUST01545,2024-08-15,Delivered,Net Banking,0.1,4.81
ORD0011361,CUST01148,2024-11-19,Delivered,Credit Card,0.0,3.95
ORD0011362,CUST00635,2024-09-24,Delivered,UPI,0.1,6.0
ORD0011363,CUST00776,2024-11-12,Delivered,Debit Card,0.15,0.82
ORD0011364,CUST00532,2024-11-29,Delivered,UPI,0.0,7.12
ORD0011365,CUST00290,2024-07-13,Delivered,Debit Card,0.0,14.78
ORD0011366,CUST01131,2023-05-22,Delivered,Wallet,0.0,9.08
ORD0011367,CUST01378,2024-07-23,Delivered,Net Banking,0.0,9.33
ORD0011368,CUST00286,2024-05-20,Returned,PayPal,0.05,10.21
ORD0011369,CUST00951,2024-11-14,Delivered,Debit Card,0.0,14.15
ORD0011370,CUST00426,2024-05-27,Delivered,Debit Card,0.05,5.75
ORD0011371,CUST00367,2024-10-24,Processing,Wallet,0.0,10.18
ORD0011372,CUST00316,2024-10-30,Delivered,Debit Card,0.0,8.47
ORD0011373,CUST00277,2024-06-29,Delivered,Net Banking,0.0,8.57
ORD0011374,CUST00084,2023-10-09,Delivered,UPI,0.0,12.74
ORD0011375,CUST00020,2023-09-07,Delivered,Wallet,0.0,3.13
ORD0011376,CUST01047,2024-09-04,Cancelled,Debit Card,0.1,8.14
ORD0011377,CUST00033,2023-08-01,Delivered,Debit Card,0.0,5.94
ORD0011378,CUST00064,2024-08-25,Delivered,Net Banking,0.0,11.92
ORD0011379,CUST00924,2024-12-21,Delivered,UPI,0.0,13.77
ORD0011380,CUST01143,2024-09-06,Returned,Credit Card,0.2,6.24
ORD0011381,CUST00147,2023-11-20,Delivered,Net Banking,0.0,11.62
ORD0011382,CUST00056,2023-09-22,Cancelled,UPI,0.0,0.7
ORD0011383,CUST00024,2023-04-29,Delivered,PayPal,0.05,7.65
ORD0011384,CUST00937,2022-07-26,Delivered,Net Banking,0.0,2.56
ORD0011385,CUST01960,2024-12-02,Delivered,Debit Card,0.05,6.27
ORD0011386,CUST00434,2024-07-31,Delivered,UPI,0.0,0.8
ORD0011387,CUST01351,2022-10-09,Processing,Wallet,0.05,12.49
ORD0011388,CUST01404,2024-04-18,Delivered,Net Banking,0.0,13.06
ORD0011389,CUST01920,2023-06-12,Processing,UPI,0.1,9.83
ORD0011390,CUST01518,2023-11-21,Delivered,PayPal,0.2,12.98
ORD0011391,CUST01240,2024-10-26,Delivered,PayPal,0.1,13.57
ORD0011392,CUST01973,2024-06-21,Delivered,UPI,0.0,0.19
ORD0011393,CUST00398,2024-12-03,Returned,Wallet,0.0,6.81
ORD0011394,CUST00849,2024-11-28,Delivered,Wallet,0.0,13.37
ORD0011395,CUST00817,2024-10-30,Delivered,Net Banking,0.05,8.22
ORD0011396,CUST00891,2023-09-03,Delivered,Wallet,0.15,4.45
ORD0011397,CUST01872,2024-08-25,Delivered,Debit Card,0.05,12.08
ORD0011398,CUST01596,2024-07-03,Delivered,Wallet,0.1,3.58
ORD0011399,CUST00380,2024-10-31,Delivered,UPI,0.15,14.66
ORD0011400,CUST00262,2024-01-19,Delivered,Credit Card,0.0,1.43
ORD0011401,CUST01542,2024-03-21,Processing,Wallet,0.1,12.31
ORD0011402,CUST01909,2024-11-12,Delivered,Wallet,0.15,11.1
ORD0011403,CUST01664,2023-10-26,Cancelled,Credit Card,0.1,4.76
ORD0011404,CUST00895,2024-07-26,Cancelled,Debit Card,0.1,0.79
ORD0011405,CUST01249,2024-10-19,Delivered,Wallet,0.0,2.18
ORD0011406,CUST01926,2022-12-25,Delivered,UPI,0.05,11.76
ORD0011407,CUST00352,2024-06-21,Delivered,Wallet,0.0,3.74
ORD0011408,CUST00881,2023-12-07,Delivered,Credit Card,0.1,0.46
ORD0011409,CUST01305,2024-09-17,Delivered,Debit Card,0.15,12.64
ORD0011410,CUST00392,2024-08-21,Processing,UPI,0.05,11.54
ORD0011411,CUST00561,2023-11-08,Returned,Wallet,0.05,10.83
ORD0011412,CUST01827,2023-08-26,Delivered,Net Banking,0.0,0.58
ORD0011413,CUST00023,2024-07-05,Delivered,Debit Card,0.05,9.68
ORD0011414,CUST00970,2024-02-08,Returned,Wallet,0.0,14.5
ORD0011415,CUST01547,2023-05-15,Delivered,Wallet,0.0,3.08
ORD0011416,CUST00752,2022-03-14,Delivered,PayPal,0.15,11.76
ORD0011417,CUST00935,2024-11-30,Delivered,Credit Card,0.1,10.06
ORD0011418,CUST00320,2024-09-07,Processing,Credit Card,0.0,4.64
ORD0011419,CUST00732,2023-09-20,Delivered,Debit Card,0.05,4.86
ORD0011420,CUST00197,2024-03-09,Processing,Wallet,0.05,12.3
ORD0011421,CUST00971,2024-09-01,Delivered,Wallet,0.0,11.58
ORD0011422,CUST01638,2024-12-23,Returned,PayPal,0.15,4.07
ORD0011423,CUST01850,2023-04-01,Delivered,Debit Card,0.2,1.71
ORD0011424,CUST00654,2022-06-07,Delivered,Credit Card,0.1,2.1
ORD0011425,CUST01473,2023-03-10,Delivered,Wallet,0.0,1.95
ORD0011426,CUST01894,2023-09-26,Returned,UPI,0.15,9.04
ORD0011427,CUST00743,2023-01-18,Processing,Credit Card,0.0,9.66
ORD0011428,CUST00547,2022-05-26,Cancelled,Wallet,0.0,8.87
ORD0011429,CUST00624,2024-10-16,Delivered,UPI,0.0,0.03
ORD0011430,CUST01812,2024-11-07,Delivered,UPI,0.15,14.77
ORD0011431,CUST00214,2024-12-23,Delivered,Wallet,0.15,12.94
ORD0011432,CUST00092,2024-07-23,Delivered,PayPal,0.05,7.85
ORD0011433,CUST01780,2024-04-29,Delivered,Wallet,0.05,3.5
ORD0011434,CUST01548,2023-03-09,Returned,PayPal,0.0,13.44
ORD0011435,CUST01741,2024-01-19,Delivered,PayPal,0.15,7.83
ORD0011436,CUST00320,2024-12-23,Returned,Net Banking,0.05,4.25
ORD0011437,CUST00402,2024-11-06,Delivered,Wallet,0.15,1.48
ORD0011438,CUST00440,2024-11-11,Returned,Debit Card,0.0,5.31
ORD0011439,CUST00181,2024-07-27,Returned,Debit Card,0.05,5.2
ORD0011440,CUST00543,2023-11-07,Delivered,Net Banking,0.05,6.14
ORD0011441,CUST00322,2024-03-04,Returned,Credit Card,0.1,1.97
ORD0011442,CUST00411,2023-10-05,Returned,Wallet,0.0,8.82
ORD0011443,CUST00389,2024-01-22,Delivered,Debit Card,0.0,6.13
ORD0011444,CUST01974,2024-05-08,Cancelled,Debit Card,0.15,14.85
ORD0011445,CUST00918,2024-04-19,Delivered,Debit Card,0.15,9.18
ORD0011446,CUST01499,2024-01-31,Delivered,UPI,0.05,13.51
ORD0011447,CUST00980,2024-09-28,Processing,Debit Card,0.05,11.2
ORD0011448,CUST00898,2024-05-17,Delivered,Debit Card,0.0,10.17
ORD0011449,CUST01689,2022-11-07,Delivered,Credit Card,0.0,4.73
ORD0011450,CUST00724,2024-07-21,Delivered,UPI,0.1,5.53
ORD0011451,CUST01876,2024-09-25,Returned,PayPal,0.1,1.05
ORD0011452,CUST01097,2024-03-23,Delivered,UPI,0.0,14.63
ORD0011453,CUST01342,2022-11-12,Delivered,UPI,0.05,9.37
ORD0011454,CUST01236,2023-08-27,Cancelled,Credit Card,0.05,1.36
ORD0011455,CUST00233,2022-04-06,Returned,Wallet,0.0,2.01
ORD0011456,CUST01744,2024-06-15,Cancelled,Credit Card,0.05,12.5
ORD0011457,CUST01361,2024-09-15,Delivered,Wallet,0.0,14.84
ORD0011458,CUST00636,2024-04-13,Delivered,UPI,0.0,14.69
ORD0011459,CUST00871,2024-06-19,Delivered,UPI,0.1,14.21
ORD0011460,CUST01841,2024-11-12,Delivered,Debit Card,0.0,1.61
ORD0011461,CUST00704,2024-09-02,Processing,UPI,0.1,4.44
ORD0011462,CUST01525,2024-03-08,Cancelled,UPI,0.0,8.81
ORD0011463,CUST01766,2023-06-26,Processing,UPI,0.0,2.2
ORD0011464,CUST01828,2024-12-06,Delivered,PayPal,0.0,13.46
ORD0011465,CUST00415,2024-04-14,Cancelled,Credit Card,0.2,1.21
ORD0011466,CUST00768,2024-12-21,Delivered,Debit Card,0.0,10.48
ORD0011467,CUST00905,2024-06-01,Cancelled,Net Banking,0.15,14.51
ORD0011468,CUST00318,2024-04-17,Delivered,PayPal,0.05,3.11
ORD0011469,CUST01244,2023-07-28,Delivered,Debit Card,0.1,4.38
ORD0011470,CUST00869,2024-06-16,Delivered,Net Banking,0.05,10.41
ORD0011471,CUST01673,2024-05-26,Delivered,Credit Card,0.15,7.64
ORD0011472,CUST01200,2022-08-05,Delivered,Wallet,0.0,6.08
ORD0011473,CUST00701,2024-10-31,Delivered,Net Banking,0.1,2.64
ORD0011474,CUST01097,2024-08-17,Delivered,Debit Card,0.0,1.42
ORD0011475,CUST00539,2024-08-02,Delivered,Net Banking,0.05,9.21
ORD0011476,CUST01289,2024-04-05,Delivered,PayPal,0.1,11.24
ORD0011477,CUST00873,2024-12-14,Delivered,Net Banking,0.05,12.42
ORD0011478,CUST00421,2023-02-10,Delivered,Net Banking,0.05,11.27
ORD0011479,CUST01143,2024-09-17,Delivered,Debit Card,0.0,5.28
ORD0011480,CUST01315,2024-05-09,Processing,UPI,0.0,0.44
ORD0011481,CUST01533,2024-01-08,Delivered,Wallet,0.1,12.44
ORD0011482,CUST00087,2024-10-07,Delivered,Credit Card,0.0,8.95
ORD0011483,CUST00851,2024-07-17,Returned,Credit Card,0.0,9.66
ORD0011484,CUST01622,2024-12-10,Returned,Credit Card,0.1,9.42
ORD0011485,CUST01648,2022-11-08,Returned,UPI,0.1,10.99
ORD0011486,CUST01265,2024-10-06,Delivered,UPI,0.05,1.06
ORD0011487,CUST00476,2023-01-29,Returned,Debit Card,0.0,10.62
ORD0011488,CUST01521,2024-08-22,Delivered,Net Banking,0.15,6.65
ORD0011489,CUST01055,2024-06-01,Processing,Net Banking,0.1,9.79
ORD0011490,CUST00262,2024-02-08,Delivered,Credit Card,0.0,11.53
ORD0011491,CUST01061,2024-09-10,Delivered,PayPal,0.0,1.98
ORD0011492,CUST00086,2023-11-17,Delivered,UPI,0.0,7.2
ORD0011493,CUST00591,2024-10-10,Delivered,Debit Card,0.0,13.9
ORD0011494,CUST01320,2023-12-04,Cancelled,Credit Card,0.0,0.36
ORD0011495,CUST00070,2024-12-09,Cancelled,Debit Card,0.1,1.86
ORD0011496,CUST00598,2024-06-22,Delivered,UPI,0.05,14.76
ORD0011497,CUST01898,2024-12-17,Delivered,Wallet,0.0,14.02
ORD0011498,CUST00234,2023-10-21,Delivered,Debit Card,0.15,3.17
ORD0011499,CUST01653,2024-04-27,Delivered,Credit Card,0.15,13.81
ORD0011500,CUST01105,2024-04-19,Returned,Debit Card,0.15,9.89
ORD0011501,CUST00059,2023-10-15,Delivered,Wallet,0.05,9.6
ORD0011502,CUST01758,2024-09-04,Returned,PayPal,0.0,4.39
ORD0011503,CUST00579,2024-08-29,Delivered,Wallet,0.0,4.86
ORD0011504,CUST01728,2022-10-29,Delivered,Credit Card,0.15,8.8
ORD0011505,CUST00267,2023-12-20,Delivered,Debit Card,0.0,10.67
ORD0011506,CUST01701,2024-06-29,Cancelled,Wallet,0.1,0.16
ORD0011507,CUST00975,2024-09-12,Delivered,Net Banking,0.15,3.53
ORD0011508,CUST00245,2023-03-25,Delivered,Wallet,0.1,10.5
ORD0011509,CUST00959,2024-12-17,Delivered,Wallet,0.05,11.12
ORD0011510,CUST00181,2023-07-22,Delivered,Net Banking,0.1,10.91
ORD0011511,CUST00570,2024-10-05,Cancelled,Credit Card,0.2,13.02
ORD0011512,CUST00378,2023-09-29,Delivered,UPI,0.0,4.01
ORD0011513,CUST00962,2023-04-20,Cancelled,Credit Card,0.0,7.39
ORD0011514,CUST00906,2024-01-02,Returned,Net Banking,0.05,9.58
ORD0011515,CUST00200,2023-02-09,Returned,Wallet,0.1,2.08
ORD0011516,CUST00317,2024-08-05,Delivered,Net Banking,0.2,8.89
ORD0011517,CUST00459,2024-12-12,Delivered,Wallet,0.0,14.71
ORD0011518,CUST00417,2024-02-24,Delivered,UPI,0.05,13.62
ORD0011519,CUST00153,2024-01-23,Returned,UPI,0.2,1.68
ORD0011520,CUST01018,2022-12-04,Delivered,PayPal,0.15,7.9
ORD0011521,CUST01834,2024-08-29,Delivered,UPI,0.0,3.63
ORD0011522,CUST00762,2023-06-05,Delivered,UPI,0.05,5.58
ORD0011523,CUST00569,2023-10-22,Delivered,Debit Card,0.1,14.94
ORD0011524,CUST00688,2024-11-08,Delivered,Net Banking,0.0,7.36
ORD0011525,CUST01179,2024-08-04,Delivered,UPI,0.0,0.77
ORD0011526,CUST01744,2024-04-08,Delivered,Credit Card,0.0,1.44
ORD0011527,CUST01315,2022-07-15,Delivered,PayPal,0.0,9.9
ORD0011528,CUST00452,2024-10-19,Delivered,Credit Card,0.0,11.0
ORD0011529,CUST01159,2023-09-27,Delivered,Net Banking,0.1,5.2
ORD0011530,CUST01973,2024-10-02,Delivered,UPI,0.0,11.73
ORD0011531,CUST00812,2022-04-04,Delivered,Credit Card,0.0,6.88
ORD0011532,CUST00904,2024-11-29,Cancelled,Credit Card,0.0,14.81
ORD0011533,CUST00874,2023-04-20,Delivered,Wallet,0.05,9.84
ORD0011534,CUST00078,2024-08-26,Delivered,Debit Card,0.0,8.62
ORD0011535,CUST00349,2023-09-22,Delivered,Debit Card,0.2,6.28
ORD0011536,CUST01698,2024-11-11,Delivered,UPI,0.1,5.07
ORD0011537,CUST00709,2024-10-01,Processing,Net Banking,0.1,13.61
ORD0011538,CUST00189,2024-12-25,Delivered,Wallet,0.0,5.76
ORD0011539,CUST01470,2023-10-28,Delivered,UPI,0.15,0.23
ORD0011540,CUST00687,2024-12-16,Processing,UPI,0.1,1.25
ORD0011541,CUST00740,2024-01-03,Delivered,Debit Card,0.05,7.56
ORD0011542,CUST01555,2024-04-20,Delivered,UPI,0.05,5.91
ORD0011543,CUST01324,2024-01-29,Delivered,Debit Card,0.0,4.03
ORD0011544,CUST01448,2024-03-24,Cancelled,UPI,0.05,1.95
ORD0011545,CUST00915,2024-02-24,Delivered,UPI,0.0,0.02
ORD0011546,CUST00423,2024-11-20,Delivered,PayPal,0.0,11.82
ORD0011547,CUST00081,2024-09-09,Returned,Credit Card,0.05,6.8
ORD0011548,CUST00982,2024-10-02,Delivered,PayPal,0.0,0.34
ORD0011549,CUST01325,2023-12-22,Delivered,Wallet,0.0,7.0
ORD0011550,CUST01481,2024-12-30,Cancelled,PayPal,0.05,10.64
ORD0011551,CUST00238,2024-09-11,Delivered,Wallet,0.05,5.92
ORD0011552,CUST00932,2024-03-04,Delivered,UPI,0.0,6.47
ORD0011553,CUST01510,2023-12-13,Delivered,PayPal,0.1,14.43
ORD0011554,CUST00007,2024-12-04,Delivered,Net Banking,0.1,12.34
ORD0011555,CUST01285,2024-07-03,Cancelled,PayPal,0.0,10.32
ORD0011556,CUST00850,2024-09-11,Delivered,UPI,0.15,12.87
ORD0011557,CUST00419,2023-05-14,Delivered,Wallet,0.05,14.8
ORD0011558,CUST00385,2024-10-07,Processing,PayPal,0.0,5.59
ORD0011559,CUST01237,2023-07-23,Delivered,Net Banking,0.15,3.4
ORD0011560,CUST01467,2024-09-30,Delivered,Net Banking,0.1,8.97
ORD0011561,CUST00968,2024-04-18,Delivered,Credit Card,0.0,9.28
ORD0011562,CUST00084,2024-07-08,Delivered,Net Banking,0.0,6.84
ORD0011563,CUST00975,2024-09-06,Delivered,Wallet,0.05,8.29
ORD0011564,CUST01088,2024-11-22,Delivered,Net Banking,0.1,7.44
ORD0011565,CUST01735,2022-06-10,Delivered,PayPal,0.1,11.51
ORD0011566,CUST00862,2024-09-23,Delivered,UPI,0.0,4.75
ORD0011567,CUST01734,2024-06-14,Delivered,Net Banking,0.05,6.94
ORD0011568,CUST01747,2023-11-25,Delivered,Debit Card,0.0,4.53
ORD0011569,CUST00113,2024-04-20,Delivered,Debit Card,0.1,7.68
ORD0011570,CUST01921,2024-02-11,Delivered,Debit Card,0.0,13.92
ORD0011571,CUST00988,2024-05-11,Returned,Wallet,0.1,4.07
ORD0011572,CUST01422,2023-11-19,Delivered,Credit Card,0.05,8.35
ORD0011573,CUST00583,2024-06-19,Processing,Wallet,0.2,4.95
ORD0011574,CUST01278,2024-01-02,Delivered,Net Banking,0.15,2.21
ORD0011575,CUST01483,2024-05-10,Delivered,Credit Card,0.0,0.94
ORD0011576,CUST00371,2024-12-06,Delivered,Credit Card,0.05,6.07
ORD0011577,CUST00686,2024-06-15,Returned,Credit Card,0.0,0.79
ORD0011578,CUST00260,2024-09-15,Delivered,Debit Card,0.05,3.91
ORD0011579,CUST00238,2024-10-30,Cancelled,Credit Card,0.0,0.75
ORD0011580,CUST00633,2024-06-07,Delivered,Credit Card,0.1,6.79
ORD0011581,CUST01137,2023-11-23,Delivered,UPI,0.0,10.16
ORD0011582,CUST00960,2024-04-28,Returned,Debit Card,0.15,9.04
ORD0011583,CUST00667,2024-10-15,Delivered,Wallet,0.0,8.11
ORD0011584,CUST00889,2024-08-24,Delivered,Wallet,0.0,13.91
ORD0011585,CUST00339,2024-11-22,Returned,Wallet,0.1,9.2
ORD0011586,CUST01062,2024-11-18,Processing,Net Banking,0.05,12.16
ORD0011587,CUST01858,2024-09-13,Delivered,Debit Card,0.0,4.83
ORD0011588,CUST01557,2024-05-14,Delivered,Net Banking,0.1,5.24
ORD0011589,CUST00224,2023-11-24,Delivered,UPI,0.05,2.63
ORD0011590,CUST01940,2024-12-23,Delivered,PayPal,0.05,2.04
ORD0011591,CUST01500,2023-11-01,Returned,PayPal,0.0,1.8
ORD0011592,CUST00496,2024-10-17,Delivered,Wallet,0.0,7.48
ORD0011593,CUST00158,2024-11-25,Delivered,Credit Card,0.0,0.53
ORD0011594,CUST01793,2023-03-18,Delivered,Credit Card,0.05,14.65
ORD0011595,CUST00429,2024-07-25,Delivered,PayPal,0.1,4.34
ORD0011596,CUST00563,2024-11-02,Delivered,Net Banking,0.1,2.13
ORD0011597,CUST00244,2024-08-26,Delivered,Net Banking,0.15,9.3
ORD0011598,CUST00028,2024-09-28,Processing,Net Banking,0.0,7.0
ORD0011599,CUST00465,2024-11-10,Cancelled,Net Banking,0.05,1.23
ORD0011600,CUST01245,2024-12-13,Delivered,Wallet,0.1,13.37
ORD0011601,CUST01266,2024-10-23,Delivered,PayPal,0.0,3.8
ORD0011602,CUST01041,2024-08-13,Processing,UPI,0.0,2.51
ORD0011603,CUST00103,2024-06-13,Delivered,Debit Card,0.1,12.26
ORD0011604,CUST01623,2024-03-10,Delivered,Wallet,0.15,2.66
ORD0011605,CUST00977,2023-08-25,Delivered,Debit Card,0.0,8.14
ORD0011606,CUST00143,2024-07-25,Delivered,Debit Card,0.05,7.74
ORD0011607,CUST01586,2024-12-12,Delivered,Wallet,0.1,11.31
ORD0011608,CUST01892,2024-12-26,Delivered,PayPal,0.05,12.64
ORD0011609,CUST01820,2024-03-26,Delivered,Net Banking,0.05,9.18
ORD0011610,CUST01306,2024-05-26,Delivered,Credit Card,0.0,0.39
ORD0011611,CUST00535,2024-09-19,Delivered,PayPal,0.1,11.96
ORD0011612,CUST00790,2024-12-23,Delivered,Wallet,0.0,9.57
ORD0011613,CUST00960,2024-11-15,Delivered,Net Banking,0.0,9.17
ORD0011614,CUST01001,2023-08-11,Delivered,UPI,0.0,5.34
ORD0011615,CUST01741,2023-04-16,Returned,Credit Card,0.15,4.55
ORD0011616,CUST01970,2023-12-03,Delivered,Net Banking,0.1,1.43
ORD0011617,CUST00212,2023-02-25,Delivered,UPI,0.0,11.19
ORD0011618,CUST01744,2023-11-16,Delivered,Debit Card,0.0,14.49
ORD0011619,CUST01196,2022-07-04,Returned,PayPal,0.1,11.56
ORD0011620,CUST01427,2024-05-02,Delivered,PayPal,0.1,4.51
ORD0011621,CUST00141,2022-08-02,Delivered,Debit Card,0.15,2.76
ORD0011622,CUST00078,2024-06-20,Delivered,Net Banking,0.0,14.56
ORD0011623,CUST00167,2024-06-05,Delivered,UPI,0.05,7.65
ORD0011624,CUST01529,2023-03-22,Delivered,Debit Card,0.0,1.73
ORD0011625,CUST01607,2024-01-23,Delivered,Credit Card,0.0,5.12
ORD0011626,CUST01136,2024-06-18,Delivered,Net Banking,0.0,5.41
ORD0011627,CUST00901,2024-12-12,Delivered,Wallet,0.0,1.33
ORD0011628,CUST00429,2024-10-30,Delivered,UPI,0.15,1.4
ORD0011629,CUST01582,2022-08-22,Delivered,Debit Card,0.0,5.75
ORD0011630,CUST01629,2024-02-28,Delivered,UPI,0.1,10.7
ORD0011631,CUST00363,2024-06-21,Delivered,PayPal,0.15,12.48
ORD0011632,CUST01941,2024-05-22,Delivered,Debit Card,0.05,14.46
ORD0011633,CUST01883,2024-01-02,Returned,UPI,0.0,4.88
ORD0011634,CUST01734,2024-09-24,Delivered,UPI,0.1,13.29
ORD0011635,CUST01136,2024-12-11,Processing,Debit Card,0.05,8.72
ORD0011636,CUST00182,2024-08-11,Delivered,Net Banking,0.0,10.46
ORD0011637,CUST00898,2023-10-26,Delivered,PayPal,0.2,12.97
ORD0011638,CUST01791,2024-11-28,Cancelled,PayPal,0.0,13.87
ORD0011639,CUST00267,2024-02-05,Returned,Net Banking,0.2,13.32
ORD0011640,CUST01786,2024-01-12,Delivered,Wallet,0.1,14.26
ORD0011641,CUST00710,2024-12-09,Returned,Wallet,0.0,2.16
ORD0011642,CUST00698,2023-04-13,Returned,Net Banking,0.0,2.0
ORD0011643,CUST01514,2023-10-17,Delivered,Debit Card,0.1,7.66
ORD0011644,CUST00467,2024-12-08,Delivered,UPI,0.0,6.12
ORD0011645,CUST01334,2024-08-05,Delivered,UPI,0.05,13.23
ORD0011646,CUST00255,2024-03-29,Delivered,Net Banking,0.05,1.41
ORD0011647,CUST00510,2024-04-09,Cancelled,Wallet,0.0,2.22
ORD0011648,CUST01288,2024-08-03,Delivered,Wallet,0.0,13.54
ORD0011649,CUST00522,2024-06-05,Delivered,UPI,0.0,11.48
ORD0011650,CUST01983,2024-06-09,Returned,UPI,0.1,12.15
ORD0011651,CUST00420,2024-10-27,Delivered,Net Banking,0.0,13.25
ORD0011652,CUST01437,2024-05-10,Delivered,Wallet,0.15,9.91
ORD0011653,CUST00323,2023-11-24,Delivered,Debit Card,0.05,10.95
ORD0011654,CUST00018,2024-09-25,Delivered,UPI,0.0,0.71
ORD0011655,CUST01851,2024-09-28,Delivered,PayPal,0.0,5.77
ORD0011656,CUST01330,2022-06-18,Delivered,Wallet,0.05,0.82
ORD0011657,CUST00136,2024-05-02,Delivered,Credit Card,0.0,3.72
ORD0011658,CUST00848,2023-11-22,Delivered,PayPal,0.15,4.49
ORD0011659,CUST01876,2022-11-08,Delivered,UPI,0.05,8.67
ORD0011660,CUST01952,2024-01-06,Delivered,UPI,0.0,11.6
ORD0011661,CUST00803,2024-12-08,Delivered,PayPal,0.1,12.86
ORD0011662,CUST01776,2023-10-23,Returned,Wallet,0.1,3.94
ORD0011663,CUST01795,2023-01-27,Delivered,UPI,0.05,9.59
ORD0011664,CUST01938,2024-10-15,Delivered,Wallet,0.0,0.21
ORD0011665,CUST00723,2024-05-16,Delivered,PayPal,0.0,9.87
ORD0011666,CUST01725,2022-09-23,Delivered,UPI,0.05,8.15
ORD0011667,CUST01935,2024-12-05,Returned,UPI,0.0,8.04
ORD0011668,CUST00995,2023-08-07,Delivered,UPI,0.1,14.38
ORD0011669,CUST01244,2024-10-24,Delivered,Wallet,0.15,14.39
ORD0011670,CUST00847,2024-09-04,Returned,Net Banking,0.05,3.23
ORD0011671,CUST01577,2023-06-14,Returned,Credit Card,0.0,4.17
ORD0011672,CUST01742,2024-02-10,Delivered,Wallet,0.15,0.68
ORD0011673,CUST00526,2023-12-20,Returned,PayPal,0.1,14.51
ORD0011674,CUST01001,2024-12-17,Returned,Debit Card,0.05,3.3
ORD0011675,CUST01225,2024-06-29,Delivered,UPI,0.05,13.81
ORD0011676,CUST01956,2022-12-06,Delivered,Debit Card,0.0,3.12
ORD0011677,CUST00861,2024-02-25,Delivered,PayPal,0.0,0.76
ORD0011678,CUST01053,2023-05-02,Delivered,UPI,0.2,10.94
ORD0011679,CUST00185,2024-12-28,Delivered,Credit Card,0.0,10.07
ORD0011680,CUST00246,2024-03-04,Delivered,PayPal,0.05,5.69
ORD0011681,CUST00536,2024-11-23,Delivered,Net Banking,0.1,4.26
ORD0011682,CUST01206,2022-08-29,Delivered,PayPal,0.0,5.61
ORD0011683,CUST00941,2024-09-28,Delivered,Wallet,0.1,8.89
ORD0011684,CUST00578,2023-06-26,Delivered,Debit Card,0.0,9.06
ORD0011685,CUST01096,2023-10-07,Returned,UPI,0.0,10.29
ORD0011686,CUST00765,2024-10-31,Delivered,PayPal,0.05,7.94
ORD0011687,CUST00121,2023-02-01,Delivered,Net Banking,0.1,14.19
ORD0011688,CUST01793,2023-10-19,Returned,PayPal,0.15,12.11
ORD0011689,CUST01832,2024-11-15,Processing,UPI,0.05,1.99
ORD0011690,CUST01172,2024-05-07,Delivered,Debit Card,0.0,12.0
ORD0011691,CUST00898,2024-11-14,Delivered,UPI,0.0,14.92
ORD0011692,CUST00454,2024-12-17,Delivered,UPI,0.05,2.5
ORD0011693,CUST01768,2024-09-19,Delivered,Net Banking,0.05,5.29
ORD0011694,CUST00366,2024-03-14,Delivered,Wallet,0.0,14.99
ORD0011695,CUST00300,2024-09-07,Delivered,Wallet,0.0,5.1
ORD0011696,CUST01195,2022-11-21,Returned,UPI,0.0,1.03
ORD0011697,CUST00985,2024-07-17,Returned,PayPal,0.1,1.14
ORD0011698,CUST00146,2024-11-05,Returned,Wallet,0.05,7.03
ORD0011699,CUST00858,2024-01-10,Delivered,Credit Card,0.0,1.88
ORD0011700,CUST00139,2024-08-10,Delivered,Wallet,0.0,0.98
ORD0011701,CUST00671,2024-09-25,Cancelled,Wallet,0.0,8.37
ORD0011702,CUST01391,2023-09-23,Delivered,UPI,0.15,8.85
ORD0011703,CUST00840,2024-11-09,Cancelled,Wallet,0.0,3.49
ORD0011704,CUST01734,2024-10-01,Delivered,Net Banking,0.0,8.59
ORD0011705,CUST01061,2022-09-19,Delivered,Debit Card,0.2,0.19
ORD0011706,CUST01029,2024-12-17,Delivered,Debit Card,0.05,7.41
ORD0011707,CUST00332,2022-10-21,Delivered,UPI,0.2,13.88
ORD0011708,CUST00903,2023-11-13,Delivered,PayPal,0.15,11.52
ORD0011709,CUST01050,2024-11-21,Delivered,Debit Card,0.05,3.24
ORD0011710,CUST01713,2024-01-06,Delivered,Credit Card,0.05,4.07
ORD0011711,CUST01577,2023-04-30,Delivered,Net Banking,0.05,10.59
ORD0011712,CUST00423,2024-01-19,Cancelled,Debit Card,0.0,8.3
ORD0011713,CUST01109,2024-10-09,Delivered,Net Banking,0.05,7.65
ORD0011714,CUST01906,2024-08-01,Delivered,UPI,0.0,12.68
ORD0011715,CUST01588,2022-06-23,Cancelled,Debit Card,0.0,7.27
ORD0011716,CUST01890,2023-09-08,Delivered,Net Banking,0.15,3.78
ORD0011717,CUST01124,2023-01-24,Delivered,PayPal,0.0,8.46
ORD0011718,CUST00691,2024-01-07,Returned,PayPal,0.1,2.4
ORD0011719,CUST01160,2024-06-23,Delivered,PayPal,0.1,1.22
ORD0011720,CUST01775,2024-02-20,Cancelled,Wallet,0.1,5.24
ORD0011721,CUST00364,2022-08-07,Delivered,Debit Card,0.05,1.42
ORD0011722,CUST01244,2024-07-19,Delivered,Debit Card,0.0,2.68
ORD0011723,CUST01671,2024-06-28,Delivered,Credit Card,0.05,0.58
ORD0011724,CUST00890,2023-06-25,Delivered,PayPal,0.0,10.84
ORD0011725,CUST01132,2022-09-26,Returned,Debit Card,0.1,7.76
ORD0011726,CUST00775,2022-11-15,Delivered,UPI,0.05,11.12
ORD0011727,CUST00751,2023-09-28,Cancelled,Credit Card,0.05,2.81
ORD0011728,CUST00880,2024-12-01,Delivered,Debit Card,0.0,12.2
ORD0011729,CUST00780,2024-09-28,Cancelled,UPI,0.05,3.82
ORD0011730,CUST01111,2024-03-18,Processing,Debit Card,0.0,0.53
ORD0011731,CUST00102,2023-06-30,Delivered,Net Banking,0.1,14.83
ORD0011732,CUST01278,2024-03-13,Cancelled,UPI,0.05,7.42
ORD0011733,CUST00982,2022-09-11,Delivered,PayPal,0.1,12.05
ORD0011734,CUST01535,2024-10-31,Delivered,Net Banking,0.0,3.52
ORD0011735,CUST00630,2024-12-29,Delivered,Debit Card,0.0,14.52
ORD0011736,CUST00690,2024-12-25,Delivered,UPI,0.05,7.03
ORD0011737,CUST00850,2024-09-08,Delivered,Wallet,0.1,1.06
ORD0011738,CUST01172,2023-10-10,Delivered,Credit Card,0.05,4.32
ORD0011739,CUST01430,2023-07-09,Returned,Credit Card,0.0,12.62
ORD0011740,CUST00667,2024-11-02,Delivered,Wallet,0.0,1.23
ORD0011741,CUST00686,2023-03-09,Processing,UPI,0.0,6.71
ORD0011742,CUST00038,2024-06-08,Delivered,Net Banking,0.15,10.5
ORD0011743,CUST00255,2024-01-24,Returned,Credit Card,0.1,10.2
ORD0011744,CUST01786,2024-08-07,Returned,UPI,0.1,9.61
ORD0011745,CUST01332,2024-05-28,Delivered,Debit Card,0.2,5.81
ORD0011746,CUST01865,2024-06-15,Delivered,Wallet,0.0,10.37
ORD0011747,CUST00886,2024-08-31,Processing,PayPal,0.05,6.98
ORD0011748,CUST00179,2024-12-03,Delivered,UPI,0.15,1.61
ORD0011749,CUST00904,2024-08-11,Delivered,Credit Card,0.0,8.28
ORD0011750,CUST00414,2023-11-28,Delivered,Debit Card,0.0,6.69
ORD0011751,CUST01331,2023-04-06,Delivered,Net Banking,0.15,6.13
ORD0011752,CUST00147,2024-12-15,Delivered,UPI,0.15,3.87
ORD0011753,CUST01169,2023-12-02,Delivered,Debit Card,0.05,7.28
ORD0011754,CUST00277,2024-05-12,Delivered,UPI,0.0,7.35
ORD0011755,CUST01103,2024-06-22,Cancelled,UPI,0.0,2.76
ORD0011756,CUST00804,2023-10-05,Delivered,PayPal,0.05,8.24
ORD0011757,CUST00908,2024-06-06,Delivered,UPI,0.05,8.21
ORD0011758,CUST00072,2024-02-15,Delivered,Wallet,0.05,10.75
ORD0011759,CUST01945,2024-09-21,Returned,PayPal,0.0,6.62
ORD0011760,CUST00635,2024-04-08,Delivered,Credit Card,0.15,0.19
ORD0011761,CUST01347,2024-10-28,Delivered,Credit Card,0.1,5.92
ORD0011762,CUST01782,2024-07-18,Cancelled,Wallet,0.0,10.79
ORD0011763,CUST01527,2023-04-09,Delivered,Credit Card,0.0,0.31
ORD0011764,CUST01692,2024-03-25,Returned,PayPal,0.1,4.59
ORD0011765,CUST01611,2024-07-15,Delivered,PayPal,0.15,12.1
ORD0011766,CUST00766,2024-04-28,Cancelled,UPI,0.2,10.89
ORD0011767,CUST00375,2022-09-16,Delivered,PayPal,0.0,10.74
ORD0011768,CUST01132,2023-10-13,Delivered,Debit Card,0.0,14.61
ORD0011769,CUST01396,2022-08-27,Delivered,Credit Card,0.05,6.18
ORD0011770,CUST00558,2024-02-01,Delivered,Debit Card,0.1,8.04
ORD0011771,CUST01996,2024-09-19,Delivered,UPI,0.0,10.44
ORD0011772,CUST01652,2023-10-14,Delivered,Wallet,0.1,1.55
ORD0011773,CUST01768,2024-09-18,Delivered,UPI,0.05,2.5
ORD0011774,CUST00108,2024-01-03,Cancelled,UPI,0.0,10.08
ORD0011775,CUST00423,2024-04-27,Delivered,UPI,0.0,10.84
ORD0011776,CUST00284,2024-12-09,Delivered,Net Banking,0.0,10.02
ORD0011777,CUST01614,2023-02-26,Delivered,Credit Card,0.0,2.54
ORD0011778,CUST01010,2023-01-20,Delivered,PayPal,0.05,13.08
ORD0011779,CUST00653,2024-11-19,Delivered,Credit Card,0.0,10.84
ORD0011780,CUST00675,2024-08-30,Delivered,PayPal,0.0,8.03
ORD0011781,CUST00293,2024-01-22,Delivered,Debit Card,0.0,7.88
ORD0011782,CUST00134,2024-02-11,Delivered,Debit Card,0.0,1.73
ORD0011783,CUST01630,2023-12-02,Processing,Debit Card,0.05,2.73
ORD0011784,CUST01963,2024-12-10,Delivered,Wallet,0.1,11.18
ORD0011785,CUST00722,2023-12-13,Delivered,PayPal,0.1,8.87
ORD0011786,CUST00870,2022-06-16,Delivered,Net Banking,0.05,0.23
ORD0011787,CUST00857,2024-07-12,Delivered,Debit Card,0.0,7.16
ORD0011788,CUST00078,2024-01-06,Delivered,Debit Card,0.05,9.57
ORD0011789,CUST01765,2024-11-19,Delivered,Net Banking,0.05,6.44
ORD0011790,CUST00921,2024-09-12,Delivered,Credit Card,0.1,10.16
ORD0011791,CUST01148,2024-04-21,Cancelled,Credit Card,0.0,7.4
ORD0011792,CUST01855,2024-05-09,Processing,Net Banking,0.0,8.14
ORD0011793,CUST00127,2024-08-18,Processing,Wallet,0.1,2.59
ORD0011794,CUST01270,2024-10-01,Delivered,PayPal,0.0,7.94
ORD0011795,CUST00903,2023-01-08,Delivered,Credit Card,0.05,3.83
ORD0011796,CUST01824,2024-10-16,Delivered,Wallet,0.05,9.93
ORD0011797,CUST00487,2024-11-05,Delivered,Credit Card,0.05,2.66
ORD0011798,CUST01157,2024-12-03,Delivered,PayPal,0.1,7.65
ORD0011799,CUST00565,2024-05-04,Delivered,PayPal,0.0,14.73
ORD0011800,CUST00196,2024-06-28,Delivered,Net Banking,0.0,10.77
ORD0011801,CUST01417,2023-12-11,Delivered,Credit Card,0.0,4.54
ORD0011802,CUST01301,2024-10-25,Delivered,Debit Card,0.05,14.87
ORD0011803,CUST01020,2024-12-22,Delivered,Net Banking,0.1,6.16
ORD0011804,CUST01670,2024-03-24,Processing,Credit Card,0.05,7.75
ORD0011805,CUST01724,2024-11-27,Delivered,Wallet,0.0,10.63
ORD0011806,CUST00523,2024-07-20,Delivered,PayPal,0.0,7.79
ORD0011807,CUST01918,2024-03-27,Delivered,Debit Card,0.0,4.78
ORD0011808,CUST01452,2024-01-10,Delivered,Debit Card,0.0,12.03
ORD0011809,CUST00545,2024-12-01,Delivered,Net Banking,0.05,14.46
ORD0011810,CUST01398,2023-07-18,Delivered,Credit Card,0.0,12.48
ORD0011811,CUST00133,2024-05-19,Returned,PayPal,0.1,8.39
ORD0011812,CUST01463,2023-03-06,Delivered,UPI,0.0,1.44
ORD0011813,CUST00450,2024-12-12,Delivered,Debit Card,0.05,5.73
ORD0011814,CUST01805,2024-07-06,Delivered,UPI,0.2,12.91
ORD0011815,CUST01018,2024-03-17,Processing,Net Banking,0.05,0.47
ORD0011816,CUST00174,2024-12-27,Delivered,Debit Card,0.05,9.35
ORD0011817,CUST01727,2024-10-10,Delivered,Net Banking,0.05,7.78
ORD0011818,CUST00929,2024-10-09,Delivered,UPI,0.1,7.24
ORD0011819,CUST00702,2023-04-07,Returned,Credit Card,0.0,10.89
ORD0011820,CUST01661,2022-10-05,Delivered,Net Banking,0.0,5.02
ORD0011821,CUST01015,2024-03-27,Delivered,Credit Card,0.1,14.2
ORD0011822,CUST01235,2024-10-12,Delivered,UPI,0.0,10.5
ORD0011823,CUST00976,2024-12-22,Returned,PayPal,0.15,0.58
ORD0011824,CUST00482,2024-03-17,Delivered,UPI,0.15,8.99
ORD0011825,CUST01947,2024-02-16,Delivered,UPI,0.0,1.91
ORD0011826,CUST00187,2023-09-02,Delivered,UPI,0.05,10.51
ORD0011827,CUST01371,2024-02-03,Delivered,Credit Card,0.1,7.34
ORD0011828,CUST01736,2024-12-04,Delivered,PayPal,0.2,8.34
ORD0011829,CUST01355,2024-12-23,Delivered,Wallet,0.1,12.11
ORD0011830,CUST00659,2024-03-19,Delivered,Credit Card,0.1,13.91
ORD0011831,CUST00133,2024-05-19,Delivered,Net Banking,0.0,13.36
ORD0011832,CUST00292,2022-06-30,Processing,UPI,0.15,1.89
ORD0011833,CUST01114,2023-12-03,Delivered,Net Banking,0.1,10.61
ORD0011834,CUST00991,2024-05-28,Delivered,UPI,0.0,7.29
ORD0011835,CUST01057,2024-11-22,Delivered,Net Banking,0.05,9.46
ORD0011836,CUST01873,2023-11-25,Returned,Debit Card,0.1,5.3
ORD0011837,CUST00419,2023-03-30,Delivered,Net Banking,0.15,4.09
ORD0011838,CUST00623,2024-11-01,Returned,Net Banking,0.2,13.1
ORD0011839,CUST00970,2024-03-19,Delivered,Debit Card,0.1,7.48
ORD0011840,CUST00769,2023-07-20,Delivered,Debit Card,0.15,6.56
ORD0011841,CUST01908,2024-09-30,Delivered,PayPal,0.0,5.41
ORD0011842,CUST00265,2024-11-20,Delivered,Debit Card,0.0,8.44
ORD0011843,CUST01339,2023-06-22,Delivered,Credit Card,0.0,4.71
ORD0011844,CUST00447,2024-12-17,Delivered,Debit Card,0.0,9.13
ORD0011845,CUST00616,2023-06-08,Cancelled,UPI,0.15,9.02
ORD0011846,CUST00183,2022-12-06,Delivered,PayPal,0.15,2.15
ORD0011847,CUST01588,2022-11-05,Delivered,Credit Card,0.1,9.2
ORD0011848,CUST01632,2024-06-13,Delivered,PayPal,0.05,2.97
ORD0011849,CUST01789,2024-03-07,Returned,Wallet,0.1,5.72
ORD0011850,CUST00259,2024-08-30,Delivered,Wallet,0.1,6.18
ORD0011851,CUST00780,2024-11-27,Delivered,Wallet,0.1,6.02
ORD0011852,CUST01436,2023-07-26,Processing,PayPal,0.05,3.72
ORD0011853,CUST00698,2023-11-04,Delivered,UPI,0.1,12.76
ORD0011854,CUST01510,2024-09-28,Returned,Net Banking,0.2,8.15
ORD0011855,CUST00454,2024-05-27,Delivered,PayPal,0.2,0.52
ORD0011856,CUST00361,2024-09-23,Processing,Debit Card,0.0,0.77
ORD0011857,CUST00536,2024-06-22,Delivered,UPI,0.0,7.46
ORD0011858,CUST01503,2024-11-10,Delivered,PayPal,0.05,14.33
ORD0011859,CUST00707,2024-07-28,Delivered,Debit Card,0.0,13.72
ORD0011860,CUST01409,2024-02-29,Returned,PayPal,0.05,10.06
ORD0011861,CUST01774,2023-06-29,Delivered,PayPal,0.0,10.46
ORD0011862,CUST00018,2024-10-18,Delivered,Wallet,0.05,11.17
ORD0011863,CUST00758,2024-08-25,Delivered,Wallet,0.1,14.02
ORD0011864,CUST00423,2024-11-17,Delivered,Credit Card,0.0,4.8
ORD0011865,CUST00008,2023-10-06,Delivered,PayPal,0.1,12.9
ORD0011866,CUST00708,2023-10-08,Delivered,PayPal,0.05,3.02
ORD0011867,CUST01870,2024-08-21,Delivered,Debit Card,0.2,14.24
ORD0011868,CUST01474,2023-11-07,Delivered,UPI,0.1,13.3
ORD0011869,CUST00785,2024-03-26,Delivered,PayPal,0.0,3.13
ORD0011870,CUST01839,2024-09-24,Delivered,Debit Card,0.0,10.33
ORD0011871,CUST00098,2022-03-25,Returned,Debit Card,0.05,4.93
ORD0011872,CUST00900,2024-05-05,Delivered,UPI,0.05,1.26
ORD0011873,CUST01071,2022-06-17,Returned,UPI,0.0,14.31
ORD0011874,CUST00146,2024-06-22,Cancelled,UPI,0.2,2.1
ORD0011875,CUST01855,2024-07-20,Delivered,Wallet,0.0,3.16
ORD0011876,CUST00171,2024-11-25,Delivered,Net Banking,0.0,8.07
ORD0011877,CUST00238,2024-08-31,Cancelled,Wallet,0.0,8.39
ORD0011878,CUST01583,2023-10-25,Delivered,Credit Card,0.1,9.45
ORD0011879,CUST01524,2024-10-25,Delivered,Debit Card,0.0,1.28
ORD0011880,CUST01701,2024-07-09,Delivered,Credit Card,0.0,11.68
ORD0011881,CUST00653,2024-12-22,Processing,Debit Card,0.0,8.99
ORD0011882,CUST01281,2024-10-11,Returned,Credit Card,0.05,14.06
ORD0011883,CUST00944,2024-12-28,Returned,Wallet,0.0,12.9
ORD0011884,CUST01121,2024-11-22,Delivered,Credit Card,0.15,11.56
ORD0011885,CUST01144,2024-02-20,Delivered,UPI,0.0,7.84
ORD0011886,CUST00795,2024-09-26,Returned,Credit Card,0.05,2.95
ORD0011887,CUST00832,2023-01-16,Delivered,Net Banking,0.0,5.38
ORD0011888,CUST01976,2024-11-30,Returned,Debit Card,0.05,13.88
ORD0011889,CUST01929,2023-06-26,Delivered,UPI,0.05,9.53
ORD0011890,CUST01348,2024-02-08,Delivered,PayPal,0.1,9.13
ORD0011891,CUST00040,2024-12-26,Delivered,UPI,0.05,6.97
ORD0011892,CUST01187,2024-09-03,Cancelled,Credit Card,0.1,0.33
ORD0011893,CUST00528,2023-05-16,Delivered,Net Banking,0.0,6.84
ORD0011894,CUST01058,2023-06-26,Returned,Net Banking,0.1,14.16
ORD0011895,CUST00902,2024-12-07,Delivered,Debit Card,0.0,4.08
ORD0011896,CUST00228,2023-07-24,Delivered,UPI,0.05,6.89
ORD0011897,CUST00643,2024-12-07,Delivered,Net Banking,0.0,9.39
ORD0011898,CUST01348,2024-11-06,Delivered,PayPal,0.1,5.01
ORD0011899,CUST00562,2024-06-27,Delivered,UPI,0.1,13.17
ORD0011900,CUST00767,2024-08-02,Delivered,UPI,0.0,13.18
ORD0011901,CUST01330,2023-05-30,Delivered,Net Banking,0.0,12.95
ORD0011902,CUST00825,2023-12-18,Delivered,PayPal,0.0,2.24
ORD0011903,CUST00810,2024-06-19,Delivered,UPI,0.1,12.84
ORD0011904,CUST00632,2024-07-06,Delivered,UPI,0.1,5.16
ORD0011905,CUST01162,2024-10-15,Delivered,UPI,0.1,6.1
ORD0011906,CUST00063,2024-03-08,Processing,Net Banking,0.1,2.44
ORD0011907,CUST01359,2024-07-23,Delivered,Credit Card,0.0,9.56
ORD0011908,CUST01617,2024-05-12,Delivered,Net Banking,0.0,6.72
ORD0011909,CUST01642,2024-10-03,Delivered,Credit Card,0.0,3.98
ORD0011910,CUST00727,2024-05-24,Returned,Net Banking,0.0,7.46
ORD0011911,CUST00002,2024-12-22,Delivered,Debit Card,0.1,5.13
ORD0011912,CUST01862,2023-01-22,Delivered,UPI,0.0,5.47
ORD0011913,CUST00308,2024-08-05,Delivered,Net Banking,0.0,6.48
ORD0011914,CUST01853,2022-11-10,Delivered,Net Banking,0.0,9.08
ORD0011915,CUST01123,2024-06-04,Delivered,Debit Card,0.1,1.23
ORD0011916,CUST00502,2024-05-21,Delivered,Credit Card,0.0,10.59
ORD0011917,CUST01345,2024-12-21,Delivered,Net Banking,0.1,2.02
ORD0011918,CUST01671,2024-05-22,Delivered,PayPal,0.0,6.53
ORD0011919,CUST00544,2024-01-23,Delivered,Net Banking,0.0,8.02
ORD0011920,CUST00133,2024-03-30,Cancelled,Credit Card,0.0,1.71
ORD0011921,CUST00565,2024-04-25,Delivered,PayPal,0.1,11.0
ORD0011922,CUST01908,2023-11-26,Delivered,Credit Card,0.2,7.4
ORD0011923,CUST01975,2024-01-16,Processing,Debit Card,0.05,7.69
ORD0011924,CUST00777,2024-01-11,Delivered,Net Banking,0.0,10.24
ORD0011925,CUST00735,2024-08-17,Delivered,Net Banking,0.05,6.23
ORD0011926,CUST01021,2024-12-22,Returned,Debit Card,0.1,4.33
ORD0011927,CUST00914,2023-01-24,Delivered,Debit Card,0.1,9.47
ORD0011928,CUST01218,2023-11-05,Delivered,Wallet,0.1,5.19
ORD0011929,CUST00451,2024-02-25,Delivered,PayPal,0.05,12.9
ORD0011930,CUST01406,2024-05-06,Delivered,Credit Card,0.05,5.62
ORD0011931,CUST01906,2023-12-26,Delivered,PayPal,0.0,12.66
ORD0011932,CUST00348,2022-06-28,Delivered,Wallet,0.15,6.32
ORD0011933,CUST01929,2023-09-25,Delivered,UPI,0.1,13.91
ORD0011934,CUST01490,2024-10-03,Returned,Credit Card,0.1,9.23
ORD0011935,CUST00187,2024-06-04,Delivered,Net Banking,0.0,10.28
ORD0011936,CUST00891,2023-06-26,Delivered,Debit Card,0.0,6.15
ORD0011937,CUST01662,2023-04-01,Processing,Net Banking,0.15,6.87
ORD0011938,CUST01966,2024-12-05,Delivered,UPI,0.0,13.52
ORD0011939,CUST00097,2024-09-10,Delivered,Debit Card,0.0,4.94
ORD0011940,CUST00634,2024-12-16,Processing,Credit Card,0.0,7.05
ORD0011941,CUST00293,2023-07-15,Processing,Debit Card,0.0,14.54
ORD0011942,CUST00052,2024-06-18,Delivered,Net Banking,0.15,14.13
ORD0011943,CUST01942,2024-11-14,Delivered,Net Banking,0.0,4.12
ORD0011944,CUST00220,2024-10-07,Delivered,Credit Card,0.2,5.03
ORD0011945,CUST00775,2024-12-17,Delivered,PayPal,0.05,6.49
ORD0011946,CUST01843,2024-07-25,Returned,Debit Card,0.0,0.67
ORD0011947,CUST01631,2024-06-13,Delivered,Debit Card,0.0,13.6
ORD0011948,CUST00726,2024-02-24,Delivered,Credit Card,0.0,1.5
ORD0011949,CUST00588,2022-10-02,Delivered,PayPal,0.15,6.47
ORD0011950,CUST01362,2023-03-18,Delivered,UPI,0.0,3.77
ORD0011951,CUST00646,2024-12-09,Delivered,Net Banking,0.05,3.45
ORD0011952,CUST01107,2024-12-16,Cancelled,Net Banking,0.0,3.66
ORD0011953,CUST00237,2024-05-14,Delivered,Debit Card,0.0,10.19
ORD0011954,CUST01063,2024-01-20,Delivered,Wallet,0.0,9.42
ORD0011955,CUST01525,2024-01-14,Delivered,PayPal,0.05,10.83
ORD0011956,CUST01444,2024-11-10,Delivered,Wallet,0.1,3.2
ORD0011957,CUST01139,2024-01-30,Returned,PayPal,0.0,14.34
ORD0011958,CUST01475,2023-05-12,Delivered,UPI,0.0,9.27
ORD0011959,CUST00211,2023-02-28,Delivered,PayPal,0.15,13.34
ORD0011960,CUST01314,2023-09-18,Delivered,Net Banking,0.1,0.49
ORD0011961,CUST00922,2023-05-21,Delivered,Credit Card,0.2,5.46
ORD0011962,CUST01285,2024-04-18,Delivered,Wallet,0.0,1.3
ORD0011963,CUST00764,2023-08-10,Delivered,PayPal,0.0,1.74
ORD0011964,CUST01570,2024-08-25,Delivered,UPI,0.05,2.69
ORD0011965,CUST01696,2023-06-08,Delivered,UPI,0.1,2.72
ORD0011966,CUST01999,2023-11-03,Delivered,Net Banking,0.05,13.94
ORD0011967,CUST01061,2023-07-21,Delivered,UPI,0.0,6.7
ORD0011968,CUST00260,2024-08-27,Delivered,UPI,0.0,11.67
ORD0011969,CUST01420,2022-09-10,Delivered,Debit Card,0.05,6.11
ORD0011970,CUST00829,2023-04-30,Delivered,Net Banking,0.0,0.07
ORD0011971,CUST01348,2024-05-27,Cancelled,PayPal,0.1,1.57
ORD0011972,CUST00759,2024-11-23,Delivered,Debit Card,0.15,14.82
ORD0011973,CUST01418,2024-01-15,Delivered,PayPal,0.0,7.28
ORD0011974,CUST01675,2024-07-16,Delivered,PayPal,0.05,0.56
ORD0011975,CUST00332,2023-11-10,Cancelled,PayPal,0.0,9.65
ORD0011976,CUST01149,2023-01-26,Delivered,Wallet,0.15,6.28
ORD0011977,CUST00333,2024-01-10,Delivered,PayPal,0.0,13.18
ORD0011978,CUST00138,2022-08-19,Processing,Wallet,0.0,8.81
ORD0011979,CUST01895,2024-01-18,Delivered,PayPal,0.0,4.7
ORD0011980,CUST00022,2024-11-28,Returned,UPI,0.05,7.25
ORD0011981,CUST00605,2024-02-26,Cancelled,PayPal,0.15,13.93
ORD0011982,CUST00579,2024-07-19,Delivered,Debit Card,0.1,1.56
ORD0011983,CUST01657,2024-05-03,Delivered,Net Banking,0.0,9.0
ORD0011984,CUST00806,2024-06-24,Delivered,Net Banking,0.1,1.39
ORD0011985,CUST01275,2024-03-26,Delivered,Credit Card,0.15,5.76
ORD0011986,CUST01114,2024-10-28,Delivered,Wallet,0.0,3.12
ORD0011987,CUST00985,2024-07-12,Delivered,Credit Card,0.2,1.58
ORD0011988,CUST00720,2024-08-21,Delivered,Credit Card,0.05,10.75
ORD0011989,CUST00897,2024-07-25,Delivered,Wallet,0.05,14.09
ORD0011990,CUST00895,2023-07-22,Delivered,UPI,0.1,2.73
ORD0011991,CUST01425,2024-10-25,Delivered,Credit Card,0.15,0.56
ORD0011992,CUST01141,2024-06-16,Delivered,Net Banking,0.0,11.68
ORD0011993,CUST00585,2023-11-15,Delivered,PayPal,0.1,13.8
ORD0011994,CUST01789,2024-11-26,Delivered,PayPal,0.1,10.23
ORD0011995,CUST01190,2024-11-26,Delivered,Net Banking,0.1,0.98
ORD0011996,CUST00023,2024-09-12,Delivered,Net Banking,0.1,9.09
ORD0011997,CUST00606,2024-07-30,Processing,UPI,0.1,14.28
ORD0011998,CUST01299,2023-09-04,Delivered,UPI,0.0,9.5
ORD0011999,CUST01953,2024-03-08,Delivered,UPI,0.0,12.51
ORD0012000,CUST00211,2023-09-05,Delivered,PayPal,0.0,14.62
